"","AuctionID","Name","Rank","Region","Forest","District","Acres","Salvage","Method.of.Sale","Sale.Size","Species","Road.Construction","Haul","num_bidders","log_amount","log_value"
"1",2,"GRANITE LUMBER CO.",1,1,2,1,3796,"N","S",7,93,100,50,3,17.5058462013198,10.1006156166471
"2",2,"DEL CONNER LUMBER CO.",2,1,2,1,3796,"N","S",7,93,100,50,3,17.4807282679603,10.1006156166471
"3",2,"F.H. STOLTZE LAND & LBR.",3,1,2,1,3796,"N","S",7,93,100,50,3,17.4564534459903,10.1006156166471
"4",3,"F.H. STOLTZE LAND & LUMBE",1,1,2,1,1560,"N","S",5,108,0,33,1,12.8641106489766,10.1006156166471
"5",4,"F.H. STOLTZE L & L CO.,IN",1,1,2,2,2458,"N","S",5,108,0,54,1,13.1687506569575,10.2016643620805
"6",5,"F.H. STOLTZE L&L CO. INC.",1,1,2,2,5200,"N","S",5,108,0,60,1,14.3191907135694,10.1006156166471
"7",6,"THOMAS BROS.",1,1,2,3,250,"N","S",5,108,0,55,2,13.67244702132,10.0838488559549
"8",6,"F.H. STOLTZE LAND & LUMBE",2,1,2,3,250,"N","S",5,108,0,55,2,13.6411571708195,10.0838488559549
"9",7,"WILKE BROS. SAWMILL, INC.",1,1,2,3,500,"N","S",5,108,0,48,1,14.5426151053089,10.1006156166471
"10",8,"THOMAS BROS., INC.",1,1,2,3,600,"N","S",5,108,0,79,2,12.9306918455076,10.1006156166471
"11",8,"STOLTZE LAND & LBR. CO, I",2,1,2,3,600,"N","S",5,108,0,79,2,12.7173981443378,10.1006156166471
"12",9,"DEL CONNER LBR. CO., INC.",2,1,2,3,350,"N","S",5,19,0,55,3,15.1718357976732,10.1006156166471
"13",9,"STOLTZE LAND & LMBR. CO.",3,1,2,3,350,"N","S",5,19,0,55,3,15.0159210246934,10.1006156166471
"14",9,"CHAMPION INTERNATIONAL, I",1,1,2,3,350,"N","S",5,19,0,55,3,15.2639601336515,10.1006156166471
"15",10,"STOLTZE LAND & LUMBER CO.",1,1,2,3,75,"N","S",5,108,0,73,1,13.3729820081187,10.1006977218238
"16",11,"STOLTZE LAND & LMBR CO.",1,1,2,3,200,"N","S",5,108,0,51,2,13.2746620576242,10.1006156166471
"17",11,"DEL CONNER LBR. INC.",2,1,2,3,200,"N","S",5,108,0,51,2,13.1198061103825,10.1006156166471
"18",14,"F.H. STOLTZE LAND&LUMBER",1,1,2,7,390,"N","S",5,108,0,89,1,14.6924157631041,10.1784642524904
"19",15,"F.H. STOLTZE LAND&LUMBER",1,1,2,7,426,"Y","S",5,204,5,83,1,15.4212014591114,10.1804751423224
"20",16,"DEL CONNER LUMBER, INC.",4,1,3,1,1500,"N","S",7,17,0,43,5,17.1785978894586,9.93479240236454
"21",16,"MARTIN & MOREY FOREST MGM",3,1,3,1,1500,"N","S",7,17,0,43,5,17.1819712117019,9.93479240236454
"22",16,"CROMAN, INC.",5,1,3,1,1500,"N","S",7,17,0,43,5,16.9685354274965,9.93479240236454
"23",16,"ERICKSON AIR CRANE CO.",2,1,3,1,1500,"N","S",7,17,0,43,5,17.4422675033641,9.93479240236454
"24",16,"COLUMBIA HELICOPTERS, INC",1,1,3,1,1500,"N","S",7,17,0,43,5,17.4588174284402,9.93479240236454
"25",17,"SAM GREGG",2,1,3,1,1270,"N","S",5,19,0,33,2,14.550279413215,9.98815034041484
"26",17,"M&M WOOD PRODUCTS",1,1,3,1,1270,"N","S",5,19,0,33,2,14.8148754595229,9.98815034041484
"27",20,"MISSOULA WHITE PINE COMPA",1,1,3,2,300,"Y","S",5,122,0,10,1,14.0367963847764,10.3509259921217
"28",21,"CHAMPION TIMBERLANDS",1,1,3,2,3600,"N","S",7,19,141,41,1,15.8319736942262,9.98815034041484
"29",24,"MIKE SMITH",1,1,3,2,54,"Y","D",5,19,0,5,1,13.9225840057159,10.0909210212163
"30",26,"DEL CONNER LUMBER, INC.",1,1,3,3,2220,"N","S",7,93,0,10,1,17.6113419357743,10.3342954683161
"31",27,"SAM GREGG",1,1,3,3,260,"N","D",5,108,0,16,1,14.8983446902784,10.1765254201242
"32",28,"FOR.RES.,HOERNER WALDORF",1,1,3,4,4500,"N","S",7,19,153,52,1,17.1597551517028,9.9157125221587
"33",29,"DEL CONNER LUMBER, INC.",2,1,3,4,2417,"N","S",7,19,65,29,3,18.3045441521631,10.0908381093515
"34",29,"MISSOULA WHITE PINE SASH",1,1,3,4,2417,"N","S",7,19,65,29,3,18.4000177266268,10.0908381093515
"35",29,"CHAMPION INTERNATIONAL CO",3,1,3,4,2417,"N","S",7,19,65,29,3,18.2816870314131,10.0908381093515
"36",30,"DEL CONNER LUMBER, INC.",1,1,3,4,1430,"N","S",6,19,52,30,3,16.7751606280868,10.0838488559549
"37",30,"CHAMPION INTERNATIONAL CO",2,1,3,4,1430,"N","S",6,19,52,30,3,16.7744076706711,10.0838488559549
"38",30,"MISSOULA WHITE PINE SASH",3,1,3,4,1430,"N","S",6,19,52,30,3,16.772622058365,10.0838488559549
"39",31,"JAMES DAUGHERTY",2,1,4,1,348,"Y","S",5,17,0,55,4,15.6839506277741,9.93571269983086
"40",31,"KELLOGG TRANSFER, INC.",4,1,4,1,348,"Y","S",5,17,0,55,4,15.6096643252384,9.93571269983086
"41",31,"PAT CONNORS",3,1,4,1,348,"Y","S",5,17,0,55,4,15.6476885803411,9.93571269983086
"42",31,"IDAHO VENEER CO.",1,1,4,1,348,"Y","S",5,17,0,55,4,15.8594004372843,9.93571269983086
"43",32,"LOUISIANA-PACIFIC CORP.",2,1,4,1,2400,"N","S",7,17,56,73,4,18.3163837736407,9.94092783550997
"44",32,"DIAMOND INTERNATIONAL COR",3,1,4,1,2400,"N","S",7,17,56,73,4,18.1462498192857,9.94092783550997
"45",32,"IDAHO FOREST INDUSTRIES,",1,1,4,1,2400,"N","S",7,17,56,73,4,18.3247040620849,9.94092783550997
"46",32,"THE PACK RIVER COMPANY",4,1,4,1,2400,"N","S",7,17,56,73,4,18.0000064097094,9.94092783550997
"47",33,"IDAHO FOREST INDUSTRIES",1,1,4,1,324,"Y","S",5,17,0,55,2,16.6669770018525,9.93105408025393
"48",33,"KELLOGG TRANSFER INC.",2,1,4,1,324,"Y","S",5,17,0,55,2,16.655081239495,9.93105408025393
"49",34,"KELLOGG TRANSFER",1,1,4,1,134,"Y","S",5,17,0,72,3,15.0249415393036,9.93042155377621
"50",34,"FOREST PRODUCTS",2,1,4,1,134,"Y","S",5,17,0,72,3,14.9918715404516,9.93042155377621
"51",34,"PAT CONNORS",3,1,4,1,134,"Y","S",5,17,0,72,3,14.7612004676902,9.93042155377621
"52",35,"DAVID H. ROTH",1,1,4,1,100,"Y","S",5,17,0,70,1,13.7648560069052,10.0343403609549
"53",36,"BRAND-S CORPORATION",5,1,4,1,2100,"N","S",7,17,51,78,5,18.1725708613402,10.0322325084267
"54",36,"FOREST PRODUCTS P.T.F.INC",3,1,4,1,2100,"N","S",7,17,51,78,5,18.326066941621,10.0322325084267
"55",36,"DIAMOND INTERNATIONAL COR",4,1,4,1,2100,"N","S",7,17,51,78,5,18.3154113352553,10.0322325084267
"56",36,"THE PACK RIVER COMPANY",2,1,4,1,2100,"N","S",7,17,51,78,5,18.404591808359,10.0322325084267
"57",36,"LOUISIANA-PACIFIC CORP.",1,1,4,1,2100,"N","S",7,17,51,78,5,18.6797668719662,10.0322325084267
"58",37,"KELLOGG TRANSFER, INC.",1,1,4,1,100,"Y","S",5,17,0,64,2,14.1653769764066,10.0263686819119
"59",37,"WILLIAM L. ARNOLD",2,1,4,1,100,"Y","S",5,17,0,64,2,14.1577937354608,10.0263686819119
"60",38,"COTE-MCCOY",2,1,4,1,11,"Y","S",5,17,0,72,2,13.6547078020566,10.025351140293
"61",38,"JAMES DAUGHERTY",1,1,4,1,11,"Y","S",5,17,0,72,2,13.7084819852058,10.025351140293
"62",39,"THE PACK RIVER COMPANY",1,1,4,1,1500,"N","A",7,17,40,65,4,18.4791654778409,10.1009850368668
"63",39,"LOUISIANA-PACIFIC CORP.",2,1,4,1,1500,"N","A",7,17,40,65,4,18.4783937428705,10.1009850368668
"64",39,"DIAMOND INTERNATIONAL COR",3,1,4,1,1500,"N","A",7,17,40,65,4,13.8617641744817,10.1009850368668
"65",39,"POTLATCH CORPORATION",4,1,4,1,1500,"N","A",7,17,40,65,4,18.017273367262,10.1009850368668
"66",40,"FOREST PRODUCTS",1,1,4,1,168,"Y","S",5,17,0,80,4,14.5809318873942,10.087099942513
"67",40,"EUGENE YOUNG",4,1,4,1,168,"Y","S",5,17,0,80,4,13.5085423648038,10.087099942513
"68",40,"PAT CONNORS",3,1,4,1,168,"Y","S",5,17,0,80,4,13.7354646836191,10.087099942513
"69",40,"KELLOGG TRANSFER",2,1,4,1,168,"Y","S",5,17,0,80,4,14.0708300663051,10.087099942513
"70",41,"WAYNE T. MORGAN",1,1,4,1,92,"Y","S",5,17,0,53,3,13.8345521114035,9.94606800007125
"71",41,"WILLIAM L. ARNOLD",2,1,4,1,92,"Y","S",5,17,0,53,3,13.7403106052013,9.94606800007125
"72",41,"KELLOGG TRANSFER INC.",3,1,4,1,92,"Y","S",5,17,0,53,3,13.6364389144765,9.94606800007125
"73",42,"WAYNE T. MORGAN",1,1,4,1,88,"Y","S",5,17,0,54,2,13.9043315466186,10.1001639176352
"74",42,"EUGENE YOUNG",2,1,4,1,88,"Y","S",5,17,0,54,2,13.8857826109496,10.1001639176352
"75",43,"KELLOGG TRANSFER, INC.",1,1,4,1,148,"Y","S",5,17,0,78,2,15.3866873606784,10.1106236657045
"76",43,"WAYNE T. MORGAN",2,1,4,1,148,"Y","S",5,17,0,78,2,15.3534556910297,10.1106236657045
"77",44,"WAYNE T. MORGAN",1,1,4,1,64,"Y","S",5,108,0,62,2,13.7737339412706,10.1567722607623
"78",44,"PAT CONNORS",2,1,4,1,64,"Y","S",5,108,0,62,2,13.7102344831857,10.1567722607623
"79",45,"KELLOGG TRANSFER, INC.",1,1,4,1,174,"Y","A",5,17,0,65,1,15.8309310445979,10.1025433083212
"80",46,"PAT CONNORS",2,1,4,1,48,"Y","S",5,17,0,60,2,13.4700863719412,10.0844748863169
"81",46,"WALTER F. DUDLEY",1,1,4,1,48,"Y","S",5,17,0,60,2,13.7272474888439,10.0844748863169
"82",47,"WAYNE MORGAN",2,1,4,1,42,"Y","S",5,17,0,76,2,13.6420686600489,10.0494476379797
"83",47,"PAT CONNORS",1,1,4,1,42,"Y","S",5,17,0,76,2,13.7795807438578,10.0494476379797
"84",48,"POTLATCH CORPORATION",1,1,4,2,1560,"N","A",8,17,189,71,2,18.4302579358909,9.93081084818502
"85",48,"CLARK FORK LOGGING COMPAN",2,1,4,2,1560,"N","A",8,17,189,71,2,18.4247231623583,9.93081084818502
"86",49,"POTLATCH CORPORATION",1,1,4,2,270,"N","S",5,17,0,78,1,15.9358384920908,10.0853923558337
"87",51,"POTLATCH CORPORATION",1,1,4,2,1750,"N","S",8,17,150,81,1,18.8864642936753,10.0722171558106
"88",52,"TWO RIVERS LOGGING",1,1,4,2,82,"Y","A",5,17,0,40,4,15.3556125400735,10.0458981580172
"89",52,"SHOSHONE PRODUCTS",4,1,4,2,82,"Y","A",5,17,0,40,4,15.0480317513236,10.0458981580172
"90",52,"BUCK MOORE",2,1,4,2,82,"Y","A",5,17,0,40,4,15.3472227930024,10.0458981580172
"91",52,"PEND OREILLE SHAKE CO.",3,1,4,2,82,"Y","A",5,17,0,40,4,15.24376682366,10.0458981580172
"92",53,"W. L. ARMALD,  W. KETCHUM",1,1,4,3,31,"Y","S",5,73,0,36,1,13.2431977529844,10.128988323424
"93",54,"HARDIN D. YOUNG",1,1,4,3,13,"N","D",5,122,0,9,1,13.1163674376306,10.1065916485126
"94",55,"THE PACK RIVER COMPANY",3,1,4,3,2750,"N","S",8,17,229,24,3,18.3431152321607,10.0975317960251
"95",55,"LOUISIANA-PACIFIC CORP.",1,1,4,3,2750,"N","S",8,17,229,24,3,18.9182600209677,10.0975317960251
"96",55,"POTLATCH CORPORATION",2,1,4,3,2750,"N","S",8,17,229,24,3,18.6309559318946,10.0975317960251
"97",56,"W. HENSLEY",3,1,4,3,276,"Y","S",5,17,0,33,4,13.4094232563339,9.88669738322865
"98",56,"JOHN ROBERTS",2,1,4,3,276,"Y","S",5,17,0,33,4,13.5446882246666,9.88669738322865
"99",56,"EUGENE YOUNG",1,1,4,3,276,"Y","S",5,17,0,33,4,13.7084285614081,9.88669738322865
"100",56,"DAVID WEINGART",4,1,4,3,276,"Y","S",5,17,0,33,4,12.9450341382294,9.88669738322865
"101",57,"JOHN ROBERTS",2,1,4,3,54,"Y","S",5,17,0,21,5,13.0922134004534,9.88669738322865
"102",57,"DAVID WEINGART",4,1,4,3,54,"Y","S",5,17,0,21,5,12.4981824013091,9.88669738322865
"103",57,"EUGENE YOUNG",1,1,4,3,54,"Y","S",5,17,0,21,5,13.1010375906896,9.88669738322865
"104",57,"STANLEY STOWE & G. HENSLE",3,1,4,3,54,"Y","S",5,17,0,21,5,12.8020589347752,9.88669738322865
"105",57,"JERRY LONG",5,1,4,3,54,"Y","S",5,17,0,21,5,12.3910988747313,9.88669738322865
"106",60,"REGULUS STUD MILL, INC.",1,1,4,4,587,"N","A",6,17,0,4,1,16.2303004907017,9.90223677063448
"107",61,"DIAMOND INTERNATIONAL COR",2,1,4,4,1770,"N","A",8,17,213,12,2,18.8915910245655,10.0759271094756
"108",61,"POTLATCH CORPORATION",1,1,4,4,1770,"N","A",8,17,213,12,2,18.8919641164772,10.0759271094756
"109",62,"POTLATCH CORPORATION",2,1,4,4,120,"N","A",6,17,12,32,2,16.1547708192674,10.0843914382425
"110",62,"DIAMOND INTERNATIONAL COR",1,1,4,4,120,"N","A",6,17,12,32,2,16.1611129939367,10.0843914382425
"111",63,"DIAMOND INTERNATIONAL COR",2,1,4,4,440,"N","A",7,17,5,32,2,18.7406528853387,10.0802520306635
"112",63,"POTLATCH CORPORATION",1,1,4,4,440,"N","A",7,17,5,32,2,18.7416895353952,10.0802520306635
"113",64,"POTLATCH CORPORATION",1,1,4,4,1600,"N","A",7,17,60,17,1,18.5058263481366,10.0861007334703
"114",65,"THE PACK RIVER COMPANY",1,1,4,6,595,"N","S",7,17,45,16,3,17.6058749523864,9.91724251776846
"115",65,"LOUISIANA-PACIFIC CORP.",3,1,4,6,595,"N","S",7,17,45,16,3,17.3299973384474,9.91724251776846
"116",65,"BRAND-S CORPORATION",2,1,4,6,595,"N","S",7,17,45,16,3,17.4770023711592,9.91724251776846
"117",66,"DAWSON, DONALD E.",3,1,4,6,70,"Y","S",5,119,0,20,6,13.1880406249468,10.4525333891218
"118",66,"EBY, DARRELL",5,1,4,6,70,"Y","S",5,119,0,20,6,13.1021606700868,10.4525333891218
"119",66,"FINKELNBURG, DAVE",1,1,4,6,70,"Y","S",5,119,0,20,6,14.1964848664498,10.4525333891218
"120",66,"LONG, JERRY",4,1,4,6,70,"Y","S",5,119,0,20,6,13.1480311241529,10.4525333891218
"121",66,"U.S. CEDAR, INC.",2,1,4,6,70,"Y","S",5,119,0,20,6,13.5954871339863,10.4525333891218
"122",66,"KRIZENESKY, NORBERT",6,1,4,6,70,"Y","S",5,119,0,20,6,13.0861142447292,10.4525333891218
"123",67,"LONG, JERRY",1,1,4,6,160,"Y","S",5,17,0,43,5,14.1887967677082,9.94438954385655
"124",67,"U.S. CEDAR, INC.",3,1,4,6,160,"Y","S",5,17,0,43,5,13.8155105579643,9.94438954385655
"125",67,"FINKELNBURG, DAVE",2,1,4,6,160,"Y","S",5,17,0,43,5,13.8988033629604,9.94438954385655
"126",67,"STENDER, STAN",4,1,4,6,160,"Y","S",5,17,0,43,5,13.283662162829,9.94438954385655
"127",67,"KRIZENESKY, NORBERT",5,1,4,6,160,"Y","S",5,17,0,43,5,12.9324611598699,9.94438954385655
"128",70,"CLIZER HORSE LOGGING",2,1,4,6,40,"Y","A",5,17,0,16,2,12.9299914847569,10.1010260751349
"129",70,"RADER JOHN",1,1,4,6,40,"Y","A",5,17,0,16,2,12.9360337992128,10.1010260751349
"130",72,"LOUISIANA-PACIFIC CORPORA",1,1,4,6,1050,"N","A",6,17,0,21,1,14.7489454846715,10.1061018125978
"131",73,"DONALD A. LEDERHOS",1,1,4,6,370,"Y","D",5,73,0,41,1,13.1593508294546,10.4300191886237
"132",74,"DON & BILL SPALDING",1,1,4,7,51,"N","S",5,108,0,19,5,14.2970078809212,9.95465583911053
"133",74,"DICK BAKER",4,1,4,7,51,"N","S",5,108,0,19,5,13.9436882701821,9.95465583911053
"134",74,"JAMES BURKHOLDER, H&B LOG",5,1,4,7,51,"N","S",5,108,0,19,5,13.8406469744981,9.95465583911053
"135",74,"RONALD LEIGHTY",3,1,4,7,51,"N","S",5,108,0,19,5,14.0754912146638,9.95465583911053
"136",74,"FRANK ZIMMERMAN",2,1,4,7,51,"N","S",5,108,0,19,5,14.2098843845826,9.95465583911053
"137",75,"LOUISIANA-PACIFIC CORP.",1,1,4,7,625,"N","A",7,17,74,16,1,17.4122774643947,10.0798748698419
"138",76,"LOUISIANA-PACIFIC CORP.",1,1,4,7,46,"Y","A",5,19,34,29,1,15.283692232119,10.0908381093515
"139",78,"LOUISIANA-PACIFIC CORP.",2,1,4,7,960,"Y","A",7,19,9,41,2,17.8263305662486,10.0905893325031
"140",78,"THE PACK RIVER COMPANY",1,1,4,7,960,"Y","A",7,19,9,41,2,17.842059924057,10.0905893325031
"141",79,"LOUISIANA-PACIFIC CORPORA",1,1,4,7,292,"Y","A",6,19,0,51,1,16.2747617359284,10.0868086096632
"142",81,"DIAMOND INT. CO.",2,1,4,8,37,"Y","S",5,19,0,60,5,14.3514201323721,9.91586068859927
"143",81,"LOUISIANA PACIFIC",3,1,4,8,37,"Y","S",5,19,0,60,5,14.1356080283121,9.91586068859927
"144",81,"CAL HOLLEY-WALTER HEIBERT",4,1,4,8,37,"Y","S",5,19,0,60,5,13.7720287793523,9.91586068859927
"145",81,"OWEN RAINE",5,1,4,8,37,"Y","S",5,19,0,60,5,13.7121580249592,9.91586068859927
"146",81,"MICHAEL FUHER",1,1,4,8,37,"Y","S",5,19,0,60,5,14.360128727465,9.91586068859927
"147",82,"OWEN RAINE",2,1,4,8,102,"Y","S",5,19,0,52,2,13.1382760958644,9.9157125221587
"148",82,"NORBERT KRIZENESKY",1,1,4,8,102,"Y","S",5,19,0,52,2,13.1733796334203,9.9157125221587
"149",83,"DIAMOND INTERNATIONAL",3,1,4,8,620,"N","S",6,73,13,23,3,16.6796740830756,10.2499454800643
"150",83,"LOUISIANA-PACIFIC CORPORA",2,1,4,8,620,"N","S",6,73,13,23,3,16.8790430587544,10.2499454800643
"151",83,"BRAND-S CORPORATION",1,1,4,8,620,"N","S",6,73,13,23,3,17.0280414965457,10.2499454800643
"152",84,"LOUISIANA-PACIFIC CORP.",1,1,4,8,3300,"Y","A",6,17,0,60,1,15.6905306288103,10.0363124456486
"153",85,"IDAHO VENEER CO.",1,1,4,8,1800,"Y","S",5,17,10,72,1,15.7184252212251,10.1024203751353
"154",86,"LOREN GROPP",1,1,4,8,300,"Y","S",5,19,0,58,1,13.2567194299034,10.0907551906118
"155",87,"IDAHO VENEER CO.",1,1,4,8,500,"Y","S",5,17,0,57,1,15.702939233448,10.0883475514247
"156",90,"GLOBAL TRANSPORTATION AND",2,1,4,8,1400,"Y","A",7,17,0,61,2,14.9306357550066,10.0933224798066
"157",90,"CAMPBELL FOREST INDUSTRIE",1,1,4,8,1400,"Y","A",7,17,0,61,2,16.1580468664605,10.0933224798066
"158",92,"LOUISIANA PACIFIC",2,1,4,8,510,"Y","S",5,73,0,61,3,15.3800203489321,10.2121113091947
"159",92,"DIAMOND INTERNATIONAL",1,1,4,8,510,"Y","S",5,73,0,61,3,15.4348805832638,10.2121113091947
"160",92,"DENNIS NEEDS",3,1,4,8,510,"Y","S",5,73,0,61,3,15.261820885119,10.2121113091947
"161",93,"OWEN L. RAINE",1,1,4,8,350,"Y","S",5,93,0,51,1,13.4093602151364,10.2386732476319
"162",94,"R. L. WOODS",1,1,4,8,1400,"Y","A",5,17,0,59,1,13.1021586292684,9.99319113561791
"163",95,"MIKE ROLAND",1,1,4,8,49,"Y","S",5,19,0,59,1,13.0370668927822,9.93542217106647
"164",96,"MERRITT BROS. LUMBER CO,",3,1,4,8,920,"N","A",5,17,0,38,3,16.065167336443,10.1021744634163
"165",96,"FOREST PRODUCTS P.T.&F.,",2,1,4,8,920,"N","A",5,17,0,38,3,16.0821451049751,10.1021744634163
"166",96,"IDAHO FOREST INDUSTRIES,",1,1,4,8,920,"N","A",5,17,0,38,3,16.0862829505957,10.1021744634163
"167",97,"BRAND-S CORPORATION",1,1,4,8,4750,"N","A",8,17,281,33,1,18.4439502956913,10.0940252641014
"168",98,"CLARK FORK LOGGING COMPAN",1,1,4,9,450,"N","S",7,17,38,43,2,17.5337893355843,10.0955944100649
"169",98,"DIAMOND INTERNATIONAL COR",2,1,4,9,450,"N","S",7,17,38,43,2,17.2809026516684,10.0955944100649
"170",99,"SKYLINE TIMBER COMPANY",1,1,4,9,688,"Y","S",7,119,0,97,1,13.022330864918,9.21463115339334
"171",100,"CLARK FORK LOGGING COMPAN",3,1,4,9,432,"Y","S",7,17,0,53,3,17.38914076367,10.1092000621207
"172",100,"POTLATCH CORPORATION",2,1,4,9,432,"Y","S",7,17,0,53,3,17.5420055915395,10.1092000621207
"173",100,"DIAMOND INTERNATIONAL COR",1,1,4,9,432,"Y","S",7,17,0,53,3,17.6687915433687,10.1092000621207
"174",101,"J. W. BRANDT & SON",1,1,5,1,7,"N","S",5,17,0,25,2,13.3761742425476,9.92098360015288
"175",101,"LOREN E. GATES",2,1,5,1,7,"N","S",5,17,0,25,2,13.3716455197682,9.92098360015288
"176",102,"CLEARWATER FOREST INDUSTR",1,1,5,1,920,"N","S",8,17,78,19,1,18.3046939690532,9.99309971122582
"177",104,"KLUDT BROS.",3,1,5,1,42,"N","S",5,17,0,25,3,14.1892372902852,10.0906722649961
"178",104,"STAR CEDAR SALES",2,1,5,1,42,"N","S",5,17,0,25,3,14.2411050373676,10.0906722649961
"179",104,"BRINK CEDAR PRODUCTS",1,1,5,1,42,"N","S",5,17,0,25,3,14.7122718252299,10.0906722649961
"180",105,"CLEARWATER FOREST INDUSTR",2,1,5,1,290,"Y","A",7,17,0,41,3,16.647302892865,10.1042627879883
"181",105,"POTLATCH CORPORATION",1,1,5,1,290,"Y","A",7,17,0,41,3,16.6484721056166,10.1042627879883
"182",105,"KAMIAH MILLS",3,1,5,1,290,"Y","A",7,17,0,41,3,16.53098115967,10.1042627879883
"183",106,"CLEARWATER FOREST INDUSTR",2,1,5,1,144,"N","A",6,17,0,30,2,16.9707609380471,10.1066732645094
"184",106,"POTLATCH CORPORATION",1,1,5,1,144,"N","A",6,17,0,30,2,16.9721564481906,10.1066732645094
"185",107,"POTLATCH CORPORATION",1,1,5,1,110,"N","S",5,17,0,27,3,16.8013490490662,9.90558535061827
"186",107,"ASCO, INC.",3,1,5,1,110,"N","S",5,17,0,27,3,16.4474648635839,9.90558535061827
"187",107,"CLEARWATER FOREST IND.",2,1,5,1,110,"N","S",5,17,0,27,3,16.5010226738143,9.90558535061827
"188",108,"J. W. BRANDT & SON",2,1,5,1,32,"N","A",5,17,0,25,2,15.5511810413104,9.89968031419317
"189",108,"POTLATCH CORPORATION",1,1,5,1,32,"N","A",5,17,0,25,2,15.5651850827086,9.89968031419317
"190",109,"J. W. BRANDT & SON",3,1,5,1,62,"N","S",5,17,1,19,3,15.6607616617917,9.90118490347345
"191",109,"POTLATCH CORPORATION",1,1,5,1,62,"N","S",5,17,1,19,3,15.7793839686494,9.90118490347345
"192",109,"CLEARWATER FOR. IND.",2,1,5,1,62,"N","S",5,17,1,19,3,15.7317048167261,9.90118490347345
"193",110,"CLEARWATER FOREST IND.",2,1,5,1,168,"N","A",5,17,0,23,2,15.8455571338691,9.90398742757778
"194",110,"POTLATCH CORPORATION",1,1,5,1,168,"N","A",5,17,0,23,2,15.8536665862572,9.90398742757778
"195",111,"CLEARWATER FORESTS IND",5,1,5,1,162,"N","S",5,242,0,26,5,15.9184977132191,10.2240118657919
"196",111,"POTLATCH CORPORATION",1,1,5,1,162,"N","S",5,242,0,26,5,16.3344103385678,10.2240118657919
"197",111,"J. W. BRANDT & SON",4,1,5,1,162,"N","S",5,242,0,26,5,16.0359762885291,10.2240118657919
"198",111,"B. J. CARNEY CO.",2,1,5,1,162,"N","S",5,242,0,26,5,16.2063510038889,10.2240118657919
"199",111,"L. D. MCFARLAND",3,1,5,1,162,"N","S",5,242,0,26,5,16.0996770654343,10.2240118657919
"200",112,"LOREN E. GATES",2,1,5,1,57,"N","S",5,17,0,28,2,13.6678860363651,9.91279411185643
"201",112,"J. W. BRANDT & SON",1,1,5,1,57,"N","S",5,17,0,28,2,13.79019274998,9.91279411185643
"202",114,"NELSON-YOUNG",1,1,5,1,93,"Y","D",5,17,0,17,1,13.6241563291395,10.0975729762503
"203",115,"VOWELS LOGGING",5,1,5,2,114,"Y","S",5,17,0,25,5,15.1542839741152,9.92881411048214
"204",115,"PLUMMER POLE CO.",2,1,5,2,114,"Y","S",5,17,0,25,5,15.5536035681987,9.92881411048214
"205",115,"REGULUS STUD MILL",1,1,5,2,114,"Y","S",5,17,0,25,5,15.6516155667304,9.92881411048214
"206",115,"PACIFIC CROWN",4,1,5,2,114,"Y","S",5,17,0,25,5,15.202935529703,9.92881411048214
"207",115,"POTLATCH CORP.",3,1,5,2,114,"Y","S",5,17,0,25,5,15.3992119080821,9.92881411048214
"208",116,"JOHNNIE FOOTE",2,1,5,2,40,"N","S",5,17,0,23,3,14.1081801719271,9.92837526804391
"209",116,"PACIFIC CROWN TIMBER PROD",1,1,5,2,40,"N","S",5,17,0,23,3,14.5136452800353,9.92837526804391
"210",116,"RUDY HEICKSEN",3,1,5,2,40,"N","S",5,17,0,23,3,13.6588567479189,9.92837526804391
"211",117,"IDAHO FOREST INDUSTRIES",1,1,5,2,2,"N","D",5,17,0,19,1,13.2318113281063,9.97208034400174
"212",118,"BENNETT TREE FARMS, INC.",1,1,5,2,880,"N","S",6,17,25,25,2,17.0113637849909,10.0227361803541
"213",118,"POTLATCH CORPORATION",2,1,5,2,880,"N","S",6,17,25,25,2,16.9161319861029,10.0227361803541
"214",119,"BENNETT TREE FARMS, INC.",1,1,5,2,260,"N","A",6,17,22,15,2,16.7964210292927,10.0949340171071
"215",119,"POTLATCH CORPORATION",2,1,5,2,260,"N","A",6,17,22,15,2,16.7960789386383,10.0949340171071
"216",120,"B & L LOGGING",2,1,5,2,20,"Y","S",5,17,0,30,2,13.2176735572087,10.1101358013211
"217",120,"PLUMMER POLE CO.",1,1,5,2,20,"Y","S",5,17,0,30,2,13.3067394888214,10.1101358013211
"218",121,"IDAHO CEDAR SALES",4,1,5,2,50,"Y","S",5,17,0,15,5,13.2878778158819,10.1009850368668
"219",121,"FRED GUENTHER",2,1,5,2,50,"Y","S",5,17,0,15,5,13.5747120714113,10.1009850368668
"220",121,"PLUMMER POLE CO.",5,1,5,2,50,"Y","S",5,17,0,15,5,13.2446695017883,10.1009850368668
"221",121,"MACGILLIS & GIBBS CO.",1,1,5,2,50,"Y","S",5,17,0,15,5,13.7456244305001,10.1009850368668
"222",121,"MOUNTAIN CEDAR PROD.",3,1,5,2,50,"Y","S",5,17,0,15,5,13.5487102688723,10.1009850368668
"223",122,"DIAMOND INTERNATIONAL COR",3,1,5,2,1700,"N","A",7,17,43,8,3,18.1070030269994,10.0905478636773
"224",122,"OWNBEY LUMBER CO.",2,1,5,2,1700,"N","A",7,17,43,8,3,18.1906189416315,10.0905478636773
"225",122,"BENNETT TREE FARMS, INC.",1,1,5,2,1700,"N","A",7,17,43,8,3,18.1961085476107,10.0905478636773
"226",123,"POTLATCH CORPORATION",1,1,5,2,320,"N","S",7,19,0,50,3,18.3463578179285,10.0908795661432
"227",123,"BENNETT TREE FARMS, INC.",3,1,5,2,320,"N","S",7,19,0,50,3,18.2373452933417,10.0908795661432
"228",123,"DIAMOND INTERNATIONAL COR",2,1,5,2,320,"N","S",7,19,0,50,3,18.3020907140137,10.0908795661432
"229",124,"BURLINGTON NORTHERN INC.",1,1,5,2,75,"N","D",5,17,0,15,1,14.2874417033566,10.0883891115935
"230",125,"LARRY DUFF",1,1,5,2,180,"Y","S",5,17,0,35,1,13.7483018082708,9.94362131027577
"231",126,"WILLIAM BUSWELL",2,1,5,2,24,"N","S",5,108,0,22,3,13.5344730282312,9.95465583911053
"232",126,"DUANE CHILBERG",3,1,5,2,24,"N","S",5,108,0,22,3,12.6462611896967,9.95465583911053
"233",126,"WILLARD ANDERSON",1,1,5,2,24,"N","S",5,108,0,22,3,13.5753480014805,9.95465583911053
"234",127,"LLOYD HALL",1,1,5,2,38,"N","S",5,17,0,49,2,14.6330853168993,9.92676452944062
"235",127,"IDAHO CEDAR SALES",2,1,5,2,38,"N","S",5,17,0,49,2,14.5635459384887,9.92676452944062
"236",128,"POTLATCH CORPORATION",1,1,5,3,452,"N","S",7,17,33,25,1,18.8295820748124,10.0993010161784
"237",129,"CEDAR PRODUCTS, INC.",1,1,5,3,579,"N","S",6,242,0,24,3,15.5778583807895,8.50835424274903
"238",129,"CARL HOILAND",3,1,5,3,579,"N","S",6,242,0,24,3,14.7603887466903,8.50835424274903
"239",129,"IDAHO CEDAR SALES",2,1,5,3,579,"N","S",6,242,0,24,3,15.0622554541341,8.50835424274903
"240",130,"POTLATCH CORPORATION",1,1,5,3,300,"N","S",7,17,7,44,1,17.3356665802847,10.0606194982564
"241",131,"IDAHO CEDAR SALES",2,1,5,3,750,"N","A",6,17,0,24,2,15.638405256123,10.1022974268349
"242",131,"CEDAR PRODUCTS, INC.",1,1,5,3,750,"N","A",6,17,0,24,2,15.6815267977988,10.1022974268349
"243",132,"POTLATCH CORPORATION",1,1,5,3,2400,"N","S",7,17,29,54,1,17.074020087616,10.0968314726118
"244",133,"DONALD R. BABCOCK",1,1,5,4,266,"N","A",6,19,0,80,1,13.5304836241767,10.0900086123938
"245",134,"DONALD R. BABCOCK",1,1,5,4,134,"N","A",5,17,0,78,1,14.5086577385242,10.0953055418074
"246",135,"POTLATCH CORPORATION",2,1,5,4,1500,"N","A",7,17,30,49,2,18.4002294343073,10.1019694907795
"247",135,"DIAMOND INTERNATIONAL COR",1,1,5,4,1500,"N","A",7,17,30,49,2,18.4005253824528,10.1019694907795
"248",137,"POTLATCH CORPORATION",3,1,5,5,232,"N","S",7,17,40,38,4,17.7868031027934,10.0146710814967
"249",137,"LOUISIANA-PACIFIC",2,1,5,5,232,"N","S",7,17,40,38,4,17.8140752300854,10.0146710814967
"250",137,"CLEARWATER FOREST INDUSTR",1,1,5,5,232,"N","S",7,17,40,38,4,17.8672902883627,10.0146710814967
"251",137,"WICKES FOREST INDUSTRIES",4,1,5,5,232,"N","S",7,17,40,38,4,17.7793040439086,10.0146710814967
"252",139,"POTLATCH CORPORATION",1,1,5,5,780,"N","A",6,17,0,31,2,16.8751078446502,10.0842662530726
"253",139,"WICKES FOREST INDUSTRIES",2,1,5,5,780,"N","A",6,17,0,31,2,16.8716933205274,10.0842662530726
"254",140,"CORY LUMBER CO.",1,1,5,5,60,"Y","S",5,17,0,22,1,14.1279506067238,10.0848086089965
"255",141,"SYRINGA CEDAR",1,1,5,5,35,"Y","S",5,17,0,43,3,13.4083179586019,9.89555618220985
"256",141,"KENNETH V. FINNEY",3,1,5,5,35,"Y","S",5,17,0,43,3,13.3756620579761,9.89555618220985
"257",141,"FRANK C. SCHROM",2,1,5,5,35,"Y","S",5,17,0,43,3,13.3991220056817,9.89555618220985
"258",142,"COLUMBIA HELICOPTERS, INC",1,1,5,6,452,"N","S",7,17,0,46,2,15.6264057655008,10.0270317386276
"259",142,"EVANS PRODUCTS",2,1,5,6,452,"N","S",7,17,0,46,2,15.5017280135833,10.0270317386276
"260",145,"POTLATCH CORPORATION",3,1,5,6,5382,"N","S",8,17,12,72,3,18.4442908195915,10.1004924462406
"261",145,"CHAMPION TIMBERLANDS",1,1,5,6,5382,"N","S",8,17,12,72,3,19.1218014016871,10.1004924462406
"262",145,"EVANS PRODUCTS CO.",2,1,5,6,5382,"N","S",8,17,12,72,3,18.9320108004708,10.1004924462406
"263",146,"J. E. MCCATRON",1,1,5,6,800,"Y","S",5,17,0,61,1,14.9464286813843,9.89797237184802
"264",147,"R & R SAWMILL",1,1,8,2,54,"N","A",5,204,0,39,1,12.7936481770341,10.0793298307323
"265",152,"GRANITE LUMBER",2,1,9,1,39,"N","S",5,93,0,20,2,14.4175118261104,10.1006156166471
"266",152,"LOUISIANA PACIFIC",1,1,9,1,39,"N","S",5,93,0,20,2,14.702660800092,10.1006156166471
"267",153,"JIM WHITE",1,1,9,1,14,"Y","D",5,108,0,38,1,13.1411458767037,10.178426272278
"268",155,"ART DICK",1,1,9,2,48,"N","S",5,204,0,77,1,13.5491671873438,10.1881400404275
"269",156,"DONALD HAXBY",1,1,9,2,54,"N","S",5,108,0,65,1,13.0818121795487,10.129905736384
"270",158,"GRANITE LUMBER COMPANY",1,1,9,3,95,"N","S",5,204,0,16,1,13.7744749989741,10.1804751423224
"271",160,"WICKES FOREST INDUSTRIES",1,1,9,4,1100,"N","S",6,108,0,54,1,16.0390408634642,10.178426272278
"272",161,"WICKES FOREST INDUSTRIES",1,1,9,4,1200,"N","S",6,108,13,36,1,15.312330796263,10.129905736384
"273",164,"PLUM CREEK LUMBER CO.",1,1,10,1,1080,"N","S",7,19,216,16,5,18.5638469721221,10.0201588593398
"274",164,"STOLTZE LAND & LBR.",3,1,10,1,1080,"N","S",7,19,216,16,5,18.2892977846485,10.0201588593398
"275",164,"LOUISIANA-PACIFIC CORP.",2,1,10,1,1080,"N","S",7,19,216,16,5,18.4336925224028,10.0201588593398
"276",164,"VENEERS INC.",5,1,10,1,1080,"N","S",7,19,216,16,5,17.9585675035532,10.0201588593398
"277",164,"EVANS PRODUCTS",4,1,10,1,1080,"N","S",7,19,216,16,5,18.0238224408081,10.0201588593398
"278",166,"VENEERS, INC.",4,1,10,1,490,"N","S",5,19,28,24,6,15.9338362176941,10.0908381093515
"279",166,"EVANS PRODUCTS",6,1,10,1,490,"N","S",5,19,28,24,6,15.8423829917525,10.0908381093515
"280",166,"PLUM CREEK LUMBER CO.",1,1,10,1,490,"N","S",5,19,28,24,6,16.1742661325094,10.0908381093515
"281",166,"STOLTZE LAND & LBR.",2,1,10,1,490,"N","S",5,19,28,24,6,16.0543791918352,10.0908381093515
"282",166,"PYRAMID MTN. LBR.",5,1,10,1,490,"N","S",5,19,28,24,6,15.8514389873124,10.0908381093515
"283",166,"LOUISIANA-PACIFIC CORP.",3,1,10,1,490,"N","S",5,19,28,24,6,15.9840338319683,10.0908381093515
"284",167,"AMERICAN TIMBER CO.",2,1,10,1,1200,"N","S",7,19,103,28,4,18.0059509004168,10.0908381093515
"285",167,"JENSEN LUMBER CO.",3,1,10,1,1200,"N","S",7,19,103,28,4,17.7825131052138,10.0908381093515
"286",167,"VENEERS, INC.",1,1,10,1,1200,"N","S",7,19,103,28,4,18.0408311882482,10.0908381093515
"287",167,"SUPERIOR BUILDINGS",4,1,10,1,1200,"N","S",7,19,103,28,4,17.7104256540803,10.0908381093515
"288",168,"SUPERIOR BUILDINGS",3,1,10,1,560,"N","S",6,17,17,27,3,17.2051001626346,10.0843079832038
"289",168,"STOLTZE LAND & LUMBER CO.",2,1,10,1,560,"N","S",6,17,17,27,3,17.2832737793642,10.0843079832038
"290",168,"VENEERS, INC.",1,1,10,1,560,"N","S",6,17,17,27,3,17.3776106303804,10.0843079832038
"291",169,"VENEERS, INC.",3,1,10,1,1660,"N","S",7,19,175,27,3,18.0993588786665,10.0849754285815
"292",169,"SUPERIOR BUILDINGS COMPAN",2,1,10,1,1660,"N","S",7,19,175,27,3,18.1024605605594,10.0849754285815
"293",169,"STOLTZE LAND & LUMBER CO.",1,1,10,1,1660,"N","S",7,19,175,27,3,18.1521512836611,10.0849754285815
"294",170,"CLARENCE JOHNSON",2,1,10,1,71,"N","S",5,73,0,21,3,13.1626469870214,10.3420005146905
"295",170,"JENSEN LUMBER CO.",1,1,10,1,71,"N","S",5,73,0,21,3,13.3607580370791,10.3420005146905
"296",170,"WALLACE JORDT",3,1,10,1,71,"N","S",5,73,0,21,3,12.8657018215405,10.3420005146905
"297",171,"JOE LAWRENCE",4,1,10,1,200,"Y","S",5,19,0,43,4,12.7769250653916,10.0986019311288
"298",171,"WESTERN CEDAR PRODUCTS",2,1,10,1,200,"Y","S",5,19,0,43,4,12.7804109519413,10.0986019311288
"299",171,"WALLACE JORDT",3,1,10,1,200,"Y","S",5,19,0,43,4,12.7804109519413,10.0986019311288
"300",171,"CALVIN GALLOWAY",1,1,10,1,200,"Y","S",5,19,0,43,4,12.8346493044405,10.0986019311288
"301",173,"WALLACE JORDT",3,1,10,1,30,"N","S",5,17,0,22,3,13.5297878979429,10.0731881321402
"302",173,"STOLTZE LAND & LBR. CO.",1,1,10,1,30,"N","S",5,17,0,22,3,13.64301972091,10.0731881321402
"303",173,"J & D LUMBER CO.",2,1,10,1,30,"N","S",5,17,0,22,3,13.6289411919898,10.0731881321402
"304",174,"STOLTZE LAND & LUMBER",2,1,10,1,59,"N","S",5,73,0,27,5,14.9225188348071,10.3754268072496
"305",174,"J & D LUMBER CO.",4,1,10,1,59,"N","S",5,73,0,27,5,14.4427406676234,10.3754268072496
"306",174,"LOUISIANA PACIFIC CORP.",1,1,10,1,59,"N","S",5,73,0,27,5,14.9749588970766,10.3754268072496
"307",174,"WESTERN CEDAR PRODUCTS",3,1,10,1,59,"N","S",5,73,0,27,5,14.5073478810353,10.3754268072496
"308",174,"WALLACE JORDT",5,1,10,1,59,"N","S",5,73,0,27,5,14.4415211787384,10.3754268072496
"309",175,"SUPERIOR BUILDINGS CO.",1,1,10,1,760,"N","S",6,19,50,28,3,16.784448549467,9.91457584952155
"310",175,"VENEERS, INC.",2,1,10,1,760,"N","S",6,19,50,28,3,16.7701984164311,9.91457584952155
"311",175,"PYRAMID MOUNTAIN LUMBER",3,1,10,1,760,"N","S",6,19,50,28,3,16.7341895261259,9.91457584952155
"312",176,"F.H.STOLTZE LAND & LUMBER",1,1,10,4,350,"N","S",6,19,5,76,3,15.6761724501445,9.9157125221587
"313",176,"SUPERIOR BUILDINGS CO.",2,1,10,4,350,"N","S",6,19,5,76,3,15.2087730849279,9.9157125221587
"314",176,"VENEERS, INC.",3,1,10,4,350,"N","S",6,19,5,76,3,14.9501236378066,9.9157125221587
"315",179,"PLUM CREEK LUMBER CO.",2,1,10,4,3500,"Y","S",5,19,0,55,2,14.8979629764329,9.88415181622939
"316",179,"F.H.STOLTZE LAND&LUMBER C",1,1,10,4,3500,"Y","S",5,19,0,55,2,15.0306487961907,9.88415181622939
"317",180,"SUPERIOR BUILDINGS CO.",1,1,10,6,600,"Y","S",5,19,0,48,2,14.1739448533362,10.0201588593398
"318",180,"WALLACE JORDT",2,1,10,6,600,"Y","S",5,19,0,48,2,14.1581153803541,10.0201588593398
"319",181,"VENEERS",4,1,10,6,535,"N","S",5,19,0,40,4,16.2684465493225,10.0201588593398
"320",181,"PLUM CREEK",1,1,10,6,535,"N","S",5,19,0,40,4,16.5723185417593,10.0201588593398
"321",181,"STOLTZE LAND & LBR. CO.",2,1,10,6,535,"N","S",5,19,0,40,4,16.2956299336864,10.0201588593398
"322",181,"SUPERIOR BUILDINGS CO.",3,1,10,6,535,"N","S",5,19,0,40,4,16.2799406534183,10.0201588593398
"323",182,"SUPERIOR BLGS.",2,1,10,6,220,"N","S",5,19,20,22,3,15.6448029386041,10.0986019311288
"324",182,"VENEERS INC.",1,1,10,6,220,"N","S",5,19,20,22,3,15.6697493984853,10.0986019311288
"325",182,"STOLTZE LAND & LUMBER CO.",3,1,10,6,220,"N","S",5,19,20,22,3,15.6221716116873,10.0986019311288
"326",183,"CHARLES KELLER",5,1,10,6,776,"Y","S",5,19,0,30,5,15.2999973049755,10.0838488559549
"327",183,"VENEERS, INC.",2,1,10,6,776,"Y","S",5,19,0,30,5,15.5891400003199,10.0838488559549
"328",183,"LOUISIANA PACIFIC",1,1,10,6,776,"Y","S",5,19,0,30,5,15.6863584335113,10.0838488559549
"329",183,"PLUM CREEK LUMBER CO.",3,1,10,6,776,"Y","S",5,19,0,30,5,15.3913296373747,10.0838488559549
"330",183,"STOLTZE LAND & LUMBER CO.",4,1,10,6,776,"Y","S",5,19,0,30,5,15.3462731607432,10.0838488559549
"331",184,"STOLTZE LAND & LUMBER CO.",2,1,10,6,1400,"N","S",7,19,60,28,2,18.7014341183172,10.0838488559549
"332",184,"VENEERS, INCORPORATED",1,1,10,6,1400,"N","S",7,19,60,28,2,18.7346801328384,10.0838488559549
"333",185,"LOUISIANA-PACIFIC CORP.",2,1,10,6,2020,"Y","S",5,19,0,40,2,15.8989067696185,10.0838488559549
"334",185,"STOLTZE LAND & LUMBER",1,1,10,6,2020,"Y","S",5,19,0,40,2,15.9283322320711,10.0838488559549
"335",186,"VENEERS, INC.",1,1,10,6,3114,"N","S",6,19,0,23,2,16.178724978646,9.88236605591402
"336",186,"STOLTZE LAND & LUMBER CO.",2,1,10,6,3114,"N","S",6,19,0,23,2,15.343167753261,9.88236605591402
"337",187,"SUPERIOR BUILDINGS",3,1,10,7,350,"Y","S",6,19,0,37,4,16.4423955327156,9.9157125221587
"338",187,"STOLTZE LAND & LBR.",1,1,10,7,350,"Y","S",6,19,0,37,4,16.7579570270845,9.9157125221587
"339",187,"VENEERS, INC.",4,1,10,7,350,"Y","S",6,19,0,37,4,16.3714323663708,9.9157125221587
"340",187,"PLUM CR. LBR. CO.",2,1,10,7,350,"Y","S",6,19,0,37,4,16.6526379966541,9.9157125221587
"341",188,"PLUM CREEK LUMBER COMPANY",1,1,10,7,640,"N","S",6,19,39,11,4,17.5616803755458,10.0939839375181
"342",188,"VENEERS, INC.",4,1,10,7,640,"N","S",6,19,39,11,4,17.3523754241813,10.0939839375181
"343",188,"SUPERIOR BUILDINGS CO.",3,1,10,7,640,"N","S",6,19,39,11,4,17.3712679642321,10.0939839375181
"344",188,"STOLTZE LAND AND LUMBER C",2,1,10,7,640,"N","S",6,19,39,11,4,17.3907934508957,10.0939839375181
"345",189,"VENEERS, INC.",3,1,10,7,1636,"N","S",7,19,91,24,3,16.8449106558818,10.0908381093515
"346",189,"STOLTZE LAND & LUMBER CO.",2,1,10,7,1636,"N","S",7,19,91,24,3,16.8700450879528,10.0908381093515
"347",189,"SUPERIOR BUILDINGS CO.",1,1,10,7,1636,"N","S",7,19,91,24,3,16.8778803981177,10.0908381093515
"348",191,"F.H. STOLTZE LAND & LUMBE",4,1,10,7,370,"N","S",5,19,0,17,4,16.9429195678305,10.0908381093515
"349",191,"VENEERS, INC.",3,1,10,7,370,"N","S",5,19,0,17,4,16.9527940417637,10.0908381093515
"350",191,"LOUISIANA-PACIFIC CORPORA",2,1,10,7,370,"N","S",5,19,0,17,4,17.0079951784515,10.0908381093515
"351",191,"PLUM CREEK LUMBER COMPANY",1,1,10,7,370,"N","S",5,19,0,17,4,17.0619727556766,10.0908381093515
"352",192,"F.H. STOLTZE LAND & LUMBE",3,1,10,7,200,"N","S",5,19,0,53,4,16.834353070865,10.0908381093515
"353",192,"VENEERS, INC.",4,1,10,7,200,"N","S",5,19,0,53,4,16.6919586634762,10.0908381093515
"354",192,"LOUISIANA-PACIFIC CORP.",2,1,10,7,200,"N","S",5,19,0,53,4,16.8344960672392,10.0908381093515
"355",192,"PLUM CREEK LUMBER COMPANY",1,1,10,7,200,"N","S",5,19,0,53,4,16.8349081849513,10.0908381093515
"356",193,"SUPERIOR BUILDINGS CO.",1,1,10,7,194,"Y","S",6,19,32,37,1,15.9795138119871,9.88415181622939
"357",194,"KENNEDY-STEVENS LUMBER",4,1,10,8,400,"N","S",6,19,25,24,5,16.0240080235322,9.91229862081468
"358",194,"F.H.STOLTZE LAND & LBR.",3,1,10,8,400,"N","S",6,19,25,24,5,16.2353478790946,9.91229862081468
"359",194,"VENEERS, INC.",5,1,10,8,400,"N","S",6,19,25,24,5,15.8866956084343,9.91229862081468
"360",194,"AMERICAN TIMBER CO.",1,1,10,8,400,"N","S",6,19,25,24,5,16.6117010541438,9.91229862081468
"361",194,"STILLWATER TIMBER CO.",2,1,10,8,400,"N","S",6,19,25,24,5,16.4043634738304,9.91229862081468
"362",195,"F.H.STOLTZE LAND & LMBR",1,1,10,8,500,"N","S",7,19,30,23,4,17.728235117246,10.0201588593398
"363",195,"VENEERS INC.",3,1,10,8,500,"N","S",7,19,30,23,4,17.4357559155096,10.0201588593398
"364",195,"SUPERIOR BUILDINGS",4,1,10,8,500,"N","S",7,19,30,23,4,17.2645675121996,10.0201588593398
"365",195,"AMERICAN TIMBER CO.",2,1,10,8,500,"N","S",7,19,30,23,4,17.5605094419167,10.0201588593398
"366",196,"VENEERS INC.",5,1,10,8,950,"N","S",7,17,119,6,5,18.7899687477605,10.0127006375094
"367",196,"LOUISIANA-PACIFIC CORP.",2,1,10,8,950,"N","S",7,17,119,6,5,18.9143342472036,10.0127006375094
"368",196,"AMERICAN TIMBER CO.",3,1,10,8,950,"N","S",7,17,119,6,5,18.8741510733222,10.0127006375094
"369",196,"PLUM CREEK LBR. CO.",1,1,10,8,950,"N","S",7,17,119,6,5,18.9246680194206,10.0127006375094
"370",196,"STOLTZE LAND & LBR.",4,1,10,8,950,"N","S",7,17,119,6,5,18.8439212625418,10.0127006375094
"371",197,"KENNEDY STEVENS LBR. CO.",3,1,10,8,750,"N","S",7,19,91,19,4,18.4247230627617,10.0908381093515
"372",197,"AMERICAN TIMBER COMPANY",1,1,10,8,750,"N","S",7,19,91,19,4,18.5096997210303,10.0908381093515
"373",197,"STOLTZE LAND & LUMBER CO.",4,1,10,8,750,"N","S",7,19,91,19,4,18.3477161025622,10.0908381093515
"374",197,"VENEERS, INCORPORATED",2,1,10,8,750,"N","S",7,19,91,19,4,18.4842114449097,10.0908381093515
"375",198,"AMERICAN TIMBER COMPANY",1,1,10,8,420,"Y","S",5,19,0,21,1,14.5744454790622,10.0986019311288
"376",199,"RICHARD L. HILLSTROM",1,1,10,8,900,"Y","S",5,19,0,16,3,14.134037013711,10.0925364300795
"377",199,"GALLOWAY LOGGING",3,1,10,8,900,"Y","S",5,19,0,16,3,13.9419238015697,10.0925364300795
"378",199,"AMERICAN TIMBER COMPANY",2,1,10,8,900,"Y","S",5,19,0,16,3,13.9708890551438,10.0925364300795
"379",200,"RICHARD L. HILLSTROM",2,1,10,8,2650,"Y","S",5,19,0,20,2,14.8343939785949,10.0838488559549
"380",200,"AMERICAN TIMBER COMPANY",1,1,10,8,2650,"Y","S",5,19,0,20,2,14.8487306278653,10.0838488559549
"381",201,"IDAHO POLE COMPANY",3,1,10,8,700,"N","S",7,19,151,44,6,18.1693720013696,10.0838488559549
"382",201,"STOLTZE LAND & LUMBER CO.",6,1,10,8,700,"N","S",7,19,151,44,6,17.932084376,10.0838488559549
"383",201,"AMERICAN TIMBER COMPANY",2,1,10,8,700,"N","S",7,19,151,44,6,18.1879712091641,10.0838488559549
"384",201,"KALISPELL POLE & TIMBER C",1,1,10,8,700,"N","S",7,19,151,44,6,18.5112085975512,10.0838488559549
"385",201,"KENNEDY-STEVENS LBR. CO.",4,1,10,8,700,"N","S",7,19,151,44,6,18.1086995581459,10.0838488559549
"386",201,"VENEERS, INCORPORATED",5,1,10,8,700,"N","S",7,19,151,44,6,17.9509036490458,10.0838488559549
"387",204,"IDAHO POLE",2,1,11,6,82,"N","A",5,108,7,39,2,15.7025802069967,10.129905736384
"388",204,"BRAND-S",1,1,11,6,82,"N","A",5,108,7,39,2,15.7034131933005,10.129905736384
"389",207,"GARY OLSEN",1,1,11,6,30,"Y","S",5,108,0,37,2,12.9803388773749,10.1784642524904
"390",207,"JASPER LARSEN",2,1,11,6,30,"Y","S",5,108,0,37,2,12.9798777291076,10.1784642524904
"391",208,"BRAND S",2,1,11,6,132,"N","S",5,93,0,40,3,15.9353692122107,10.1006156166471
"392",208,"BURKLAND STUDS, INC.",1,1,11,6,132,"N","S",5,93,0,40,3,16.2744838257258,10.1006156166471
"393",208,"YELLOWSTONE PINE COMPANY",3,1,11,6,132,"N","S",5,93,0,40,3,15.8669003013016,10.1006156166471
"394",209,"BRAND-S",1,1,11,6,255,"N","D",5,108,29,34,1,15.7579518403094,10.1784642524904
"395",211,"WICKES FOREST INDUSTRIES",1,1,12,1,1300,"N","S",5,108,30,24,1,16.2325041102424,10.129905736384
"396",213,"TERRY FRISCH",1,1,12,4,9,"N","S",5,108,0,17,2,12.8082743570621,10.1080189676384
"397",213,"HOWARD BISH",2,1,12,4,9,"N","S",5,108,0,17,2,12.7938593104323,10.1080189676384
"398",214,"R & R LUMBER",1,1,12,4,160,"N","S",5,19,0,12,1,13.6889218660647,10.0908381093515
"399",215,"LINCOLN LOG CABINS",1,1,12,4,2,"N","A",5,108,0,8,2,12.4818465969076,10.1567722607623
"400",215,"HOWARD BISH",2,1,12,4,2,"N","A",5,108,0,8,2,12.4623414472762,10.1567722607623
"401",217,"THE WICKES CORP.",1,1,12,4,1105,"N","D",5,19,24,26,1,14.6033759249532,10.0936119213931
"402",218,"KENNEDY STEVENS LUMBER CO",3,1,14,1,3240,"N","S",7,17,44,30,6,17.743274226581,10.0260591049243
"403",218,"AMERICAN TIMBER CO.",5,1,14,1,3240,"N","S",7,17,44,30,6,17.3971109905978,10.0260591049243
"404",218,"ST. REGIS PAPER CO.",1,1,14,1,3240,"N","S",7,17,44,30,6,18.0027268749018,10.0260591049243
"405",218,"VENEERS, INC.",6,1,14,1,3240,"N","S",7,17,44,30,6,17.2799725246519,10.0260591049243
"406",218,"PLUM CREEK LUMBER CO.",2,1,14,1,3240,"N","S",7,17,44,30,6,17.7778220331127,10.0260591049243
"407",218,"F. H. STOLTZE LD. & LBR.",4,1,14,1,3240,"N","S",7,17,44,30,6,17.636988094304,10.0260591049243
"408",219,"CHARLES PURDY",1,1,14,1,56,"N","S",5,73,0,33,1,14.5374118481555,10.2749476553416
"409",220,"DAVID A. KAUFFMAN",2,1,14,1,116,"N","S",5,73,0,28,2,15.3358321887413,10.390686245671
"410",220,"PLUM CREEK LUMBER CO.",1,1,14,1,116,"N","S",5,73,0,28,2,15.2103175833264,10.390686245671
"411",221,"PLUM CREEK LUMBER CO.",1,1,14,1,3735,"N","A",8,19,213,29,5,19.3252793889967,10.0908381093515
"412",221,"ST. REGIS PAPER CO.",4,1,14,1,3735,"N","A",8,19,213,29,5,19.1652479608678,10.0908381093515
"413",221,"VENEERS, INC.",5,1,14,1,3735,"N","A",8,19,213,29,5,18.8145119060558,10.0908381093515
"414",221,"F.H. STOLTZE LD. & LBR.",3,1,14,1,3735,"N","A",8,19,213,29,5,19.2676385465265,10.0908381093515
"415",221,"AMERICAN TBR. CO.",2,1,14,1,3735,"N","A",8,19,213,29,5,19.3226007092274,10.0908381093515
"416",222,"F.H. STOLTZE LAND & LBR.C",1,1,14,1,35,"N","S",5,19,0,25,1,15.3429763025131,10.0908381093515
"417",223,"F. H. STOLTZE LAND & LBR.",2,1,14,1,1970,"N","A",8,19,104,45,2,18.7151543267994,10.0910039262072
"418",223,"ST. REGIS PAPER CO.",1,1,14,1,1970,"N","A",8,19,104,45,2,18.7214902730616,10.0910039262072
"419",224,"JAY STODDARD",1,1,14,1,50,"Y","S",5,19,0,26,1,13.1497625678086,10.0908381093515
"420",226,"PLUM CREEK LUMBER CO.",1,1,14,1,163,"Y","S",5,73,0,16,1,13.7322702433905,10.2059597104605
"421",229,"LOUISIANA PACIFIC",2,1,14,1,450,"N","A",6,19,0,21,2,16.8639249360624,10.0839323493172
"422",229,"KENNEDY-STEVENS LBR. CO.",1,1,14,1,450,"N","A",6,19,0,21,2,16.8745602949682,10.0839323493172
"423",231,"WILLIAM S. CRISMORE",1,1,14,2,7,"Y","S",5,73,0,37,1,14.2836449412578,10.3600892760917
"424",232,"DARRELL H. NICKLAUS",1,1,14,2,11,"Y","S",5,73,0,39,2,13.3780949247243,10.301457978882
"425",232,"WILLIAM S. CRISMORE",2,1,14,2,11,"Y","S",5,73,0,39,2,13.3773590216877,10.301457978882
"426",233,"ST. REGIS PAPER CO.",1,1,14,2,3500,"N","A",8,19,102,41,5,18.9465340838372,10.0914597808389
"427",233,"PACK RIVER CO.",5,1,14,2,3500,"N","A",8,19,102,41,5,17.9928305999995,10.0914597808389
"428",233,"VENEERS, INC.",3,1,14,2,3500,"N","A",8,19,102,41,5,17.9928305999995,10.0914597808389
"429",233,"PLUM CREEK LUMBER CO.",4,1,14,2,3500,"N","A",8,19,102,41,5,17.9928305999995,10.0914597808389
"430",233,"LOUISIANA PACIFIC CORP.",2,1,14,2,3500,"N","A",8,19,102,41,5,18.9455412760089,10.0914597808389
"431",236,"LOUISIANA-PACIFIC CORP.",2,1,14,2,2600,"N","A",7,73,96,39,3,18.8415112638395,10.4391618742715
"432",236,"THE PACK RIVER COMPANY",3,1,14,2,2600,"N","A",7,73,96,39,3,18.3865437507694,10.4391618742715
"433",236,"ST. REGIS PAPER CO.",1,1,14,2,2600,"N","A",7,73,96,39,3,18.8477051055198,10.4391618742715
"434",237,"KALISPELL POLE & TBR. CO.",2,1,14,2,5200,"N","A",8,19,136,48,3,19.2029355445152,10.0910868243254
"435",237,"LOUISIANA PACIFIC CORP.",1,1,14,2,5200,"N","A",8,19,136,48,3,19.2096965392719,10.0910868243254
"436",237,"ST. REGIS PAPER CO.",3,1,14,2,5200,"N","A",8,19,136,48,3,19.176004282939,10.0910868243254
"437",238,"LIENCO CEDAR PRODUCTS",1,1,14,2,1200,"Y","S",5,242,0,35,3,14.9597015102435,9.41450495669259
"438",238,"JAMES E. HOLMES",2,1,14,2,1200,"Y","S",5,242,0,35,3,13.6773972558346,9.41450495669259
"439",238,"GREGORY C. MIDDAG",3,1,14,2,1200,"Y","S",5,242,0,35,3,13.2374761845048,9.41450495669259
"440",239,"LIENCO CEDAR PRODUCTS",1,1,14,2,600,"Y","S",5,242,0,24,3,14.2460454432996,9.47952746179172
"441",239,"SAM DASIOS",2,1,14,2,600,"Y","S",5,242,0,24,3,13.6715016098138,9.47952746179172
"442",239,"RICHARD STEHLIK",3,1,14,2,600,"Y","S",5,242,0,24,3,13.1093389262816,9.47952746179172
"443",240,"RICHARD STEHLIK",1,1,14,2,195,"N","S",5,242,0,42,2,13.1799244879289,9.44517531187998
"444",240,"R & R CEDAR",2,1,14,2,195,"N","S",5,242,0,42,2,13.1220813376349,9.44517531187998
"445",241,"JACK STAMPER",1,1,14,3,1650,"Y","S",5,19,0,19,4,13.3754741912182,9.9157125221587
"446",241,"CHARLES NEWTON",3,1,14,3,1650,"Y","S",5,19,0,19,4,13.0050764686566,9.9157125221587
"447",241,"JAY STODDARD",2,1,14,3,1650,"Y","S",5,19,0,19,4,13.1083962901757,9.9157125221587
"448",241,"PLUM CREEK LUMBER COMPANY",4,1,14,3,1650,"Y","S",5,19,0,19,4,13.0015507571876,9.9157125221587
"449",242,"CHARLES NEWTON",1,1,14,3,175,"Y","S",5,19,0,23,1,13.2006198753701,10.1699204519487
"450",243,"AMERICAN TIMBER",6,1,14,3,984,"N","S",8,19,76,17,6,18.916309477712,9.9157125221587
"451",243,"PLUM CR. LUMBER CO.",1,1,14,3,984,"N","S",8,19,76,17,6,19.2396200460884,9.9157125221587
"452",243,"LOUISIANA PACIFIC CORP",2,1,14,3,984,"N","S",8,19,76,17,6,19.1033642204056,9.9157125221587
"453",243,"VENEERS, INC.",4,1,14,3,984,"N","S",8,19,76,17,6,19.0404934992479,9.9157125221587
"454",243,"F.H. STOLTZE LD & LBR.",3,1,14,3,984,"N","S",8,19,76,17,6,19.0595723521718,9.9157125221587
"455",243,"ST. REGIS PAPER CO.",5,1,14,3,984,"N","S",8,19,76,17,6,18.9617746269736,9.9157125221587
"456",244,"F.H. STOLTZE LD.&LBR. CO.",2,1,14,3,696,"N","S",7,19,72,15,5,18.1892529730505,10.0222034862411
"457",244,"VENEERS, INC.",1,1,14,3,696,"N","S",7,19,72,15,5,18.2783795804823,10.0222034862411
"458",244,"AMERICAN TIMBER CO.",4,1,14,3,696,"N","S",7,19,72,15,5,18.0522223614733,10.0222034862411
"459",244,"LOUISIANA PACIFIC CORP.",3,1,14,3,696,"N","S",7,19,72,15,5,18.0872526292868,10.0222034862411
"460",244,"PLUM CREEK LUMBER CO.",5,1,14,3,696,"N","S",7,19,72,15,5,18.0484140203558,10.0222034862411
"461",245,"PLUM CREEK LUMBER COMPANY",1,1,14,3,75,"Y","S",5,19,0,21,1,15.9559413608539,10.0201588593398
"462",248,"PLUM CREEK LUMBER CO.",2,1,14,3,620,"N","A",7,19,48,18,3,17.8741795821338,10.0908381093515
"463",248,"VENEERS, INC.",1,1,14,3,620,"N","A",7,19,48,18,3,17.8803212576338,10.0908381093515
"464",248,"STOLTZE LAND & LUMBER CO.",3,1,14,3,620,"N","A",7,19,48,18,3,17.8062012954509,10.0908381093515
"465",250,"ARLIE T. BURK",1,1,14,3,940,"Y","S",5,19,0,20,1,13.8556058885282,10.0838488559549
"466",251,"WALLACE JORDT",4,1,14,3,385,"Y","S",5,19,0,30,4,14.3831398659944,10.0838906035075
"467",251,"EDWARD STOKEN",3,1,14,3,385,"Y","S",5,19,0,30,4,14.5882634276421,10.0838906035075
"468",251,"RONALD E. FOSTER",1,1,14,3,385,"Y","S",5,19,0,30,4,15.0504877211529,10.0838906035075
"469",251,"ARLIE T. BURK",2,1,14,3,385,"Y","S",5,19,0,30,4,14.7571882954285,10.0838906035075
"470",252,"VENEERS, INC.",4,1,14,4,833,"N","S",6,108,35,23,4,16.3755563742328,9.97357316010282
"471",252,"PACK RIVER COMPANY",2,1,14,4,833,"N","S",6,108,35,23,4,16.7684240530846,9.97357316010282
"472",252,"LOUISIANA PACIFIC CORP.",3,1,14,4,833,"N","S",6,108,35,23,4,16.6410717577242,9.97357316010282
"473",252,"ST. REGIS PAPER CO.",1,1,14,4,833,"N","S",6,108,35,23,4,16.8670558963375,9.97357316010282
"474",253,"ST. REGIS PAPER CO.",3,1,14,4,757,"N","S",6,17,3,29,4,16.9327048691179,10.0187340405405
"475",253,"PACK RIVER COMPANY",2,1,14,4,757,"N","S",6,17,3,29,4,16.9569004039406,10.0187340405405
"476",253,"KENNEDY STEVENS LBR. CO.",4,1,14,4,757,"N","S",6,17,3,29,4,16.4793127636125,10.0187340405405
"477",253,"LOUISIANA PACIFIC CORP.",1,1,14,4,757,"N","S",6,17,3,29,4,17.0314248016771,10.0187340405405
"478",254,"ALLEN J. MILLER",1,1,14,4,115,"N","S",5,73,0,20,2,13.0594235776305,10.3479810476118
"479",254,"ALFRED H. PETERS",2,1,14,4,115,"N","S",5,73,0,20,2,12.2549342357201,10.3479810476118
"480",255,"PACK RIVER CO.",3,1,14,4,769,"N","A",7,93,55,35,3,17.8741890816845,10.3409034218761
"481",255,"LOUISIANA PACIFIC CORP.",1,1,14,4,769,"N","A",7,93,55,35,3,17.9388885417212,10.3409034218761
"482",255,"ST. REGIS PAPER CO.",2,1,14,4,769,"N","A",7,93,55,35,3,17.9383129930029,10.3409034218761
"483",256,"SAM DASIOS",2,1,14,4,96,"N","S",5,73,0,32,2,14.3870436236464,10.3954055483745
"484",256,"A. L. CAMPBELL",1,1,14,4,96,"N","S",5,73,0,32,2,14.3885670422661,10.3954055483745
"485",257,"SAM DASIOS",1,1,14,4,160,"N","S",5,73,0,28,2,15.2786673442468,10.4139130962808
"486",257,"MARTIN RIEDLINGER",2,1,14,4,160,"N","S",5,73,0,28,2,15.0340532047704,10.4139130962808
"487",258,"LOUISIANA PACIFIC CORP.",1,1,14,4,666,"N","A",7,17,26,32,2,18.0709226802903,10.0938186141038
"488",258,"ST. REGIS PAPER CO.",2,1,14,4,666,"N","A",7,17,26,32,2,18.0697674554672,10.0938186141038
"489",259,"SAM DASIOS",2,1,14,4,91,"N","S",5,19,0,23,2,14.1310662757138,10.0713297880652
"490",259,"LOUISIANA-PACIFIC CORP.",1,1,14,4,91,"N","S",5,19,0,23,2,14.1854175706717,10.0713297880652
"491",260,"SAM DASIOS",1,1,14,4,300,"N","S",5,17,0,22,1,14.0238328145188,10.0748324186165
"492",261,"WILLIAM S. CRISMORE",1,1,14,5,52,"N","S",5,122,0,13,1,13.4725976245131,10.3475000702565
"493",262,"WILLIAM S. CRISMORE",1,1,14,5,49,"N","S",5,73,0,10,1,13.018823425736,10.2788370367397
"494",263,"ST. REGIS PAPER CO.",1,1,14,5,2240,"N","S",7,17,223,16,1,18.2950933710255,10.023135514802
"495",265,"GARY ADKINSON",2,1,14,5,980,"N","S",5,73,0,9,2,13.4870064909922,10.2981276140055
"496",265,"MARTIN BOWER",1,1,14,5,980,"N","S",5,73,0,9,2,13.5463230681487,10.2981276140055
"497",267,"WILLIAM S. CRISMORE",1,1,14,5,192,"Y","S",5,73,0,25,1,13.6482746385884,10.472544347865
"498",269,"WILLIAM S. CRISMORE",1,1,14,5,51,"N","D",5,73,0,21,1,16.0537539104582,10.4686024781738
"499",270,"WM. S. CRISMORE",1,1,14,6,40,"Y","S",5,19,0,51,1,12.9532344143964,9.9157125221587
"500",271,"SAM DASIOS",1,1,14,6,17,"N","S",5,17,0,32,1,14.9184511327397,10.0117588278199
"501",272,"WILLIAM S. CRISMORE",2,1,14,6,359,"Y","S",5,19,0,31,5,16.0417436243352,10.0201143644678
"502",272,"VENNERS, INC.",5,1,14,6,359,"Y","S",5,19,0,31,5,15.5485633565977,10.0201143644678
"503",272,"KENNEDY STEVENS LBR. CO.",3,1,14,6,359,"Y","S",5,19,0,31,5,15.7633017938088,10.0201143644678
"504",272,"PLUM CREEK LUMBER CO.",1,1,14,6,359,"Y","S",5,19,0,31,5,16.1517354350425,10.0201143644678
"505",272,"F.H. STOLTZE LAND & LMBR.",4,1,14,6,359,"Y","S",5,19,0,31,5,15.7350033937019,10.0201143644678
"506",273,"WILLIAM CRISMORE",1,1,14,6,81,"N","S",5,73,0,34,1,13.5464801238776,10.442813165772
"507",274,"F. H. STOLTZE LD. & LBR.",2,1,14,6,1300,"N","S",7,19,72,24,2,17.7630744373115,10.0896766208566
"508",274,"ST. REGIS PAPER CO.",1,1,14,6,1300,"N","S",7,19,72,24,2,17.8533934047722,10.0896766208566
"509",275,"WALLACE JORDT",1,1,14,6,42,"Y","S",5,19,0,37,2,13.3319968775723,9.88420279112426
"510",275,"WILLIAM S. CRISMORE",2,1,14,6,42,"Y","S",5,19,0,37,2,13.3138098419753,9.88420279112426
"511",276,"PLUM CREEK LUMBER CO.",2,1,14,6,392,"Y","S",5,19,0,29,2,13.9108207377686,9.9157125221587
"512",276,"WM. S. CRISMORE",1,1,14,6,392,"Y","S",5,19,0,29,2,13.9931335939767,9.9157125221587
"513",277,"AMERICAN TIMBER",3,1,14,6,22,"Y","A",5,19,0,46,4,14.4868353528887,10.0839323493172
"514",277,"WALLACE JORDT",2,1,14,6,22,"Y","A",5,19,0,46,4,14.7115079661705,10.0839323493172
"515",277,"WM. S. CRISMORE",1,1,14,6,22,"Y","A",5,19,0,46,4,14.7233771058305,10.0839323493172
"516",277,"MIKE LINSTEAD",4,1,14,6,22,"Y","A",5,19,0,46,4,14.3672260779451,10.0839323493172
"517",278,"FRED COOPER",1,1,14,6,53,"N","A",5,73,0,29,1,12.855197403158,10.3098855586929
"518",279,"LOUISIANA PACIFIC CORP.",2,1,14,7,312,"Y","S",5,17,0,14,2,14.125150286909,9.92226023785941
"519",279,"DAVE & EDNA HILL",1,1,14,7,312,"Y","S",5,17,0,14,2,14.1337460834595,9.92226023785941
"520",280,"LOUISIANA-PACIFIC CORP.",1,1,14,7,175,"Y","S",5,17,0,16,2,14.1946371664194,10.0287977435016
"521",280,"ANDREW MARICH",2,1,14,7,175,"Y","S",5,17,0,16,2,13.8899684688823,10.0287977435016
"522",282,"DAVE & EDNA HILL",1,1,14,7,135,"Y","S",5,17,0,11,4,14.771041233576,10.0271201129814
"523",282,"LEONARD BUTLER",3,1,14,7,135,"Y","S",5,17,0,11,4,14.628749218782,10.0271201129814
"524",282,"ANDREW L. MARICH",2,1,14,7,135,"Y","S",5,17,0,11,4,14.6914375236489,10.0271201129814
"525",282,"MARTIN RIEDLINGER",4,1,14,7,135,"Y","S",5,17,0,11,4,14.5657821240074,10.0271201129814
"526",283,"JOE BYBEE",4,1,14,7,33,"N","S",5,17,0,13,5,13.6039150703491,10.0731881321402
"527",283,"LOUISIANA PACIFIC",3,1,14,7,33,"N","S",5,17,0,13,5,13.6050265355968,10.0731881321402
"528",283,"ANDREW MARICH",2,1,14,7,33,"N","S",5,17,0,13,5,13.713034766375,10.0731881321402
"529",283,"CRAIK LBR. CO.",1,1,14,7,33,"N","S",5,17,0,13,5,13.7233952690565,10.0731881321402
"530",283,"NOLAN LOGGING CO.",5,1,14,7,33,"N","S",5,17,0,13,5,13.4973692780278,10.0731881321402
"531",284,"FLODIN-BRYCE LOGGING CORP",3,1,14,7,440,"N","A",6,93,22,29,3,16.6811273124349,10.2237578145811
"532",284,"LOUISIANA PACIFIC CORP.",1,1,14,7,440,"N","A",6,93,22,29,3,17.0429686495997,10.2237578145811
"533",284,"ST. REGIS PAPER CO.",2,1,14,7,440,"N","A",6,93,22,29,3,17.0389431848224,10.2237578145811
"534",285,"GARY WILSON",3,1,14,7,210,"Y","A",5,17,0,22,3,14.5856187796603,9.99529159301117
"535",285,"ANDREW MARICH",2,1,14,7,210,"Y","A",5,17,0,22,3,14.5879309194187,9.99529159301117
"536",285,"LOUISIANA PACIFIC",1,1,14,7,210,"Y","A",5,17,0,22,3,14.5902377255166,9.99529159301117
"537",286,"JOE BYBEE",2,1,14,7,165,"N","A",5,17,0,12,3,14.4673387455207,10.0657764555798
"538",286,"BACKEN LOGGING INC.",1,1,14,7,165,"N","A",5,17,0,12,3,14.4686421895726,10.0657764555798
"539",286,"GARY FLOCKERZI",3,1,14,7,165,"N","A",5,17,0,12,3,14.3352824443191,10.0657764555798
"540",287,"LIENCO",6,1,14,7,20,"Y","S",5,242,0,30,8,14.4856961268869,9.43444346278509
"541",287,"SAM DASIOS",8,1,14,7,20,"Y","S",5,242,0,30,8,14.1115305233758,9.43444346278509
"542",287,"VINSON TBR. PRODUCTS",4,1,14,7,20,"Y","S",5,242,0,30,8,14.7239707107232,9.43444346278509
"543",287,"GEORGE ELLIOTT",7,1,14,7,20,"Y","S",5,242,0,30,8,14.2429980501069,9.43444346278509
"544",287,"U.S. CEDAR",1,1,14,7,20,"Y","S",5,242,0,30,8,15.1959125933793,9.43444346278509
"545",287,"ROLAND DERR",3,1,14,7,20,"Y","S",5,242,0,30,8,14.7318012898384,9.43444346278509
"546",287,"LEONARD BUTLER",2,1,14,7,20,"Y","S",5,242,0,30,8,15.111606651166,9.43444346278509
"547",287,"PEND ORIOLLE SHAKE",5,1,14,7,20,"Y","S",5,242,0,30,8,14.572054983654,9.43444346278509
"548",288,"BACKEN LOGGING INC.",1,1,14,7,42,"Y","A",5,17,4,35,1,14.6728755740635,10.1200897558069
"549",289,"DAVE & EDNA HILL",1,1,14,7,160,"Y","A",5,19,0,34,2,15.5051839594884,10.0831388807742
"550",289,"MARTIN RIEDLINGER",2,1,14,7,160,"Y","A",5,19,0,34,2,15.5022837007762,10.0831388807742
"551",290,"DAVE BACKEN",2,1,14,7,65,"Y","A",5,93,2,29,2,14.216233774387,10.2579400286218
"552",290,"DAVE & EDNA HILL",1,1,14,7,65,"Y","A",5,93,2,29,2,14.2242157446774,10.2579400286218
"553",291,"CASTLE MOUNTAIN CORPORATI",1,1,15,3,483,"N","A",5,93,0,37,1,14.6006232402145,10.0936119213931
"554",292,"CASTLE MOUNTAIN CORPORATI",1,1,15,7,1440,"N","S",5,108,33,20,1,15.8343901946109,10.0868502338385
"555",293,"CASTLE MOUNTAIN CORP.",1,1,15,7,640,"N","S",5,204,0,29,1,13.9148127590381,10.1881024259384
"556",296,"CASTLE MOUNTAIN CORPORATI",1,1,15,7,960,"N","S",5,108,6,30,1,15.7855521865945,10.1784642524904
"557",298,"MISSOULA WHITE PINE SASH",2,1,16,3,548,"N","S",5,19,0,37,2,15.962987429501,10.0908381093515
"558",298,"PLUM CREEK LUMBER COMPANY",1,1,16,3,548,"N","S",5,19,0,37,2,16.0419243978575,10.0908381093515
"559",299,"CHAMPION INTERNATIONAL",3,1,16,3,1240,"N","S",6,17,49,14,3,17.255333924682,10.0838488559549
"560",299,"MISSOULA WHITE PINE SASH",1,1,16,3,1240,"N","S",6,17,49,14,3,17.6520987729429,10.0838488559549
"561",299,"EVANS PRODUCTS",2,1,16,3,1240,"N","S",6,17,49,14,3,17.3288356063802,10.0838488559549
"562",300,"SAMUEL M. GREGG",1,1,16,3,356,"N","D",5,19,0,33,1,12.8741019981085,10.0888461594876
"563",302,"DIAMOND INTERNATIONAL COR",2,1,16,4,879,"N","S",7,17,132,35,2,17.5042505023472,10.0227361803541
"564",302,"EVANS PRODUCTS COMPANY",1,1,16,4,879,"N","S",7,17,132,35,2,17.585763756606,10.0227361803541
"565",303,"MISSOULA WHITE PINE SASH",1,1,16,4,1700,"N","S",5,19,14,32,2,16.9739015012519,9.98681716012313
"566",303,"2J LOGGING",2,1,16,4,1700,"N","S",5,19,14,32,2,16.523876709149,9.98681716012313
"567",306,"PLUM CREEK",3,1,16,4,550,"N","S",6,19,48,41,3,16.3605099234258,10.0838488559549
"568",306,"EVANS PRODUCTS COMPANY",1,1,16,4,550,"N","S",6,19,48,41,3,16.5784213497465,10.0838488559549
"569",306,"CHAMPION TIMBERLANDS",2,1,16,4,550,"N","S",6,19,48,41,3,16.5528204874637,10.0838488559549
"570",307,"EVANS PRODUCTS",3,1,16,5,797,"N","A",6,17,12,34,3,17.0480853224287,10.0979435219861
"571",307,"PLUM CREEK LUMBER COMPANY",1,1,16,5,797,"N","A",6,17,12,34,3,17.3431232394811,10.0979435219861
"572",307,"CLARK FORK LOGGING",2,1,16,5,797,"N","A",6,17,12,34,3,17.3352788130053,10.0979435219861
"573",308,"VENEERS, INC.",2,1,16,5,290,"Y","S",6,108,0,35,6,16.2768081953551,10.1567722607623
"574",308,"KALISPELL POLE & TIMBER",4,1,16,5,290,"Y","S",6,108,0,35,6,15.9962669425932,10.1567722607623
"575",308,"CLARK FORK LOGGING",3,1,16,5,290,"Y","S",6,108,0,35,6,16.0215847505775,10.1567722607623
"576",308,"SUPERIOR BUILDING CO.",6,1,16,5,290,"Y","S",6,108,0,35,6,15.4146152662586,10.1567722607623
"577",308,"LOUISIANA PACIFIC",5,1,16,5,290,"Y","S",6,108,0,35,6,15.8182438265594,10.1567722607623
"578",308,"ST. REGIS PAPER",1,1,16,5,290,"Y","S",6,108,0,35,6,16.6996182933274,10.1567722607623
"579",309,"STOLTZE LAND & LUMBER CO.",3,1,16,5,2080,"N","S",7,108,33,35,6,17.6144443694051,10.1567722607623
"580",309,"PLUM CREEK LUMBER CO.",6,1,16,5,2080,"N","S",7,108,33,35,6,16.1275508097291,10.1567722607623
"581",309,"KALISPELL POLE & TIMBER",5,1,16,5,2080,"N","S",7,108,33,35,6,17.331523614055,10.1567722607623
"582",309,"ST. REGIS PAPER CO.",1,1,16,5,2080,"N","S",7,108,33,35,6,17.8212073140676,10.1567722607623
"583",309,"LOUISIANA PACIFIC",4,1,16,5,2080,"N","S",7,108,33,35,6,17.3367101407423,10.1567722607623
"584",309,"CLARK FORK",2,1,16,5,2080,"N","S",7,108,33,35,6,17.6479389053297,10.1567722607623
"585",310,"MISSOULA WHITE PINE & SAS",4,1,16,5,540,"N","A",6,17,100,19,4,17.1127693754792,10.068111764371
"586",310,"CHAMPION INTERNATIONAL",3,1,16,5,540,"N","A",6,17,100,19,4,17.1689637782053,10.068111764371
"587",310,"FLODIN-BRYCE LOGGING CORP",1,1,16,5,540,"N","A",6,17,100,19,4,17.2580984125322,10.068111764371
"588",310,"PLUM CREEK",2,1,16,5,540,"N","A",6,17,100,19,4,17.2575225741196,10.068111764371
"589",311,"LOUISIANA PACIFIC",1,1,16,5,71,"N","S",5,19,0,27,2,14.7882874777852,10.0838488559549
"590",311,"ALBERT ARNOLD",2,1,16,5,71,"N","S",5,19,0,27,2,14.7788451682333,10.0838488559549
"591",312,"PLUM CREEK LUMBER CO.",7,1,16,6,133,"N","S",5,19,41,9,7,15.7160347419837,10.0201588593398
"592",312,"VENEERS, INC.",5,1,16,6,133,"N","S",5,19,41,9,7,15.8609492497345,10.0201588593398
"593",312,"KALISPELL POLE & TIMBER",2,1,16,6,133,"N","S",5,19,41,9,7,16.0593377232838,10.0201588593398
"594",312,"PYRAMID MOUNTAIN LUMBER",3,1,16,6,133,"N","S",5,19,41,9,7,16.0303119758232,10.0201588593398
"595",312,"LEROY FARRA",4,1,16,6,133,"N","S",5,19,41,9,7,15.9139639732005,10.0201588593398
"596",312,"CHAMPION TIMBERLANDS",6,1,16,6,133,"N","S",5,19,41,9,7,15.8420878350867,10.0201588593398
"597",312,"IDAHO POLE",1,1,16,6,133,"N","S",5,19,41,9,7,16.0691333219694,10.0201588593398
"598",313,"PYRAMID MOUNTAIN LUMBER,",1,1,16,6,115,"N","S",5,19,12,26,1,15.8501035197153,10.0908381093515
"599",316,"DIAMOND INTERNATIONAL COR",1,1,16,7,1256,"N","S",6,17,30,46,1,17.1989094826386,10.0294591920981
"600",317,"CLARK FORK LOGGING",2,1,16,7,2690,"N","A",7,17,96,31,2,17.801650935502,10.0296795777739
"601",317,"DIAMOND INTERNATIONAL COR",1,1,16,7,2690,"N","A",7,17,96,31,2,17.8108937161013,10.0296795777739
"602",318,"EVANS PRODUCTS",2,1,16,7,970,"N","S",5,17,0,49,2,15.0395212560267,10.0799167836252
"603",318,"ROBERT KELLY",1,1,16,7,970,"N","S",5,17,0,49,2,15.3007312798902,10.0799167836252
"604",319,"BYA LOGGING",1,1,16,7,450,"Y","S",5,122,0,5,2,14.0020565127447,10.354276506608
"605",319,"ROBERT KELLY",2,1,16,7,450,"Y","S",5,122,0,5,2,13.9510898522061,10.354276506608
"606",320,"2J LOGGING",2,1,16,7,575,"Y","S",5,19,0,15,2,14.9672796536013,10.0889707726677
"607",320,"ROBERT R. KELLY",1,1,16,7,575,"Y","S",5,19,0,15,2,15.066262076278,10.0889707726677
"608",321,"MISSOULA WHITE PINE SASH",2,1,16,7,1959,"N","S",6,17,7,29,2,17.7515849948603,10.0848086089965
"609",321,"PLUM CREEK",1,1,16,7,1959,"N","S",6,17,7,29,2,17.753500290783,10.0848086089965
"610",322,"RAY HASKINS",1,1,16,7,680,"Y","S",5,17,0,19,2,14.3232614596132,10.0867669837552
"611",322,"2J LOGGING",2,1,16,7,680,"Y","S",5,17,0,19,2,14.2956810787706,10.0867669837552
"612",323,"DIAMOND INTERNATIONAL",1,1,16,7,1630,"N","S",6,17,8,44,1,16.9586157368948,10.0900086123938
"613",324,"CLARK FORK",2,1,16,7,3997,"N","A",7,17,92,38,4,18.4574754397808,10.1006156166471
"614",324,"EVANS",4,1,16,7,3997,"N","A",7,17,92,38,4,18.2641201459369,10.1006156166471
"615",324,"PLUM CREEK",1,1,16,7,3997,"N","A",7,17,92,38,4,18.4581354756009,10.1006156166471
"616",324,"DIAMOND",3,1,16,7,3997,"N","A",7,17,92,38,4,18.4553333468518,10.1006156166471
"617",326,"PLUM CR. LUMBER CO",2,1,16,7,300,"N","S",5,17,0,30,4,14.9078146584513,9.94020513547129
"618",326,"DIAMOND INT.",4,1,16,7,300,"N","S",5,17,0,30,4,14.5155474498621,9.94020513547129
"619",326,"B.Y.A. LOGGING",1,1,16,7,300,"N","S",5,17,0,30,4,15.2396812193038,9.94020513547129
"620",326,"COURSER & SONS LOGGING",3,1,16,7,300,"N","S",5,17,0,30,4,14.8146707676607,9.94020513547129
"621",327,"COTE-MCCOY CORP.",1,1,16,7,2702,"N","D",7,19,63,33,1,16.9278794324917,10.0927019655873
"622",328,"JOHN MUSTER",4,1,16,8,53,"Y","S",5,17,0,22,4,12.5317727851695,9.93991590914968
"623",328,"DOTY BROTHERS",1,1,16,8,53,"Y","S",5,17,0,22,4,13.2708471735914,9.93991590914968
"624",328,"ELVIN ELDRIDGE",3,1,16,8,53,"Y","S",5,17,0,22,4,12.5335762121686,9.93991590914968
"625",328,"MARTIN DYKSTRA",2,1,16,8,53,"Y","S",5,17,0,22,4,12.7703916417362,9.93991590914968
"626",331,"DOTY BROTHERS",1,1,16,8,466,"Y","S",5,19,0,18,1,12.5415729814374,10.0929915868061
"627",332,"CLARK FORK LOGGING",1,1,16,8,915,"N","A",6,17,13,34,3,16.4089726143066,10.0860590780853
"628",332,"CHAMPION TIMBERLANDS",2,1,16,8,915,"N","A",6,17,13,34,3,16.4088230815961,10.0860590780853
"629",332,"MISSOULA WHITE PINE SASH",3,1,16,8,915,"N","A",6,17,13,34,3,16.3590791204009,10.0860590780853
"630",333,"CLARK FORK LOGGING",1,1,16,8,1217,"N","A",7,19,98,38,1,16.706890696163,10.0906307996093
"631",334,"LOUISIANA-PACIFIC CORP.",1,1,16,8,517,"N","A",7,17,73,22,2,17.4927075369289,10.0838071066594
"632",334,"FLODIN-BRYCE LOGGING CORP",2,1,16,8,517,"N","A",7,17,73,22,2,17.4690052920865,10.0838071066594
"633",335,"ELVIN ELDRIDGE",1,1,16,8,27,"N","S",5,17,0,17,1,14.7818542753608,9.89631186878703
"634",336,"MARTIN DYKSTRA",1,1,16,8,154,"N","S",5,73,0,20,1,12.7698454951846,10.1214577450763
"635",337,"ELVIN ELDRIDGE",1,1,16,8,27,"N","S",5,17,0,19,1,14.5209898840688,9.89515291574607
"636",338,"F. A. BRAUN",1,1,16,8,48,"N","S",5,17,0,22,1,14.0256596457514,9.89303309463227
"637",339,"DOTY BROTHERS",1,1,16,8,385,"Y","S",5,19,0,21,1,12.7072024160608,10.0287095172895
"638",340,"WICKES FOREST INDUSTRIES",1,1,17,1,86,"Y","S",5,17,0,19,1,13.935513350359,10.1038945768765
"639",342,"WICKES FOREST IND.",2,1,17,1,2700,"N","A",8,17,122,46,2,18.2934381070154,10.1030758442288
"640",342,"SALMON RIVER LUMBER",1,1,17,1,2700,"N","A",8,17,122,46,2,18.2938797938575,10.1030758442288
"641",343,"WICKES FOREST INDUSTRIES",1,1,17,1,550,"Y","S",5,122,0,31,1,15.3797000269252,10.3483656630011
"642",344,"WICKES FOREST INDUSTRIES",1,1,17,4,450,"N","S",7,17,16,22,2,17.4995206760806,9.91110843966749
"643",344,"CLEARWATER FOREST INDUSTR",2,1,17,4,450,"N","S",7,17,16,22,2,17.1779887326979,9.91110843966749
"644",345,"CLEARWATER FOREST IND.",2,1,17,4,1171,"N","S",7,17,0,15,3,18.1006297378691,10.009917496152
"645",345,"WICKES FOREST INDUSTRIES",1,1,17,4,1171,"N","S",7,17,0,15,3,18.2523958111973,10.009917496152
"646",345,"B & G LUMBER",3,1,17,4,1171,"N","S",7,17,0,15,3,18.0312185386159,10.009917496152
"647",346,"WICKES FOREST INDUSTRIES",1,1,17,4,76,"Y","S",5,17,0,23,1,15.2573697026586,9.98792060851096
"648",347,"CLEARWATER FOREST IND., I",1,1,17,4,60,"Y","S",5,17,0,25,2,14.7578977945597,9.98792060851096
"649",347,"WICKES FOREST INDUSTRIES",2,1,17,4,60,"Y","S",5,17,0,25,2,14.7557912165785,9.98792060851096
"650",348,"CLEARWATER FOREST INDUSTR",2,1,17,4,415,"N","A",6,17,0,29,2,17.1327202412552,10.0931156845125
"651",348,"WICKES FOREST INDUSTRIES",1,1,17,4,415,"N","A",6,17,0,29,2,17.1469612126332,10.0931156845125
"652",349,"HERMAN KINGMA",3,1,17,4,75,"Y","S",5,17,0,14,3,13.384632252707,10.0938599475198
"653",349,"WICKES FOREST INDUSTRIES",1,1,17,4,75,"Y","S",5,17,0,14,3,13.632788921149,10.0938599475198
"654",349,"WAYNE CLAAR",2,1,17,4,75,"Y","S",5,17,0,14,3,13.5155251084161,10.0938599475198
"655",350,"WICKES FOREST INDUSTRIES",1,1,17,4,19,"Y","S",5,17,0,32,1,13.1056240534,10.0930743203215
"656",351,"WICKES FOREST INDUSTRIES",1,1,17,4,42,"Y","S",5,17,0,32,1,13.8793300706772,10.0930743203215
"657",352,"SHEARER LUMBER PRODUCTS,I",1,1,17,5,60,"Y","S",5,17,0,28,1,12.3987569893597,9.94998938618755
"658",353,"SHEARER LUMBER PROD. INC.",1,1,17,5,800,"N","A",7,17,87,24,2,17.4712612651603,10.0978611903542
"659",353,"CLEARWATER FOREST IND.",2,1,17,5,800,"N","A",7,17,87,24,2,17.436254629985,10.0978611903542
"660",354,"CLEARWATER FOREST INDUSTR",2,1,17,7,790,"N","A",8,17,141,49,2,18.9810071364914,10.0052766984382
"661",354,"WICKES FOREST INDUSTRIES",1,1,17,7,790,"N","A",8,17,141,49,2,18.9810157017945,10.0052766984382
"662",356,"SHEARER LUMBER PROD. INC.",2,1,17,8,250,"N","S",5,17,0,13,2,14.0561395441528,10.0239780308708
"663",356,"WICKES FOREST INDUSTRIES",1,1,17,8,250,"N","S",5,17,0,13,2,14.0782747424531,10.0239780308708
"664",357,"CLEARWATER FOREST INDUSTR",2,1,17,8,1600,"N","A",7,17,51,6,2,17.0948773486585,10.0906722649961
"665",357,"SHEARER LUMBER PRODUCTS",1,1,17,8,1600,"N","A",7,17,51,6,2,17.0956037701052,10.0906722649961
"666",358,"WICKES FOREST INDUSTRIES",1,1,17,8,100,"N","S",5,17,0,13,1,13.9873608148909,9.99044476139203
"667",359,"FLOYD JOHNSON",3,1,17,8,400,"Y","S",5,17,0,15,3,14.3344204160722,9.99026140131817
"668",359,"WICKES FOREST INDUSTRIES",1,1,17,8,400,"Y","S",5,17,0,15,3,14.4951164679576,9.99026140131817
"669",359,"SHEARER LUMBER PRODUCTS",2,1,17,8,400,"Y","S",5,17,0,15,3,14.3927164433222,9.99026140131817
"670",360,"EDWARD HINES LUMBER CO.",1,2,1,8,3250,"N","S",6,93,5,53,1,15.8557498863197,10.1105017219205
"671",361,"WYOMING SAWMILLS, INC.",1,2,2,1,3875,"N","S",6,1,117,64,2,16.2810644792365,9.85592413560452
"672",361,"COWBOY TIMBER, INC.",2,2,2,1,3875,"N","S",6,1,117,64,2,16.2800444179443,9.85592413560452
"673",363,"WYOMING SAWMILLS, INC.",2,2,2,3,1530,"N","S",6,1,106,79,2,16.9940642633539,9.81361754810709
"674",363,"SILLER BROTHERS",1,2,2,3,1530,"N","S",6,1,106,79,2,17.0096837701921,9.81361754810709
"675",365,"WYOMING SAWMILLS, INC.",1,2,2,4,275,"N","S",5,108,30,62,1,15.303870637855,10.1301847820496
"676",366,"COWBOY TIMBER TREATING, I",2,2,2,5,459,"N","S",6,1,30,79,2,15.9651775445336,9.83370865792821
"677",366,"WYOMING SAWMILLS, INC.",1,2,2,5,459,"N","S",6,1,30,79,2,15.9667493684637,9.83370865792821
"678",367,"WYOMING SAWMILLS, INC.",1,2,2,6,352,"N","S",5,1,11,59,1,13.9413323075187,9.80493712880685
"679",368,"LITTLE RIVER LUMBER CO.",1,2,3,1,2200,"N","A",7,122,0,28,1,17.2795520573229,10.2125518863579
"680",369,"CAMBRIA FOREST IND.",1,2,3,1,1400,"N","S",7,122,0,34,2,17.0150893876828,10.2125518863579
"681",369,"LITTLE RIVER LMBR. CO.",2,2,3,1,1400,"N","S",7,122,0,34,2,16.9716075924601,10.2125518863579
"682",370,"HOMESTAKE FOREST PROD. CO",1,2,3,1,210,"Y","S",5,122,0,43,1,14.4963827076486,10.243062114822
"683",371,"HOMESTAKE FOREST PROD. CO",1,2,3,1,230,"Y","S",5,122,0,43,2,13.8135636639955,10.243062114822
"684",371,"GARHART & POOL, INC.",2,2,3,1,230,"Y","S",5,122,0,43,2,12.559472231335,10.243062114822
"685",372,"CUSTER LUMBER CO.",1,2,3,3,405,"N","S",5,122,0,7,1,15.6669059250882,10.243062114822
"686",373,"CUSTER LUMBER CO.",1,2,3,3,3600,"N","S",7,122,44,12,1,17.6238516381131,10.0794137022412
"687",375,"R. E. LINDE",1,2,3,3,1505,"N","A",6,122,52,17,4,16.6998530652922,10.1111112921923
"688",375,"CAMBRIA FOREST",3,2,3,3,1505,"N","A",6,122,52,17,4,16.4879888475991,10.1111112921923
"689",375,"HOMESTAKE",4,2,3,3,1505,"N","A",6,122,52,17,4,16.4879888475991,10.1111112921923
"690",375,"CUSTER LUMBER",2,2,3,3,1505,"N","A",6,122,52,17,4,16.6990702776337,10.1111112921923
"691",377,"CAMBRIA FOREST IND.",1,2,3,4,2080,"N","S",7,122,0,27,2,16.9507917077182,10.0794137022412
"692",377,"EDWARD HINES LUMBER",2,2,3,4,2080,"N","S",7,122,0,27,2,16.9505698967394,10.0794137022412
"693",382,"HOMESTAKE FOREST PROD. CO",1,2,3,4,130,"N","S",5,122,0,29,1,13.7909821818863,10.0794137022412
"694",383,"HOMESTAKE FOREST PROD. CO",1,2,3,4,110,"N","S",5,122,0,26,1,13.26409208009,10.0794137022412
"695",386,"CAMBRIA FOR. PROD.",1,2,3,4,90,"N","S",5,122,0,24,1,13.2196261950245,10.1749259072536
"696",387,"CAMBRIA FOR PROD.",1,2,3,4,157,"N","S",5,122,0,22,1,14.7304067178748,10.1749259072536
"697",388,"CUSTER LUMBER",1,2,3,4,78,"N","D",5,122,0,12,1,12.933051041959,10.1111112921923
"698",389,"CUSTER LUMBER",1,2,3,4,111,"N","D",5,122,0,15,1,12.9317402577919,10.1111112921923
"699",391,"ED. HINES LMBR.",1,2,3,6,2902,"N","A",7,122,65,44,1,16.5571595449132,10.0794137022412
"700",392,"HOMESTAKE FOREST",1,2,3,6,3270,"N","A",7,122,40,16,1,16.501219712709,10.1111112921923
"701",393,"JOHN HOBART",1,2,3,6,128,"N","S",5,122,0,16,1,14.0044501670598,10.1749259072536
"702",394,"DICKSON FOREST PRODUCTS",1,2,3,8,135,"Y","S",5,122,0,35,1,14.6514542025128,10.1749259072536
"703",397,"ST. REGIS - WHEELER DIV.",1,2,3,8,1352,"N","A",7,122,7,27,1,15.9110222798216,10.2125518863579
"704",399,"HOMESTAKE FOREST PRODUCTS",1,2,3,8,2029,"N","A",7,122,12,32,1,15.5581673141846,10.0794137022412
"705",400,"GABEL, DON",1,2,3,8,324,"Y","S",5,122,0,22,1,13.2001574048443,10.1749259072536
"706",402,"ST. REGIS-WHEELER LBR. DI",1,2,3,9,175,"N","S",5,122,0,24,1,15.081172828723,10.2125518863579
"707",403,"HOMESTAKE",2,2,3,9,230,"N","S",5,122,0,30,2,14.7186933549968,10.0794137022412
"708",403,"LITTLE RIVER",1,2,3,9,230,"N","S",5,122,0,30,2,14.818488214199,10.0794137022412
"709",404,"HOMESTAKE FOREST",2,2,3,9,2424,"N","A",6,122,23,13,2,16.8235115125237,10.1111112921923
"710",404,"DICKSON FOREST",1,2,3,9,2424,"N","A",6,122,23,13,2,16.8243860793844,10.1111112921923
"711",405,"HAMM:S FOREST PRODUCTS",1,2,3,9,215,"N","A",5,122,0,4,3,14.4535572057937,10.1111112921923
"712",405,"HOMESTAKE FOREST PRODUCTS",2,2,3,9,215,"N","A",5,122,0,4,3,14.442970824903,10.1111112921923
"713",405,"ED HINES LUMBER CO.",3,2,3,9,215,"N","A",5,122,0,4,3,14.442970824903,10.1111112921923
"714",406,"LITTLE RIVER LUMBER CO",1,2,3,9,170,"N","A",5,122,0,32,1,15.276167680205,10.1111112921923
"715",407,"LITTLE RIVER",2,2,3,11,1564,"N","A",7,122,29,28,4,17.203901283357,10.0794137022412
"716",407,"WHEELER, ST. REGIS",3,2,3,11,1564,"N","A",7,122,29,28,4,16.986564949292,10.0794137022412
"717",407,"HOMESTAKE",1,2,3,11,1564,"N","A",7,122,29,28,4,17.2048883628211,10.0794137022412
"718",407,"DICKSON",4,2,3,11,1564,"N","A",7,122,29,28,4,16.946630001123,10.0794137022412
"719",408,"LITTLE RIVER",2,2,3,11,1102,"N","A",7,122,0,28,3,17.0482892880015,10.0794137022412
"720",408,"WHEELER, ST. REGIS",3,2,3,11,1102,"N","A",7,122,0,28,3,16.8229243362921,10.0794137022412
"721",408,"HOMESTAKE",1,2,3,11,1102,"N","A",7,122,0,28,3,17.0492749953262,10.0794137022412
"722",409,"LITTLE RIVERS",1,2,3,11,1016,"N","A",6,122,32,35,2,15.8332096658085,10.0794137022412
"723",409,"HOMESTAKE",2,2,3,11,1016,"N","A",6,122,32,35,2,15.8311799514344,10.0794137022412
"724",410,"RANDY SPECKELS",1,2,3,11,60,"N","S",5,122,0,17,1,12.7838370325466,10.1111112921923
"725",411,"CONTINENTAL SALES",3,2,4,2,2180,"N","S",5,93,23,42,3,15.0043291145185,10.0629242367926
"726",411,"JONES LUMBER",2,2,4,2,2180,"N","S",5,93,23,42,3,15.0249484017213,10.0629242367926
"727",411,"JOHN PRYOR SAWMILL",1,2,4,2,2180,"N","S",5,93,23,42,3,15.5179286651672,10.0629242367926
"728",413,"JOE DUNHAM",2,2,4,5,445,"N","A",7,1,0,94,4,13.9332935936207,9.89247716001608
"729",413,"JOHN PRYOR SAWMILL, INC.",3,2,4,5,445,"N","A",7,1,0,94,4,13.7850513504796,9.89247716001608
"730",413,"CONTINENTAL SALES",1,2,4,5,445,"N","A",7,1,0,94,4,13.9999132809621,9.89247716001608
"731",413,"BENNY J. CONLEY",4,2,4,5,445,"N","A",7,1,0,94,4,13.610943392223,9.89247716001608
"732",414,"CONTINENTAL SALES",2,2,4,5,335,"N","A",6,1,5,32,3,15.1724276003735,9.88211068677654
"733",414,"JOHN PRYOR SAWMILL, INC.",1,2,4,5,335,"N","A",6,1,5,32,3,15.1826730667681,9.88211068677654
"734",414,"B. J. CONLEY",3,2,4,5,335,"N","A",6,1,5,32,3,15.1620760768552,9.88211068677654
"735",416,"JOHN PRYOR SAWMILL, INC",1,2,4,9,30,"Y","S",5,1,0,58,3,14.1490370315112,9.8151480212126
"736",416,"GUNNISON LUMBER COMPANY",2,2,4,9,30,"Y","S",5,1,0,58,3,13.6923808794527,9.8151480212126
"737",416,"CONTINENTAL SALES, INC.",3,2,4,9,30,"Y","S",5,1,0,58,3,13.2246401431892,9.8151480212126
"738",417,"DOUGLAS STUDS",3,2,5,7,620,"N","A",6,1,44,60,3,16.3144844649637,9.836439217783
"739",417,"JOHN PRYOR",2,2,5,7,620,"N","A",6,1,44,60,3,16.3944007503868,9.836439217783
"740",417,"KOLISCH LUMBER-HKP, INC.",1,2,5,7,620,"N","A",6,1,44,60,3,16.3995081103965,9.836439217783
"741",419,"BIGHORN LUMBER COMPANY",1,2,6,2,2200,"N","S",6,1,22,33,1,16.9003337115087,9.74014475433995
"742",420,"EDWARD HINES LUMBER CO.",1,2,6,2,3600,"N","A",6,1,37,33,1,16.9458523927101,9.63926155612069
"743",421,"EDWARD HINES LUMBER CO.",1,2,6,4,1104,"N","A",6,108,32,46,1,15.5886986416069,10.0844331631502
"744",422,"EDWARD HINES LMBR. CO.",1,2,6,4,520,"N","S",4,19,31,27,1,15.0444783681795,10.1331696806899
"745",423,"EDWARD HINES LUMBER CO.",1,2,6,4,2621,"N","S",6,108,86,32,1,16.127540903786,10.1054891800969
"746",424,"EDWARD HINES LUMBER CO.",1,2,6,4,1888,"N","A",6,19,74,25,1,16.3167415706721,10.1054891800969
"747",426,"BIG HORN LUMBER COMPANY",1,2,6,5,2970,"N","A",6,1,94,24,1,16.2700009546715,9.80029135970768
"748",427,"M. M. BRANDT",1,2,6,5,7037,"N","A",6,108,33,5,1,15.7503597596602,10.0050056957265
"749",428,"W. R. CANDA TBR PROD.",2,2,8,9,320,"N","S",5,122,0,27,3,13.8252133334257,10.0320566533308
"750",428,"CAUGHMAN LBR CO.",3,2,8,9,320,"N","S",5,122,0,27,3,13.6900607072469,10.0320566533308
"751",428,"GENE WATTERS",1,2,8,9,320,"N","S",5,122,0,27,3,13.8547312711176,10.0320566533308
"752",430,"KAIBAB INDUSTRIES",1,2,8,10,373,"N","S",5,93,28,53,1,14.8650516429751,10.0760533428814
"753",433,"PLEASANT L&M, INC.",3,2,9,1,1100,"N","S",6,1,59,23,3,16.600676109284,9.89535456930594
"754",433,"DOUGLAS STUDS, INC.",2,2,9,1,1100,"N","S",6,1,59,23,3,16.6404841660888,9.89535456930594
"755",433,"JACKSON LUMBER, INC.",1,2,9,1,1100,"N","S",6,1,59,23,3,16.880209035983,9.89535456930594
"756",434,"WESTERN PINE INDUSTRIES",1,2,9,3,4500,"N","A",6,93,61,22,1,15.5949443775017,10.0766001702448
"757",435,"DOUGLAS STUDS, INC.",1,2,9,4,13080,"N","A",7,1,279,53,1,16.2359675715532,9.90323752128092
"758",436,"DOUGLAS STUDS, INC.",1,2,9,4,2060,"N","A",6,1,29,50,1,15.4808655585567,10.0189122539515
"759",437,"KOLISCH LUMBER-HKP, INC.",1,2,9,5,462,"N","S",5,150,0,7,1,13.0958304725144,10.0305166006647
"760",439,"DOUGLAS STUDS, INC.",1,2,9,5,1877,"N","A",6,1,24,31,1,14.9747474684488,9.93134588066452
"761",440,"PLEASANT L&M, INC.",2,2,9,5,1200,"N","A",6,1,23,20,2,15.9245109018857,9.8395888266859
"762",440,"JACKSON LUMBER, INC.",1,2,9,5,1200,"N","A",6,1,23,20,2,15.9251175139758,9.8395888266859
"763",441,"DOUGLAS STUDS, INC.",1,2,9,5,5800,"N","A",7,1,175,11,1,17.3644811839159,9.8671865728098
"764",444,"COOK LUMBER CO.",1,2,10,5,3900,"N","S",6,1,5,58,1,14.8908480784255,9.92431906211606
"765",445,"CITY OF FORT COLLINS",1,2,10,5,80,"N","D",5,1,0,52,1,15.6183945858618,9.87096436083057
"766",446,"BLACK MTN. SPRUCE, INC.",1,2,11,1,2100,"N","S",7,1,111,41,1,17.1309666648064,9.79823814181703
"767",449,"BLACK MTN. SPRUCE, INC.",1,2,11,3,1191,"N","S",6,93,60,85,1,16.2982231358693,10.120130017508
"768",450,"EDWARD HINES LUMBER CO",1,2,11,4,1985,"N","A",6,1,87,24,1,16.9756978106619,9.72166587078383
"769",452,"EDWARD HINES LUMBER CO.",1,2,11,4,400,"Y","A",5,93,0,31,1,14.141932458732,10.1331696806899
"770",453,"EDW. HINES LUMBER CO.",1,2,11,4,600,"Y","A",5,108,0,28,2,14.6909792953182,10.1331696806899
"771",453,"WEST SIDE",2,2,11,4,600,"Y","A",5,108,0,28,2,14.6826110456477,10.1331696806899
"772",454,"EDWARD HINES LUMBER CO.",1,2,11,4,273,"Y","A",5,93,14,31,1,14.84741308116,10.0349104738965
"773",456,"KAIBAB INDUSTRIES",1,2,11,5,968,"N","A",5,1,0,28,1,13.8309999751604,9.80857229473984
"774",458,"CAUGHMAN LUMBER CO.",1,2,12,3,530,"Y","S",5,1,0,45,2,14.0103698544562,9.81065929022493
"775",458,"VALLEY TIMBER CO.",2,2,12,3,530,"Y","S",5,1,0,45,2,14.0084422938702,9.81065929022493
"776",460,"JONES LUMBER COMPANY",1,2,12,3,220,"Y","S",5,15,0,20,1,12.4537761177048,10.1330901989111
"777",461,"SAN JUAN LUMBER COMPANY",1,2,13,1,143,"N","S",5,1,15,30,1,14.8628295522448,9.78734691740132
"778",462,"SAN JUAN LUMBER COMPANY",1,2,13,1,1214,"N","S",6,1,43,43,1,16.3340131571808,9.90103454637506
"779",464,"OHIO MATCH COMPANY",1,2,13,5,1429,"N","A",7,1,0,37,1,14.3746004933778,9.93788897925346
"780",465,"SAN JUAN LUMBER COMPANY",1,2,13,6,112,"Y","S",5,1,15,22,1,14.7420090133059,9.69726257166061
"781",466,"SAN JUAN LUMBER COMPANY",1,2,13,6,1106,"N","A",6,1,90,8,1,16.6696965481532,9.73648801183996
"782",467,"WESTERN PINE",1,2,13,6,892,"N","A",5,122,34,21,1,14.8521623329096,10.1821036529742
"783",468,"WESTERN PINE IND., INC.",1,2,13,7,1100,"N","S",5,150,0,18,2,15.2577125510225,10.0305166006647
"784",468,"SAN JUAN LUMBER",2,2,13,7,1100,"N","S",5,150,0,18,2,15.2067924605952,10.0305166006647
"785",469,"SAN JUAN LUMBER COMPANY",1,2,13,7,10,"Y","S",5,122,0,23,1,15.5937287566257,10.0305166006647
"786",472,"SAN JUAN LUMBER COMPANY",2,2,13,8,200,"N","S",5,1,0,32,2,13.9682316449819,9.91422964906803
"787",472,"R&R LOGGING",1,2,13,8,200,"N","S",5,1,0,32,2,14.2216754211867,9.91422964906803
"788",473,"GERBER:S ENGINEERING",2,2,13,8,240,"N","A",5,1,0,50,2,15.3647737473623,9.87663009836625
"789",473,"SAN JUAN LUMBER COMPANY",1,2,13,8,240,"N","A",5,1,0,50,2,15.3732761568237,9.87663009836625
"790",474,"CODY LUMBER INC.",1,2,14,1,251,"N","S",5,1,2,72,1,15.3117302749871,9.86801580322788
"791",476,"LOUISIANA-PACIFIC CORP.",1,2,14,5,1400,"N","S",6,1,33,28,1,16.8224300209088,9.75840397534698
"792",478,"INTERMTN LBR & G.REES",1,2,15,2,211,"N","A",5,1,5,30,1,15.5342784572707,9.68489612456914
"793",479,"ARBANEY TIMBER COMPANY",1,2,15,3,2100,"N","A",7,1,120,65,2,17.160137588138,9.83258213902035
"794",479,"KAIBAB INDUSTRIES",2,2,15,3,2100,"N","A",7,1,120,65,2,17.1547438794962,9.83258213902035
"795",480,"KAIBAB INDUSTRIES",1,2,15,4,1000,"N","S",5,1,38,23,1,15.5789240491821,9.82914109040747
"796",481,"REIDHEAD LUMBER MILL",1,3,1,1,7116,"N","A",7,25,143,16,2,17.8085640907038,9.89197149657488
"797",481,"SOUTHWEST FOREST IND.",2,3,1,1,7116,"N","A",7,25,143,16,2,17.8085382697353,9.89197149657488
"798",482,"SOUTHWEST FOREST INDUSTRI",1,3,1,1,1046,"N","A",6,122,42,13,1,17.2087890007654,10.2197570818398
"799",483,"SOUTHWEST FOREST INDUSTRI",1,3,1,1,5011,"N","S",7,25,140,19,1,18.2459063158013,9.99419625266159
"800",484,"REIDHEAD LUMBER MILL",1,3,1,2,1558,"Y","S",5,25,0,41,2,13.5068921758412,9.89197149657488
"801",484,"SOUTHWEST FOREST IND.",2,3,1,2,1558,"Y","S",5,25,0,41,2,13.3368939432203,9.89197149657488
"802",485,"DUKE CITY LUMBER CO. INC.",1,3,1,4,2941,"N","A",8,122,10,54,1,18.8005017002336,10.2069568483882
"803",486,"DUKE CITY LUMBER CO., INC",1,3,1,4,1222,"N","A",7,122,0,50,1,18.2808529994123,10.2143488979353
"804",487,"WESTERN PINE IND., INC.",1,3,1,5,2107,"N","A",7,122,0,21,1,17.5637130813602,10.1458453227741
"805",488,"SOUTHWEST FOREST INDUSTRI",1,3,1,5,2383,"N","A",7,122,12,9,1,18.3346242563652,10.259902462669
"806",489,"SOUTHWEST FOREST INDUSTRI",2,3,1,6,8070,"N","S",7,25,0,20,2,17.909889952913,9.97137981857905
"807",489,"REIDHEAD LUMBER CO., INC.",1,3,1,6,8070,"N","S",7,25,0,20,2,17.9761238623778,9.97137981857905
"808",490,"PARKER LUMBER CO.",2,3,1,6,212,"N","S",5,122,0,4,2,13.7274440790958,10.1328119629254
"809",490,"SOUTHWEST FOREST IND.",1,3,1,6,212,"N","S",5,122,0,4,2,13.8386018891877,10.1328119629254
"810",491,"REIDHEAD LUMBER CO.",3,3,1,6,405,"N","A",5,25,12,18,3,15.8722974090793,9.99419625266159
"811",491,"SOUTHWEST FOREST INDUSTRI",1,3,1,6,405,"N","A",5,25,12,18,3,15.9735784200993,9.99419625266159
"812",491,"PARKER LUMBER CO.",2,3,1,6,405,"N","A",5,25,12,18,3,15.9555061307338,9.99419625266159
"813",492,"SOUTHWEST FOREST INDUSTRI",1,3,1,6,199,"N","A",5,25,0,28,3,16.5153504801112,9.99419625266159
"814",492,"REIDHEAD LUMBER CO.",3,3,1,6,199,"N","A",5,25,0,28,3,16.4153071736262,9.99419625266159
"815",492,"PARKER LUMBER CO.",2,3,1,6,199,"N","A",5,25,0,28,3,16.5148462309611,9.99419625266159
"816",493,"REIDHEAD LUMBER CO., INC.",1,3,1,7,3345,"N","A",7,122,90,16,1,17.5431923685017,10.0996709222676
"817",494,"SOUTHWEST FOREST INDUS.",2,3,1,7,3613,"N","A",7,122,73,15,2,18.2168445992936,10.2159232113291
"818",494,"REIDHEAD LUMBER CO., INC.",1,3,1,7,3613,"N","A",7,122,73,15,2,18.2172319709816,10.2159232113291
"819",495,"PARKER & WILSON",1,3,1,7,460,"Y","S",5,122,0,15,3,14.5519327220055,10.0278268267917
"820",495,"REIDHEAD LUMBER CO.",2,3,1,7,460,"Y","S",5,122,0,15,3,14.4866677206326,10.0278268267917
"821",495,"SOUTHWEST FOREST IND.",3,3,1,7,460,"Y","S",5,122,0,15,3,14.270432274785,10.0278268267917
"822",496,"REIDHEAD LBR. CO.",3,3,1,8,1622,"N","S",5,122,0,11,3,16.5125099228794,10.1430554822645
"823",496,"PARKER & WILSON",2,3,1,8,1622,"N","S",5,122,0,11,3,16.5713504229023,10.1430554822645
"824",496,"SOUTHWEST FOREST IND.",1,3,1,8,1622,"N","S",5,122,0,11,3,16.6831452205548,10.1430554822645
"825",497,"WESTERN PINE INDUSTRIES",1,3,2,1,2632,"N","S",6,122,75,39,1,16.999107331115,10.1816873095984
"826",499,"DUKE CITY LUMBER COMPANY",1,3,2,2,2659,"N","S",6,122,54,41,1,16.8617315523233,10.0725127701627
"827",500,"SAN JUAN LUMBER COMPANY",1,3,2,3,1363,"N","S",5,122,0,65,1,16.789564546275,10.0923708671652
"828",501,"BATES LUMBER CO., INC.",1,3,2,4,10550,"N","S",7,25,150,30,1,18.2502778765519,9.99419625266159
"829",502,"CONLEY LUMBER",1,3,2,4,1544,"N","S",5,122,0,6,2,14.7340132416682,10.0703146883714
"830",502,"DUKE CITY LBR. CO., INC.",2,3,2,4,1544,"N","S",5,122,0,6,2,14.6147891569601,10.0703146883714
"831",503,"BATES LUMBER CO., INC",1,3,2,6,914,"N","A",7,25,27,56,4,17.6845331561866,9.99419625266159
"832",503,"PIONEER LOGGING & MILLING",2,3,2,6,914,"N","A",7,25,27,56,4,17.6839197587277,9.99419625266159
"833",503,"WESTERN PINE INDUSTRIES",4,3,2,6,914,"N","A",7,25,27,56,4,17.3497444181345,9.99419625266159
"834",503,"DUKE CITY LUMBER CO. INC.",3,3,2,6,914,"N","A",7,25,27,56,4,17.5891113731484,9.99419625266159
"835",504,"BATES LUMBER CO., INC.",1,3,3,2,892,"N","S",5,122,0,61,2,16.6730290651,10.1331299405902
"836",504,"BLEVINS LUMBER CO.",2,3,3,2,892,"N","S",5,122,0,61,2,16.4953725105203,10.1331299405902
"837",505,"WHITE SANDS FOR. PROD. IN",1,3,3,3,1790,"N","S",5,122,34,140,1,15.2934816878561,10.07601126685
"838",506,"AUBREY COOK",1,3,3,4,200,"Y","S",5,122,0,106,2,12.9004690454906,10.0756745948495
"839",506,"WHITE SANDS FOR. PROD. IN",2,3,3,4,200,"Y","S",5,122,0,106,2,12.6931177406308,10.0756745948495
"840",507,"WESTERN PINE INDUSTRIES",1,3,4,2,2238,"N","S",7,122,0,15,1,17.750087304862,10.0482802974377
"841",511,"SOUTH WEST FOREST INDUSTR",1,3,4,2,180,"Y","S",5,122,0,11,1,15.4016593724204,10.085267295909
"842",513,"SOUTHWEST FOREST IND. INC",1,3,4,3,4555,"N","S",6,122,0,14,1,16.8116827347467,10.0856841015169
"843",514,"JAMES GABBARD",1,3,4,3,640,"Y","A",5,122,0,17,1,13.1957067716285,10.0705262524656
"844",515,"KAIBAB INDUSTRIES",1,3,4,4,4883,"N","S",7,122,0,58,1,17.8227128255365,10.168732279869
"845",516,"WESTERN PINE, IND.",2,3,4,4,1100,"Y","S",6,122,0,61,2,16.6225007069214,10.0551780657766
"846",516,"KAIBAB INDUSTRIES",1,3,4,4,1100,"Y","S",6,122,0,61,2,16.6234060940362,10.0551780657766
"847",517,"SOUTHWEST FOREST IND. INC",1,3,4,4,2582,"N","S",7,122,0,48,1,18.8704816658806,10.2052943990333
"848",518,"SOUTHWEST FOREST IND, INC",1,3,4,4,5170,"N","S",8,122,0,55,1,19.0077104557711,10.1017644761202
"849",519,"WESTERN PINE IND.",1,3,4,7,960,"Y","S",5,122,0,48,1,14.3599837011425,10.1183972989232
"850",520,"SOUTHWEST FOREST INDUSTRI",1,3,4,7,3264,"N","S",8,122,0,55,1,19.1240277291948,10.2199757168296
"851",521,"WESTERN PINE INDUSTRIES",1,3,4,7,2276,"Y","A",5,122,0,56,1,14.3085468863206,10.0714566031057
"852",523,"RUSSELL LANEY",1,3,6,6,720,"Y","A",5,122,0,103,1,12.3627344555436,10.1611484658759
"853",524,"SW FOREST IND., INC",1,3,6,6,2388,"N","A",6,122,0,107,1,16.6593030392104,10.2066984266055
"854",525,"SW FOR. IND. INC.",1,3,6,6,12077,"N","A",8,122,70,86,1,18.9072735094248,10.2309190445052
"855",526,"REIDHEAD LUMBER CO.",2,3,6,9,2315,"N","A",6,122,0,69,2,17.0169685696053,10.0747481619707
"856",526,"SW FOREST INDUS. INC.",1,3,6,9,2315,"N","A",6,122,0,69,2,17.0182031376634,10.0747481619707
"857",527,"S.W. FOR. IND. INC.",1,3,6,9,7565,"N","A",6,122,25,113,1,17.177603289071,10.1736291870109
"858",528,"SW FOREST INDUS. INC.",2,3,6,9,144,"Y","A",5,122,0,84,2,14.2796721557264,10.2293320860823
"859",528,"H.L. BARNETT CO.",1,3,6,9,144,"Y","A",5,122,0,84,2,14.2812237464178,10.2293320860823
"860",529,"KAIBAB INDUSTRIES INC.",1,3,7,3,650,"Y","D",7,25,0,50,1,16.6244010739926,9.76065590342859
"861",531,"HARDENIA PARKHURST",1,3,8,1,123,"N","S",5,7,0,125,2,13.3688202490591,8.73246584834988
"862",531,"CHAVEZ & OTERO",2,3,8,1,123,"N","S",5,7,0,125,2,13.0302480884965,8.73246584834988
"863",532,"WHITE SANDS FOR.PROD.INC.",2,3,8,2,45,"N","S",5,122,0,7,2,14.2323012884024,10.1696139620222
"864",532,"CHIPPEWAY LBR., INC.",1,3,8,2,45,"N","S",5,122,0,7,2,14.3310759313494,10.1696139620222
"865",533,"CHIPPEWAY LBR., INC.",3,3,8,4,1131,"N","S",5,25,0,32,3,15.3949221588914,9.89540497634277
"866",533,"OTERO MILLS, INC.",2,3,8,4,1131,"N","S",5,25,0,32,3,16.0668023565708,9.89540497634277
"867",533,"WHITE SANDS FOR.PROD.INC.",1,3,8,4,1131,"N","S",5,25,0,32,3,16.2221312893537,9.89540497634277
"868",535,"SPUTHWEST FOREST INDUSTRI",1,3,9,3,550,"N","S",5,122,0,13,1,14.3786469982665,9.19064773863045
"869",536,"BATES LUMBER COMPANY",2,3,10,1,3374,"N","A",7,25,0,68,2,17.8636715558819,9.89197149657488
"870",536,"DUKE CITY LUMBER CO., INC",1,3,10,1,3374,"N","A",7,25,0,68,2,17.8637675507157,9.89197149657488
"871",537,"DUKE CITY LUMBER CO., INC",1,3,10,2,376,"Y","A",7,25,16,28,1,15.7042303598967,9.86084097781466
"872",540,"BATES LBR. CO.",3,3,10,6,700,"N","S",6,25,0,35,3,16.8400003419375,9.89197149657488
"873",540,"CONLEY LBR. CO.",2,3,10,6,700,"N","S",6,25,0,35,3,16.916880408791,9.89197149657488
"874",540,"DUKE CITY LUMBER CO.",1,3,10,6,700,"N","S",6,25,0,35,3,16.9724462961714,9.89197149657488
"875",541,"BATES LUMBER CO.",2,3,10,6,505,"N","S",6,25,0,37,2,17.250658378996,9.99419625266159
"876",541,"DUKE CITY LUMBER CO., INC",1,3,10,6,505,"N","S",6,25,0,37,2,17.3282194987688,9.99419625266159
"877",542,"DUKE CITY LUMBER COMPANY",1,3,10,6,952,"Y","A",5,122,0,40,2,16.0767526874239,10.0292387578417
"878",542,"BATES LUMBER COMPANY",2,3,10,6,952,"Y","A",5,122,0,40,2,16.0668023565708,10.0292387578417
"879",543,"GREAT LAKE TIMBER CO.",1,4,1,1,690,"N","A",5,122,0,56,1,15.5720154916811,10.1732474784789
"880",544,"K&S TRADING CO.",1,4,1,2,180,"Y","A",5,108,0,13,1,13.3434921003143,9.97622673117643
"881",545,"GREAT LAKE TIMBER CO.",1,4,1,2,160,"Y","A",5,108,0,14,1,13.4389608412698,9.97622673117643
"882",546,"WASATCH FOREST PRODUCTS",1,4,1,2,1852,"N","A",7,108,30,33,2,17.1649822710769,10.1332491561519
"883",546,"GREAT LAKE TIMBER CO.",2,4,1,2,1852,"N","A",7,108,30,33,2,17.1640052314291,10.1332491561519
"884",547,"GREAT LAKE TIMBER COMPANY",1,4,1,2,923,"N","A",6,108,0,34,1,16.5248599147981,10.1055300339423
"885",548,"K & S TRADING CO.",1,4,1,3,415,"N","S",5,122,0,43,1,15.2162993652346,10.2340854259647
"886",549,"ERICKSON AIR-CRANE",1,4,2,1,1812,"N","S",7,122,7,64,2,16.7310490707701,10.4252827894907
"887",549,"COLUMBIA HELICOPTER",2,4,2,1,1812,"N","S",7,122,7,64,2,14.9595342934864,10.4252827894907
"888",550,"PRODUCERS LUMBER CO.",2,4,2,2,1200,"N","S",6,122,0,58,2,14.0247588152805,10.2732909400902
"889",550,"COLUMBIA HELICOPTER, INC.",1,4,2,2,1200,"N","S",6,122,0,58,2,15.6079216481746,10.2732909400902
"890",551,"PRODUCERS LUMBER CO.",1,4,2,2,1100,"N","A",6,19,3,100,1,15.3144449744829,10.141874333263
"891",552,"COLUMBIA HELICOPTERS, INC",2,4,2,3,1255,"N","S",7,122,0,60,2,15.2925889622775,10.3830082504737
"892",552,"PRODUCERS LUMBER CO.",1,4,2,3,1255,"N","S",7,122,0,60,2,15.8304935753067,10.3830082504737
"893",553,"ROGER B. JACKSON",1,4,2,3,20,"N","S",5,122,0,54,3,13.0602751850909,10.3975738522978
"894",553,"BOB CONDRAY",2,4,2,3,20,"N","S",5,122,0,54,3,12.6955173171003,10.3975738522978
"895",553,"PRODUCERS LUMBER CO",3,4,2,3,20,"N","S",5,122,0,54,3,12.5535554711,10.3975738522978
"896",554,"PRODUCERS LUMBER CO.",1,4,2,3,20,"N","S",5,93,0,41,2,13.8313317404056,10.1748877924136
"897",554,"ROGER B. JACKSON",2,4,2,3,20,"N","S",5,93,0,41,2,13.7603011846866,10.1748877924136
"898",555,"PRODUCERS LUMBER CO.",2,4,2,3,20,"Y","S",5,93,0,59,2,12.9617109402196,10.2241570089396
"899",555,"ROGER B. JACKSON",1,4,2,3,20,"Y","S",5,93,0,59,2,12.9752104891543,10.2241570089396
"900",556,"PRODUCERS LUMBER CO.",1,4,2,3,5,"Y","S",5,122,0,34,3,12.6555929158345,10.4412666458624
"901",556,"ROBERT R. CONDRAY",3,4,2,3,5,"Y","S",5,122,0,34,3,12.3822000581608,10.4412666458624
"902",556,"ROGER B. JACKSON",2,4,2,3,5,"Y","S",5,122,0,34,3,12.3909326444188,10.4412666458624
"903",558,"BOISE CASCADE CORPORATION",1,4,2,4,1920,"N","S",6,15,4,25,1,14.6103113922507,10.0612602364087
"904",559,"BOISE CASCADE CORPORATION",1,4,2,4,6160,"N","S",7,19,32,41,1,14.6106613761663,10.0612602364087
"905",560,"BOISE CASCADE CORP.",1,4,2,4,7540,"N","S",6,19,34,45,1,14.384922775236,10.0705685599138
"906",561,"BOISE CASCADE CORPORATION",1,4,2,4,2768,"N","S",7,15,23,33,1,16.4482038226661,10.0705685599138
"907",562,"BOISE CASCADE CORPORATION",1,4,2,4,2224,"N","S",7,15,0,16,1,16.1091578273467,10.141874333263
"908",564,"BOISE CASCADE CORPORATION",1,4,2,5,2640,"N","S",6,19,0,65,1,14.8137019627328,10.0612602364087
"909",565,"BOISE CASCADE CORP.",1,4,2,5,1480,"N","A",5,122,0,57,1,15.9452444682726,10.5008669486067
"910",566,"BOISE CASCADE CORP.",1,4,2,5,8320,"N","S",7,108,132,81,1,16.8982967492697,10.2241570089396
"911",567,"BOISE CASCADE CORP.",1,4,2,5,964,"Y","A",7,122,0,61,1,15.636375652331,10.2372776239374
"912",568,"COLUMBIA HELICOPTERS, INC",1,4,2,6,2900,"N","A",7,122,0,36,3,17.5377580789762,10.4342922586174
"913",568,"BOISE CASCADE CORP.",2,4,2,6,2900,"N","A",7,122,0,36,3,17.5296572400334,10.4342922586174
"914",568,"ERICKSON AIR-CRANE",3,4,2,6,2900,"N","A",7,122,0,36,3,16.8259183671256,10.4342922586174
"915",570,"BOISE CASCADE CORP.",1,4,2,6,150,"Y","S",5,122,0,44,1,13.7231156246965,10.4107568600993
"916",571,"BOISE CASCADE CORP.",1,4,2,6,650,"Y","S",5,15,0,42,1,14.7351580496111,10.141874333263
"917",572,"BOISE CASCADE CORP.",1,4,2,6,118,"Y","S",5,122,0,32,1,13.6660878503078,10.4412666458624
"918",573,"BOISE CASCADE CORP.",2,4,2,6,60,"Y","S",5,15,0,46,2,13.451710289083,10.1418349375926
"919",573,"JERRY L ROBINSON",1,4,2,6,60,"Y","S",5,15,0,46,2,13.6178836698613,10.1418349375926
"920",574,"BOISE CASCADE CORP.",1,4,2,6,65,"Y","S",5,122,0,31,1,13.8279627071535,10.44123744324
"921",575,"BOISE CASCADE CORP.",1,4,2,6,178,"Y","S",5,122,0,35,1,14.9357316848843,10.4259353761299
"922",576,"BOISE CASCADE CORP.",1,4,2,6,45,"Y","S",5,122,0,48,2,13.8071920549555,10.4283048349289
"923",576,"TERRY L. ROBINSON",2,4,2,6,45,"Y","S",5,122,0,48,2,13.8071920549555,10.4283048349289
"924",577,"STAR STUDS COMPANY",1,4,3,1,3200,"N","A",6,108,73,55,1,16.517721208699,10.1785781844731
"925",578,"STAR STUDS COMPANY",1,4,3,1,2295,"N","A",6,108,0,51,1,16.7035431933563,10.1006156166471
"926",579,"STAR STUDS CO.",1,4,3,2,1200,"N","S",5,93,0,62,1,15.2056111661266,10.1109487764482
"927",580,"STAR STUDS COMPANY",1,4,3,2,1300,"N","A",6,108,41,69,1,16.6901614999592,10.1785781844731
"928",581,"STAR STUDS COMPANY",1,4,3,2,2345,"N","A",6,108,48,88,1,16.8939102454808,10.1785781844731
"929",582,"STAR STUDS COMPANY",1,4,3,3,2500,"N","A",6,93,0,44,1,16.4429175711408,10.1655825499853
"930",584,"STAR STUDS CO.",1,4,3,4,650,"N","S",5,108,0,21,1,15.2049499682282,10.0865171919138
"931",585,"STAR STUDS COMPANY",1,4,3,4,415,"N","A",5,93,0,94,1,15.0963682894186,10.1655825499853
"932",587,"STAR STUDS COMPANY",1,4,3,5,1810,"N","A",6,93,12,36,1,16.539700476943,10.1655825499853
"933",588,"LOUISIANA-PACIFIC CORP",1,4,3,5,4550,"N","A",7,108,100,46,1,17.5529189992868,10.1006156166471
"934",589,"SOUTH & JONES TBR CO, INC",1,4,5,3,3525,"N","S",6,108,0,70,3,17.1055589251102,10.1301449231501
"935",589,"STAR STUDS COMPANY",3,4,5,3,3525,"N","S",6,108,0,70,3,16.9145577062787,10.1301449231501
"936",589,"JENSEN LUMBER COMPANY",2,4,5,3,3525,"N","S",6,108,0,70,3,16.9786367738079,10.1301449231501
"937",590,"JENSEN LUMBER COMPANY, IN",1,4,5,3,8,"N","A",5,108,0,72,1,13.173562067317,10.1006156166471
"938",591,"JENSEN LUMBER CO., INC.",1,4,5,3,970,"N","A",5,108,0,62,1,13.6627276090332,10.1006156166471
"939",592,"BOISE CASCADE CORPORATION",1,4,6,3,551,"N","S",6,204,0,117,1,14.6823168847395,10.1721779188063
"940",593,"CHAMPION TIMBERLANDS",1,4,6,3,162,"N","S",5,19,0,43,2,13.6764783492687,10.0705685599138
"941",593,"EARL CRANE",2,4,6,3,162,"N","S",5,19,0,43,2,13.6743593510078,10.0705685599138
"942",594,"CECIL PERKINS",6,4,6,4,587,"N","S",5,108,0,75,6,13.3741612443655,10.1748877924136
"943",594,"CHAMPION INTERNATIONAL CO",5,4,6,4,587,"N","S",5,108,0,75,6,13.9337770323009,10.1748877924136
"944",594,"EDWARD HINES LUMBER CO.",4,4,6,4,587,"N","S",5,108,0,75,6,14.1383618782253,10.1748877924136
"945",594,"EARL CRANE",3,4,6,4,587,"N","S",5,108,0,75,6,14.2854891868975,10.1748877924136
"946",594,"REXBURG LUMBER CO.",1,4,6,4,587,"N","S",5,108,0,75,6,14.9857474520676,10.1748877924136
"947",594,"TETHEROW LUMBER CO.",2,4,6,4,587,"N","S",5,108,0,75,6,14.3574626865226,10.1748877924136
"948",595,"EARL C. CRANE",1,4,6,4,562,"N","S",5,108,0,78,1,14.2049255492937,10.2241570089396
"949",596,"KAIBAB INDUSTRIES",1,4,7,2,1211,"Y","S",6,122,60,34,1,17.1519048145954,10.1820658107384
"950",597,"HARDING BROS LOG & SAW",1,4,7,3,150,"N","S",5,122,0,11,1,13.6704385420702,10.102748163387
"951",598,"KAIBAB INDUSTRIES, INC.",1,4,7,3,2685,"N","S",7,15,110,39,1,17.1810091877466,10.0634356803532
"952",600,"KAIBAB INDUSTRIES",1,4,7,3,2140,"N","S",5,122,0,20,1,14.7513513362191,10.1955973083151
"953",601,"STEED ENTERPRISES",1,4,7,4,2092,"N","S",7,122,190,25,1,17.6189086587431,10.0703993193803
"954",603,"STEED LOGGING COMPANY",1,4,7,4,430,"N","S",6,122,7,38,1,15.6025388528164,10.038499099192
"955",604,"KAIBAB INDUSTRIES, INC.",1,4,7,5,45,"N","S",5,122,0,34,2,13.740271792859,10.0703993193803
"956",604,"DEWEY WOOLSEY",2,4,7,5,45,"N","S",5,122,0,34,2,13.7245908260232,10.0703993193803
"957",605,"DEWEY WOOLSEY",1,4,7,5,44,"N","S",5,93,0,21,2,14.2209756660724,10.0766001702448
"958",605,"CHARLES TORGERSON",2,4,7,5,44,"N","S",5,93,0,21,2,14.1519827945855,10.0766001702448
"959",606,"CHARLES TORGERSON",1,4,7,5,50,"N","S",5,93,0,21,1,13.6557243617356,10.0766001702448
"960",607,"JENSEN, RODNEY",1,4,8,2,147,"N","A",5,93,0,41,2,14.713229904253,10.0766001702448
"961",607,"WOOLSEY, DEWEY",2,4,8,2,147,"N","A",5,93,0,41,2,14.6078693885952,10.0766001702448
"962",608,"KAIBAB INDUSTRIES, INC.",1,4,8,3,350,"N","A",5,93,17,52,1,15.5014501467834,10.0629242367926
"963",609,"FISHLAKE LUMBER CO.",1,4,8,3,130,"N","A",5,93,0,28,2,13.2093939208769,10.0766001702448
"964",609,"KAIBAB INDUSTRIES,INC.",2,4,8,3,130,"N","A",5,93,0,28,2,13.2082290983807,10.0766001702448
"965",610,"FISHLAKE LUMBER COMPANY",1,4,8,3,8,"N","S",5,93,0,25,1,12.5659335090333,10.1258307836796
"966",612,"PRESTWICH & SONS",2,4,10,3,100,"Y","S",5,93,0,18,3,14.1510659458367,10.1331696806899
"967",612,"LEE MCELPRANG",1,4,10,3,100,"Y","S",5,93,0,18,3,14.2727455135572,10.1331696806899
"968",612,"R. WARD COX SAWMILL",3,4,10,3,100,"Y","S",5,93,0,18,3,14.0000546431113,10.1331696806899
"969",613,"PRESTWICH AND SONS",1,4,10,3,300,"Y","A",6,19,0,18,1,15.3215950502871,10.1055300339423
"970",615,"JOE WARNER",5,4,12,1,100,"N","S",5,122,0,21,6,14.5456885556045,10.2647569259016
"971",615,"GOERGE GREEN",6,4,12,1,100,"N","S",5,122,0,21,6,14.5448618871876,10.2647569259016
"972",615,"TOM MAHON",4,4,12,1,100,"N","S",5,122,0,21,6,14.5581790639016,10.2647569259016
"973",615,"BOISE CASCADE CORP.",2,4,12,1,100,"N","S",5,122,0,21,6,14.5742113692637,10.2647569259016
"974",615,"GLEN STOUT",1,4,12,1,100,"N","S",5,122,0,21,6,14.6707931694958,10.2647569259016
"975",615,"CLIFFORD JOHNSON",3,4,12,1,100,"N","S",5,122,0,21,6,14.5731806345397,10.2647569259016
"976",616,"CLIFFORD JOHNSON",2,4,12,1,12,"N","S",5,122,0,20,5,13.2483579393396,10.2825060106293
"977",616,"JOE WARNER",5,4,12,1,12,"N","S",5,122,0,20,5,13.1759761796524,10.2825060106293
"978",616,"TOM MAHON",4,4,12,1,12,"N","S",5,122,0,20,5,13.1930790307168,10.2825060106293
"979",616,"BOISE CASCADE CORP.",3,4,12,1,12,"N","S",5,122,0,20,5,13.2411024004036,10.2825060106293
"980",616,"GLEN STOUT",1,4,12,1,12,"N","S",5,122,0,20,5,13.3055811990995,10.2825060106293
"981",617,"TOM MAHON",3,4,12,1,24,"N","S",5,122,0,18,4,13.2351919376696,10.3160606721037
"982",617,"JOE WARNER",4,4,12,1,24,"N","S",5,122,0,18,4,13.1700481689697,10.3160606721037
"983",617,"GLEN STOUT",2,4,12,1,24,"N","S",5,122,0,18,4,13.2481057643289,10.3160606721037
"984",617,"CLIFFORD JOHNSON",1,4,12,1,24,"N","S",5,122,0,18,4,13.3146682678072,10.3160606721037
"985",619,"EVERGREEN FOREST PROD INC",1,4,12,1,3800,"N","S",7,17,69,15,2,17.8173864793835,10.0705685599138
"986",619,"BOISE CASCADE CORPORATION",2,4,12,1,3800,"N","S",7,17,69,15,2,17.6819663908012,10.0705685599138
"987",620,"BOISE CASCADE CORP.",1,4,12,1,8060,"N","A",7,17,91,37,2,17.5880753158973,10.0705685599138
"988",620,"EVERGREEN FOR. PROD INC",2,4,12,1,8060,"N","A",7,17,91,37,2,17.5871608335246,10.0705685599138
"989",621,"GLEN STOUT",1,4,12,1,1358,"N","S",6,17,38,11,2,17.1635196227473,10.0705685599138
"990",621,"BOISE CASCADE CORPORATION",2,4,12,1,1358,"N","S",6,17,38,11,2,17.033186983841,10.0705685599138
"991",622,"BOISE CASCADE CORP.",1,4,12,1,37,"N","S",5,122,0,19,1,14.098280586055,10.4100942893005
"992",623,"CLIFFORD JOHNSON",3,4,12,1,10,"N","S",5,122,0,28,3,14.4163450617157,10.3434184975256
"993",623,"MAHON LOGGING",1,4,12,1,10,"N","S",5,122,0,28,3,14.5913891361217,10.3434184975256
"994",623,"BOISE CASCADE CORPORATION",2,4,12,1,10,"N","S",5,122,0,28,3,14.5527416073435,10.3434184975256
"995",624,"EVERGREEN FOREST PROD INC",2,4,12,2,941,"N","S",7,17,25,27,2,17.9363233911343,10.0705685599138
"996",624,"BOISE CASCADE CORP.",1,4,12,2,941,"N","S",7,17,25,27,2,18.0139147901112,10.0705685599138
"997",625,"JERRY L. ROBINSON",1,4,12,2,210,"N","S",5,122,0,32,1,14.6187221733865,10.416790106177
"998",626,"EVERGREEN FOR PROD., INC.",2,4,12,3,774,"N","S",5,17,0,18,2,15.3486678936938,10.0612602364087
"999",626,"BOISE CASCADE CORP.",1,4,12,3,774,"N","S",5,17,0,18,2,15.7575968338981,10.0612602364087
"1000",628,"BOISE CASCADE CORP.",1,4,12,3,2050,"N","S",7,19,96,41,1,15.6716272819021,10.0705685599138
"1001",629,"EVERGREEN FOR PROD. INC",1,4,12,3,2775,"N","A",7,17,140,13,2,17.2893297031571,10.141874333263
"1002",629,"BOISE CASCADE CORPORATION",2,4,12,3,2775,"N","A",7,17,140,13,2,17.2880548559522,10.141874333263
"1003",630,"BRUNDAGE WTR USERS ASSOC",1,4,12,4,113,"N","D",5,19,0,24,1,15.2317354968688,10.3477245551448
"1004",631,"H. W. JOE MOORE",1,4,13,1,335,"N","S",5,108,0,26,3,15.4076429906324,10.1685405069275
"1005",631,"DEL CONNER LUMBER CO.",2,4,13,1,335,"N","S",5,108,0,26,3,15.1705593200004,10.1685405069275
"1006",631,"F.R.DEPT. HOERNER WAL",3,4,13,1,335,"N","S",5,108,0,26,3,15.0315141018491,10.1685405069275
"1007",632,"SCOTT PREMIUM ENT. INC.",2,4,13,1,1034,"N","S",5,108,0,48,2,14.5406407843773,10.1748877924136
"1008",632,"CHAMPION TIMBERLANDS",1,4,13,1,1034,"N","S",5,108,0,48,2,14.5574479026937,10.1748877924136
"1009",633,"CHAMPION TIMBERLANDS",1,4,13,1,2356,"N","S",7,108,86,49,2,15.3699284509156,10.2241570089396
"1010",633,"COLUMBIA HELICOPTERS, INC",2,4,13,1,2356,"N","S",7,108,86,49,2,15.3504014172473,10.2241570089396
"1011",634,"FRD, HOERNER WALDORF C",2,4,13,2,2400,"N","S",5,122,7,25,2,15.8860774612763,10.3119149354394
"1012",634,"DEL CONNER LUMBER, INC.",1,4,13,2,2400,"N","S",5,122,7,25,2,15.9949614483122,10.3119149354394
"1013",635,"CHAMPION TIMBERLANDS",1,4,13,2,6965,"N","S",6,108,51,39,1,16.273518492673,10.1748877924136
"1014",636,"SCOTT ENTERPRISES, INC.",1,4,13,2,49,"N","S",5,122,0,5,1,13.8456614179148,10.3346853825399
"1015",637,"CHAMPION TIMBERLANDS",1,4,13,2,10195,"N","S",7,108,111,35,2,16.6156266515543,10.2241570089396
"1016",637,"COLUMBIA HELICOPTERS",2,4,13,2,10195,"N","S",7,108,111,35,2,16.5917274404635,10.2241570089396
"1017",638,"COLUMBIA HELICOPTERS,INC.",1,4,13,2,5743,"N","A",6,122,11,8,2,16.0629000154904,10.4765271227082
"1018",638,"CHAMPION TIMBERLANDS",2,4,13,2,5743,"N","A",6,122,11,8,2,16.0180775060578,10.4765271227082
"1019",639,"CHAMPION TIMBERLANDS",1,4,13,4,2041,"N","S",5,108,4,41,1,14.8818365414675,10.1748877924136
"1020",640,"CHAMPION TIMBERLANDS",1,4,13,5,8299,"N","S",7,108,89,16,1,16.5328078724231,10.1748877924136
"1021",641,"WASATCH FOREST PRODUCTS",3,4,14,2,20164,"Y","A",8,108,10,113,3,16.2259890561415,10.0797910370045
"1022",641,"SPRING CREEK FOREST PROD.",2,4,14,2,20164,"Y","A",8,108,10,113,3,17.4398141569104,10.0797910370045
"1023",641,"WICKES FOREST PRODUCTS",1,4,14,2,20164,"Y","A",8,108,10,113,3,17.4427510165837,10.0797910370045
"1024",642,"WENDELL MILL & LUMBER CO.",1,4,14,5,2550,"N","A",6,122,0,60,2,15.7184404327073,10.4512331679011
"1025",642,"SAWTOOTH LUMBER CO.",2,4,14,5,2550,"N","A",6,122,0,60,2,15.716036535865,10.4512331679011
"1026",644,"EDWARD HINES LUMBER CO.",1,4,15,1,5896,"N","S",7,204,73,81,2,18.0668127995588,10.1882904842371
"1027",644,"REXBURG LUMBER CO.",2,4,15,1,5896,"N","S",7,204,73,81,2,17.9949794942943,10.1882904842371
"1028",645,"EDWARD HINES LUMBER CO.",2,4,15,2,1900,"N","A",7,108,40,60,2,15.2931298957775,10.1785781844731
"1029",645,"GARLAND CALL POLE CO.",1,4,15,2,1900,"N","A",7,108,40,60,2,15.295031110711,10.1785781844731
"1030",646,"GARLAND CALL POLE CO.",1,4,15,2,8,"N","A",5,108,0,48,1,12.2973976222235,9.98644907325047
"1031",647,"GARLAND CALL POLE CO.",1,4,15,3,15,"Y","S",5,108,0,39,1,13.4152434169873,10.1301449231501
"1032",649,"STODDARD LUMBER CO.",1,4,15,3,42,"N","A",5,204,0,49,1,14.2261621927597,10.253475186175
"1033",650,"STODDARD LUMBER CO.",1,4,15,3,60,"N","A",5,204,0,49,1,14.2921173383436,10.253475186175
"1034",652,"EDWARD HINES LUMBER CO.",1,4,15,3,3193,"Y","S",7,108,0,40,1,13.5770909190975,10.0983962248356
"1035",653,"TARGHEE FOREST PRODUCTS",1,4,15,3,4229,"Y","D",7,108,0,36,1,13.37723812688,10.0424665798176
"1036",654,"TARGHEE FOREST PRODUCTS",1,4,15,5,1770,"Y","S",6,108,41,46,1,12.3648739231157,10.1338847325616
"1037",655,"K & S TRADING",2,4,18,1,273,"N","A",5,93,0,25,2,15.0094330264367,10.128030124764
"1038",655,"BLAZZARD LUMBER COMPANY",1,4,18,1,273,"N","A",5,93,0,25,2,15.0135910365854,10.128030124764
"1039",656,"JACK ANDERSON",1,4,18,1,612,"N","S",5,93,10,23,4,15.4928848373142,10.1332491561519
"1040",656,"K&S TRADING",2,4,18,1,612,"N","S",5,93,10,23,4,15.4761357591675,10.1332491561519
"1041",656,"BLAZZARD LUMBER COMPANY",4,4,18,1,612,"N","S",5,93,10,23,4,15.4239549770472,10.1332491561519
"1042",656,"LEE WAGSTAFF",3,4,18,1,612,"N","S",5,93,10,23,4,15.4591013638184,10.1332491561519
"1043",659,"BLAZZARD LUMBER COMPANY",1,4,18,1,226,"Y","S",5,93,0,22,1,13.8578657764957,9.84384369960861
"1044",660,"JACK ANDERSON",1,4,18,3,170,"N","S",5,15,0,33,2,13.2717828828557,10.191856888768
"1045",660,"DEAN CLOWARD",2,4,18,3,170,"N","S",5,15,0,33,2,13.2485377735753,10.191856888768
"1046",661,"WASATCH FOREST PROD. INC.",2,4,19,3,655,"N","S",5,93,0,28,3,14.8228478478568,10.120130017508
"1047",661,"BLAZZARD LUMBER CO.",3,4,19,3,655,"N","S",5,93,0,28,3,14.6988730574373,10.120130017508
"1048",661,"UNION TIMBER CO.",1,4,19,3,655,"N","S",5,93,0,28,3,14.8255422390442,10.120130017508
"1049",662,"KAMAS VALLEY LUMBER CO.",1,4,19,4,70,"N","S",5,108,0,34,1,14.0736381681651,10.1055300339423
"1050",663,"WASATCH FOREST PROD INC.",1,4,19,5,3260,"N","A",5,108,26,19,5,15.8421774454268,10.0844748863169
"1051",663,"KAMAS VALLEY LUMBER CO.",5,4,19,5,3260,"N","A",5,108,26,19,5,15.4906987570515,10.0844748863169
"1052",663,"AYRES & BAKER POLE & POST",4,4,19,5,3260,"N","A",5,108,26,19,5,15.6765161999291,10.0844748863169
"1053",663,"BLAZZARD LUMBER CO.",3,4,19,5,3260,"N","A",5,108,26,19,5,15.7598523349096,10.0844748863169
"1054",663,"EAGLES NEST, INC.",2,4,19,5,3260,"N","A",5,108,26,19,5,15.8403797508184,10.0844748863169
"1055",664,"MOBILE LUMBER CO.",2,5,3,3,25,"Y","S",5,15,0,35,2,14.0317511385035,9.91348738711446
"1056",664,"FARNSWORTH LUMBER CO.",1,5,3,3,25,"Y","S",5,15,0,35,2,14.1862806962756,9.91348738711446
"1057",665,"KIRKWOOD MEADOWS, INC.",1,5,3,51,2,"N","D",5,25,0,37,1,12.6200084425062,9.83777500917075
"1058",666,"AMERICAN FOREST PROD.CORP",1,5,3,51,29,"N","S",5,81,0,32,1,14.4526951388252,10.1540906167465
"1059",667,"AMERICAN FOREST PROD. COR",2,5,3,51,4794,"N","A",8,25,283,46,5,20.6975834599508,9.91566312846626
"1060",667,"SNIDER LUMBER PROD.",4,5,3,51,4794,"N","A",8,25,283,46,5,20.3820994540396,9.91566312846626
"1061",667,"BRUNSWICK TIMBER PROD.",3,5,3,51,4794,"N","A",8,25,283,46,5,20.4418396356638,9.91566312846626
"1062",667,"WETSEL-OVIATT LUMBER CO.",1,5,3,51,4794,"N","A",8,25,283,46,5,20.6981517107817,9.91566312846626
"1063",667,"SIERRA TIMBER PROD.",5,5,3,51,4794,"N","A",8,25,283,46,5,20.2673921009126,9.91566312846626
"1064",668,"SILLER BROS.",2,5,3,53,244,"N","S",5,15,0,32,2,16.1345397033743,9.84198441994208
"1065",668,"DON MYRICK",1,5,3,53,244,"N","S",5,15,0,32,2,16.2491502288079,9.84198441994208
"1066",669,"LOUISIANA-PACIFIC",6,5,3,53,1090,"N","A",8,25,63,55,6,19.2747781492359,9.95199196159574
"1067",669,"DIAMOND INTERNATIONAL",3,5,3,53,1090,"N","A",8,25,63,55,6,20.1082397651246,9.95199196159574
"1068",669,"AMERICAN FOREST PROD. COR",1,5,3,53,1090,"N","A",8,25,63,55,6,20.1321946238167,9.95199196159574
"1069",669,"WETSEL-OVIATT LBR. CO.",2,5,3,53,1090,"N","A",8,25,63,55,6,20.1314981984737,9.95199196159574
"1070",669,"ERICKSON LUMBER CO.",5,5,3,53,1090,"N","A",8,25,63,55,6,19.2747781492359,9.95199196159574
"1071",669,"BRUNSWICK TIMBER PROD.",4,5,3,53,1090,"N","A",8,25,63,55,6,19.3118251403195,9.95199196159574
"1072",670,"AMERICAN FOR. PROD. CORP.",1,5,3,53,2560,"Y","A",5,117,0,55,1,13.3042598438602,10.4656144706577
"1073",671,"SNIDER LUMBER PROD.",9,5,3,55,131,"N","S",7,25,2,41,9,17.609468237896,9.85754832059468
"1074",671,"ERICKSON LUMBER CO.",6,5,3,55,131,"N","S",7,25,2,41,9,17.9589128675998,9.85754832059468
"1075",671,"DIAMOND INTERNATIONAL",8,5,3,55,131,"N","S",7,25,2,41,9,17.7835735742751,9.85754832059468
"1076",671,"WETSEL-OVIATT LBR.",3,5,3,55,131,"N","S",7,25,2,41,9,18.0765756107517,9.85754832059468
"1077",671,"AMERICAN FOREST PROD. COR",1,5,3,55,131,"N","S",7,25,2,41,9,18.1463604704032,9.85754832059468
"1078",671,"BRUNSWICK TIMBER PROD.",2,5,3,55,131,"N","S",7,25,2,41,9,18.1336251418937,9.85754832059468
"1079",671,"SILLER BROS., INC.",4,5,3,55,131,"N","S",7,25,2,41,9,18.0734182210141,9.85754832059468
"1080",671,"LAUSMAN LUMBER CO.",7,5,3,55,131,"N","S",7,25,2,41,9,17.9182291267848,9.85754832059468
"1081",671,"MARK WIENERT",5,5,3,55,131,"N","S",7,25,2,41,9,17.9768749353662,9.85754832059468
"1082",672,"ERICKSON LUMBER CO.",4,5,3,55,1900,"Y","S",5,25,0,50,5,15.1646325067298,9.82951803233595
"1083",672,"SIERRA TIMBER PRODUCTS",1,5,3,55,1900,"Y","S",5,25,0,50,5,16.0805017737895,9.82951803233595
"1084",672,"SCOTT BIGELOW",2,5,3,55,1900,"Y","S",5,25,0,50,5,15.6484183684557,9.82951803233595
"1085",672,"DAVID ELAM LOGGING",5,5,3,55,1900,"Y","S",5,25,0,50,5,14.9955615025935,9.82951803233595
"1086",672,"AMERICAN FOREST PROD. COR",3,5,3,55,1900,"Y","S",5,25,0,50,5,15.6174332066787,9.82951803233595
"1087",673,"EDWARD HAGEN",1,5,3,55,25,"Y","S",5,15,0,38,1,13.439879942247,9.92338821424246
"1088",674,"SILLER BROS.",2,5,3,55,962,"N","A",7,25,5,21,5,18.6905090064293,9.90932050772857
"1089",674,"SNIDER LBR. PRD.",3,5,3,55,962,"N","A",7,25,5,21,5,18.681489568581,9.90932050772857
"1090",674,"WETSEL-OVIATT LBR. CO.",1,5,3,55,962,"N","A",7,25,5,21,5,18.6913167797185,9.90932050772857
"1091",674,"SIERRA TIMBER PRODUCTS",5,5,3,55,962,"N","A",7,25,5,21,5,18.6492650673864,9.90932050772857
"1092",674,"ERICKSON LBR. CO.",4,5,3,55,962,"N","A",7,25,5,21,5,18.6678060210905,9.90932050772857
"1093",675,"VERN HUNTER",1,5,3,55,2,"N","D",5,15,0,46,1,13.4808766306167,9.94506126444606
"1094",676,"SCOTT BIGELOW",2,5,3,55,300,"Y","S",5,25,0,29,2,14.2490245911589,9.94506126444606
"1095",676,"KEN MCCORMICK",1,5,3,55,300,"Y","S",5,25,0,29,2,14.2838966296689,9.94506126444606
"1096",677,"ERICKSON LUMBER CO.",2,5,3,56,1073,"N","S",8,25,3,34,4,18.9156585315166,9.83964212448737
"1097",677,"SILLER BROS.",1,5,3,56,1073,"N","S",8,25,3,34,4,19.2014957942967,9.83964212448737
"1098",677,"CROMAN CORP.",3,5,3,56,1073,"N","S",8,25,3,34,4,18.8019466660486,9.83964212448737
"1099",677,"WETSEL-OVIATT LUMBER CO.",4,5,3,56,1073,"N","S",8,25,3,34,4,18.7624097822061,9.83964212448737
"1100",678,"SIERRA TIMBER PROD., INC.",2,5,3,56,555,"N","A",7,25,32,36,6,19.0681623960802,9.8453816311291
"1101",678,"AMERICAN FOREST PROD. COR",6,5,3,56,555,"N","A",7,25,32,36,6,18.2799456382073,9.8453816311291
"1102",678,"SNIDER LUMBER PRODUCTS",4,5,3,56,555,"N","A",7,25,32,36,6,18.9832556351344,9.8453816311291
"1103",678,"SILLER BROS.",5,5,3,56,555,"N","A",7,25,32,36,6,18.7643315103079,9.8453816311291
"1104",678,"WETSEL-OVIATT LBR. CO.",3,5,3,56,555,"N","A",7,25,32,36,6,18.9900126627582,9.8453816311291
"1105",678,"ERICKSON LUMBER CO.",1,5,3,56,555,"N","A",7,25,32,36,6,19.0692713087173,9.8453816311291
"1106",679,"AMERICAN FOREST PROD. COR",2,5,3,56,280,"Y","S",5,25,0,35,3,14.3716838558959,9.84834475303892
"1107",679,"RUDISILL & FULK",3,5,3,56,280,"Y","S",5,25,0,35,3,14.0982119976312,9.84834475303892
"1108",679,"SNIDER LUMBER PROD. CO",1,5,3,56,280,"Y","S",5,25,0,35,3,14.4951615736252,9.84834475303892
"1109",680,"SNIDER LUMBER PRODUCTS CO",2,5,3,56,30,"Y","S",5,25,0,35,4,13.8760918847258,9.84834475303892
"1110",680,"RUDISILL & FULK",4,5,3,56,30,"Y","S",5,25,0,35,4,13.7354744336024,9.84834475303892
"1111",680,"AMERICAN FOREST PRO. CORP",3,5,3,56,30,"Y","S",5,25,0,35,4,13.7566391483727,9.84834475303892
"1112",680,"SCOTT BIGELOW",1,5,3,56,30,"Y","S",5,25,0,35,4,13.9023302499168,9.84834475303892
"1113",681,"AMERICAN FOREST PROD. COR",3,5,3,56,20,"Y","S",5,25,0,35,3,13.1295872224936,9.84834475303892
"1114",681,"RUDISILL & FULK",1,5,3,56,20,"Y","S",5,25,0,35,3,13.4379840081723,9.84834475303892
"1115",681,"SCOTT BIGELOW",2,5,3,56,20,"Y","S",5,25,0,35,3,13.1325612023808,9.84834475303892
"1116",682,"SCOTT BIGELOW",2,5,3,56,100,"Y","S",5,25,0,35,2,13.7056119830964,9.84834475303892
"1117",682,"AMERICAN FOREST PRODUCTS",1,5,3,56,100,"Y","S",5,25,0,35,2,14.58677043107,9.84834475303892
"1118",683,"SCOTT BIGELOW",1,5,3,56,27,"Y","S",5,1,0,7,1,14.3571782379191,0
"1119",684,"AMERICAN FOREST PRODUCTS",1,5,3,56,6500,"Y","S",5,25,0,35,2,14.3294114482472,9.85161514312542
"1120",684,"SCOTT BIGELOW",2,5,3,56,6500,"Y","S",5,25,0,35,2,13.9906396441767,9.85161514312542
"1121",685,"SIERRA TIMBER PRODUCTS",3,5,3,56,862,"N","A",8,25,98,21,5,19.4520467777674,9.95982062587629
"1122",685,"WETSEL-OVIATT LBR. CO.",1,5,3,56,862,"N","A",8,25,98,21,5,19.4859067964228,9.95982062587629
"1123",685,"SNIDER LUMBER PRODUCTS",2,5,3,56,862,"N","A",8,25,98,21,5,19.4747470292455,9.95982062587629
"1124",685,"SCHMIDBAUER LUMBER INC.",4,5,3,56,862,"N","A",8,25,98,21,5,18.8070894262867,9.95982062587629
"1125",685,"SILLER BROS.",5,5,3,56,862,"N","A",8,25,98,21,5,18.8070894262867,9.95982062587629
"1126",686,"MOUNTAIN FIR LBR. CO.",3,5,5,51,804,"N","S",7,15,2,59,6,17.9410869557838,9.8253097714721
"1127",686,"HI-RIDGE LBR. CO.",6,5,5,51,804,"N","S",7,15,2,59,6,17.1429767170065,9.8253097714721
"1128",686,"DOUBLE DEE LBR. CO.",2,5,5,51,804,"N","S",7,15,2,59,6,18.1703612491324,9.8253097714721
"1129",686,"CROMAN CORP.",1,5,5,51,804,"N","S",7,15,2,59,6,18.1920074316527,9.8253097714721
"1130",686,"PINE MOUNTAIN LBR.",4,5,5,51,804,"N","S",7,15,2,59,6,17.9050060490879,9.8253097714721
"1131",686,"FOURPLY INC.",5,5,5,51,804,"N","S",7,15,2,59,6,17.7070026389522,9.8253097714721
"1132",687,"BOISE CASCADE",6,5,5,51,1077,"N","S",8,15,52,58,8,19.2151566383694,9.82037764581312
"1133",687,"SWF PLYWOOD CO.",4,5,5,51,1077,"N","S",8,15,52,58,8,19.4210845100089,9.82037764581312
"1134",687,"FOURPLY, INC.",5,5,5,51,1077,"N","S",8,15,52,58,8,19.3641731721783,9.82037764581312
"1135",687,"INTERNATIONAL PAPER CO.",2,5,5,51,1077,"N","S",8,15,52,58,8,19.4819897706488,9.82037764581312
"1136",687,"HI-RIDGE LBR. CO.",3,5,5,51,1077,"N","S",8,15,52,58,8,19.4544416447674,9.82037764581312
"1137",687,"MCGREW BROS. SAWMILL",1,5,5,51,1077,"N","S",8,15,52,58,8,19.4975489338877,9.82037764581312
"1138",687,"MOUNTAIN FIR",7,5,5,51,1077,"N","S",8,15,52,58,8,19.1657565870108,9.82037764581312
"1139",687,"MEDFORD RESOURCES CORP.",8,5,5,51,1077,"N","S",8,15,52,58,8,19.0771965640899,9.82037764581312
"1140",688,"CROMAN CORPORATION",2,5,5,51,933,"Y","A",7,15,0,52,2,18.2474876358045,9.78773994399181
"1141",688,"SWF PLYWOOD COMPANY",1,5,5,51,933,"Y","A",7,15,0,52,2,18.2820010357505,9.78773994399181
"1142",689,"CROMAN CORPORATION",1,5,5,51,518,"Y","A",6,81,0,48,1,16.7260982564237,10.1113956312076
"1143",690,"SOUTHERN PACIFIC LAND CO.",1,5,5,51,6,"N","S",5,15,0,48,1,14.7452701757854,9.8535617437664
"1144",691,"CRATER LOG SALVAGE",3,5,5,51,2920,"N","S",5,1,0,46,3,15.6085259049143,0
"1145",691,"VANCE L. PIERCE",2,5,5,51,2920,"N","S",5,1,0,46,3,15.613686066985,0
"1146",691,"H & B LOGGING CO.",1,5,5,51,2920,"N","S",5,1,0,46,3,15.9727946965402,0
"1147",692,"PINE MOUNTAIN LUMBER CO.",7,5,5,51,1825,"N","A",7,1,115,31,7,17.8956628851655,0
"1148",692,"RESERVATION RANCH",2,5,5,51,1825,"N","A",7,1,115,31,7,19.1018630803892,0
"1149",692,"TIMBER PRODUCTS",1,5,5,51,1825,"N","A",7,1,115,31,7,19.1039078327019,0
"1150",692,"HI-RIDGE LUMBER CO.",6,5,5,51,1825,"N","A",7,1,115,31,7,17.8971661209354,0
"1151",692,"MOUNTAIN FIR LUMBER CO.",4,5,5,51,1825,"N","A",7,1,115,31,7,18.8218284789365,0
"1152",692,"BOISE CASCADE CORP.",5,5,5,51,1825,"N","A",7,1,115,31,7,18.6801675648547,0
"1153",692,"SWF PLYWOOD COMPANY",3,5,5,51,1825,"N","A",7,1,115,31,7,19.055787127369,0
"1154",693,"CROSS & KAUFMAN",2,5,5,51,287,"N","S",6,15,0,45,4,17.1473485724167,9.83386948565526
"1155",693,"MOUNTAIN FIR LBR.",3,5,5,51,287,"N","S",6,15,0,45,4,17.0848737725661,9.83386948565526
"1156",693,"HI-RIDGE LBR. CO.",1,5,5,51,287,"N","S",6,15,0,45,4,17.216872592737,9.83386948565526
"1157",693,"ROBERT M. LILES",4,5,5,51,287,"N","S",6,15,0,45,4,17.0725330578748,9.83386948565526
"1158",694,"TAYLOR WESTBROOK",1,5,5,51,2508,"N","S",5,15,0,50,3,15.0701426357289,9.86250929580757
"1159",694,"PINE MOUNTAIN LBR. CO.",3,5,5,51,2508,"N","S",5,15,0,50,3,14.899120877714,9.86250929580757
"1160",694,"VANCE L. PIERCE",2,5,5,51,2508,"N","S",5,15,0,50,3,14.9619055193257,9.86250929580757
"1161",695,"ALLEN L. BONNETT",1,5,5,51,3800,"N","S",6,15,0,42,1,16.3971362431382,9.86250929580757
"1162",696,"SWF PLYWOOD",3,5,5,52,4700,"Y","S",6,2,3,14,3,16.1040230953995,0
"1163",696,"TAYLOR WESTBROOK",2,5,5,52,4700,"Y","S",6,2,3,14,3,16.1607153885697,0
"1164",696,"DALE FOSTER",1,5,5,52,4700,"Y","S",6,2,3,14,3,16.2100374368153,0
"1165",697,"CROMAN CORPORATION",1,5,5,52,3830,"Y","A",7,117,0,11,4,16.2292111747434,10.4371406359415
"1166",697,"BROOKINGS PLYWOOD CORP.",4,5,5,52,3830,"Y","A",7,117,0,11,4,15.7465738936522,10.4371406359415
"1167",697,"SWF PLYWOOD COMPANY",2,5,5,52,3830,"Y","A",7,117,0,11,4,16.2191384587165,10.4371406359415
"1168",697,"ERICKSON AIR CRANE CO.",3,5,5,52,3830,"Y","A",7,117,0,11,4,16.1986834408168,10.4371406359415
"1169",698,"BROOKINGS PLYWOOD",3,5,5,52,3713,"N","A",7,1,0,16,5,18.6472185283346,9.98354564470671
"1170",698,"MOUNTAIN FIR LBR.",2,5,5,52,3713,"N","A",7,1,0,16,5,18.8872478501109,9.98354564470671
"1171",698,"SILLER BROS. INC.",4,5,5,52,3713,"N","A",7,1,0,16,5,17.9073787231113,9.98354564470671
"1172",698,"CROSS & KAUFMAN",5,5,5,52,3713,"N","A",7,1,0,16,5,17.9073787231113,9.98354564470671
"1173",698,"ROUGH & READY LBR. CO.",1,5,5,52,3713,"N","A",7,1,0,16,5,18.8881671451362,9.98354564470671
"1174",699,"CROMAN CORP.",3,5,5,54,1415,"N","S",7,15,46,54,4,18.1325808508924,9.8079123376131
"1175",699,"BROOKINGS PLY.",4,5,5,54,1415,"N","S",7,15,46,54,4,18.0651370170891,9.8079123376131
"1176",699,"HI-RIDGE LBR. CO.",1,5,5,54,1415,"N","S",7,15,46,54,4,18.7560693221993,9.8079123376131
"1177",699,"FOURPLY INC.",2,5,5,54,1415,"N","S",7,15,46,54,4,18.5829817196999,9.8079123376131
"1178",700,"FOURPLY, INC.",4,5,5,54,1820,"N","S",7,15,32,70,4,17.7675032267817,9.81011050303083
"1179",700,"SCHMIDBAUER LBR. CO.",1,5,5,54,1820,"N","S",7,15,32,70,4,18.4173863233029,9.81011050303083
"1180",700,"HI-RIDGE LBR. CO.",3,5,5,54,1820,"N","S",7,15,32,70,4,17.7808244412809,9.81011050303083
"1181",700,"CROMAN CORP.",2,5,5,54,1820,"N","S",7,15,32,70,4,18.0292614302123,9.81011050303083
"1182",701,"PINE MOUNTAIN",3,5,5,54,2230,"Y","S",5,1,0,83,3,15.5931356052254,9.90832582917638
"1183",701,"VANCE L. PIERCE",1,5,5,54,2230,"Y","S",5,1,0,83,3,15.8996659718703,9.90832582917638
"1184",701,"CROMAN CORP.",2,5,5,54,2230,"Y","S",5,1,0,83,3,15.7854455008498,9.90832582917638
"1185",702,"BOB SMILEY",2,5,5,55,1100,"N","S",5,15,0,51,2,14.8206001350212,9.78058518543479
"1186",702,"H & B LOGGING CO.",1,5,5,55,1100,"N","S",5,15,0,51,2,15.050362942406,9.78058518543479
"1187",703,"H & B LOGGING CO.",2,5,5,55,440,"N","S",5,15,0,47,2,15.0298643924583,9.80162092613256
"1188",703,"PINE MOUNTAIN LBR. CO.",1,5,5,55,440,"N","S",5,15,0,47,2,15.5123747446396,9.80162092613256
"1189",704,"BOB SMILEY",1,5,5,55,890,"N","S",5,15,0,40,3,15.2996448509113,9.79439786994842
"1190",704,"JOHN R. WOOD TRUCKING,INC",2,5,5,55,890,"N","S",5,15,0,40,3,15.1011015973991,9.79439786994842
"1191",704,"ALLEN BONNETT",3,5,5,55,890,"N","S",5,15,0,40,3,14.8783643995793,9.79439786994842
"1192",705,"INTERNATIONAL PAPER CO.",5,5,5,55,1614,"N","A",7,15,17,50,9,18.1035104014383,9.90872381933137
"1193",705,"CROMAN CORPORATION",8,5,5,55,1614,"N","A",7,15,17,50,9,17.6707515492934,9.90872381933137
"1194",705,"HI-RIDGE LUMBER CO.",6,5,5,55,1614,"N","A",7,15,17,50,9,17.6712967012638,9.90872381933137
"1195",705,"PINE MOUNTAIN LUMBER CO.",4,5,5,55,1614,"N","A",7,15,17,50,9,18.3381538783118,9.90872381933137
"1196",705,"TIMBER PRODUCTS CO.",9,5,5,55,1614,"N","A",7,15,17,50,9,17.6707515492934,9.90872381933137
"1197",705,"CAL-PACIFIC MFG. CO.",2,5,5,55,1614,"N","A",7,15,17,50,9,18.6098130548167,9.90872381933137
"1198",705,"MEDFORD RESOURCES CORP.",7,5,5,55,1614,"N","A",7,15,17,50,9,17.6707515492934,9.90872381933137
"1199",705,"SWF PLYWOOD COMPANY",3,5,5,55,1614,"N","A",7,15,17,50,9,18.5471959430546,9.90872381933137
"1200",705,"BOISE CASCADE CORPORATION",1,5,5,55,1614,"N","A",7,15,17,50,9,18.6108037898384,9.90872381933137
"1201",706,"CAL-PACIFIC",2,5,5,55,276,"N","A",5,15,0,43,3,16.6923348508484,9.89912806375868
"1202",706,"INTERNATIONAL PAPER CO.",1,5,5,55,276,"N","A",5,15,0,43,3,16.7116097715166,9.89912806375868
"1203",706,"BOISE CASCADE CORP.",3,5,5,55,276,"N","A",5,15,0,43,3,15.9567795272114,9.89912806375868
"1204",707,"PINE MOUNTAIN LBR.",2,5,5,55,245,"N","S",5,25,0,35,5,13.722006146778,9.83953552604361
"1205",707,"TAYLOR WESTBROOK",4,5,5,55,245,"N","S",5,25,0,35,5,13.6382553455465,9.83953552604361
"1206",707,"CRATER LOG SALVAGE",1,5,5,55,245,"N","S",5,25,0,35,5,14.0479024115891,9.83953552604361
"1207",707,"BOB SMILEY",3,5,5,55,245,"N","S",5,25,0,35,5,13.7072636584834,9.83953552604361
"1208",707,"ALLEN L. BONNETT",5,5,5,55,245,"N","S",5,25,0,35,5,13.2431747120203,9.83953552604361
"1209",708,"TIMBER PRODUCTS",2,5,5,55,975,"N","A",6,15,26,9,4,17.1231566786836,9.9134378833893
"1210",708,"HI RIDGE LUMBER CO.",4,5,5,55,975,"N","A",6,15,26,9,4,17.0060815540375,9.9134378833893
"1211",708,"BOISE CASCADE CORP.",1,5,5,55,975,"N","A",6,15,26,9,4,17.1317577097402,9.9134378833893
"1212",708,"SWF PLYWOOD",3,5,5,55,975,"N","A",6,15,26,9,4,17.0137239780335,9.9134378833893
"1213",709,"PAUL BUNYAN LBR. CO.",5,5,5,55,3294,"N","S",7,15,56,57,6,18.2114398512588,9.81613066131788
"1214",709,"CROMAN CORP.",4,5,5,55,3294,"N","S",7,15,56,57,6,18.3595968354299,9.81613066131788
"1215",709,"HI-RIDGE LBR. CO.",1,5,5,55,3294,"N","S",7,15,56,57,6,18.6112853183125,9.81613066131788
"1216",709,"FOURPLY INC.",6,5,5,55,3294,"N","S",7,15,56,57,6,18.1404039843629,9.81613066131788
"1217",709,"DOUBLE DEE LBR. CO.",2,5,5,55,3294,"N","S",7,15,56,57,6,18.4521278592954,9.81613066131788
"1218",709,"PINE MTN. LBR. CO.",3,5,5,55,3294,"N","S",7,15,56,57,6,18.4122034127024,9.81613066131788
"1219",710,"LAKESIDE CORP.",2,5,5,57,860,"N","S",6,1,0,36,3,16.1095696073264,9.85413973290579
"1220",710,"LOVENESS LOGGING, INC.",3,5,5,57,860,"N","S",6,1,0,36,3,16.0015667785104,9.85413973290579
"1221",710,"ALPINE VENEER, INC.",1,5,5,57,860,"N","S",6,1,0,36,3,16.3985348067014,9.85413973290579
"1222",711,"KOGAP MFG. CO.",7,5,5,57,2225,"N","S",8,25,1,37,11,18.8115639172031,9.83107813701799
"1223",711,"FOURPLY INC.",5,5,5,57,2225,"N","S",8,25,1,37,11,18.8845259489714,9.83107813701799
"1224",711,"EUGENE F. BURRILL CO.",2,5,5,57,2225,"N","S",8,25,1,37,11,18.9917641834461,9.83107813701799
"1225",711,"DANIEL G. BROWN",10,5,5,57,2225,"N","S",8,25,1,37,11,18.5509011362599,9.83107813701799
"1226",711,"ROBERT M. LILES",1,5,5,57,2225,"N","S",8,25,1,37,11,19.0020243636116,9.83107813701799
"1227",711,"NEWMAN & CREBBIN",4,5,5,57,2225,"N","S",8,25,1,37,11,18.9605653168988,9.83107813701799
"1228",711,"LAKESIDE CORP.",8,5,5,57,2225,"N","S",8,25,1,37,11,18.7965798537931,9.83107813701799
"1229",711,"PINE MOUNTAIN LBR.",9,5,5,57,2225,"N","S",8,25,1,37,11,18.6986613590794,9.83107813701799
"1230",711,"MODOC LUMBER",6,5,5,57,2225,"N","S",8,25,1,37,11,18.8155396715183,9.83107813701799
"1231",711,"ALPINE VENEER INC.",3,5,5,57,2225,"N","S",8,25,1,37,11,18.9610228389669,9.83107813701799
"1232",711,"LOVENESS LOGGING CO.",11,5,5,57,2225,"N","S",8,25,1,37,11,17.8914311021716,9.83107813701799
"1233",712,"ROGUE RIVER LOGS",3,5,5,57,1523,"N","S",6,15,23,48,5,16.755040190194,9.81405506520458
"1234",712,"ALPINE VENEER'S INC.",1,5,5,57,1523,"N","S",6,15,23,48,5,17.0289526467915,9.81405506520458
"1235",712,"LAKESIDE CORP.",4,5,5,57,1523,"N","S",6,15,23,48,5,16.6583233268171,9.81405506520458
"1236",712,"LOVENESS LOGGING",5,5,5,57,1523,"N","S",6,15,23,48,5,16.6320531253563,9.81405506520458
"1237",712,"TIMBER ASSOCIATES",2,5,5,57,1523,"N","S",6,15,23,48,5,16.8194527378198,9.81405506520458
"1238",713,"SO. OREGON LAND & TIMBER",1,5,5,57,1360,"Y","S",5,25,0,48,2,16.4831414612308,9.77593823158915
"1239",713,"PINE MTN. LBR. CO.",2,5,5,57,1360,"Y","S",5,25,0,48,2,15.8129418325945,9.77593823158915
"1240",714,"TIMBER ASSOCIATES",1,5,5,57,3830,"N","S",7,25,20,66,10,18.8576428395319,9.81170115690542
"1241",714,"FOURPLY, INC.",5,5,5,57,3830,"N","S",7,25,20,66,10,18.3235914825204,9.81170115690542
"1242",714,"LAKESIDE CORP.",7,5,5,57,3830,"N","S",7,25,20,66,10,18.2719881416829,9.81170115690542
"1243",714,"ALPINE VENEERS INC.",2,5,5,57,3830,"N","S",7,25,20,66,10,18.6393469267951,9.81170115690542
"1244",714,"CROMAN INC.",6,5,5,57,3830,"N","S",7,25,20,66,10,18.3135348576907,9.81170115690542
"1245",714,"LOVENESS LOGGING",10,5,5,57,3830,"N","S",7,25,20,66,10,17.8107928768537,9.81170115690542
"1246",714,"SO. ORE. LAND & TBR.",8,5,5,57,3830,"N","S",7,25,20,66,10,18.0622250726021,9.81170115690542
"1247",714,"WM. P. WAMPLER",4,5,5,57,3830,"N","S",7,25,20,66,10,18.5478388955526,9.81170115690542
"1248",714,"MODOC LBR. CO.",9,5,5,57,3830,"N","S",7,25,20,66,10,17.8409258181074,9.81170115690542
"1249",714,"PINE MTN. LBR. CO.",3,5,5,57,3830,"N","S",7,25,20,66,10,18.5725564952337,9.81170115690542
"1250",715,"SO. PACIFIC LAND CO.",1,5,5,57,30,"N","D",5,1,0,49,1,13.1472803550669,9.69547888880619
"1251",716,"ROBERT DOLLAR COMPANY",1,5,5,57,350,"Y","S",5,15,0,44,1,13.2651763129368,10.0135967752162
"1252",717,"PUBLISHERS FOREST",6,5,5,57,1820,"N","A",7,25,10,49,11,18.3467797042328,9.91373486898768
"1253",717,"MODOC LUMBER CO.",4,5,5,57,1820,"N","A",7,25,10,49,11,18.6260968892085,9.91373486898768
"1254",717,"COLUMBIA PLYWOOD CORP.",1,5,5,57,1820,"N","A",7,25,10,49,11,19.2237629113047,9.91373486898768
"1255",717,"INTERNATIONAL PAPER CO.",10,5,5,57,1820,"N","A",7,25,10,49,11,18.3467797042328,9.91373486898768
"1256",717,"THOMAS LUMBER CO.",8,5,5,57,1820,"N","A",7,25,10,49,11,18.3467797042328,9.91373486898768
"1257",717,"BOISE CASCADE CORP.",9,5,5,57,1820,"N","A",7,25,10,49,11,18.3467797042328,9.91373486898768
"1258",717,"D. G. SHELTER",3,5,5,57,1820,"N","A",7,25,10,49,11,18.7764694953384,9.91373486898768
"1259",717,"PAUL BUNYON",11,5,5,57,1820,"N","A",7,25,10,49,11,18.3467797042328,9.91373486898768
"1260",717,"LORENZ LUMBER CO.",2,5,5,57,1820,"N","A",7,25,10,49,11,19.1754071963877,9.91373486898768
"1261",717,"TIMBER PRODUCTS",7,5,5,57,1820,"N","A",7,25,10,49,11,18.3467797042328,9.91373486898768
"1262",717,"HI RIDGE LUMBER CO.",5,5,5,57,1820,"N","A",7,25,10,49,11,18.3496890189452,9.91373486898768
"1263",718,"SWF PLYWOOD CORPORATION",1,5,5,57,3238,"Y","A",8,15,15,88,6,18.5830088402426,9.95645943730223
"1264",718,"CROMAN CORPORATION",4,5,5,57,3238,"Y","A",8,15,15,88,6,17.7622307917668,9.95645943730223
"1265",718,"COLUMBIA HELICOPTERS",2,5,5,57,3238,"Y","A",8,15,15,88,6,18.5730198696201,9.95645943730223
"1266",718,"SILLER BROTHERS",6,5,5,57,3238,"Y","A",8,15,15,88,6,17.4082422065634,9.95645943730223
"1267",718,"ERICKSON AIR CRANE",5,5,5,57,3238,"Y","A",8,15,15,88,6,17.4082422065634,9.95645943730223
"1268",718,"RESERVATION RANCH",3,5,5,57,3238,"Y","A",8,15,15,88,6,17.9617596360733,9.95645943730223
"1269",719,"CROMAN CORP.",6,5,5,58,1904,"N","S",8,15,42,42,7,19.0458039228051,9.79768249363915
"1270",719,"EEL RIVER SAWMILLS INC.",2,5,5,58,1904,"N","S",8,15,42,42,7,19.3203891864715,9.79768249363915
"1271",719,"BIG FLAT TBR. CO.",1,5,5,58,1904,"N","S",8,15,42,42,7,19.4966772460998,9.79768249363915
"1272",719,"HI-RIDGE LUMBER CO.",5,5,5,58,1904,"N","S",8,15,42,42,7,19.0888106354702,9.79768249363915
"1273",719,"FOURPLY INC.",4,5,5,58,1904,"N","S",8,15,42,42,7,19.1586512310956,9.79768249363915
"1274",719,"PINE MTN. LBR. CO.",7,5,5,58,1904,"N","S",8,15,42,42,7,18.1441497333329,9.79768249363915
"1275",719,"BROOKINGS PLYWOOD CORP.",3,5,5,58,1904,"N","S",8,15,42,42,7,19.1932378627987,9.79768249363915
"1276",720,"MARK J. WIENERT",5,5,5,58,430,"N","S",7,117,56,51,7,18.3360701192131,10.190544429594
"1277",720,"ROUGH & READY LBR.",7,5,5,58,430,"N","S",7,117,56,51,7,18.0014890052379,10.190544429594
"1278",720,"HI-RIDGE LUMBER",3,5,5,58,430,"N","S",7,117,56,51,7,18.6061261663933,10.190544429594
"1279",720,"FOURPLY INC.",6,5,5,58,430,"N","S",7,117,56,51,7,18.330769931295,10.190544429594
"1280",720,"CROMAN CORP.",4,5,5,58,430,"N","S",7,117,56,51,7,18.4508849689318,10.190544429594
"1281",720,"BROOKINGS PLYWOOD",2,5,5,58,430,"N","S",7,117,56,51,7,18.6194869295686,10.190544429594
"1282",720,"EEL RIVER SAWMILLS",1,5,5,58,430,"N","S",7,117,56,51,7,18.7252398447768,10.190544429594
"1283",721,"ROUGH & READY TBR. CO.",5,5,5,58,420,"N","S",7,117,46,35,5,17.8408984980424,10.2125518863579
"1284",721,"BROOKINGS PLYWOOD CORP.",1,5,5,58,420,"N","S",7,117,46,35,5,18.4850291532698,10.2125518863579
"1285",721,"HI-RIDGE LBR. CO.",4,5,5,58,420,"N","S",7,117,46,35,5,17.9237562173327,10.2125518863579
"1286",721,"EEL RIVER SAWMILLS",3,5,5,58,420,"N","S",7,117,46,35,5,18.3934296838244,10.2125518863579
"1287",721,"FOURPLY, INC.",2,5,5,58,420,"N","S",7,117,46,35,5,18.4721559667899,10.2125518863579
"1288",722,"SWF PLYWOOD COMPANY",5,5,5,58,1430,"Y","A",6,81,0,35,7,15.8607267886675,10.0926192012586
"1289",722,"BROOKINGS PLYWOOD CORP.",7,5,5,58,1430,"Y","A",6,81,0,35,7,15.841638344447,10.0926192012586
"1290",722,"ROUGH & READY",3,5,5,58,1430,"Y","A",6,81,0,35,7,16.4170388284866,10.0926192012586
"1291",722,"SILLER BROTHERS, INC.",1,5,5,58,1430,"Y","A",6,81,0,35,7,17.1232697731779,10.0926192012586
"1292",722,"CROMAN CORPORATION",4,5,5,58,1430,"Y","A",6,81,0,35,7,16.076943393574,10.0926192012586
"1293",722,"RESERVATION RANCH",6,5,5,58,1430,"Y","A",6,81,0,35,7,15.841638344447,10.0926192012586
"1294",722,"COLUMBIA HELICOPTERS",2,5,5,58,1430,"Y","A",6,81,0,35,7,17.0706924679658,10.0926192012586
"1295",723,"CA DEPT OF TRANSPORTATION",1,5,6,51,2,"N","D",5,25,0,10,1,12.5446070401555,9.82244017368281
"1296",724,"SILLER BROS.",2,5,6,51,764,"N","S",7,25,0,18,4,18.6423055425453,9.8255800636596
"1297",724,"COIN TIMBER CO.",1,5,6,51,764,"N","S",7,25,0,18,4,18.6791557627918,9.8255800636596
"1298",724,"PAUL BUNYAN LUMBER CO.",4,5,6,51,764,"N","S",7,25,0,18,4,18.4196846480135,9.8255800636596
"1299",724,"FOUR PLY, INC.",3,5,6,51,764,"N","S",7,25,0,18,4,18.6008902385791,9.8255800636596
"1300",725,"BUDISILL & FULK",2,5,6,51,5060,"Y","S",5,150,0,14,4,14.9363734555672,10.0224254766076
"1301",725,"TYRELL LOGGING CO, INC.",4,5,6,51,5060,"Y","S",5,150,0,14,4,14.7862894751225,10.0224254766076
"1302",725,"HANAN BROS. INC.",3,5,6,51,5060,"Y","S",5,150,0,14,4,14.8442367191682,10.0224254766076
"1303",725,"SIERRA PACIFIC IND.",1,5,6,51,5060,"Y","S",5,150,0,14,4,14.9944116778612,10.0224254766076
"1304",726,"PUBLISHERS FOREST PROD.",6,5,6,51,1271,"N","A",7,25,14,10,9,18.5865995921707,9.93556744599954
"1305",726,"KIMBERLY-CLARK CORP.",4,5,6,51,1271,"N","A",7,25,14,10,9,18.7196805782339,9.93556744599954
"1306",726,"PAUL BUNYAN LUMBER CO.",8,5,6,51,1271,"N","A",7,25,14,10,9,18.5865995921707,9.93556744599954
"1307",726,"DIAMOND INTERNATIONAL COR",1,5,6,51,1271,"N","A",7,25,14,10,9,19.2760153940833,9.93556744599954
"1308",726,"COIN LUMBER CO.",9,5,6,51,1271,"N","A",7,25,14,10,9,18.5865995921707,9.93556744599954
"1309",726,"LOUISIANA-PACIFIC CORP.",2,5,6,51,1271,"N","A",7,25,14,10,9,19.2755255968707,9.93556744599954
"1310",726,"LORENZ LUMBER CO.",7,5,6,51,1271,"N","A",7,25,14,10,9,18.5865995921707,9.93556744599954
"1311",726,"SIERRA PACIFIC INDUSTRIES",5,5,6,51,1271,"N","A",7,25,14,10,9,18.5865995921707,9.93556744599954
"1312",726,"COLLINS PINE CO.",3,5,6,51,1271,"N","A",7,25,14,10,9,19.1564726728071,9.93556744599954
"1313",727,"LOUISIANA-PACIFIC CORP.",3,5,6,51,1858,"N","A",7,25,3,30,3,18.3025806455369,9.82244017368281
"1314",727,"DIAMOND INTERNATIONAL COR",2,5,6,51,1858,"N","A",7,25,3,30,3,18.6533199485121,9.82244017368281
"1315",727,"COLLINS PINE CO.",1,5,6,51,1858,"N","A",7,25,3,30,3,18.6542340057373,9.82244017368281
"1316",729,"T.A. GLENN LBR. CO.",1,5,6,51,4500,"Y","S",5,25,0,19,6,15.6452078665327,9.65059330557001
"1317",729,"PETE SCATENA, INC.",2,5,6,51,4500,"Y","S",5,25,0,19,6,15.3428703593628,9.65059330557001
"1318",729,"HERMAN C. PEW",6,5,6,51,4500,"Y","S",5,25,0,19,6,13.2479382003124,9.65059330557001
"1319",729,"COLLINS PINE CO.",3,5,6,51,4500,"Y","S",5,25,0,19,6,15.2132491829684,9.65059330557001
"1320",729,"DON HOWARD LOGGING",5,5,6,51,4500,"Y","S",5,25,0,19,6,13.7429398651294,9.65059330557001
"1321",729,"J. ELMORE HEITMAN",4,5,6,51,4500,"Y","S",5,25,0,19,6,14.7946183300777,9.65059330557001
"1322",730,"LOUISIANA PACIFIC CORP.",4,5,6,51,40,"Y","A",5,25,0,17,4,15.4663435486748,9.90123501748283
"1323",730,"J. ELMORE HEITMAN",2,5,6,51,40,"Y","A",5,25,0,17,4,15.7653229405361,9.90123501748283
"1324",730,"T.D. FULK",3,5,6,51,40,"Y","A",5,25,0,17,4,15.5866623058949,9.90123501748283
"1325",730,"COLLINS PINE CO.",1,5,6,51,40,"Y","A",5,25,0,17,4,15.775340377334,9.90123501748283
"1326",731,"SILLER BROS. INC.",3,5,6,51,2077,"N","S",7,25,2,14,8,19.1296641666809,9.85953566500694
"1327",731,"KIMBERLY-CLARK CORP.",8,5,6,51,2077,"N","S",7,25,2,14,8,18.6476824430336,9.85953566500694
"1328",731,"SIERRA PACIFIC IND",5,5,6,51,2077,"N","S",7,25,2,14,8,18.9851207053997,9.85953566500694
"1329",731,"LOUISIANA-PACIFIC CORP.",2,5,6,51,2077,"N","S",7,25,2,14,8,19.2166306919191,9.85953566500694
"1330",731,"COIN TIMBER CO.",7,5,6,51,2077,"N","S",7,25,2,14,8,18.8654261788215,9.85953566500694
"1331",731,"DIAMOND INTER CORP.",4,5,6,51,2077,"N","S",7,25,2,14,8,19.0199085421008,9.85953566500694
"1332",731,"PAUL BUNYAN LBR. CO.",6,5,6,51,2077,"N","S",7,25,2,14,8,18.9679394683183,9.85953566500694
"1333",731,"COLLINS PINE CO.",1,5,6,51,2077,"N","S",7,25,2,14,8,19.3882714021921,9.85953566500694
"1334",732,"ERICKSON LBR.",3,5,6,51,2820,"N","A",7,25,137,34,8,18.4952739840588,9.92245649908373
"1335",732,"SILLER BROS. INC.",2,5,6,51,2820,"N","A",7,25,137,34,8,18.697627245831,9.92245649908373
"1336",732,"DIAMOND INTN'L CORP.",7,5,6,51,2820,"N","A",7,25,137,34,8,17.2636735832272,9.92245649908373
"1337",732,"PUBLISHERS FOREST PROD.",6,5,6,51,2820,"N","A",7,25,137,34,8,17.2636735832272,9.92245649908373
"1338",732,"SIERRA PACIFIC IND.",1,5,6,51,2820,"N","A",7,25,137,34,8,18.6986501508064,9.92245649908373
"1339",732,"COLLINS PINE CO.",5,5,6,51,2820,"N","A",7,25,137,34,8,17.2636735832272,9.92245649908373
"1340",732,"LOUISIANA PAC. CORP.",4,5,6,51,2820,"N","A",7,25,137,34,8,18.4741260560878,9.92245649908373
"1341",732,"EVERGREEN HELICOPTERS, IN",8,5,6,51,2820,"N","A",7,25,137,34,8,17.2636735832272,9.92245649908373
"1342",733,"DIAMOND INTN'L CORP.",3,5,6,51,844,"N","A",7,25,36,23,4,19.5189449720544,9.96950934807812
"1343",733,"SIERRA PACIFIC IND.",1,5,6,51,844,"N","A",7,25,36,23,4,19.5923638933505,9.96950934807812
"1344",733,"COLLINS PINE CO.",2,5,6,51,844,"N","A",7,25,36,23,4,19.591834321023,9.96950934807812
"1345",733,"LOUISIANA-PACIFIC CORP",4,5,6,51,844,"N","A",7,25,36,23,4,19.4156019375192,9.96950934807812
"1346",734,"KENNETH PETREY",2,5,6,53,1597,"Y","S",5,122,0,24,2,13.9860125379529,9.98225252117178
"1347",734,"PAUL BUNYAN LUMBER CO.",1,5,6,53,1597,"Y","S",5,122,0,24,2,14.38649010455,9.98225252117178
"1348",735,"PUBLISHERS FOR. PRODUCTS",3,5,6,53,4296,"N","S",7,150,0,6,4,18.6165476469297,10.0726394352814
"1349",735,"SIERRA PACIFIC IND.",1,5,6,53,4296,"N","S",7,150,0,6,4,18.880578732785,10.0726394352814
"1350",735,"LOUISIANA-PACIFIC CORP.",4,5,6,53,4296,"N","S",7,150,0,6,4,18.2425111557951,10.0726394352814
"1351",735,"LORENZ LUMBER CO.",2,5,6,53,4296,"N","S",7,150,0,6,4,18.6605453165434,10.0726394352814
"1352",736,"PAUL BUNYAN LUMBER CO.",5,5,6,53,3555,"N","S",8,25,10,38,10,19.6604407390187,9.82709235128242
"1353",736,"DIAMOND INT. CORP.",2,5,6,53,3555,"N","S",8,25,10,38,10,19.8909123576128,9.82709235128242
"1354",736,"CHAMPION INT. CORP.",10,5,6,53,3555,"N","S",8,25,10,38,10,19.2868343128614,9.82709235128242
"1355",736,"LOUISIANA-PACIFIC CORP.",3,5,6,53,3555,"N","S",8,25,10,38,10,19.7791294380762,9.82709235128242
"1356",736,"TRIN-CO FOREST PROD.",9,5,6,53,3555,"N","S",8,25,10,38,10,19.300949360102,9.82709235128242
"1357",736,"SILLER BROS. INC.",6,5,6,53,3555,"N","S",8,25,10,38,10,19.6345841363623,9.82709235128242
"1358",736,"LORENZ LUMBER CO.",4,5,6,53,3555,"N","S",8,25,10,38,10,19.747162731418,9.82709235128242
"1359",736,"PUBLISHERS FOR. PROD.",7,5,6,53,3555,"N","S",8,25,10,38,10,19.6200386560249,9.82709235128242
"1360",736,"KIMBERLY-CLARK CORP.",8,5,6,53,3555,"N","S",8,25,10,38,10,19.3761959582035,9.82709235128242
"1361",736,"SIERRA PACIFIC IND.",1,5,6,53,3555,"N","S",8,25,10,38,10,19.9999777899784,9.82709235128242
"1362",737,"KIMBERLY CLARK CORP.",10,5,6,53,2440,"N","S",7,25,0,35,10,18.5956306971162,9.92573816147095
"1363",737,"PAUL BUNYAN LUMBER CO.",5,5,6,53,2440,"N","S",7,25,0,35,10,18.8867982695691,9.92573816147095
"1364",737,"PUBLISHERS FOREST PROD.",1,5,6,53,2440,"N","S",7,25,0,35,10,19.193857909028,9.92573816147095
"1365",737,"LOUISIANA-PACIFIC CORP.",4,5,6,53,2440,"N","S",7,25,0,35,10,18.9177738670697,9.92573816147095
"1366",737,"COIN TIMBER CO.",8,5,6,53,2440,"N","S",7,25,0,35,10,18.6808923854964,9.92573816147095
"1367",737,"LORENZ LUMBER CO.",3,5,6,53,2440,"N","S",7,25,0,35,10,18.9800216941233,9.92573816147095
"1368",737,"SIERRA PACIFIC IND.",2,5,6,53,2440,"N","S",7,25,0,35,10,19.0720185155755,9.92573816147095
"1369",737,"TRIN-CO FOREST PROD.",7,5,6,53,2440,"N","S",7,25,0,35,10,18.6961826382884,9.92573816147095
"1370",737,"CHAMPION INT.",9,5,6,53,2440,"N","S",7,25,0,35,10,18.656480348488,9.92573816147095
"1371",737,"COLLINS PINE CO.",6,5,6,53,2440,"N","S",7,25,0,35,10,18.8230320759541,9.92573816147095
"1372",738,"PAUL BUNYAN LUMBER CO.",1,5,6,53,3,"Y","S",5,150,0,36,1,13.0722167937137,10.1361456962189
"1373",739,"SILLER BROS, INC.",6,5,6,53,2850,"N","A",7,25,0,35,6,18.1515970445619,9.8395888266859
"1374",739,"COIN TIMBER CO.",1,5,6,53,2850,"N","A",7,25,0,35,6,18.7898474301851,9.8395888266859
"1375",739,"CRANE MILLS",5,5,6,53,2850,"N","A",7,25,0,35,6,18.2571951120542,9.8395888266859
"1376",739,"MAIN INDUSTRIES, INC.",2,5,6,53,2850,"N","A",7,25,0,35,6,18.7834740226502,9.8395888266859
"1377",739,"TRIN-CO FOREST PROD.",4,5,6,53,2850,"N","A",7,25,0,35,6,18.2732980925966,9.8395888266859
"1378",739,"PAUL BUNYAN LBR. CO.",3,5,6,53,2850,"N","A",7,25,0,35,6,18.7443562360975,9.8395888266859
"1379",740,"LORENZ LUMBER CO.",2,5,6,53,1800,"Y","A",5,25,0,41,3,16.6839303470504,9.90123501748283
"1380",740,"PAUL BUNYAN LUMBER CO.",3,5,6,53,1800,"Y","A",5,25,0,41,3,16.5109461956288,9.90123501748283
"1381",740,"TYRRELL LOGGING",1,5,6,53,1800,"Y","A",5,25,0,41,3,16.6895874956755,9.90123501748283
"1382",741,"PETE SCATENA",2,5,6,53,1220,"Y","A",5,117,0,25,3,15.1968727760386,10.1721014778951
"1383",741,"PAUL BUNYAN LUMBER CO.",1,5,6,53,1220,"Y","A",5,117,0,25,3,15.2362836375004,10.1721014778951
"1384",741,"LORENZ LUMBER CO.",3,5,6,53,1220,"Y","A",5,117,0,25,3,14.7909452866587,10.1721014778951
"1385",743,"WESTLOG, INC.",2,5,6,53,5970,"Y","A",5,25,0,32,4,15.1856872240779,9.86276971925757
"1386",743,"LORENZ",4,5,6,53,5970,"Y","A",5,25,0,32,4,14.7087578166698,9.86276971925757
"1387",743,"TYRRELL LOGGING, INC.",1,5,6,53,5970,"Y","A",5,25,0,32,4,15.2074191298686,9.86276971925757
"1388",743,"PUBLISHERS",3,5,6,53,5970,"Y","A",5,25,0,32,4,14.7089911043699,9.86276971925757
"1389",745,"ALLEN BONNETT",1,5,6,53,2550,"Y","A",5,117,0,19,2,14.7098533870835,10.1316584455644
"1390",745,"PAUL BUNYAN LUMBER CO.",2,5,6,53,2550,"Y","A",5,117,0,19,2,14.6918239385067,10.1316584455644
"1391",746,"PAUL BUNYAN LBR. CO.",5,5,6,58,3330,"N","S",7,25,2,37,10,18.8518920232842,9.84070748441342
"1392",746,"KIMBERLY-CLARK CORP",9,5,6,58,3330,"N","S",7,25,2,37,10,18.5191637939671,9.84070748441342
"1393",746,"LOUISIANA-PACIFIC CORP.",4,5,6,58,3330,"N","S",7,25,2,37,10,18.9166768722772,9.84070748441342
"1394",746,"SIERRA PACIFIC INDUSTRIES",3,5,6,58,3330,"N","S",7,25,2,37,10,18.9255631618055,9.84070748441342
"1395",746,"TRIN-CO FOR. PROD.",8,5,6,58,3330,"N","S",7,25,2,37,10,18.5865092856367,9.84070748441342
"1396",746,"PUBLISHERS FOREST PROD.",1,5,6,58,3330,"N","S",7,25,2,37,10,19.1168275212205,9.84070748441342
"1397",746,"COLLINS PINE CO.",10,5,6,58,3330,"N","S",7,25,2,37,10,18.5159074657287,9.84070748441342
"1398",746,"LORENZ LBR. CO.",6,5,6,58,3330,"N","S",7,25,2,37,10,18.7971431091893,9.84070748441342
"1399",746,"DIAMOND INT. CORP.",2,5,6,58,3330,"N","S",7,25,2,37,10,18.9775775244493,9.84070748441342
"1400",746,"COIN TBR. CO.",7,5,6,58,3330,"N","S",7,25,2,37,10,18.7503410462267,9.84070748441342
"1401",747,"SILLER BROS. INC.",5,5,6,58,5585,"N","S",8,25,36,50,5,18.5713926035233,9.80758219564906
"1402",747,"PAUL BUNYAN LUMBER CO.",1,5,6,58,5585,"N","S",8,25,36,50,5,19.4566652537406,9.80758219564906
"1403",747,"TRIN-CO FOREST PROD.",4,5,6,58,5585,"N","S",8,25,36,50,5,19.0056588017408,9.80758219564906
"1404",747,"COIN TIMBER CO.",2,5,6,58,5585,"N","S",8,25,36,50,5,19.3671753515168,9.80758219564906
"1405",747,"MAIN INDUSTRIES, INC.",3,5,6,58,5585,"N","S",8,25,36,50,5,19.0358226523567,9.80758219564906
"1406",748,"TRIN-CO FOREST PROD.",7,5,6,58,477,"N","S",6,25,0,17,8,17.6152918710944,9.85040318144367
"1407",748,"PUBLISHERS FOREST PROD.",6,5,6,58,477,"N","S",6,25,0,17,8,17.6263069358772,9.85040318144367
"1408",748,"LORENZ LUMBER CO.",2,5,6,58,477,"N","S",6,25,0,17,8,17.9104617694708,9.85040318144367
"1409",748,"COIN TIMBER CO.",4,5,6,58,477,"N","S",6,25,0,17,8,17.749811751409,9.85040318144367
"1410",748,"SIERRA PACIFIC IND.",1,5,6,58,477,"N","S",6,25,0,17,8,18.0550906060785,9.85040318144367
"1411",748,"PAUL BUNYAN LUMBER CO.",5,5,6,58,477,"N","S",6,25,0,17,8,17.6865325945239,9.85040318144367
"1412",748,"KIMBERLY-CLARK CORP.",8,5,6,58,477,"N","S",6,25,0,17,8,17.438020749489,9.85040318144367
"1413",748,"LOUISIANA-PACIFIC CORP.",3,5,6,58,477,"N","S",6,25,0,17,8,17.8453985512462,9.85040318144367
"1414",749,"J. ELMORE HEITMAN",1,5,6,58,219710,"Y","S",5,1,0,50,2,15.2722633827327,9.75550944976463
"1415",749,"PAUL BUNYAN LBR. CO.",2,5,6,58,219710,"Y","S",5,1,0,50,2,14.8900213926067,9.75550944976463
"1416",750,"J. ELMORE HEITMAN",1,5,6,58,114550,"Y","S",5,1,0,23,3,14.9120406804281,9.71848239811297
"1417",750,"FRANK STEVENSON LOGGING",2,5,6,58,114550,"Y","S",5,1,0,23,3,14.8101539548094,9.71848239811297
"1418",750,"PAUL BUNYAN LUMBER CO",3,5,6,58,114550,"Y","S",5,1,0,23,3,14.7645433695863,9.71848239811297
"1419",751,"PAUL BUNYAN LUMBER CO.",2,5,6,58,2290,"N","A",7,25,5,12,5,18.729394614431,9.79517824902928
"1420",751,"SIERRA PACIFIC INDUSTRIES",1,5,6,58,2290,"N","A",7,25,5,12,5,18.7306091466012,9.79517824902928
"1421",751,"COIN TIMBER CO.",5,5,6,58,2290,"N","A",7,25,5,12,5,18.3059819845223,9.79517824902928
"1422",751,"COLLINS PINE CO.",3,5,6,58,2290,"N","A",7,25,5,12,5,18.6841271150389,9.79517824902928
"1423",751,"PUBLISHERS FOREST PROD",4,5,6,58,2290,"N","A",7,25,5,12,5,18.3059819845223,9.79517824902928
"1424",752,"COIN TIMBER CO.",4,5,6,58,2095,"N","A",7,25,43,27,7,18.2627660223329,9.8888306631925
"1425",752,"SIERRA PACIFIC INDUSTRIES",1,5,6,58,2095,"N","A",7,25,43,27,7,18.7333688676724,9.8888306631925
"1426",752,"LOUISIANA-PACIFIC CORP.",7,5,6,58,2095,"N","A",7,25,43,27,7,18.2627660223329,9.8888306631925
"1427",752,"PAUL BUNYAN LUMBER CO.",2,5,6,58,2095,"N","A",7,25,43,27,7,18.7314068024636,9.8888306631925
"1428",752,"PUBLISHERS FOREST PROD.",5,5,6,58,2095,"N","A",7,25,43,27,7,18.2627660223329,9.8888306631925
"1429",752,"LORENZ LUMBER CO.",6,5,6,58,2095,"N","A",7,25,43,27,7,18.2627660223329,9.8888306631925
"1430",752,"COLLINS PINE CO.",3,5,6,58,2095,"N","A",7,25,43,27,7,18.2627660223329,9.8888306631925
"1431",753,"KIMBERLY-CLARK CORP.",4,5,6,58,187330,"Y","S",5,1,0,50,4,16.4308605037776,9.75550944976463
"1432",753,"J. ELMORE HEITMAN",3,5,6,58,187330,"Y","S",5,1,0,50,4,16.5706987655239,9.75550944976463
"1433",753,"LORENZ LUMBER CO.",1,5,6,58,187330,"Y","S",5,1,0,50,4,16.7691658832061,9.75550944976463
"1434",753,"RICE LOGGING",2,5,6,58,187330,"Y","S",5,1,0,50,4,16.7474506984305,9.75550944976463
"1435",754,"J. ELMORE HEITMAN",1,5,6,58,95950,"Y","S",5,1,0,23,3,16.5310155694561,9.71860271333901
"1436",754,"LORENZ LUMBER CO.",3,5,6,58,95950,"Y","S",5,1,0,23,3,16.2580871322048,9.71860271333901
"1437",754,"KIMBERLY-CLARK CORP.",2,5,6,58,95950,"Y","S",5,1,0,23,3,16.2787372193159,9.71860271333901
"1438",755,"COLLINS PINE CO.",6,5,6,58,4590,"N","A",7,25,46,23,8,18.5402745835577,9.87796459530504
"1439",755,"COIN TIMBER CO.",7,5,6,58,4590,"N","A",7,25,46,23,8,18.5402745835577,9.87796459530504
"1440",755,"PUBLISHERS FOREST PROD.",5,5,6,58,4590,"N","A",7,25,46,23,8,18.5402745835577,9.87796459530504
"1441",755,"LOUISIANA-PACIFIC CORP",1,5,6,58,4590,"N","A",7,25,46,23,8,19.4465993931599,9.87796459530504
"1442",755,"PAUL BUNYAN LBR. CO.",8,5,6,58,4590,"N","A",7,25,46,23,8,18.5402745835577,9.87796459530504
"1443",755,"SIERRA PACIFIC IND.",2,5,6,58,4590,"N","A",7,25,46,23,8,19.4429212178564,9.87796459530504
"1444",755,"LORENZ LUMBER CO.",3,5,6,58,4590,"N","A",7,25,46,23,8,19.2138610246585,9.87796459530504
"1445",755,"DIAMOND INTERNATIONAL",4,5,6,58,4590,"N","A",7,25,46,23,8,18.5402745835577,9.87796459530504
"1446",756,"HEYREND LUMBER CO.",2,5,8,53,19200,"Y","S",5,15,0,37,2,14.4794348798473,9.84771053706713
"1447",756,"EARL STANFORD",1,5,8,53,19200,"Y","S",5,15,0,37,2,14.4807725350347,9.84771053706713
"1448",757,"FOURPLY",8,5,8,53,96,"N","S",6,15,0,31,8,16.3582457673647,9.73843600690713
"1449",757,"SILLER",3,5,8,53,96,"N","S",6,15,0,31,8,16.7168936897689,9.73843600690713
"1450",757,"PAUL BUNYAN",2,5,8,53,96,"N","S",6,15,0,31,8,16.8711330660913,9.73843600690713
"1451",757,"CRANE MILLS",4,5,8,53,96,"N","S",6,15,0,31,8,16.664452497764,9.73843600690713
"1452",757,"PAUL HEYREND",6,5,8,53,96,"N","S",6,15,0,31,8,16.5384165302985,9.73843600690713
"1453",757,"PHILO LUMBER COMPANY",1,5,8,53,96,"N","S",6,15,0,31,8,17.021483497477,9.73843600690713
"1454",757,"HARWOOD",7,5,8,53,96,"N","S",6,15,0,31,8,16.5122638553242,9.73843600690713
"1455",757,"ROBERT STENBERG",5,5,8,53,96,"N","S",6,15,0,31,8,16.6598092902577,9.73843600690713
"1456",758,"HEYREND LOGGING",3,5,8,53,30080,"Y","S",5,15,0,37,7,16.2453194927427,9.28275405248523
"1457",758,"EARL STANFORD",2,5,8,53,30080,"Y","S",5,15,0,37,7,16.3193534467706,9.28275405248523
"1458",758,"SILLER BROS., INC.",1,5,8,53,30080,"Y","S",5,15,0,37,7,16.3662291365121,9.28275405248523
"1459",758,"PHILO LUMBER CO.",6,5,8,53,30080,"Y","S",5,15,0,37,7,16.0358341753052,9.28275405248523
"1460",758,"SUMMIT CONTRACTORS",4,5,8,53,30080,"Y","S",5,15,0,37,7,16.209607170434,9.28275405248523
"1461",758,"LOUISIANA PACIFIC",7,5,8,53,30080,"Y","S",5,15,0,37,7,15.6253271777816,9.28275405248523
"1462",758,"CHARLES BUTLER",5,5,8,53,30080,"Y","S",5,15,0,37,7,16.2045943965749,9.28275405248523
"1463",759,"SILLER BROS., INC.",1,5,8,53,12800,"Y","D",5,117,0,25,1,12.9945300058944,9.77001330113616
"1464",760,"STENBERG & WALKER",4,5,8,53,388,"N","S",5,25,0,31,5,14.7714065444308,9.77917071802875
"1465",760,"PAUL LAMBERT",5,5,8,53,388,"N","S",5,25,0,31,5,14.6082532685396,9.77917071802875
"1466",760,"EARL STANFORD",1,5,8,53,388,"N","S",5,25,0,31,5,15.3213197875853,9.77917071802875
"1467",760,"HEYREND LUMBER CO.",2,5,8,53,388,"N","S",5,25,0,31,5,14.9775732760128,9.77917071802875
"1468",760,"CHARLES BUTLER",3,5,8,53,388,"N","S",5,25,0,31,5,14.8619519743035,9.77917071802875
"1469",761,"HARWOOD PRODUCTS",4,5,8,53,1094,"N","A",8,15,4,28,6,19.020076978471,9.78762766644159
"1470",761,"CRANE MILLS",5,5,8,53,1094,"N","A",8,15,4,28,6,18.9728989514216,9.78762766644159
"1471",761,"DIAMOND INTERNATIONAL",1,5,8,53,1094,"N","A",8,15,4,28,6,19.455933194341,9.78762766644159
"1472",761,"HEYREND LBR. CO.",6,5,8,53,1094,"N","A",8,15,4,28,6,18.8600279813254,9.78762766644159
"1473",761,"LOUISIANA-PACIFIC",3,5,8,53,1094,"N","A",8,15,4,28,6,19.4458847130887,9.78762766644159
"1474",761,"SILLER BROS.",2,5,8,53,1094,"N","A",8,15,4,28,6,19.4552642482117,9.78762766644159
"1475",762,"SAN HEDRIN LOGGING CO.",2,5,8,54,124500,"Y","S",5,25,0,30,2,14.4132173002366,9.90618391408387
"1476",762,"HEYREND LUMBER CO.",1,5,8,54,124500,"Y","S",5,25,0,30,2,14.6159503864118,9.90618391408387
"1477",763,"MAIN INDUSTRIES",3,5,9,53,2680,"N","A",7,15,4,29,6,18.5354737138141,9.77803770181871
"1478",763,"GOOSE LAKE TIMBER CO",1,5,9,53,2680,"N","A",7,15,4,29,6,18.6920209118929,9.77803770181871
"1479",763,"LAXAGUE BROS LBR",5,5,9,53,2680,"N","A",7,15,4,29,6,18.1102965166342,9.77803770181871
"1480",763,"LOVENESS LOGGING",6,5,9,53,2680,"N","A",7,15,4,29,6,18.1102965166342,9.77803770181871
"1481",763,"COIN TIMBER",2,5,9,53,2680,"N","A",7,15,4,29,6,18.6859647418468,9.77803770181871
"1482",763,"TRINCO FOREST PRODUCTS",4,5,9,53,2680,"N","A",7,15,4,29,6,18.1102965166342,9.77803770181871
"1483",764,"STEVENSON LOGGING",1,5,9,54,5600,"Y","S",5,150,0,16,1,14.9057545969619,10.1376897312071
"1484",765,"STEVENSON LOGGING",1,5,9,54,5065,"N","S",5,15,0,22,1,13.6660355965753,9.83622532547696
"1485",766,"LORENZ LUMBER COMPANY",1,5,9,54,5740,"Y","S",5,150,0,16,1,15.8889466026922,10.2556925210034
"1486",767,"EDGERTON LUMBER",1,5,9,54,6950,"N","S",7,15,0,17,1,18.7213254867915,9.90278730742173
"1487",768,"EDGERTON LUMBER CO.",1,5,9,54,16980,"Y","S",5,15,0,16,2,15.9962669425932,9.89812319003698
"1488",768,"STEVENSON LOGGING",2,5,9,54,16980,"Y","S",5,15,0,16,2,15.8470740193996,9.89812319003698
"1489",769,"LORENZ LUMBER CO.",2,5,9,54,2770,"Y","A",7,15,0,90,11,18.7822512251699,9.98442217003213
"1490",769,"PUBLISHERS FOREST PROD. C",11,5,9,54,2770,"Y","A",7,15,0,90,11,18.0356933293496,9.98442217003213
"1491",769,"D.G. SHELTER PRODUCTS CO.",9,5,9,54,2770,"Y","A",7,15,0,90,11,20.3198674716532,9.98442217003213
"1492",769,"LOVENESS LOGGING, INC.",5,5,9,54,2770,"Y","A",7,15,0,90,11,18.390976097076,9.98442217003213
"1493",769,"LAKESIDE CORP.",4,5,9,54,2770,"Y","A",7,15,0,90,11,18.482436208478,9.98442217003213
"1494",769,"RESERVATION RANCH",3,5,9,54,2770,"Y","A",7,15,0,90,11,18.5751189824307,9.98442217003213
"1495",769,"KIMBERLY-CLARK CORP",8,5,9,54,2770,"Y","A",7,15,0,90,11,18.0356933293496,9.98442217003213
"1496",769,"TRIN-CO FOREST PRODUCTS",7,5,9,54,2770,"Y","A",7,15,0,90,11,18.138055464345,9.98442217003213
"1497",769,"ALPINE VENEERS INC.",6,5,9,54,2770,"Y","A",7,15,0,90,11,18.2784628181173,9.98442217003213
"1498",769,"GOOSE LAKE TIMBER CO.",10,5,9,54,2770,"Y","A",7,15,0,90,11,18.0356933293496,9.98442217003213
"1499",769,"LOUISIANA-PACIFIC CORP.",1,5,9,54,2770,"Y","A",7,15,0,90,11,18.78942114662,9.98442217003213
"1500",770,"CA DEPT OF TRANS.",1,5,9,55,55,"N","D",5,150,0,32,1,14.1651810277501,10.1261910070219
"1501",771,"TIMBER ASSOC.",3,5,9,55,4452,"N","S",8,150,4,57,7,19.3390973864763,10.1359079406305
"1502",771,"LOVENESS LOGGING, INC",7,5,9,55,4452,"N","S",8,150,4,57,7,18.8490671406849,10.1359079406305
"1503",771,"GOOSE LAKE TIMBER CO.",5,5,9,55,4452,"N","S",8,150,4,57,7,19.1707609737929,10.1359079406305
"1504",771,"MAIN INDUSTRIES, INC.",1,5,9,55,4452,"N","S",8,150,4,57,7,19.5341171110122,10.1359079406305
"1505",771,"WM. P WAMPLER",2,5,9,55,4452,"N","S",8,150,4,57,7,19.3765912747191,10.1359079406305
"1506",771,"ALPINE VENEERS, INC.",6,5,9,55,4452,"N","S",8,150,4,57,7,19.1139922260141,10.1359079406305
"1507",771,"LAXAGUE BROS.LUMBER CO. I",4,5,9,55,4452,"N","S",8,150,4,57,7,19.1916649707328,10.1359079406305
"1508",772,"GOOSE LAKE TIMBER CO.",1,5,9,55,11200,"Y","A",5,150,0,42,1,16.2651785556596,10.2083216838055
"1509",773,"TRIN-CO FOREST PRODUCTS",4,5,9,55,1150,"Y","A",6,15,0,73,7,17.2997688571495,9.84908416365674
"1510",773,"GOOSE LAKE TIMBER CO.",7,5,9,55,1150,"Y","A",6,15,0,73,7,17.0319927203068,9.84908416365674
"1511",773,"MODOC LUMBER CO.",5,5,9,55,1150,"Y","A",6,15,0,73,7,17.1301779013202,9.84908416365674
"1512",773,"LAKESIDE CORPORATION",6,5,9,55,1150,"Y","A",6,15,0,73,7,17.0633038143913,9.84908416365674
"1513",773,"J. W. TAYLOR",1,5,9,55,1150,"Y","A",6,15,0,73,7,17.399173652696,9.84908416365674
"1514",773,"RESERVATION RANCH",2,5,9,55,1150,"Y","A",6,15,0,73,7,17.3987027763865,9.84908416365674
"1515",773,"D.G. SHELTER PRODUCTS CO.",3,5,9,55,1150,"Y","A",6,15,0,73,7,17.3304900935296,9.84908416365674
"1516",774,"BOISE CASCADE CORP",8,5,9,56,3280,"N","S",8,25,37,45,11,18.7713814878426,9.79962591300204
"1517",774,"LORENZ LUMBER CO.",5,5,9,56,3280,"N","S",8,25,37,45,11,19.0689155445099,9.79962591300204
"1518",774,"PUBLISHERS FOREST PRODUCT",7,5,9,56,3280,"N","S",8,25,37,45,11,18.7891409382098,9.79962591300204
"1519",774,"D.G. SHELTER PROD. CO.",3,5,9,56,3280,"N","S",8,25,37,45,11,19.2208096353228,9.79962591300204
"1520",774,"COLUMBIA PLYWOOD CORP.",2,5,9,56,3280,"N","S",8,25,37,45,11,19.2780704103332,9.79962591300204
"1521",774,"LOVENESS LOGGING INC",11,5,9,56,3280,"N","S",8,25,37,45,11,18.4180293320644,9.79962591300204
"1522",774,"TRIN-CO FOREST PRODUCTS",10,5,9,56,3280,"N","S",8,25,37,45,11,18.6591686068694,9.79962591300204
"1523",774,"TIMBER ASSOC.",4,5,9,56,3280,"N","S",8,25,37,45,11,19.2073322930022,9.79962591300204
"1524",774,"GOOSE LAKE TIMBER CO.",6,5,9,56,3280,"N","S",8,25,37,45,11,18.9957807727303,9.79962591300204
"1525",774,"INTERNATIONAL PAPER CO.",1,5,9,56,3280,"N","S",8,25,37,45,11,19.3393122540663,9.79962591300204
"1526",774,"LAKESIDE CORP.",9,5,9,56,3280,"N","S",8,25,37,45,11,18.729224368136,9.79962591300204
"1527",775,"ALPINE VENEERS, INC.",1,5,9,56,3820,"N","A",7,25,0,43,2,17.0060428738229,9.85172046171425
"1528",775,"LOVENESS LOGGING, INC.",2,5,9,56,3820,"N","A",7,25,0,43,2,16.9857258302631,9.85172046171425
"1529",776,"LAKESIDE CORP.",1,5,9,56,830,"Y","A",5,150,0,67,1,16.0168433516783,10.1107455946201
"1530",777,"LAKESIDE CORP.",1,5,9,56,156,"N","S",5,25,0,42,2,15.1578036572953,9.9160088330898
"1531",777,"PUBLISHERS FOREST PROD.",2,5,9,56,156,"N","S",5,25,0,42,2,15.0020207749637,9.9160088330898
"1532",778,"LORENZ LUMBER CO.",2,5,9,56,5300,"Y","A",7,15,0,76,8,18.031319519449,9.84139936022271
"1533",778,"D.G. SHELTER PRODUCTS CO.",6,5,9,56,5300,"Y","A",7,15,0,76,8,17.5296246728559,9.84139936022271
"1534",778,"LAKESIDE CORP",4,5,9,56,5300,"Y","A",7,15,0,76,8,17.6216340135929,9.84139936022271
"1535",778,"LOUISIANA PACIFIC CORP.",1,5,9,56,5300,"Y","A",7,15,0,76,8,18.0440355729591,9.84139936022271
"1536",778,"LOVENESS LOGGING INC.",3,5,9,56,5300,"Y","A",7,15,0,76,8,17.6839107753091,9.84139936022271
"1537",778,"TRIN-CO FOREST PROD.",7,5,9,56,5300,"Y","A",7,15,0,76,8,17.5296246728559,9.84139936022271
"1538",778,"RESERVATION RANCH",8,5,9,56,5300,"Y","A",7,15,0,76,8,17.5296246728559,9.84139936022271
"1539",778,"ALPINE VENEERS INC.",5,5,9,56,5300,"Y","A",7,15,0,76,8,17.5296246728559,9.84139936022271
"1540",779,"DALE FOSTER",2,5,10,51,1042,"Y","S",5,1,0,38,3,16.3816000344738,9.75938620856187
"1541",779,"SIMONSON LUMBER CO.",1,5,10,51,1042,"Y","S",5,1,0,38,3,16.6391505765624,9.75938620856187
"1542",779,"J. R. WOOD TRUCKING, INC",3,5,10,51,1042,"Y","S",5,1,0,38,3,16.0845523109792,9.75938620856187
"1543",780,"STATE OF CALIFORNIA",1,5,10,51,5,"N","D",5,205,0,27,1,12.6057376320735,10.1224222590763
"1544",781,"SIMPSON TIMBER CO.",1,5,10,51,2,"N","D",5,205,0,16,1,12.6528140449502,10.1092407646463
"1545",782,"DALE FOSTER",2,5,10,51,200,"Y","S",5,41,0,22,3,14.9237430900094,10.2051095117216
"1546",782,"JOHN R. WOOD TRUCKING",3,5,10,51,200,"Y","S",5,41,0,22,3,14.3745547540007,10.2051095117216
"1547",782,"TAYLOR WESTBROOK",1,5,10,51,200,"Y","S",5,41,0,22,3,15.0947763463256,10.2051095117216
"1548",783,"BIG FLAT TBR. CO.",2,5,10,51,200,"N","S",6,1,28,49,4,18.2335484340194,10.0659889818808
"1549",783,"WEBCO LBR.",4,5,10,51,200,"N","S",6,1,28,49,4,18.0779509697163,10.0659889818808
"1550",783,"FOUR-PLY INC.",3,5,10,51,200,"N","S",6,1,28,49,4,18.1783059520695,10.0659889818808
"1551",783,"SOUTH COAST LBR. CO.",1,5,10,51,200,"N","S",6,1,28,49,4,18.3438493744085,10.0659889818808
"1552",784,"NESBITT & KUHNS",4,5,10,51,60,"N","S",5,205,0,29,8,14.8722586425337,10.064202355576
"1553",784,"TAYLOR WESTBROOK",1,5,10,51,60,"N","S",5,205,0,29,8,15.069552707958,10.064202355576
"1554",784,"ALLEN L. BONNETT",6,5,10,51,60,"N","S",5,205,0,29,8,14.6627984183015,10.064202355576
"1555",784,"JOHN R. WOOD TRUCKING, IN",7,5,10,51,60,"N","S",5,205,0,29,8,14.6442021037592,10.064202355576
"1556",784,"O'DELL LOGGING CO.",5,5,10,51,60,"N","S",5,205,0,29,8,14.7559083651817,10.064202355576
"1557",784,"DUANE A. WILFONG",8,5,10,51,60,"N","S",5,205,0,29,8,14.6062380668631,10.064202355576
"1558",784,"FOSTER LOGGING",3,5,10,51,60,"N","S",5,205,0,29,8,14.9057545969619,10.064202355576
"1559",784,"COULSON LOGGING",2,5,10,51,60,"N","S",5,205,0,29,8,14.9629130108018,10.064202355576
"1560",785,"FOUR-PLY",2,5,10,51,684,"N","S",6,1,13,32,5,17.2389813681868,9.75666826558467
"1561",785,"BIG FLAT TIMBER CO.",3,5,10,51,684,"N","S",6,1,13,32,5,16.6719003011776,9.75666826558467
"1562",785,"SIMONSON LUMBER.",1,5,10,51,684,"N","S",6,1,13,32,5,17.2424893901119,9.75666826558467
"1563",785,"BROOKINGS PLYWOOD",4,5,10,51,684,"N","S",6,1,13,32,5,16.6139253964778,9.75666826558467
"1564",785,"SOUTH COAST LBR.",5,5,10,51,684,"N","S",6,1,13,32,5,16.6139253964778,9.75666826558467
"1565",786,"SCHMIDBAUER LUMBER, INC.",1,5,10,52,63,"N","S",5,205,0,25,1,15.9555767214605,10.0857674417953
"1566",787,"SCHMIDBAUER LUMBER, INC.",1,5,10,52,68,"N","S",5,205,0,32,1,16.2493870366395,10.0853506709299
"1567",788,"BROOKINGS PLYWOOD",2,5,10,52,37,"N","S",5,122,0,41,2,16.3281904362228,10.3408711362126
"1568",788,"SCHMIDBAUER LBR. INC.",1,5,10,52,37,"N","S",5,122,0,41,2,16.3356009370868,10.3408711362126
"1569",789,"BROOKINGS PLYWOOD",3,5,10,52,30,"N","S",5,4,0,38,3,16.0819984146684,9.85728653363541
"1570",789,"FOUR-PLY",2,5,10,52,30,"N","S",5,4,0,38,3,16.3223394009063,9.85728653363541
"1571",789,"EEL RIVER SAWMILLS",1,5,10,52,30,"N","S",5,4,0,38,3,16.3778950134907,9.85728653363541
"1572",790,"FOUR PLY",3,5,10,52,36,"N","S",5,205,0,40,4,13.9118166053642,10.1782743370022
"1573",790,"SCHMIDBAUER LBR. CO.",1,5,10,52,36,"N","S",5,205,0,40,4,14.9723367217955,10.1782743370022
"1574",790,"HOOKER MTN.",2,5,10,52,36,"N","S",5,205,0,40,4,14.2425133885272,10.1782743370022
"1575",790,"BROOKINGS PLYWOOD",4,5,10,52,36,"N","S",5,205,0,40,4,13.8427511412308,10.1782743370022
"1576",791,"L. JOHNSON",2,5,10,52,89,"Y","S",5,205,0,43,4,15.2231193931599,10.1740870450066
"1577",791,"FOUR-PLY",4,5,10,52,89,"Y","S",5,205,0,43,4,15.2014153432093,10.1740870450066
"1578",791,"BROOKINGS PLYWOOD",3,5,10,52,89,"Y","S",5,205,0,43,4,15.2226927416566,10.1740870450066
"1579",791,"EEL RIVER SAWMILLS",1,5,10,52,89,"Y","S",5,205,0,43,4,15.7601589112901,10.1740870450066
"1580",792,"SWF PLYWOOD",2,5,10,52,1379,"N","A",8,1,77,23,9,20.0142199389084,9.75944395695215
"1581",792,"LOUISIANA PACIFIC",4,5,10,52,1379,"N","A",8,1,77,23,9,19.8297964557485,9.75944395695215
"1582",792,"SIERRA-PACIFIC",1,5,10,52,1379,"N","A",8,1,77,23,9,20.0144475027873,9.75944395695215
"1583",792,"CAL-PACIFIC MFG. CO.",9,5,10,52,1379,"N","A",8,1,77,23,9,19.1983818260478,9.75944395695215
"1584",792,"RESERVATION RANCH",5,5,10,52,1379,"N","A",8,1,77,23,9,19.6698759268918,9.75944395695215
"1585",792,"EEL RIVER SAWMILLS",3,5,10,52,1379,"N","A",8,1,77,23,9,19.8578618793417,9.75944395695215
"1586",792,"BROOKINGS PLYWOOD",8,5,10,52,1379,"N","A",8,1,77,23,9,19.1983818260478,9.75944395695215
"1587",792,"FOUR-PLY",7,5,10,52,1379,"N","A",8,1,77,23,9,19.1983818260478,9.75944395695215
"1588",792,"BIG FLAT TBR. CO.",6,5,10,52,1379,"N","A",8,1,77,23,9,19.2287905420818,9.75944395695215
"1589",793,"BLAKE ARMSTRONG",1,5,10,53,2,"Y","S",5,1,0,40,2,14.052872546516,9.67124018697245
"1590",793,"M. P. RICHARDSON JR.",2,5,10,53,2,"Y","S",5,1,0,40,2,14.0454612877779,9.67124018697245
"1591",794,"BROOKINGS PLYWOOD CORP.",1,5,10,53,107,"N","S",5,1,11,16,5,16.9551396915871,10.073820870018
"1592",794,"SCHMIDBAUER LBR. INC.",5,5,10,53,107,"N","S",5,1,11,16,5,16.6491120619708,10.073820870018
"1593",794,"BIG FLAT TIMBER CO.",2,5,10,53,107,"N","S",5,1,11,16,5,16.871646252401,10.073820870018
"1594",794,"FOUR PLY INC.",4,5,10,53,107,"N","S",5,1,11,16,5,16.6510212610692,10.073820870018
"1595",794,"EEL RIVER SAWMILLS, INC.",3,5,10,53,107,"N","S",5,1,11,16,5,16.7202836722805,10.073820870018
"1596",795,"BLAKE ARMSTRONG",7,5,10,53,4,"N","S",5,2,0,26,12,14.3431932987967,9.54724108821546
"1597",795,"EEL RIVER SAWMILLS, INC.",6,5,10,53,4,"N","S",5,2,0,26,12,14.4125322264268,9.54724108821546
"1598",795,"JACK VISSER",12,5,10,53,4,"N","S",5,2,0,26,12,14.1010285404617,9.54724108821546
"1599",795,"ROY ROBINSON",4,5,10,53,4,"N","S",5,2,0,26,12,14.444279204588,9.54724108821546
"1600",795,"DALE FOSTER",2,5,10,53,4,"N","S",5,2,0,26,12,14.552674623941,9.54724108821546
"1601",795,"BROOKINGS PLYWOOD CORP.",1,5,10,53,4,"N","S",5,2,0,26,12,14.693060461522,9.54724108821546
"1602",795,"BIG FLAT TIMBER CO.",3,5,10,53,4,"N","S",5,2,0,26,12,14.4569733150241,9.54724108821546
"1603",795,"JOE GROSSER",9,5,10,53,4,"N","S",5,2,0,26,12,14.2090731108688,9.54724108821546
"1604",795,"NEIL MADSEN",8,5,10,53,4,"N","S",5,2,0,26,12,14.3313237232413,9.54724108821546
"1605",795,"STEVE MORRIS",10,5,10,53,4,"N","S",5,2,0,26,12,14.1302483024395,9.54724108821546
"1606",795,"HARVEY PAULSEN",11,5,10,53,4,"N","S",5,2,0,26,12,14.1016228990321,9.54724108821546
"1607",795,"M. P. RICHARDSON",5,5,10,53,4,"N","S",5,2,0,26,12,14.4306961970545,9.54724108821546
"1608",796,"EEL RIVER SAWMILLS, INC.",2,5,10,53,500,"Y","S",5,15,0,32,4,17.0849273943262,9.83344055422409
"1609",796,"FOUR-PLY, INC.",3,5,10,53,500,"Y","S",5,15,0,32,4,16.9333011595188,9.83344055422409
"1610",796,"BIG FLAT TIMBER CO.",1,5,10,53,500,"Y","S",5,15,0,32,4,17.1416898098151,9.83344055422409
"1611",796,"BROOKINGS PLYWOOD",4,5,10,53,500,"Y","S",5,15,0,32,4,16.8976911333442,9.83344055422409
"1612",797,"HYAMPOM LBR. CO.",2,5,10,53,150,"Y","S",5,1,0,11,2,15.087515772682,9.55435551776812
"1613",797,"BROOKINGS PLYWOOD CORP.",1,5,10,53,150,"Y","S",5,1,0,11,2,15.595568497218,9.55435551776812
"1614",798,"FOURPLY, INC.",4,5,10,53,400,"Y","S",5,1,0,23,4,16.1326502175172,9.65432081631268
"1615",798,"BROOKINGS PLYWOOD CORP.",3,5,10,53,400,"Y","S",5,1,0,23,4,16.3469309733676,9.65432081631268
"1616",798,"EEL RIVER SAWMILLS, INC.",1,5,10,53,400,"Y","S",5,1,0,23,4,16.4836584803668,9.65432081631268
"1617",798,"BIG FLAT TIMBER CO.",2,5,10,53,400,"Y","S",5,1,0,23,4,16.3856227190364,9.65432081631268
"1618",799,"BROOKINGS PLYWOOD CORP.",1,5,10,53,620,"Y","S",5,1,0,26,2,16.0692834865469,9.7626725558939
"1619",799,"FOURPLY, INC.",2,5,10,53,620,"Y","S",5,1,0,26,2,15.7690132392324,9.7626725558939
"1620",800,"EEL RIVER SAWMILLS, INC.",1,5,10,53,2845,"N","A",8,1,33,37,7,19.6783428349824,10.1398631726191
"1621",800,"FOUR-PLY, INC.",2,5,10,53,2845,"N","A",8,1,33,37,7,19.6778736002757,10.1398631726191
"1622",800,"SILLER BROS.",4,5,10,53,2845,"N","A",8,1,33,37,7,19.629309392993,10.1398631726191
"1623",800,"BIG FLAT TIMBER CO.",6,5,10,53,2845,"N","A",8,1,33,37,7,19.1988071965078,10.1398631726191
"1624",800,"J C TIMBER CO.",5,5,10,53,2845,"N","A",8,1,33,37,7,19.5509334854934,10.1398631726191
"1625",800,"BROOKINGS PLYWOOD",3,5,10,53,2845,"N","A",8,1,33,37,7,19.6550874044417,10.1398631726191
"1626",800,"SOUTH COAST LBR. CO.",7,5,10,53,2845,"N","A",8,1,33,37,7,18.630073383346,10.1398631726191
"1627",801,"L & L LUMBER CO.",3,5,10,53,4,"Y","S",5,1,0,7,3,13.3046849341983,9.53589609685605
"1628",801,"JOSEPH A. GROSSER",2,5,10,53,4,"Y","S",5,1,0,7,3,13.3046849341983,9.53589609685605
"1629",801,"BLAKE ARMSTRONG",1,5,10,53,4,"Y","S",5,1,0,7,3,13.3983285745817,9.53589609685605
"1630",802,"BROOKINGS PLYWOOD",2,5,10,53,52,"Y","S",5,1,0,11,2,14.7714411459083,9.557823197546
"1631",802,"SUMMIT CONTRACTORS",1,5,10,53,52,"Y","S",5,1,0,11,2,14.9516838498955,9.557823197546
"1632",803,"SUMMIT CONTRACTORS",1,5,10,53,10,"Y","S",5,1,0,11,3,14.7312455354356,9.6310881036155
"1633",803,"BROOKINGS PLYWOOD",2,5,10,53,10,"Y","S",5,1,0,11,3,14.7044300930423,9.6310881036155
"1634",803,"FOUR-PLY",3,5,10,53,10,"Y","S",5,1,0,11,3,14.6821613647244,9.6310881036155
"1635",804,"JOE GROSSER",1,5,10,53,10,"Y","S",5,1,0,5,2,13.4986660313813,9.4631203924187
"1636",804,"BLAKE ARMSTRONG",2,5,10,53,10,"Y","S",5,1,0,5,2,13.4278475480158,9.4631203924187
"1637",805,"LITTLEPAGE & O'HANEN",2,5,10,53,122,"Y","S",5,1,0,48,2,15.0630277916196,9.64205785122841
"1638",805,"HOOKER MTN.",1,5,10,53,122,"Y","S",5,1,0,48,2,15.2628793220868,9.64205785122841
"1639",806,"SUMMIT CONTRACTORS",3,5,10,53,40,"Y","S",5,1,0,18,5,14.8732161263008,9.65457737458489
"1640",806,"BROOKINGS PLYWOOD",2,5,10,53,40,"Y","S",5,1,0,18,5,15.0781814235978,9.65457737458489
"1641",806,"LITTLEPAGE & O'HANEN",1,5,10,53,40,"Y","S",5,1,0,18,5,15.1498008458374,9.65457737458489
"1642",806,"MIKE LAPP",4,5,10,53,40,"Y","S",5,1,0,18,5,14.2744532398506,9.65457737458489
"1643",806,"FOUR-PLY INC",5,5,10,53,40,"Y","S",5,1,0,18,5,13.8488960098167,9.65457737458489
"1644",807,"ROBERT ANGELINI",1,5,10,54,2,"N","D",5,205,0,5,1,12.5709761418822,10.1127349986582
"1645",808,"WHITE TOP LOG. & CONST.",7,5,10,54,5300,"N","A",8,25,178,96,7,19.5484394521093,10.0328038240062
"1646",808,"FOUR-PLY, INC.",6,5,10,54,5300,"N","A",8,25,178,96,7,19.5484394521093,10.0328038240062
"1647",808,"EEL RIVER SAWMILLS",1,5,10,54,5300,"N","A",8,25,178,96,7,20.1338316155682,10.0328038240062
"1648",808,"TWIN HARBORS LBR. CO.",3,5,10,54,5300,"N","A",8,25,178,96,7,20.1304652231846,10.0328038240062
"1649",808,"SILLER BROS., INC.",5,5,10,54,5300,"N","A",8,25,178,96,7,19.5484394521093,10.0328038240062
"1650",808,"PHILO LUMBER CO.",4,5,10,54,5300,"N","A",8,25,178,96,7,20.1275103047949,10.0328038240062
"1651",808,"HARWOOD INVESTMENTS",2,5,10,54,5300,"N","A",8,25,178,96,7,20.1336215477281,10.0328038240062
"1652",809,"EEL RIVER SAWMILLS",4,5,10,54,4600,"N","A",7,15,53,65,5,18.2173949654726,9.92969121803277
"1653",809,"PHILO LUMBER CO.",2,5,10,54,4600,"N","A",7,15,53,65,5,18.6583147989689,9.92969121803277
"1654",809,"TWIN HARBORS",5,5,10,54,4600,"N","A",7,15,53,65,5,17.9290775138201,9.92969121803277
"1655",809,"SCHMIDBAUER LBR.",3,5,10,54,4600,"N","A",7,15,53,65,5,18.4354166354252,9.92969121803277
"1656",809,"HARWOOD INVESTMENTS",1,5,10,54,4600,"N","A",7,15,53,65,5,18.661191803202,9.92969121803277
"1657",810,"LOUISIANA-PACIFIC CORP.",3,5,11,51,4558,"N","A",7,15,23,24,3,17.4141991312737,9.92014799342924
"1658",810,"BRUNSWICK TIMBER PRODUCTS",2,5,11,51,4558,"N","A",7,15,23,24,3,17.5117893195592,9.92014799342924
"1659",810,"SIERRA PACIFIC INDUSTRIES",1,5,11,51,4558,"N","A",7,15,23,24,3,17.5149903791368,9.92014799342924
"1660",812,"PUBLISHERS FOR PROD CO OF",1,5,11,52,252,"N","S",6,15,0,22,2,15.4337397139277,9.92387824218386
"1661",812,"LOUISIANA-PACIFIC CORP",2,5,11,52,252,"N","S",6,15,0,22,2,13.418668167147,9.92387824218386
"1662",813,"GRIGSBY LOG AND LUMBER",2,5,11,52,2000,"Y","S",5,15,0,27,3,14.6470578845102,9.88440666472334
"1663",813,"ESSEX LUMBER COMPANY, INC",1,5,11,52,2000,"Y","S",5,15,0,27,3,15.2329134906864,9.88440666472334
"1664",813,"DONALD L. HOWARD",3,5,11,52,2000,"Y","S",5,15,0,27,3,14.2622903392067,9.88440666472334
"1665",814,"PUBLISHERS FOREST PRODUCT",5,5,11,52,200,"N","S",6,15,4,18,7,17.426219529863,9.87436765396228
"1666",814,"LOUISIANA-PACIFIC CORP.",2,5,11,52,200,"N","S",6,15,4,18,7,17.5302163719781,9.87436765396228
"1667",814,"COLLINS PINE COMPANY",4,5,11,52,200,"N","S",6,15,4,18,7,17.4356707638673,9.87436765396228
"1668",814,"COIN TIMBER CO.",6,5,11,52,200,"N","S",6,15,4,18,7,17.3590216958173,9.87436765396228
"1669",814,"DIAMOND INTERNATIONAL COR",3,5,11,52,200,"N","S",6,15,4,18,7,17.4924067487173,9.87436765396228
"1670",814,"SIERRA PACIFIC INDUSTRIES",1,5,11,52,200,"N","S",6,15,4,18,7,17.6975330135948,9.87436765396228
"1671",814,"PAUL BUNYAN LUMBER CO.",7,5,11,52,200,"N","S",6,15,4,18,7,17.3119929675993,9.87436765396228
"1672",816,"COIN TIMBER COMPANY",1,5,11,52,2120,"N","S",8,25,7,24,7,19.4966218389189,9.82070359105721
"1673",816,"SIERRA-PACIFIC INDUSTRIES",6,5,11,52,2120,"N","S",8,25,7,24,7,19.1978268728582,9.82070359105721
"1674",816,"SILLER BROS., INC.",3,5,11,52,2120,"N","S",8,25,7,24,7,19.4386357166695,9.82070359105721
"1675",816,"ERICKSON LUMBER CO.",2,5,11,52,2120,"N","S",8,25,7,24,7,19.470715905757,9.82070359105721
"1676",816,"PAUL BUNYAN LUMBER CO.",7,5,11,52,2120,"N","S",8,25,7,24,7,19.0359659456536,9.82070359105721
"1677",816,"LOUISIANA-PACIFIC CORP.",5,5,11,52,2120,"N","S",8,25,7,24,7,19.2846003797667,9.82070359105721
"1678",816,"DIAMOND INTERNATIONAL COR",4,5,11,52,2120,"N","S",8,25,7,24,7,19.3973802814151,9.82070359105721
"1679",817,"J & D FOREST PRODUCTS",5,5,11,52,3500,"Y","S",5,15,0,19,7,15.7404378120529,9.8151480212126
"1680",817,"DON HOWARD TRUCKING",1,5,11,52,3500,"Y","S",5,15,0,19,7,16.4023004346431,9.8151480212126
"1681",817,"SIERRA PACIFIC INDUSTRIES",3,5,11,52,3500,"Y","S",5,15,0,19,7,16.1845432860775,9.8151480212126
"1682",817,"KEPIT ENTERPRISES",4,5,11,52,3500,"Y","S",5,15,0,19,7,15.9057745748213,9.8151480212126
"1683",817,"KENNETH PETREY",7,5,11,52,3500,"Y","S",5,15,0,19,7,14.8802385361874,9.8151480212126
"1684",817,"EARL STANFORD",2,5,11,52,3500,"Y","S",5,15,0,19,7,16.1881859200842,9.8151480212126
"1685",817,"J. W. FISHER LOGGING",6,5,11,52,3500,"Y","S",5,15,0,19,7,15.4051640429366,9.8151480212126
"1686",818,"LOUISIANA-PACIFIC CORP.",1,5,11,53,4200,"Y","S",6,81,0,15,1,13.6854018726173,10.2764294689387
"1687",819,"JOHN R. SKOVERSKI",5,5,11,53,4180,"Y","S",5,15,0,48,6,12.8891164585274,9.47278155656217
"1688",819,"TED PEARSON",4,5,11,53,4180,"Y","S",5,15,0,48,6,12.9620514225102,9.47278155656217
"1689",819,"DAVID ELAM",1,5,11,53,4180,"Y","S",5,15,0,48,6,13.4607167008148,9.47278155656217
"1690",819,"JAMES W. BAMFORD",3,5,11,53,4180,"Y","S",5,15,0,48,6,13.1348254027954,9.47278155656217
"1691",819,"MOBILE LUMBER",6,5,11,53,4180,"Y","S",5,15,0,48,6,12.8274498878346,9.47278155656217
"1692",819,"MILFORD R. WELKER",2,5,11,53,4180,"Y","S",5,15,0,48,6,13.2854477470107,9.47278155656217
"1693",820,"DIAMOND INTERNATIONAL COR",4,5,11,53,1020,"N","S",7,15,60,56,10,18.8968034881687,9.9394336793096
"1694",820,"SILLER BROS.",5,5,11,53,1020,"N","S",7,15,60,56,10,18.889126034619,9.9394336793096
"1695",820,"SIERRA MOUNTAIN MILLS",7,5,11,53,1020,"N","S",7,15,60,56,10,18.6748264049532,9.9394336793096
"1696",820,"SOPER-WHEELER CO.",8,5,11,53,1020,"N","S",7,15,60,56,10,18.5482025149198,9.9394336793096
"1697",820,"BRUNSWICK TIMBER PRODUCTS",9,5,11,53,1020,"N","S",7,15,60,56,10,18.5392812231885,9.9394336793096
"1698",820,"PAUL BUNYAN LUMBER CO.",10,5,11,53,1020,"N","S",7,15,60,56,10,18.4470379216048,9.9394336793096
"1699",820,"LOUISIANA-PACIFIC CORP",2,5,11,53,1020,"N","S",7,15,60,56,10,19.1385173663659,9.9394336793096
"1700",820,"LAUSMANN LUMBER & MOULDIN",6,5,11,53,1020,"N","S",7,15,60,56,10,18.6830333160438,9.9394336793096
"1701",820,"WETSEL-OVIATT LUMBER CO.",1,5,11,53,1020,"N","S",7,15,60,56,10,19.1634741031492,9.9394336793096
"1702",820,"ERICKSON LUMBER CO.",3,5,11,53,1020,"N","S",7,15,60,56,10,18.9113870854923,9.9394336793096
"1703",821,"DIAMOND INTERNATIONAL",1,5,11,53,270,"N","A",6,15,0,46,5,17.7541950851888,9.96894752400791
"1704",821,"LOUISIANA PACIFIC",2,5,11,53,270,"N","A",6,15,0,46,5,17.7483181593799,9.96894752400791
"1705",821,"SIERRA MTN. MILLS",5,5,11,53,270,"N","A",6,15,0,46,5,16.9712380416135,9.96894752400791
"1706",821,"ERICKSON LUMBER CO.",3,5,11,53,270,"N","A",6,15,0,46,5,17.7005755391938,9.96894752400791
"1707",821,"SILLER BROS.",4,5,11,53,270,"N","A",6,15,0,46,5,17.5346673425243,9.96894752400791
"1708",822,"BRUNSWICK TIMBER PROD.",2,5,11,53,100,"N","S",5,81,0,42,4,16.6633400925948,10.1401789163956
"1709",822,"LOUISIANA-PACIFIC CORP",3,5,11,53,100,"N","S",5,81,0,42,4,16.5880574043273,10.1401789163956
"1710",822,"ERICKSON LUMBER COMPANY",1,5,11,53,100,"N","S",5,81,0,42,4,16.8310773210519,10.1401789163956
"1711",822,"HEYREND LUMBER COMPANY",4,5,11,53,100,"N","S",5,81,0,42,4,16.1724768229409,10.1401789163956
"1712",823,"LOUISIANA-PACIFIC CORP.",1,5,11,53,4200,"Y","S",6,81,0,15,1,13.6854018726173,10.2764294689387
"1713",824,"ERICKSON LUMBER CO.",3,5,11,54,1510,"N","S",6,81,14,26,7,17.8068627242443,10.1394683526518
"1714",824,"PAUL BUNYAN LUMBER CO.",4,5,11,54,1510,"N","S",6,81,14,26,7,17.7329614059667,10.1394683526518
"1715",824,"LOUISIANA-PACIFIC CORP.",5,5,11,54,1510,"N","S",6,81,14,26,7,17.4762705909305,10.1394683526518
"1716",824,"SILLER BROTHERS, INC.",1,5,11,54,1510,"N","S",6,81,14,26,7,18.0696877698631,10.1394683526518
"1717",824,"HEYREND LUMBER CO.",7,5,11,54,1510,"N","S",6,81,14,26,7,17.2678138331222,10.1394683526518
"1718",824,"SIERRA PACIFIC IND.",6,5,11,54,1510,"N","S",6,81,14,26,7,17.4518862485263,10.1394683526518
"1719",824,"DIAMOND INT'L. CORP.",2,5,11,54,1510,"N","S",6,81,14,26,7,17.8793328522942,10.1394683526518
"1720",825,"SILLER BROS., INC.",3,5,11,54,35000,"Y","S",5,15,0,34,6,15.5854231117623,9.51051903575725
"1721",825,"NORTHWEST PACIFIC RESOURC",2,5,11,54,35000,"Y","S",5,15,0,34,6,15.6075066658579,9.51051903575725
"1722",825,"B&L LOGGING & CONSTRUCTIO",6,5,11,54,35000,"Y","S",5,15,0,34,6,15.5344161401399,9.51051903575725
"1723",825,"EARL SANFORD",5,5,11,54,35000,"Y","S",5,15,0,34,6,15.5397225392066,9.51051903575725
"1724",825,"HEYREND LUMBER CO.",1,5,11,54,35000,"Y","S",5,15,0,34,6,16.1494101925405,9.51051903575725
"1725",825,"ZANE BUTTERFIELD",4,5,11,54,35000,"Y","S",5,15,0,34,6,15.5664653936325,9.51051903575725
"1726",826,"LOUISIANA PACIFIC",1,5,11,54,700,"N","A",6,15,22,38,2,15.5049216371925,9.90193635004339
"1727",826,"HEYREND LUMBER CO.",2,5,11,54,700,"N","A",6,15,22,38,2,15.4780303642878,9.90193635004339
"1728",827,"SIERRA PACIFIC IND. FRD",1,5,11,54,5974,"N","A",8,15,0,27,4,19.6707738658628,9.92348623904282
"1729",827,"SILLER BROS., INC.",3,5,11,54,5974,"N","A",8,15,0,27,4,19.2935807683194,9.92348623904282
"1730",827,"DIAMOND INT'L CORP.",4,5,11,54,5974,"N","A",8,15,0,27,4,18.504099592198,9.92348623904282
"1731",827,"LOUISIANA PACIFIC CORP.",2,5,11,54,5974,"N","A",8,15,0,27,4,19.6702509065776,9.92348623904282
"1732",828,"LOUISIANA PACIFIC CORP.",3,5,11,54,3934,"N","A",8,15,1,29,3,19.9252087947244,9.93435617619859
"1733",828,"SIERRA PACIFIC IND. FRD",1,5,11,54,3934,"N","A",8,15,1,29,3,20.0394051233664,9.93435617619859
"1734",828,"DIAMOND INTERNATIONAL",2,5,11,54,3934,"N","A",8,15,1,29,3,20.0391477907912,9.93435617619859
"1735",829,"THOMAS A. GLENN",2,5,11,55,2713,"Y","S",5,15,0,19,2,14.5880463861933,9.33556233672956
"1736",829,"RUDISILL & FULK LOGGING",1,5,11,55,2713,"Y","S",5,15,0,19,2,14.8826751782726,9.33556233672956
"1737",830,"THOMAS A. GLENN",1,5,11,55,3367,"Y","S",5,150,0,26,2,14.6785587284427,9.6046771222965
"1738",830,"SIERRA PACIFIC INDUSTRIES",2,5,11,55,3367,"Y","S",5,150,0,26,2,14.4198265248176,9.6046771222965
"1739",831,"THOMAS A. GLENN",3,5,11,55,2240,"Y","S",5,15,0,19,3,14.6011913399272,9.33556233672956
"1740",831,"SIERRA PACIFIC INDUSTRIES",1,5,11,55,2240,"Y","S",5,15,0,19,3,14.7929904581509,9.33556233672956
"1741",831,"RUDISILL & FULK",2,5,11,55,2240,"Y","S",5,15,0,19,3,14.7617871853287,9.33556233672956
"1742",832,"FRANCIS MCGARR",3,5,11,55,2280,"Y","S",5,15,0,25,3,13.2118749596078,9.30574145673943
"1743",832,"KEPIT ENTERPRISES",1,5,11,55,2280,"Y","S",5,15,0,25,3,13.6581547471881,9.30574145673943
"1744",832,"MARK BROWN",2,5,11,55,2280,"Y","S",5,15,0,25,3,13.213154269686,9.30574145673943
"1745",833,"ALVIN AMODEI",2,5,11,55,2890,"Y","S",5,15,0,26,2,13.594851417943,9.15915233520675
"1746",833,"FRANCIS P. MCGARR",1,5,11,55,2890,"Y","S",5,15,0,26,2,13.6301744620094,9.15915233520675
"1747",834,"SIERRA-PACIFIC IND. ELD",1,5,11,55,2750,"Y","A",7,25,0,30,2,17.057307280521,9.77354969542174
"1748",834,"COLUMBIA HELICOPTER",2,5,11,55,2750,"Y","A",7,25,0,30,2,17.0524934558415,9.77354969542174
"1749",835,"COLLINS PINE COMPANY",5,5,11,56,3430,"N","A",7,15,0,13,5,18.8602455907625,9.8997806906048
"1750",835,"DIAMOND INTERNATIONAL COR",2,5,11,56,3430,"N","A",7,15,0,13,5,19.6448555075955,9.8997806906048
"1751",835,"ESSEX LUMBER COMPANY, INC",4,5,11,56,3430,"N","A",7,15,0,13,5,19.1185208952785,9.8997806906048
"1752",835,"SIERRA PACIFIC INDUSTRIES",1,5,11,56,3430,"N","A",7,15,0,13,5,19.645310663337,9.8997806906048
"1753",835,"LOUSISANA-PACIFIC CORP.",3,5,11,56,3430,"N","A",7,15,0,13,5,19.1322307981004,9.8997806906048
"1754",836,"SIERRA PACIFIC INDUSTRIES",2,5,11,56,100,"Y","S",5,15,0,15,2,14.0862633859985,9.67696329306244
"1755",836,"NW PACIFIC RESOURCES",1,5,11,56,100,"Y","S",5,15,0,15,2,14.1382156030641,9.67696329306244
"1756",837,"SIERRA PACIFIC INDUSTRIES",1,5,11,56,5156,"N","A",8,15,10,27,4,19.4921876792104,9.94640335351296
"1757",837,"DIAMOND INTERNATIONAL COR",2,5,11,56,5156,"N","A",8,15,10,27,4,19.4917237346688,9.94640335351296
"1758",837,"LOUISIANA-PACIFIC CORP",3,5,11,56,5156,"N","A",8,15,10,27,4,18.8570604338466,9.94640335351296
"1759",837,"SILLER BROS., INC.",4,5,11,56,5156,"N","A",8,15,10,27,4,18.8570604338466,9.94640335351296
"1760",838,"SIERRA-PACIFIC IND. FRD",1,5,11,56,387,"Y","A",6,81,0,13,4,17.5656317375647,10.0750430291772
"1761",838,"DIAMOND INTERNATIONAL",2,5,11,56,387,"Y","A",6,81,0,13,4,17.5619964366575,10.0750430291772
"1762",838,"SUMMIT CONTRACTORS",4,5,11,56,387,"Y","A",6,81,0,13,4,16.8717961566755,10.0750430291772
"1763",838,"ESSEX LUMBER CO. INC.",3,5,11,56,387,"Y","A",6,81,0,13,4,17.0561251737692,10.0750430291772
"1764",839,"CLOVER LOGGING CO., INC",1,5,11,56,10,"Y","D",5,15,0,14,1,12.2931306880976,9.39274525863144
"1765",840,"GOLDEN BEAR FOREST PRODS.",1,5,12,55,429,"N","S",5,81,0,55,1,13.4799525033513,10.2387447656008
"1766",841,"YANCEY LUMBER CO.",3,5,13,51,2296,"N","S",8,25,0,56,3,18.3108436678771,9.8501395170342
"1767",841,"THE WICKES CORP.",1,5,13,51,2296,"N","S",8,25,0,56,3,18.9602130011419,9.8501395170342
"1768",841,"SIERRA FOREST PRODUCTS",2,5,13,51,2296,"N","S",8,25,0,56,3,18.6463451951268,9.8501395170342
"1769",842,"SIERRA FOREST PRODUCTS",1,5,13,52,279,"N","S",5,25,0,25,2,16.392741874739,9.80250632268201
"1770",842,"THE WICKES CORPORATION",2,5,13,52,279,"N","S",5,25,0,25,2,16.4641645491098,9.80250632268201
"1771",843,"THE WICKES CORPORATION",1,5,13,52,780,"N","S",5,25,0,47,1,14.7568208733582,10.1417167412684
"1772",844,"THE WICKES CORPORATION",1,5,13,52,780,"N","S",5,25,0,47,1,13.7109042023007,9.85665796517933
"1773",845,"SIERRA FOREST PRODUCTS",1,5,13,53,2310,"N","S",7,25,0,12,5,18.5483762659614,9.83499455609083
"1774",845,"LOUISIANA-PACIFIC CORP.",5,5,13,53,2310,"N","S",7,25,0,12,5,18.1954480118189,9.83499455609083
"1775",845,"WICKES CORPORATION",3,5,13,53,2310,"N","S",7,25,0,12,5,18.3360342048916,9.83499455609083
"1776",845,"GOLDEN BEAR FOR. PROD.",2,5,13,53,2310,"N","S",7,25,0,12,5,18.4038773544426,9.83499455609083
"1777",845,"AMER. FOR. PROD. CORP.",4,5,13,53,2310,"N","S",7,25,0,12,5,18.2441497494455,9.83499455609083
"1778",846,"SUMMIT CONTRACTORS",1,5,14,51,90,"Y","S",5,1,0,47,4,15.0680683625578,9.89444680788398
"1779",846,"EARL STANFORD",2,5,14,51,90,"Y","S",5,1,0,47,4,14.6901764731427,9.89444680788398
"1780",846,"BILL SCHMITT",4,5,14,51,90,"Y","S",5,1,0,47,4,14.611632109602,9.89444680788398
"1781",846,"SPENCE BROS.",3,5,14,51,90,"Y","S",5,1,0,47,4,14.6121164468924,9.89444680788398
"1782",847,"EARL STANFORD",3,5,14,51,116,"Y","S",5,15,0,9,4,13.6196440815169,9.77809438312807
"1783",847,"BILL SCHMITT",2,5,14,51,116,"Y","S",5,15,0,9,4,13.6998235740558,9.77809438312807
"1784",847,"MCKENZIE&ANDREWS LOGGING",1,5,14,51,116,"Y","S",5,15,0,9,4,13.8616056651565,9.77809438312807
"1785",847,"VANCE PIERCE",4,5,14,51,116,"Y","S",5,15,0,9,4,13.5724180936547,9.77809438312807
"1786",848,"SUMMIT CONTRACTORS",3,5,14,51,292,"Y","S",5,1,0,21,3,15.1164308373585,9.89993123633335
"1787",848,"TWIN HARBORS",2,5,14,51,292,"Y","S",5,1,0,21,3,15.1168821775579,9.89993123633335
"1788",848,"KIMBERLY-CLARK CORP.",1,5,14,51,292,"Y","S",5,1,0,21,3,15.1464481166614,9.89993123633335
"1789",849,"SIERRA-PACIFIC",2,5,14,51,1480,"N","S",7,1,62,19,9,19.0596610316083,9.7111762641128
"1790",849,"PAUL BUNYAN LBR. CO.",8,5,14,51,1480,"N","S",7,1,62,19,9,18.6159983188149,9.7111762641128
"1791",849,"KIMBERLY-CLARK",7,5,14,51,1480,"N","S",7,1,62,19,9,18.684927850145,9.7111762641128
"1792",849,"LOUISIANA-PACIFIC CORP.",4,5,14,51,1480,"N","S",7,1,62,19,9,18.9803788142168,9.7111762641128
"1793",849,"CAL-PACIFIC MFG. CO.",5,5,14,51,1480,"N","S",7,1,62,19,9,18.8438940829471,9.7111762641128
"1794",849,"MARK J. WIENERT",3,5,14,51,1480,"N","S",7,1,62,19,9,19.0285956911803,9.7111762641128
"1795",849,"DIAMOND INTERNATIONAL",1,5,14,51,1480,"N","S",7,1,62,19,9,19.1060759554901,9.7111762641128
"1796",849,"FOURPLY, INC.",6,5,14,51,1480,"N","S",7,1,62,19,9,18.7327680706379,9.7111762641128
"1797",849,"TWIN HARBORS LBR. CO.",9,5,14,51,1480,"N","S",7,1,62,19,9,18.3964987009991,9.7111762641128
"1798",850,"BILL SCHMITT LOGGING",1,5,14,51,318,"Y","S",5,15,0,86,4,15.3079965892374,9.83156181296454
"1799",850,"SUMMIT CONTRACTORS",2,5,14,51,318,"Y","S",5,15,0,86,4,15.1447317957245,9.83156181296454
"1800",850,"WW ENGLAND",3,5,14,51,318,"Y","S",5,15,0,86,4,15.0685420618294,9.83156181296454
"1801",850,"TWIN HARBORS LUMBER CO.",4,5,14,51,318,"Y","S",5,15,0,86,4,14.8672199005461,9.83156181296454
"1802",851,"SUMMIT CONTRACTORS",2,5,14,51,1280,"Y","S",5,25,0,86,2,14.7955712657207,9.84559357411723
"1803",851,"TWIN HARBORS LUMBER CO.",1,5,14,51,1280,"Y","S",5,25,0,86,2,15.0864990003388,9.84559357411723
"1804",852,"SIERRA PACIFIC IND.",1,5,14,51,2900,"N","S",7,15,92,50,4,19.1094227359009,9.93981948178352
"1805",852,"LOUISIANA-PACIFIC CORP.",4,5,14,51,2900,"N","S",7,15,92,50,4,18.602740599839,9.93981948178352
"1806",852,"DIAMOND INTERNATIONAL",2,5,14,51,2900,"N","S",7,15,92,50,4,18.869665005974,9.93981948178352
"1807",852,"PAUL BUNYAN LBR. CO.",3,5,14,51,2900,"N","S",7,15,92,50,4,18.7889284642437,9.93981948178352
"1808",853,"LOUISIANA PACIFIC",2,5,14,51,186,"N","S",7,15,40,67,6,18.4258036991801,9.95948974265141
"1809",853,"SIERRA-PACIFIC IND.",1,5,14,51,186,"N","S",7,15,40,67,6,18.4549511282676,9.95948974265141
"1810",853,"FOURPLY, INC.",6,5,14,51,186,"N","S",7,15,40,67,6,18.0711601181673,9.95948974265141
"1811",853,"DIAMOND INTERNATIONAL",3,5,14,51,186,"N","S",7,15,40,67,6,18.3515921000222,9.95948974265141
"1812",853,"TWIN HARBORS LBR. CO.",4,5,14,51,186,"N","S",7,15,40,67,6,18.2614512102202,9.95948974265141
"1813",853,"PAUL BUNYAN LBR. CO.",5,5,14,51,186,"N","S",7,15,40,67,6,18.1599334514808,9.95948974265141
"1814",855,"KIMBERLY-CLARK CORP.",2,5,14,51,1670,"N","S",7,1,3,27,6,17.9672525795267,9.73109652441908
"1815",855,"PAUL BUNYAN LBR. CO.",3,5,14,51,1670,"N","S",7,1,3,27,6,17.9118863890955,9.73109652441908
"1816",855,"MARK WIENERT",5,5,14,51,1670,"N","S",7,1,3,27,6,20.3017240894199,9.73109652441908
"1817",855,"DIAMOND INTERNATIONAL",1,5,14,51,1670,"N","S",7,1,3,27,6,17.9863731619782,9.73109652441908
"1818",855,"CHAMPION INTERNATIONAL",4,5,14,51,1670,"N","S",7,1,3,27,6,17.9113539963101,9.73109652441908
"1819",855,"SIERRA-PACIFIC IND.",6,5,14,51,1670,"N","S",7,1,3,27,6,17.3591329994211,9.73109652441908
"1820",856,"SUMMIT CONTRACTORS",1,5,14,51,1980,"Y","S",5,1,0,45,1,13.8040349644892,9.9735265433161
"1821",857,"VANCE PIERCE",4,5,14,51,1164,"Y","S",5,1,0,86,5,15.0005265112245,9.80736204043875
"1822",857,"MCKENZIE & ANDREWS",5,5,14,51,1164,"Y","S",5,1,0,86,5,14.9108842747819,9.80736204043875
"1823",857,"SUMMIT CONTRACTORS",1,5,14,51,1164,"Y","S",5,1,0,86,5,15.6850996724641,9.80736204043875
"1824",857,"EARL STANFORD",2,5,14,51,1164,"Y","S",5,1,0,86,5,15.2803036662331,9.80736204043875
"1825",857,"BILL SCHMITT LOGGING",3,5,14,51,1164,"Y","S",5,1,0,86,5,15.0452972971832,9.80736204043875
"1826",858,"SUMMIT CONTRACTORS",1,5,14,51,620,"Y","D",5,15,2,46,1,15.0992681905619,9.70485367024987
"1827",859,"KIMBERLY-CLARK",8,5,14,52,1277,"N","A",7,117,66,22,8,17.3397511901366,10.143094829881
"1828",859,"CAL PACIFIC",6,5,14,52,1277,"N","A",7,117,66,22,8,17.3397511901366,10.143094829881
"1829",859,"PAUL BUNYAN",4,5,14,52,1277,"N","A",7,117,66,22,8,17.9835051303487,10.143094829881
"1830",859,"TWIN HARBORS",5,5,14,52,1277,"N","A",7,117,66,22,8,17.8763827867282,10.143094829881
"1831",859,"LOUISIANA PACIFIC",2,5,14,52,1277,"N","A",7,117,66,22,8,18.3733417263602,10.143094829881
"1832",859,"FOURPLY, INC.",7,5,14,52,1277,"N","A",7,117,66,22,8,17.3397511901366,10.143094829881
"1833",859,"EEL RIVER",3,5,14,52,1277,"N","A",7,117,66,22,8,18.3680486590477,10.143094829881
"1834",859,"SIERRA PACIFIC IND.",1,5,14,52,1277,"N","A",7,117,66,22,8,18.3736824234718,10.143094829881
"1835",860,"M.P.RICHARDSON, JR.",2,5,14,52,45,"Y","S",5,15,0,17,6,15.5676081233954,9.70412156113292
"1836",860,"TROY CHURCH AND SONS",1,5,14,52,45,"Y","S",5,15,0,17,6,15.6440854460971,9.70412156113292
"1837",860,"TRINITY PACIFIC",4,5,14,52,45,"Y","S",5,15,0,17,6,15.2879362839767,9.70412156113292
"1838",860,"RICHARD A.HALL LOGGING",3,5,14,52,45,"Y","S",5,15,0,17,6,15.3415644701521,9.70412156113292
"1839",860,"GOR-CAM LOGGING",6,5,14,52,45,"Y","S",5,15,0,17,6,15.1366315297938,9.70412156113292
"1840",860,"THREE RIVERS LOGGING",5,5,14,52,45,"Y","S",5,15,0,17,6,15.2323629791828,9.70412156113292
"1841",861,"LOUISIANA-PACIFIC CORP.",6,5,14,52,480,"N","S",6,15,26,4,6,17.3069598936035,9.77866101958928
"1842",861,"DIAMOND INTERNATIONAL",1,5,14,52,480,"N","S",6,15,26,4,6,17.4758349184526,9.77866101958928
"1843",861,"SIERRA PACIFIC IND.",3,5,14,52,480,"N","S",6,15,26,4,6,17.3970428020271,9.77866101958928
"1844",861,"TRINITY PACIFIC WOOD",4,5,14,52,480,"N","S",6,15,26,4,6,17.3680045504708,9.77866101958928
"1845",861,"CAL-PACIFIC MFG. CO.",2,5,14,52,480,"N","S",6,15,26,4,6,17.4620460265837,9.77866101958928
"1846",861,"KIMBERLY-CLARK CORP.",5,5,14,52,480,"N","S",6,15,26,4,6,17.3478823901772,9.77866101958928
"1847",862,"MCKENZIE & ANDREWS",2,5,14,52,10,"Y","S",5,1,0,18,5,13.8206742033711,0
"1848",862,"WOODROW ENGLAND",3,5,14,52,10,"Y","S",5,1,0,18,5,13.8054602221108,0
"1849",862,"KENNETH PETREY",4,5,14,52,10,"Y","S",5,1,0,18,5,13.6303850738376,0
"1850",862,"TRINITY PACIFIC",5,5,14,52,10,"Y","S",5,1,0,18,5,13.5975759166921,0
"1851",862,"BLAKE ARMSTRONG",1,5,14,52,10,"Y","S",5,1,0,18,5,13.9199606593207,0
"1852",863,"KENNETH PETREY",3,5,14,52,800,"Y","S",5,1,0,14,4,15.4159077257462,NA
"1853",863,"TRINITY PACIFIC",1,5,14,52,800,"Y","S",5,1,0,14,4,15.631881823509,NA
"1854",863,"GOR CAM LOGGING",2,5,14,52,800,"Y","S",5,1,0,14,4,15.609268029855,NA
"1855",863,"MCKENZIE & ANDREWS",4,5,14,52,800,"Y","S",5,1,0,14,4,15.3124738202995,NA
"1856",864,"FOURPLY, INC.",4,5,14,52,1455,"N","A",7,15,42,14,5,17.390946920227,9.8868499113831
"1857",864,"PAUL BUNYAN LUMBER",5,5,14,52,1455,"N","A",7,15,42,14,5,17.390946920227,9.8868499113831
"1858",864,"LOUISIANA PACIFIC CORP.",3,5,14,52,1455,"N","A",7,15,42,14,5,17.4007724210888,9.8868499113831
"1859",864,"CAL-PACIFIC MFG.",2,5,14,52,1455,"N","A",7,15,42,14,5,18.3084388278977,9.8868499113831
"1860",864,"SIERRA PACIFIC IND.",1,5,14,52,1455,"N","A",7,15,42,14,5,18.3089197891135,9.8868499113831
"1861",865,"PAUL BUNYAN LBR. CO.",6,5,14,52,710,"N","S",6,15,43,16,6,16.6441073799085,9.90178610589637
"1862",865,"FOURPLY, INC.",3,5,14,52,710,"N","S",6,15,43,16,6,17.054671246775,9.90178610589637
"1863",865,"SWF PLYWOOD CO.",5,5,14,52,710,"N","S",6,15,43,16,6,16.7739354867077,9.90178610589637
"1864",865,"LOUISIANA-PACIFIC CORP.",4,5,14,52,710,"N","S",6,15,43,16,6,16.9626669404843,9.90178610589637
"1865",865,"CAL-PACIFIC MFG. CO.",2,5,14,52,710,"N","S",6,15,43,16,6,17.5335215385845,9.90178610589637
"1866",865,"SIERRA PACIFIC INDUSTRIES",1,5,14,52,710,"N","S",6,15,43,16,6,17.5872433815233,9.90178610589637
"1867",866,"HOOKER MOUNTAIN",2,5,14,52,2040,"Y","S",5,1,0,6,5,17.1053294261642,0
"1868",866,"CAL-PACIFIC",4,5,14,52,2040,"Y","S",5,1,0,6,5,16.7335082913088,0
"1869",866,"TROY CHURCH & SONS",3,5,14,52,2040,"Y","S",5,1,0,6,5,17.0441189077894,0
"1870",866,"SIERRA-PACIFIC",5,5,14,52,2040,"Y","S",5,1,0,6,5,16.710880581471,0
"1871",866,"HYAMPOM LUMBER",1,5,14,52,2040,"Y","S",5,1,0,6,5,17.2266614717946,0
"1872",867,"CAL PACIFIC",2,5,14,52,1300,"N","A",7,15,0,18,6,19.1895836098693,9.87585938541865
"1873",867,"EEL RIVER",4,5,14,52,1300,"N","A",7,15,0,18,6,19.0197578754279,9.87585938541865
"1874",867,"LOUISIANA PACIFIC",3,5,14,52,1300,"N","A",7,15,0,18,6,19.1294837303227,9.87585938541865
"1875",867,"FOURPLY, INC.",6,5,14,52,1300,"N","A",7,15,0,18,6,18.2671915119869,9.87585938541865
"1876",867,"SWF PLYWOOD",5,5,14,52,1300,"N","A",7,15,0,18,6,18.3594413081766,9.87585938541865
"1877",867,"SIERRA-PACIFIC IND.",1,5,14,52,1300,"N","A",7,15,0,18,6,19.1898394409184,9.87585938541865
"1878",868,"HOOKER MTN.",1,5,14,52,100,"Y","S",5,117,0,16,3,13.7521872980975,10.0981081649171
"1879",868,"WOODROW ENGLAND",2,5,14,52,100,"Y","S",5,117,0,16,3,13.6751053087116,10.0981081649171
"1880",868,"RANDY MULDER",3,5,14,52,100,"Y","S",5,117,0,16,3,13.3293775467887,10.0981081649171
"1881",869,"HOOKER MTN.",3,5,14,52,10000,"Y","S",5,81,0,16,5,16.2097126557432,9.83011008273135
"1882",869,"SUMMIT CONTRACTORS",1,5,14,52,10000,"Y","S",5,81,0,16,5,16.4328388702707,9.83011008273135
"1883",869,"TROY CHURCH & SONS",2,5,14,52,10000,"Y","S",5,81,0,16,5,16.317364455139,9.83011008273135
"1884",869,"TRINITY PACIFIC",5,5,14,52,10000,"Y","S",5,81,0,16,5,15.7311604488153,9.83011008273135
"1885",869,"W. A. LOGGING",4,5,14,52,10000,"Y","S",5,81,0,16,5,16.0795627012415,9.83011008273135
"1886",870,"VANCE L. PIERCE",2,5,14,52,450,"N","S",5,117,0,13,2,15.2752653959438,10.2774619935529
"1887",870,"SUMMIT CONTRACTORS",1,5,14,52,450,"N","S",5,117,0,13,2,15.4642591795019,10.2774619935529
"1888",871,"CHAMPION INTERNATIONAL",5,5,14,52,1350,"N","A",7,117,8,105,6,17.9921568128924,10.2087639333889
"1889",871,"SWF PLYWOOD",4,5,14,52,1350,"N","A",7,117,8,105,6,17.9921568128924,10.2087639333889
"1890",871,"SIERRA PACIFIC",3,5,14,52,1350,"N","A",7,117,8,105,6,18.3699914776294,10.2087639333889
"1891",871,"CAL PACIFIC",2,5,14,52,1350,"N","A",7,117,8,105,6,18.5883741626595,10.2087639333889
"1892",871,"FOURPLY, INC.",6,5,14,52,1350,"N","A",7,117,8,105,6,17.9921568128924,10.2087639333889
"1893",871,"HYAMPOM LUMBER",1,5,14,52,1350,"N","A",7,117,8,105,6,18.5898191165161,10.2087639333889
"1894",872,"W. A. LOGGING",1,5,14,52,650,"Y","S",5,117,0,14,1,12.6583513625341,10.0988487228379
"1895",873,"SWF PLYWOOD",5,5,14,54,849,"N","S",7,117,49,20,6,17.6777969514826,10.140257836765
"1896",873,"SIERRA-PACIFIC IND.",1,5,14,54,849,"N","S",7,117,49,20,6,18.3427304456627,10.140257836765
"1897",873,"HYAMPOM LBR.",3,5,14,54,849,"N","S",7,117,49,20,6,18.1737566639728,10.140257836765
"1898",873,"CAL-PACIFIC MFG.",2,5,14,54,849,"N","S",7,117,49,20,6,18.3124253755821,10.140257836765
"1899",873,"FOURPLY, INC.",4,5,14,54,849,"N","S",7,117,49,20,6,18.1022326128182,10.140257836765
"1900",873,"BROOKINGS PLYWOOD",6,5,14,54,849,"N","S",7,117,49,20,6,17.5909699209989,10.140257836765
"1901",874,"LOUISIANA-PACIFIC CORP.",5,5,14,54,1210,"N","S",7,2,44,34,7,18.4219445450193,0
"1902",874,"SIERRA-PACIFIC IND.",4,5,14,54,1210,"N","S",7,2,44,34,7,18.6462291612569,0
"1903",874,"SWF PLYWOOD",1,5,14,54,1210,"N","S",7,2,44,34,7,18.7777361854927,0
"1904",874,"HYAMPOM LBR. CO.",2,5,14,54,1210,"N","S",7,2,44,34,7,18.6487447300484,0
"1905",874,"FOURPLY, INC.",6,5,14,54,1210,"N","S",7,2,44,34,7,18.3418434677876,0
"1906",874,"CAL-PACIFIC MFG. CO.",3,5,14,54,1210,"N","S",7,2,44,34,7,18.6484119160239,0
"1907",874,"BROOKINGS PLYWOOD",7,5,14,54,1210,"N","S",7,2,44,34,7,18.1691419619346,0
"1908",875,"CAL-PACIFIC MFG. CO.",3,5,14,54,1105,"N","A",7,205,3,23,6,17.6177633392459,10.2035551072635
"1909",875,"SIERRA-PACIFIC IND.",5,5,14,54,1105,"N","A",7,205,3,23,6,17.6154214178008,10.2035551072635
"1910",875,"BIG FLAT TIMBER CO.",2,5,14,54,1105,"N","A",7,205,3,23,6,18.3759971363257,10.2035551072635
"1911",875,"SWF PLYWOOD",1,5,14,54,1105,"N","A",7,205,3,23,6,18.3787331161446,10.2035551072635
"1912",875,"FOURPLY, INC",4,5,14,54,1105,"N","A",7,205,3,23,6,17.6154214178008,10.2035551072635
"1913",875,"BROOKINGS PLYWOOD CO.",6,5,14,54,1105,"N","A",7,205,3,23,6,17.6154214178008,10.2035551072635
"1914",876,"CAL-PACIFIC MFG. CO.",2,5,14,54,1550,"N","A",6,117,35,29,6,18.3468056523722,10.3217372550037
"1915",876,"SIERRA-PACIFIC IND.",1,5,14,54,1550,"N","A",6,117,35,29,6,18.3484731034856,10.3217372550037
"1916",876,"FOURPLY, INC.",6,5,14,54,1550,"N","A",6,117,35,29,6,17.4239210052188,10.3217372550037
"1917",876,"BROOKINGS PLYWOOD",4,5,14,54,1550,"N","A",6,117,35,29,6,17.4239210052188,10.3217372550037
"1918",876,"SWF PLYWOOD CO.",3,5,14,54,1550,"N","A",6,117,35,29,6,18.2267290586348,10.3217372550037
"1919",876,"RESERVATION RANCH",5,5,14,54,1550,"N","A",6,117,35,29,6,17.4239210052188,10.3217372550037
"1920",881,"FOURPLY, INC.",1,5,14,54,840,"Y","S",5,1,0,24,1,15.0300060045895,9.78509808303591
"1921",882,"FRANK KISER",1,5,14,56,2,"N","D",5,25,0,38,1,12.6146096970516,9.62185381861855
"1922",883,"S.P. LAND COMPANY",1,5,14,56,31,"N","D",5,15,0,56,1,15.7063760240623,9.92358425423525
"1923",884,"SWF PLYWOOD CO.",6,5,14,56,1168,"N","S",8,15,129,15,9,19.6248508288172,9.89202207442685
"1924",884,"KIMBERLY-CLARK CORP.",8,5,14,56,1168,"N","S",8,15,129,15,9,19.2903128982114,9.89202207442685
"1925",884,"SIERRA-PACIFIC IND.",4,5,14,56,1168,"N","S",8,15,129,15,9,19.695685379673,9.89202207442685
"1926",884,"DIAMOND INTERNATIONAL",1,5,14,56,1168,"N","S",8,15,129,15,9,19.9721257061826,9.89202207442685
"1927",884,"LOUISIANA-PACIFIC CORP.",3,5,14,56,1168,"N","S",8,15,129,15,9,19.7816926810773,9.89202207442685
"1928",884,"TIMBER PRODUCTS CO.",9,5,14,56,1168,"N","S",8,15,129,15,9,19.2499523897163,9.89202207442685
"1929",884,"TRINITY PACIFIC WOOD PROD",5,5,14,56,1168,"N","S",8,15,129,15,9,19.6830853676598,9.89202207442685
"1930",884,"CAL-PACIFIC MFG. CO.",2,5,14,56,1168,"N","S",8,15,129,15,9,19.904353598985,9.89202207442685
"1931",884,"FOURPLY, INC.",7,5,14,56,1168,"N","S",8,15,129,15,9,19.5394178302364,9.89202207442685
"1932",885,"SOUTHERN PACIFIC LAND CO.",1,5,14,56,23,"N","D",5,15,0,40,1,15.5212763140254,9.9663214967075
"1933",886,"SOUTHERN PACIFIC LAND CO.",1,5,14,56,22,"N","D",5,81,0,89,1,13.5964835221619,9.94693011037896
"1934",887,"S. P. LAND CO.",1,5,14,56,12,"N","D",5,81,0,49,1,14.3728380153817,9.92186759981756
"1935",888,"NESBITT & KUHNS",6,5,14,56,405,"N","S",6,15,2,28,9,17.2225839751986,9.82865624191312
"1936",888,"HI-RIDGE",7,5,14,56,405,"N","S",6,15,2,28,9,17.0485377778354,9.82865624191312
"1937",888,"PAUL BUNYAN",8,5,14,56,405,"N","S",6,15,2,28,9,17.0114902555955,9.82865624191312
"1938",888,"SILLER BROTHERS",5,5,14,56,405,"N","S",6,15,2,28,9,17.2233458598066,9.82865624191312
"1939",888,"TRINITY PACIFIC",1,5,14,56,405,"N","S",6,15,2,28,9,17.3576807428165,9.82865624191312
"1940",888,"CRANE MILLS",9,5,14,56,405,"N","S",6,15,2,28,9,16.8524711434804,9.82865624191312
"1941",888,"HYAMPOM LUMBER",4,5,14,56,405,"N","S",6,15,2,28,9,17.2237431345074,9.82865624191312
"1942",888,"SCHMIDTBAUER",3,5,14,56,405,"N","S",6,15,2,28,9,17.3120878139717,9.82865624191312
"1943",888,"FOURPLY, INC.",2,5,14,56,405,"N","S",6,15,2,28,9,17.3409853963585,9.82865624191312
"1944",889,"S.P. LAND COMPANY",1,5,14,58,5,"N","D",5,150,0,49,1,12.5051025866755,10.3100853522402
"1945",891,"PUBLISHERS FOREST PROD.",1,5,14,58,675,"N","S",5,25,0,34,2,14.8069087623252,9.85702467812579
"1946",891,"ALLEN BONNETT",2,5,14,58,675,"N","S",5,25,0,34,2,14.4678393898307,9.85702467812579
"1947",892,"PUBLISHERS FOREST PROD.",1,5,14,58,6,"N","D",5,117,0,51,1,14.0711019381443,10.425638798632
"1948",893,"PUBLISHERS FOREST PROD.",2,5,14,58,640,"N","S",7,25,4,50,6,17.88614622234,9.85208898945013
"1949",893,"PAUL BUNYAN LUMBER CO.",5,5,14,58,640,"N","S",7,25,4,50,6,17.6266000784022,9.85208898945013
"1950",893,"LOUISIANA PACIFIC CORP.",4,5,14,58,640,"N","S",7,25,4,50,6,17.7508813110816,9.85208898945013
"1951",893,"LORENZ LUMBER",6,5,14,58,640,"N","S",7,25,4,50,6,17.6100839796348,9.85208898945013
"1952",893,"FOURPLY, INC.",3,5,14,58,640,"N","S",7,25,4,50,6,17.7563146846777,9.85208898945013
"1953",893,"SIERRA PACIFIC IND.",1,5,14,58,640,"N","S",7,25,4,50,6,18.2081138495854,9.85208898945013
"1954",894,"FOURPLY, INC.",3,5,14,59,3145,"N","S",7,25,25,32,4,18.3572172714096,9.87786200489716
"1955",894,"PAUL BUNYAN LUMBER CO.",2,5,14,59,3145,"N","S",7,25,25,32,4,18.5773145097969,9.87786200489716
"1956",894,"SCHMIDBAUER",4,5,14,59,3145,"N","S",7,25,25,32,4,18.3405934852864,9.87786200489716
"1957",894,"HI-RIDGE LUMBER CO.",1,5,14,59,3145,"N","S",7,25,25,32,4,18.7413003460599,9.87786200489716
"1958",895,"CROMAN CORP.",2,5,14,59,675,"N","S",7,81,0,45,7,17.6812575560803,10.1192438854163
"1959",895,"COLUMBIA HELICOPTERS",4,5,14,59,675,"N","S",7,81,0,45,7,17.5118439126089,10.1192438854163
"1960",895,"SILLER BROTHERS, INC.",1,5,14,59,675,"N","S",7,81,0,45,7,17.9114976039045,10.1192438854163
"1961",895,"PUBLISHERS FOREST PRODUCT",5,5,14,59,675,"N","S",7,81,0,45,7,17.4227123853192,10.1192438854163
"1962",895,"ERICKSON AIR-CRANE",7,5,14,59,675,"N","S",7,81,0,45,7,17.0725022551046,10.1192438854163
"1963",895,"LOUISIANA PACIFIC CORP.",3,5,14,59,675,"N","S",7,81,0,45,7,17.6442565142042,10.1192438854163
"1964",895,"EVERGREEN HELICOPTERS",6,5,14,59,675,"N","S",7,81,0,45,7,17.1549183478292,10.1192438854163
"1965",896,"SOUTHERN PACIFIC LAND CO.",1,5,14,59,20,"N","D",5,81,0,41,1,14.2433892609093,9.94155375334258
"1966",897,"EUGENE F. BURRILL",1,5,14,61,5452,"N","S",8,15,37,48,7,19.131556343301,9.84278167741873
"1967",897,"ANDERSONIA FOREST PRODUCT",6,5,14,61,5452,"N","S",8,15,37,48,7,18.2450873025437,9.84278167741873
"1968",897,"LAKESIDE CORP.",5,5,14,61,5452,"N","S",8,15,37,48,7,18.3068578565476,9.84278167741873
"1969",897,"PINE MOUNTAIN LUMBER",4,5,14,61,5452,"N","S",8,15,37,48,7,18.4301725538593,9.84278167741873
"1970",897,"TRINCO FOREST PRODUCTS",7,5,14,61,5452,"N","S",8,15,37,48,7,17.892481739879,9.84278167741873
"1971",897,"FOURPLY, INC.",3,5,14,61,5452,"N","S",8,15,37,48,7,18.8166381299083,9.84278167741873
"1972",897,"TIMBER ASSOCIATES",2,5,14,61,5452,"N","S",8,15,37,48,7,18.8867754934722,9.84278167741873
"1973",899,"TRIN-CO FOREST PRODUCTS",1,5,14,61,1100,"N","S",5,15,0,33,1,15.2269852176145,9.79238838001741
"1974",900,"SIERRA PACIFIC INDUSTREIS",3,5,14,61,1466,"N","S",6,108,0,27,3,16.1640723371983,9.86729026422424
"1975",900,"PUBLISHERS FOREST PROD.",2,5,14,61,1466,"N","S",6,108,0,27,3,16.4667575762422,9.86729026422424
"1976",900,"ROGUE LOGS, INC.",1,5,14,61,1466,"N","S",6,108,0,27,3,17.2150565768772,9.86729026422424
"1977",902,"LAKESIDE CORP.",2,5,14,61,1192,"Y","A",7,15,0,48,3,17.2253207427247,9.86427883931085
"1978",902,"WESTLOG, INC.",1,5,14,61,1192,"Y","A",7,15,0,48,3,17.2271268075636,9.86427883931085
"1979",902,"PUBLISHERS FOREST PROD.",3,5,14,61,1192,"Y","A",7,15,0,48,3,17.062172741437,9.86427883931085
"1980",903,"ROBERT DOLLAR CO.",1,5,14,61,75,"Y","D",5,1,0,34,1,15.1937684631035,9.79962591300204
"1981",904,"LAWRENCE MILLER",1,5,15,51,100,"Y","A",5,25,0,23,1,14.8471176412848,9.91901635415375
"1982",905,"AMERICAN FOREST PRODUCTS",3,5,15,53,260,"N","S",5,25,0,47,3,16.151819553522,9.82319898130729
"1983",905,"E.B.YANCEY LUMBER CO., IN",1,5,15,53,260,"N","S",5,25,0,47,3,16.7580772591959,9.82319898130729
"1984",905,"WICKES FOREST INDUSTRIES,",2,5,15,53,260,"N","S",5,25,0,47,3,16.6150125959387,9.82319898130729
"1985",906,"WICKES FOREST IND., INC.",1,5,15,53,1600,"Y","A",5,25,0,32,4,15.285385208285,9.89065557372075
"1986",906,"SUGAR PINE ENT., INC.",2,5,15,53,1600,"Y","A",5,25,0,32,4,15.2718415789678,9.89065557372075
"1987",906,"ROY DYER",4,5,15,53,1600,"Y","A",5,25,0,32,4,15.0840788193069,9.89065557372075
"1988",906,"DONALD DEJONGE",3,5,15,53,1600,"Y","A",5,25,0,32,4,15.2101971059682,9.89065557372075
"1989",907,"MIKE WATERS LOGGING",4,5,15,53,2240,"Y","A",5,25,0,60,6,16.1005145043458,9.89757007877209
"1990",907,"SUGAR PINE ENT., INC.",1,5,15,53,2240,"Y","A",5,25,0,60,6,16.2649931182936,9.89757007877209
"1991",907,"WICKES FOREST IND., INC.",3,5,15,53,2240,"Y","A",5,25,0,60,6,16.1784595329027,9.89757007877209
"1992",907,"E.B. YANCEY LUMBER CO., I",5,5,15,53,2240,"Y","A",5,25,0,60,6,16.0219062847829,9.89757007877209
"1993",907,"TIM MESSER",2,5,15,53,2240,"Y","A",5,25,0,60,6,16.2535710278205,9.89757007877209
"1994",907,"AMERICAN FOREST PROD. COR",6,5,15,53,2240,"Y","A",5,25,0,60,6,14.8470759376745,9.89757007877209
"1995",908,"WICKES CORP.",1,5,15,53,3225,"N","A",8,25,100,44,3,18.6249610170439,9.93328904377292
"1996",908,"AMER. FOR. PRODUCTS CORP.",2,5,15,53,3225,"N","A",8,25,100,44,3,18.6238356058619,9.93328904377292
"1997",908,"E.B. YANCEY LBR. CO., INC",3,5,15,53,3225,"N","A",8,25,100,44,3,18.5961179915082,9.93328904377292
"1998",909,"E.B. YANCEY LBR. CO. INC",1,5,15,54,7890,"Y","A",5,25,0,11,3,15.7455990593839,9.96519394197211
"1999",909,"WICKES",2,5,15,54,7890,"Y","A",5,25,0,11,3,15.727438363903,9.96519394197211
"2000",909,"A.F.P.C.",3,5,15,54,7890,"Y","A",5,25,0,11,3,15.4541033075619,9.96519394197211
"2001",910,"E.B. YANCEY LBR. CO. INC.",1,5,15,54,4000,"Y","A",5,25,0,15,3,16.5288381424831,9.96222804755873
"2002",910,"AME. FOREST PROD. CORP.",3,5,15,54,4000,"Y","A",5,25,0,15,3,15.584700575766,9.96222804755873
"2003",910,"WICKES CORP.",2,5,15,54,4000,"Y","A",5,25,0,15,3,16.5147130667506,9.96222804755873
"2004",911,"WICKES CORP.",5,5,15,55,968,"N","S",7,25,2,30,5,17.9298789648423,9.83777500917075
"2005",911,"E. B. YANCEY LBR. CO.",2,5,15,55,968,"N","S",7,25,2,30,5,18.3310951474099,9.83777500917075
"2006",911,"MARK WEINERT",4,5,15,55,968,"N","S",7,25,2,30,5,18.0316824112505,9.83777500917075
"2007",911,"WALTER SCOTT",3,5,15,55,968,"N","S",7,25,2,30,5,18.1123193880537,9.83777500917075
"2008",911,"AMER. FOR. PROD. CORP.",1,5,15,55,968,"N","S",7,25,2,30,5,18.6030896302663,9.83777500917075
"2009",912,"AMERICAN FOREST PROD CORP",2,5,15,55,2800,"Y","S",5,25,0,54,2,16.8026469929261,9.82984101236783
"2010",912,"E. B. YANCEY LUMBER CO.",1,5,15,55,2800,"Y","S",5,25,0,54,2,17.0398760867961,9.82984101236783
"2011",913,"AMER. FOREST PROD. CORP",1,5,15,55,10,"Y","S",5,25,0,43,1,13.6940048517602,9.90218670680308
"2012",914,"WICKES",2,5,15,55,3000,"Y","A",7,25,0,50,3,17.2400376726988,9.90218670680308
"2013",914,"AFPC",1,5,15,55,3000,"Y","A",7,25,0,50,3,17.2445468170429,9.90218670680308
"2014",914,"E B YANCEY",3,5,15,55,3000,"Y","A",7,25,0,50,3,17.1167152137952,9.90218670680308
"2015",915,"WICKES CORP",3,5,15,57,1900,"N","S",8,25,6,25,3,18.021385314177,9.83894903139856
"2016",915,"AMERICAN FOREST PROD CORP",1,5,15,57,1900,"N","S",8,25,6,25,3,18.8048217679357,9.83894903139856
"2017",915,"E. B. YANCEY LUMBER CO",2,5,15,57,1900,"N","S",8,25,6,25,3,18.4718105499764,9.83894903139856
"2018",916,"AMERICAN FOREST PROD CORP",1,5,15,57,15,"N","S",5,25,0,12,1,13.8044293879535,9.99879773234045
"2019",917,"AMER. FOREST PRODUCTS COR",1,5,15,57,1900,"Y","A",5,25,0,29,1,15.0754675870399,9.91980371702106
"2020",918,"VERNON E. HATLER & COMPAN",4,5,16,51,862,"N","S",6,15,1,26,4,17.6643008559756,9.7751426865989
"2021",918,"SNIDER LBR. PROD. COMPANY",3,5,16,51,862,"N","S",6,15,1,26,4,17.736410050555,9.7751426865989
"2022",918,"BRUNSWICK TIMBER PROD.COR",2,5,16,51,862,"N","S",6,15,1,26,4,17.7650181549738,9.7751426865989
"2023",918,"PICKERING LUMBER COMPANY",1,5,16,51,862,"N","S",6,15,1,26,4,17.7720441068443,9.7751426865989
"2024",919,"PICKERING LUMBER CO.",2,5,16,51,50,"N","S",5,1,0,24,4,13.9424224650562,9.01566279297264
"2025",919,"DOUG WAGNER",4,5,16,51,50,"N","S",5,1,0,24,4,13.1960059555648,9.01566279297264
"2026",919,"CLARENCE FOYIL",3,5,16,51,50,"N","S",5,1,0,24,4,13.359488726239,9.01566279297264
"2027",919,"SNIDER LUMBER PRODUCTS CO",1,5,16,51,50,"N","S",5,1,0,24,4,14.2680653376044,9.01566279297264
"2028",920,"SNIDER LUMBER PRODUCTS CO",3,5,16,51,1977,"N","S",7,15,27,30,3,18.0059085085912,9.85219425814858
"2029",920,"PICKERING LUMBER COMPANY",2,5,16,51,1977,"N","S",7,15,27,30,3,18.0874293149572,9.85219425814858
"2030",920,"VERNON E. HATLER & CO.",1,5,16,51,1977,"N","S",7,15,27,30,3,18.1237107385468,9.85219425814858
"2031",921,"SNIDER LUMBER PROD. CO.",2,5,16,51,18,"N","S",5,15,0,23,2,15.6816887962818,9.81890957606083
"2032",921,"PICKERING LUMBER COMPANY",1,5,16,51,18,"N","S",5,15,0,23,2,15.7107888479708,9.81890957606083
"2033",922,"PICKERING LUMBER COMPANY",1,5,16,51,780,"Y","A",5,117,0,22,1,15.2746986722294,10.2052943990333
"2034",923,"VERNON E. HATLER & COMPAN",4,5,16,51,2348,"N","A",7,25,20,41,4,18.774466377852,9.91886865457443
"2035",923,"BRUNSWICK LBR. PRODUCTS C",2,5,16,51,2348,"N","A",7,25,20,41,4,18.8316372798665,9.91886865457443
"2036",923,"SNIDER LUMBER PRODUCTS CO",1,5,16,51,2348,"N","A",7,25,20,41,4,18.833270279616,9.91886865457443
"2037",923,"PICKERING LUMBER COMPANY",3,5,16,51,2348,"N","A",7,25,20,41,4,18.7825203480441,9.91886865457443
"2038",924,"TWAIN HARTE PL & HT. INC.",1,5,16,51,25,"N","D",5,15,0,22,1,12.6130632561342,9.82984101236783
"2039",925,"ERNIE CARNE LOGGING",1,5,16,51,80,"N","S",5,81,0,24,1,14.808669734095,9.35018926709258
"2040",926,"PICKERING LUMBER CO.",1,5,16,51,200,"N","A",5,15,3,14,3,16.2984026799531,9.97585472466203
"2041",926,"SNIDER LUMBER PRODUCTS",2,5,16,51,200,"N","A",5,15,3,14,3,16.2671783674694,9.97585472466203
"2042",926,"HATLER LUMBER COMPANY",3,5,16,51,200,"N","A",5,15,3,14,3,16.0971467469379,9.97585472466203
"2043",927,"WOLFE",4,5,16,51,880,"Y","S",5,25,0,42,5,14.4644968427385,9.54688403461792
"2044",927,"ROYCE, ALLAN",2,5,16,51,880,"Y","S",5,25,0,42,5,14.7627881980646,9.54688403461792
"2045",927,"WOODS CREEK INT.",5,5,16,51,880,"Y","S",5,25,0,42,5,14.2983070090088,9.54688403461792
"2046",927,"FOYIL, C. J.",3,5,16,51,880,"Y","S",5,25,0,42,5,14.6261740719521,9.54688403461792
"2047",927,"CARNE, ERNIE",1,5,16,51,880,"Y","S",5,25,0,42,5,14.7834863074924,9.54688403461792
"2048",928,"ROYCE, ALLAN",1,5,16,51,350,"Y","S",5,25,0,42,5,14.1871568695931,9.54688403461792
"2049",928,"CARNE, ERNIE",2,5,16,51,350,"Y","S",5,25,0,42,5,14.1229952577122,9.54688403461792
"2050",928,"WOODS CREEK INT.",4,5,16,51,350,"Y","S",5,25,0,42,5,13.8121047648294,9.54688403461792
"2051",928,"WOLFE",5,5,16,51,350,"Y","S",5,25,0,42,5,13.60929786731,9.54688403461792
"2052",928,"FOYIL, C.",3,5,16,51,350,"Y","S",5,25,0,42,5,16.2015172590974,9.54688403461792
"2053",929,"WOLF",3,5,16,51,470,"Y","S",5,25,0,42,5,14.0991846090185,9.54688403461792
"2054",929,"ROYCE",1,5,16,51,470,"Y","S",5,25,0,42,5,14.2019083683552,9.54688403461792
"2055",929,"CARNE",5,5,16,51,470,"Y","S",5,25,0,42,5,13.8143979392335,9.54688403461792
"2056",929,"WOODS CREEK INT.",4,5,16,51,470,"Y","S",5,25,0,42,5,13.9070865014515,9.54688403461792
"2057",929,"FOYIL",2,5,16,51,470,"Y","S",5,25,0,42,5,14.1922331972068,9.54688403461792
"2058",930,"SNIDER LBR. PROD. CO.",3,5,16,51,1750,"N","A",6,15,6,23,3,16.4764579704778,9.93119999110266
"2059",930,"PICKERING LUMBER CO.",1,5,16,51,1750,"N","A",6,15,6,23,3,16.8359227611014,9.93119999110266
"2060",930,"BRUNSWICK TIMBER PROD. CO",2,5,16,51,1750,"N","A",6,15,6,23,3,16.7986508846678,9.93119999110266
"2061",931,"PICKERING LBR. COMPANY",4,5,16,52,1601,"N","S",7,25,5,54,5,17.9826097960953,9.89090877032927
"2062",931,"VERNON E. HATLER & CO.",5,5,16,52,1601,"N","S",7,25,5,54,5,17.7932844118642,9.89090877032927
"2063",931,"BRUNSWICK",3,5,16,52,1601,"N","S",7,25,5,54,5,18.0789722419909,9.89090877032927
"2064",931,"AMERICAN FOREST PROD CORP",1,5,16,52,1601,"N","S",7,25,5,54,5,18.171467178741,9.89090877032927
"2065",931,"SNIDER LBR. PROD. COMPANY",2,5,16,52,1601,"N","S",7,25,5,54,5,18.1595288143099,9.89090877032927
"2066",932,"AMERICAN FOREST PROD. COR",1,5,16,52,240,"N","S",6,15,17,43,6,17.8244268530532,9.8796046120728
"2067",932,"LAUSMAN LUMBER PROD.",4,5,16,52,240,"N","S",6,15,17,43,6,17.250855872059,9.8796046120728
"2068",932,"SNIDER LUMBER PROD. CO.",2,5,16,52,240,"N","S",6,15,17,43,6,17.5352695437143,9.8796046120728
"2069",932,"PICKERING LUMBER COMPANY",6,5,16,52,240,"N","S",6,15,17,43,6,17.1701745270764,9.8796046120728
"2070",932,"VERNON E. HATLER & CO.",5,5,16,52,240,"N","S",6,15,17,43,6,17.204431558949,9.8796046120728
"2071",932,"BRUNSWICK TIMBER PROD. CO",3,5,16,52,240,"N","S",6,15,17,43,6,17.3238269082991,9.8796046120728
"2072",933,"ED BROWN",2,5,16,52,222,"N","S",5,25,0,51,4,15.4849893924835,9.79450938996638
"2073",933,"AMERICAN FOREST PROD CORP",3,5,16,52,222,"N","S",5,25,0,51,4,15.0896186609587,9.79450938996638
"2074",933,"PICKERING LUMBER CO.",4,5,16,52,222,"N","S",5,25,0,51,4,14.4141822103013,9.79450938996638
"2075",933,"SNIDER LUMBER PRODUCTS CO",1,5,16,52,222,"N","S",5,25,0,51,4,15.6350879946716,9.79450938996638
"2076",934,"AMERICAN FOREST PROD CORP",1,5,16,52,4473,"N","A",8,25,74,60,4,18.308385236733,9.86157120943484
"2077",934,"BRUNSWICK TIMBER PROD COR",4,5,16,52,4473,"N","A",8,25,74,60,4,18.2878121030879,9.86157120943484
"2078",934,"SNIDER LUMBER PRODUCTS CO",3,5,16,52,4473,"N","A",8,25,74,60,4,18.2909677661798,9.86157120943484
"2079",934,"PICKERING LUMBER COMPANY",2,5,16,52,4473,"N","A",8,25,74,60,4,18.3043702735394,9.86157120943484
"2080",935,"SNIDER LUMBER PROD. CO.",3,5,16,52,294,"N","S",5,25,0,62,4,16.0746953354233,9.80289343730043
"2081",935,"ED BROWN",4,5,16,52,294,"N","S",5,25,0,62,4,15.9902622794484,9.80289343730043
"2082",935,"FRED ALLHIZER",2,5,16,52,294,"N","S",5,25,0,62,4,16.1482853221214,9.80289343730043
"2083",935,"PICKERING LMBR. CO.",1,5,16,52,294,"N","S",5,25,0,62,4,16.391932316588,9.80289343730043
"2084",936,"BRUNSWICK TIMBER PROD CO",5,5,16,52,1220,"N","A",7,25,40,52,5,18.816511658564,9.98677115667287
"2085",936,"SNIDER LUMBER PRODUCTS CO",3,5,16,52,1220,"N","A",7,25,40,52,5,19.2384338975701,9.98677115667287
"2086",936,"AMERICAN FOREST PRODUCTS",2,5,16,52,1220,"N","A",7,25,40,52,5,19.3338161429956,9.98677115667287
"2087",936,"PICKERING LBR. COMPANY",1,5,16,52,1220,"N","A",7,25,40,52,5,19.3406654845672,9.98677115667287
"2088",936,"WETZEL-OVIATT LUMBER CO.",4,5,16,52,1220,"N","A",7,25,40,52,5,19.1961744839724,9.98677115667287
"2089",937,"FRED ALLHIZER",2,5,16,52,840,"Y","S",5,25,0,50,3,13.8153105379616,9.85156247967121
"2090",937,"PHILLIP SANCHEZ",3,5,16,52,840,"Y","S",5,25,0,50,3,13.759997848034,9.85156247967121
"2091",937,"MARVIN PETTS",1,5,16,52,840,"Y","S",5,25,0,50,3,14.1391869906394,9.85156247967121
"2092",938,"MARK J. WIENERT",2,5,16,52,1300,"N","A",7,15,60,57,4,18.8202951030931,9.96505290819428
"2093",938,"SNIDER LUMBER PRODUCTS",3,5,16,52,1300,"N","A",7,15,60,57,4,18.8120953375978,9.96505290819428
"2094",938,"PICKERING LUMBER COMPANY",1,5,16,52,1300,"N","A",7,15,60,57,4,18.8243252624592,9.96505290819428
"2095",938,"BRUNSWICK TIMBER PROD.",4,5,16,52,1300,"N","A",7,15,60,57,4,17.7736259967179,9.96505290819428
"2096",939,"SNIDER LUMBER PROD COMPAN",3,5,16,53,1130,"N","A",7,25,23,43,3,18.5419750301694,9.92564035717726
"2097",939,"BRUNSWICK TIMBER PROD. CO",2,5,16,53,1130,"N","A",7,25,23,43,3,18.6811304075099,9.92564035717726
"2098",939,"PICKERING LUMBER COMPANY",1,5,16,53,1130,"N","A",7,25,23,43,3,18.6849642424345,9.92564035717726
"2099",940,"DOUGLAS L. WAGNER",1,5,16,53,150,"Y","S",5,25,0,45,7,13.7675957605495,4.66343909411207
"2100",940,"B. G. HOFFMAN",5,5,16,53,150,"Y","S",5,25,0,45,7,13.1791500554924,4.66343909411207
"2101",940,"ERNIE EGGER",6,5,16,53,150,"Y","S",5,25,0,45,7,13.1521454556888,4.66343909411207
"2102",940,"ALLAN ROYCE",2,5,16,53,150,"Y","S",5,25,0,45,7,13.7067386746472,4.66343909411207
"2103",940,"D. E. HUFF",3,5,16,53,150,"Y","S",5,25,0,45,7,13.4888922119024,4.66343909411207
"2104",940,"TED WRIGHT",7,5,16,53,150,"Y","S",5,25,0,45,7,12.8079621736929,4.66343909411207
"2105",940,"NEIL FRAY",4,5,16,53,150,"Y","S",5,25,0,45,7,13.4283984976076,4.66343909411207
"2106",941,"THE WICKES CORPORATION",5,5,16,54,565,"N","S",6,81,4,48,5,17.0756918444637,10.1394683526518
"2107",941,"VERNON E. HATLER & CO.",4,5,16,54,565,"N","S",6,81,4,48,5,17.0943824777555,10.1394683526518
"2108",941,"SNIDER LUMBER PRODUCTS CO",2,5,16,54,565,"N","S",6,81,4,48,5,17.3345428257904,10.1394683526518
"2109",941,"PICKERING LUMBER CO.",1,5,16,54,565,"N","S",6,81,4,48,5,17.391824715316,10.1394683526518
"2110",941,"MARK J. WIENERT",3,5,16,54,565,"N","S",6,81,4,48,5,17.1307407445618,10.1394683526518
"2111",942,"VERNON E. HATLER & CO.",5,5,16,54,10,"N","S",5,81,0,51,5,14.4935441007142,10.1394683526518
"2112",942,"SNIDER LUMBER PRODUCTS",2,5,16,54,10,"N","S",5,81,0,51,5,14.8910145616653,10.1394683526518
"2113",942,"ERNIE CARNE",3,5,16,54,10,"N","S",5,81,0,51,5,14.8784956689892,10.1394683526518
"2114",942,"MARK J. WIENERT",1,5,16,54,10,"N","S",5,81,0,51,5,15.0889301307503,10.1394683526518
"2115",942,"PICKERING LUMBER COMPANY",4,5,16,54,10,"N","S",5,81,0,51,5,14.6725479773474,10.1394683526518
"2116",943,"SNIDER LUMBER PRODUCTS",1,5,16,54,49,"N","S",5,15,0,48,4,16.3519699809723,9.86692729722433
"2117",943,"VERNON E. HATLER & CO.",4,5,16,54,49,"N","S",5,15,0,48,4,15.9626490651408,9.86692729722433
"2118",943,"MARK J. WIENERT",3,5,16,54,49,"N","S",5,15,0,48,4,16.1871037623291,9.86692729722433
"2119",943,"PICKERING LUMBER COMPANY",2,5,16,54,49,"N","S",5,15,0,48,4,16.1887855882808,9.86692729722433
"2120",944,"PICKERING LUMBER COMPANY",2,5,16,54,1276,"N","A",7,15,2,45,4,19.0465446265857,9.80139945445234
"2121",944,"VERNON E. HATLER & CO.",3,5,16,54,1276,"N","A",7,15,2,45,4,18.4471621946418,9.80139945445234
"2122",944,"SNIDER LUMBER PROD. CO.",4,5,16,54,1276,"N","A",7,15,2,45,4,18.4408913272389,9.80139945445234
"2123",944,"MARK J. WIENERT",1,5,16,54,1276,"N","A",7,15,2,45,4,19.0574296217148,9.80139945445234
"2124",945,"SNIDER LUMBER PRODUCTS",1,5,16,54,591,"N","S",5,15,0,35,2,16.8756296849049,10.0234016492015
"2125",945,"PICKERING LUMBER COMPANY",2,5,16,54,591,"N","S",5,15,0,35,2,16.6855435448649,10.0234016492015
"2126",946,"BRUNSWICK TIMBER PROD COR",4,5,16,54,2463,"N","S",7,15,19,37,4,18.5456780496267,9.83606487621869
"2127",946,"PICKERING LUMBER COMPANY",1,5,16,54,2463,"N","S",7,15,19,37,4,19.1190243994191,9.83606487621869
"2128",946,"MARK J. WIENERT",2,5,16,54,2463,"N","S",7,15,19,37,4,19.0023771228775,9.83606487621869
"2129",946,"SNIDER LUMBER PRODUCTS CO",3,5,16,54,2463,"N","S",7,15,19,37,4,18.9395623906512,9.83606487621869
"2130",947,"MARK J WIENERT",1,5,16,54,204,"N","A",5,15,0,48,3,16.1033525028841,9.8451166392098
"2131",947,"PICKERING LUMBER COMPANY",3,5,16,54,204,"N","A",5,15,0,48,3,15.7905841467884,9.8451166392098
"2132",947,"SNIDER LUMBER PRODUCTS CO",2,5,16,54,204,"N","A",5,15,0,48,3,16.032771939968,9.8451166392098
"2133",948,"SNIDER LUMBER PRODUCTS",2,5,16,54,100,"N","S",5,15,0,54,2,16.1361872073641,9.84918974912828
"2134",948,"PICKERING LUMBER CO.",1,5,16,54,100,"N","S",5,15,0,54,2,16.1556700096135,9.84918974912828
"2135",949,"PICKERING LUMBER CO.",1,5,16,54,34,"Y","A",5,15,0,39,1,15.2284042493179,9.93933720542983
"2136",950,"PICKERING LUMBER COMPANY",2,5,16,54,3925,"N","A",6,81,4,39,4,18.7766414128574,10.1192841811873
"2137",950,"BRUNSWICK TIMBER PRODUCTS",4,5,16,54,3925,"N","A",6,81,4,39,4,17.6436861938298,10.1192841811873
"2138",950,"MARK J. WIENERT",1,5,16,54,3925,"N","A",6,81,4,39,4,18.823332431435,10.1192841811873
"2139",950,"SNIDER LUMBER PRODUCTS CO",3,5,16,54,3925,"N","A",6,81,4,39,4,17.7350766427035,10.1192841811873
"2140",951,"DIAMOND INTERNATIONAL",7,5,17,53,2825,"N","A",8,25,199,25,7,19.1192570103194,9.86573376292421
"2141",951,"SIERRA MOUNTAIN MILLS",1,5,17,53,2825,"N","A",8,25,199,25,7,19.9415357397204,9.86573376292421
"2142",951,"LOUISIANA-PACIFIC CORP",3,5,17,53,2825,"N","A",8,25,199,25,7,19.9174909317491,9.86573376292421
"2143",951,"SILLER BROS., INC.",4,5,17,53,2825,"N","A",8,25,199,25,7,19.1192570103194,9.86573376292421
"2144",951,"SIERRA PACIFIC INDUSTRIES",5,5,17,53,2825,"N","A",8,25,199,25,7,19.1192570103194,9.86573376292421
"2145",951,"ERICKSON LBR.CO.",6,5,17,53,2825,"N","A",8,25,199,25,7,19.1192570103194,9.86573376292421
"2146",951,"BRUNSWICK TBR. PRODUCTS",2,5,17,53,2825,"N","A",8,25,199,25,7,19.9351866190773,9.86573376292421
"2147",952,"ANDREW J. CORTEZ",1,5,17,53,25,"N","S",5,4,0,17,4,13.5146824538425,8.3999849905107
"2148",952,"M. R. WELKER",4,5,17,53,25,"N","S",5,4,0,17,4,13.3240119582171,8.3999849905107
"2149",952,"TED PEARSON",2,5,17,53,25,"N","S",5,4,0,17,4,13.5097541239044,8.3999849905107
"2150",952,"LANDSBURG LOGGING, INC.",3,5,17,53,25,"N","S",5,4,0,17,4,13.3929476113186,8.3999849905107
"2151",953,"LAUSMANN LBR. & MLDG.",3,5,17,54,28,"N","S",5,15,0,13,4,14.5469693847552,9.83740116740827
"2152",953,"CULVER & TRACY",4,5,17,54,28,"N","S",5,15,0,13,4,14.4310609953724,9.83740116740827
"2153",953,"SILLER BROS., INC.",2,5,17,54,28,"N","S",5,15,0,13,4,14.5900188075466,9.83740116740827
"2154",953,"AMERICAN FOREST PROD. COR",1,5,17,54,28,"N","S",5,15,0,13,4,14.7610843259046,9.83740116740827
"2155",954,"AMERICAN FOREST PRODUCTS",1,5,17,54,1000,"Y","S",5,25,0,35,1,13.4668703914337,9.91447694733573
"2156",955,"LOUSIANA PACIFIC",4,5,17,54,6634,"N","A",8,25,23,31,5,19.4280949399187,9.8668754340394
"2157",955,"ERICKSON LUMBER CO.",5,5,17,54,6634,"N","A",8,25,23,31,5,19.4280949399187,9.8668754340394
"2158",955,"A.F.P.C.",2,5,17,54,6634,"N","A",8,25,23,31,5,20.3457739154322,9.8668754340394
"2159",955,"DIAMOND INTERNATIONAL",1,5,17,54,6634,"N","A",8,25,23,31,5,20.3471249695918,9.8668754340394
"2160",955,"BRUNSWICK TBR. PRODUCTS",3,5,17,54,6634,"N","A",8,25,23,31,5,20.1074932046093,9.8668754340394
"2161",956,"AMERICAN FOREST PROD. COR",1,5,17,54,3000,"Y","S",5,25,0,25,1,13.6130491490202,9.93668051989189
"2162",957,"ERICKSON LUMBER CO.",1,5,17,55,2400,"Y","S",5,25,0,37,4,14.5757134015005,9.86412282901385
"2163",957,"MOBILE LUMBER CO.",3,5,17,55,2400,"Y","S",5,25,0,37,4,14.1684254417284,9.86412282901385
"2164",957,"ROBINSON ENTERPRISES",4,5,17,55,2400,"Y","S",5,25,0,37,4,13.8651384663661,9.86412282901385
"2165",957,"SILLER BROS., INC.",2,5,17,55,2400,"Y","S",5,25,0,37,4,14.1873568330488,9.86412282901385
"2166",958,"SIERRA MOUNTAIN MILLS",4,5,17,55,3150,"N","S",7,25,37,49,5,17.4538858799044,9.84262227676485
"2167",958,"ERICKSON LBR. CO.",2,5,17,55,3150,"N","S",7,25,37,49,5,17.9330018230266,9.84262227676485
"2168",958,"LAUSMANN LBR. & MLDG.",1,5,17,55,3150,"N","S",7,25,37,49,5,18.0684672614488,9.84262227676485
"2169",958,"SILLER BROS., INC.",5,5,17,55,3150,"N","S",7,25,37,49,5,16.944045833931,9.84262227676485
"2170",958,"HOLSTROM LBR. CO.",3,5,17,55,3150,"N","S",7,25,37,49,5,17.7759427026001,9.84262227676485
"2171",959,"ERICKSON LBR. CO.",1,5,17,55,560,"N","S",7,25,57,32,6,18.4397968611446,9.86868904699343
"2172",959,"LAUSMANN LBR. & MLDG. CO.",2,5,17,55,560,"N","S",7,25,57,32,6,18.2618626051322,9.86868904699343
"2173",959,"HOLSTROM LUMBER CO.",5,5,17,55,560,"N","S",7,25,57,32,6,17.9951914840133,9.86868904699343
"2174",959,"WETSELL-OVIATT",6,5,17,55,560,"N","S",7,25,57,32,6,17.9044304331411,9.86868904699343
"2175",959,"SILLER BROS., INC.",4,5,17,55,560,"N","S",7,25,57,32,6,18.0201972071882,9.86868904699343
"2176",959,"SIERRA MTN. MILLS",3,5,17,55,560,"N","S",7,25,57,32,6,18.083232631319,9.86868904699343
"2177",960,"SIERRA MTN. MILLS",3,5,17,55,750,"N","A",7,25,18,36,3,17.6612822162055,9.8536143020404
"2178",960,"ERICKSON LUMBER CO.",1,5,17,55,750,"N","A",7,25,18,36,3,17.9747182761244,9.8536143020404
"2179",960,"LAUSMANN LBR. & MLDG. CO.",2,5,17,55,750,"N","A",7,25,18,36,3,17.941560161298,9.8536143020404
"2180",961,"LOUISIANA-PACIFIC CORP.",1,5,17,55,1540,"N","A",7,25,23,59,8,18.6438276552609,9.88938862815663
"2181",961,"LAUSMANN LBR. & MLDG.",6,5,17,55,1540,"N","A",7,25,23,59,8,18.3120516701513,9.88938862815663
"2182",961,"WETSEL-OVIATT",8,5,17,55,1540,"N","A",7,25,23,59,8,18.0242494577224,9.88938862815663
"2183",961,"BRUNSWICK TBR. PROD. CORP",7,5,17,55,1540,"N","A",7,25,23,59,8,18.2646461573533,9.88938862815663
"2184",961,"ERICKSON LBR. CO.",5,5,17,55,1540,"N","A",7,25,23,59,8,18.3129215760492,9.88938862815663
"2185",961,"SILLER BROS., INC.",4,5,17,55,1540,"N","A",7,25,23,59,8,18.3197292719386,9.88938862815663
"2186",961,"DIAMOND INTERNATIONAL",3,5,17,55,1540,"N","A",7,25,23,59,8,18.3787082962479,9.88938862815663
"2187",961,"SIERRA MOUNTAIN MILLS",2,5,17,55,1540,"N","A",7,25,23,59,8,18.4220236418612,9.88938862815663
"2188",962,"SIERRA PACIFIC INDUSTRIES",1,5,17,56,2094,"N","A",8,25,42,31,7,19.341505979408,10.0080277318101
"2189",962,"LOUISIANA PACIFIC",7,5,17,56,2094,"N","A",8,25,42,31,7,18.6809982999557,10.0080277318101
"2190",962,"BRUNSWICK TBR. PRODUCTS",4,5,17,56,2094,"N","A",8,25,42,31,7,18.7501377167654,10.0080277318101
"2191",962,"SILLER BROS., INC.",5,5,17,56,2094,"N","A",8,25,42,31,7,18.6809982999557,10.0080277318101
"2192",962,"ERICKSON",2,5,17,56,2094,"N","A",8,25,42,31,7,19.3412953145485,10.0080277318101
"2193",962,"FIBREBOARD CORP.",3,5,17,56,2094,"N","A",8,25,42,31,7,19.3277107271569,10.0080277318101
"2194",962,"HOLSTROM LBR. CO.",6,5,17,56,2094,"N","A",8,25,42,31,7,18.6809982999557,10.0080277318101
"2195",963,"SIERRA TBR.",6,5,17,56,1145,"N","S",7,25,33,20,6,17.9569335026328,9.82703838037272
"2196",963,"HOLSTROM LBR. CO.",5,5,17,56,1145,"N","S",7,25,33,20,6,18.0550805164771,9.82703838037272
"2197",963,"SILLER BROS., INC.",3,5,17,56,1145,"N","S",7,25,33,20,6,18.079467787857,9.82703838037272
"2198",963,"ERICKSON LBR. CO.",1,5,17,56,1145,"N","S",7,25,33,20,6,18.1231709371322,9.82703838037272
"2199",963,"LAUSMANN LBR. & MLDG.CO.",4,5,17,56,1145,"N","S",7,25,33,20,6,18.0789485982314,9.82703838037272
"2200",963,"SIERRA MTN. MILLS",2,5,17,56,1145,"N","S",7,25,33,20,6,18.0948626498567,9.82703838037272
"2201",964,"SILLER BROS., INC.",3,5,17,56,2464,"N","A",8,25,97,36,4,18.9946940456279,9.94491736229927
"2202",964,"FIBREBOARD CORPORATION",1,5,17,56,2464,"N","A",8,25,97,36,4,19.5376756652732,9.94491736229927
"2203",964,"BRUNSWICK TBR. PRODUCTS",4,5,17,56,2464,"N","A",8,25,97,36,4,18.6970331018886,9.94491736229927
"2204",964,"SIERRA PACIFIC INDUSTRIES",2,5,17,56,2464,"N","A",8,25,97,36,4,19.5343477725294,9.94491736229927
"2205",965,"SIERRA PACIFIC INDUSTRIES",1,5,17,57,1150,"N","S",6,25,4,17,3,17.0645726774799,9.82173505066387
"2206",965,"BRUNSWICK TBR. PROD., COR",2,5,17,57,1150,"N","S",6,25,4,17,3,16.9052940828409,9.82173505066387
"2207",965,"FIBREBOARD CORP.",3,5,17,57,1150,"N","S",6,25,4,17,3,16.7544938926555,9.82173505066387
"2208",966,"ERICKSON LUMBER CO.",3,5,17,57,1384,"N","A",7,25,46,35,6,16.4244841618755,9.93217218639604
"2209",966,"FIBREBOARD CORP.",2,5,17,57,1384,"N","A",7,25,46,35,6,18.370160834636,9.93217218639604
"2210",966,"LOUISIANA-PACIFIC",6,5,17,57,1384,"N","A",7,25,46,35,6,16.4244841618755,9.93217218639604
"2211",966,"LAUSMANN LBR. & MLDG.",5,5,17,57,1384,"N","A",7,25,46,35,6,16.4244841618755,9.93217218639604
"2212",966,"WETSEL-OVIATT",4,5,17,57,1384,"N","A",7,25,46,35,6,16.4244841618755,9.93217218639604
"2213",966,"BRUNSWICK TBR. PROD. CORP",1,5,17,57,1384,"N","A",7,25,46,35,6,18.3789573015834,9.93217218639604
"2214",967,"BILL JESTER",2,5,17,57,450,"Y","S",5,108,0,24,2,16.2515213880015,9.93241508760931
"2215",967,"SIERRA PACIFIC INDUSTRIES",1,5,17,57,450,"Y","S",5,108,0,24,2,16.277822526298,9.93241508760931
"2216",968,"BROOKS-SCANLON, INC.",1,6,1,1,204,"N","A",5,1,4,18,2,16.7279155689285,9.68040649926887
"2217",968,"YOUNG & MORGAN, INC.",2,6,1,1,204,"N","A",5,1,4,18,2,16.651488899419,9.68040649926887
"2218",969,"KENDALL CUTTING CO.",3,6,1,1,500,"Y","S",5,122,0,34,3,13.0477863721949,10.2330071037295
"2219",969,"WILLIAM R. LOONEY",2,6,1,1,500,"Y","S",5,122,0,34,3,13.1036534329128,10.2330071037295
"2220",969,"BROOKS-SCANLON, INC.",1,6,1,1,500,"Y","S",5,122,0,34,3,13.1188692801501,10.2330071037295
"2221",970,"EDWARD HINES LUMBER CO.",2,6,1,1,1596,"N","S",7,1,78,36,2,17.0701395525383,9.68040649926887
"2222",970,"BROOKS-SCANLON, INC.",1,6,1,1,1596,"N","S",7,1,78,36,2,17.4211442634749,9.68040649926887
"2223",971,"BROOKS-SCANLON, INC.",1,6,1,1,1795,"N","A",7,15,32,17,2,17.5538661314028,10.2525939269749
"2224",971,"EDWARD HINES LUMBER CO.",2,6,1,1,1795,"N","A",7,15,32,17,2,17.5327361861795,10.2525939269749
"2225",972,"BROOKS-SCANLON, INC.",1,6,1,1,12100,"Y","A",5,122,0,28,2,16.4545678875795,10.3785720025243
"2226",972,"WILLIAM R. LOONEY",2,6,1,1,12100,"Y","A",5,122,0,28,2,16.4473993981009,10.3785720025243
"2227",973,"BROOKS-SCANLON, INC.",1,6,1,1,16,"N","S",5,108,0,29,1,14.338363364334,10.0420313619842
"2228",974,"LOUISIANA-PACIFIC CORP.",3,6,1,1,947,"N","A",7,2,23,32,4,18.8997627893907,8.8750074860484
"2229",974,"PINE PRODUCTS OF OREGON",2,6,1,1,947,"N","A",7,2,23,32,4,19.3802116386197,8.8750074860484
"2230",974,"BROOKS-SCANLON, INC.",1,6,1,1,947,"N","A",7,2,23,32,4,19.3831645944,8.8750074860484
"2231",974,"HUDSPETH SAWMILL",4,6,1,1,947,"N","A",7,2,23,32,4,18.8788908522132,8.8750074860484
"2232",975,"LOUISIANA-PACIFIC CORP.",3,6,1,1,1893,"N","A",7,2,28,30,4,18.6529412492547,8.8750074860484
"2233",975,"PINE PRODUCTS OF OREGON",4,6,1,1,1893,"N","A",7,2,28,30,4,18.6529412492547,8.8750074860484
"2234",975,"BROOKS-SCANLON, INC.",1,6,1,1,1893,"N","A",7,2,28,30,4,19.1642832729212,8.8750074860484
"2235",975,"OCHOCO LUMBER CO.",2,6,1,1,1893,"N","A",7,2,28,30,4,19.1606875597427,8.8750074860484
"2236",976,"GILCHRIST TIMBER COMPANY",1,6,1,2,1360,"N","S",7,108,0,16,1,18.6468322468409,9.92034466960255
"2237",977,"GILCHRIST TIMBER CO.",3,6,1,2,517,"N","S",6,1,16,14,4,16.9532457393146,9.68040649926887
"2238",977,"LEE SMITH LOGGING",2,6,1,2,517,"N","S",6,1,16,14,4,17.1282963100132,9.68040649926887
"2239",977,"CUDDEBACK LUMBER CO., INC",1,6,1,2,517,"N","S",6,1,16,14,4,17.1779740412929,9.68040649926887
"2240",977,"EDWARD HINES LUMBER CO.",4,6,1,2,517,"N","S",6,1,16,14,4,16.8912418459296,9.68040649926887
"2241",978,"GILCHRIST TIMBER CO.",2,6,1,2,76,"N","S",5,122,0,22,2,13.377842454816,10.3063492747742
"2242",978,"HUMPHREY LOGGING CO.",1,6,1,2,76,"N","S",5,122,0,22,2,13.461101616131,10.3063492747742
"2243",979,"EDWARD HINES LUMBER CO.",3,6,1,2,497,"N","S",6,1,11,27,3,17.0165645125413,9.68040649926887
"2244",979,"GILCHRIST TIMBER CO.",2,6,1,2,497,"N","S",6,1,11,27,3,17.1711804471504,9.68040649926887
"2245",979,"LEE SMITH LOGGING",1,6,1,2,497,"N","S",6,1,11,27,3,17.355756294125,9.68040649926887
"2246",980,"GILCHRIST TIMBER COMPANY",1,6,1,2,337,"N","A",6,2,0,20,1,17.2307291809887,8.8750074860484
"2247",981,"PAULINA SHINGLES, INC.",1,6,1,2,78,"N","A",5,117,0,14,1,13.3556156628668,10.1352339926576
"2248",982,"TIMBER INVESTORS INC.",2,6,1,2,861,"N","A",7,2,35,23,3,17.9214374519347,8.8750074860484
"2249",982,"PINE PRODUCTS OF OREGON",3,6,1,2,861,"N","A",7,2,35,23,3,17.895882624596,8.8750074860484
"2250",982,"GILCHRIST TIMBER CO.",1,6,1,2,861,"N","A",7,2,35,23,3,17.9399231778486,8.8750074860484
"2251",983,"GILCHRIST TIMBER COMPANY",1,6,1,2,246,"N","A",6,2,0,23,1,17.7402701081541,8.8750074860484
"2252",984,"DOYLE RAY FRANCE",2,6,1,2,17,"Y","S",5,108,0,19,2,13.2567544004407,9.9876908238182
"2253",984,"GILCHRIST TIMBER COMPANY",1,6,1,2,17,"Y","S",5,108,0,19,2,13.3046849341983,9.9876908238182
"2254",985,"GILCHRIST TIMBER COMPANY",1,6,1,2,813,"N","A",8,2,0,11,2,19.3544927184288,8.8750074860484
"2255",985,"BROOKS-SCANLON, INC.",2,6,1,2,813,"N","A",8,2,0,11,2,19.3539253827023,8.8750074860484
"2256",986,"GILCHRIST TIMBER CO.",1,6,1,2,22000,"Y","A",5,2,0,18,1,16.5333790680038,8.8750074860484
"2257",987,"GILCHRIST TIMBER CO.",1,6,1,2,1174,"N","A",7,108,37,12,2,17.9880767861541,9.9876908238182
"2258",987,"CUDDEBACK LUMBER CO., INC",2,6,1,2,1174,"N","A",7,108,37,12,2,17.9310952758349,9.9876908238182
"2259",988,"LOUISIANA PACIFIC CORP.",2,6,1,3,1871,"N","S",7,108,0,31,2,18.2124214947778,9.92034466960255
"2260",988,"BROOKS-SCANLON, INC.",1,6,1,3,1871,"N","S",7,108,0,31,2,18.3067222603641,9.92034466960255
"2261",989,"BROOKS-SCANLON, INC.",1,6,1,3,8000,"Y","A",5,122,0,44,2,15.0480708191421,10.1795650516298
"2262",989,"WILLIAM R. LOONEY",2,6,1,3,8000,"Y","A",5,122,0,44,2,15.0378143189749,10.1795650516298
"2263",990,"BROOKS-SCANLON, INC.",1,6,1,3,695,"N","S",6,1,0,32,1,17.3401899644104,9.68040649926887
"2264",991,"JOHN WHEELER LOGGING",2,6,1,3,2011,"N","A",7,108,22,39,4,18.8908722305518,9.9876908238182
"2265",991,"PINE PRODUCTS OF OREGON",3,6,1,3,2011,"N","A",7,108,22,39,4,18.7687290048295,9.9876908238182
"2266",991,"GILCHRIST TIMBER CO.",1,6,1,3,2011,"N","A",7,108,22,39,4,18.9535421467329,9.9876908238182
"2267",991,"TIMBER INVESTORS INC.",4,6,1,3,2011,"N","A",7,108,22,39,4,18.7687290048295,9.9876908238182
"2268",992,"PINE PRODUCTS OF OREGON",3,6,1,3,1935,"N","A",6,1,0,13,3,17.284397740263,9.68040649926887
"2269",992,"NORTHWEST WOOD PRODUCTS,I",1,6,1,3,1935,"N","A",6,1,0,13,3,17.6559516288867,9.68040649926887
"2270",992,"BROOKS-SCANLON, INC.",2,6,1,3,1935,"N","A",6,1,0,13,3,17.5844942563199,9.68040649926887
"2271",993,"BROOKS-SCANLON, INC.",1,6,1,3,946,"N","A",6,1,50,37,1,16.5752900917089,9.68040649926887
"2272",994,"DON EAGEN",2,6,1,3,15000,"Y","S",5,122,0,35,4,13.9308461566442,10.2190644221814
"2273",994,"WILLIAM R. LOONEY",3,6,1,3,15000,"Y","S",5,122,0,35,4,13.8903860926094,10.2190644221814
"2274",994,"ROBIN D. MILLER",4,6,1,3,15000,"Y","S",5,122,0,35,4,13.8767232421323,10.2190644221814
"2275",994,"BROOKS-SCANLON, INC.",1,6,1,3,15000,"Y","S",5,122,0,35,4,14.1740587462847,10.2190644221814
"2276",995,"ROBIN D. MILLER",3,6,1,3,6000,"Y","S",5,122,0,51,4,13.3115364091474,10.2441296546003
"2277",995,"BROOKS-SCANLON, INC.",1,6,1,3,6000,"Y","S",5,122,0,51,4,13.5276284655098,10.2441296546003
"2278",995,"DON FAGEN",4,6,1,3,6000,"Y","S",5,122,0,51,4,13.3109154839489,10.2441296546003
"2279",995,"WILLIAM R. LOONEY",2,6,1,3,6000,"Y","S",5,122,0,51,4,13.3294994905727,10.2441296546003
"2280",996,"GEORGE L. PETERSON",1,6,1,3,110,"N","S",5,108,0,15,1,13.382102661161,9.37771748138431
"2281",997,"WILLIAM R. LOONEY",1,6,1,3,8,"N","A",5,108,0,31,2,13.649152503743,9.87847738953196
"2282",997,"BROOKS-SCANLON, INC.",2,6,1,3,8,"N","A",5,108,0,31,2,13.6491194353114,9.87847738953196
"2283",998,"T. C. DAEUBLE",3,6,1,5,120,"N","S",5,2,0,37,3,13.8764551285916,8.8750074860484
"2284",998,"BROOKS-WILLAMETTE CORP.",2,6,1,5,120,"N","S",5,2,0,37,3,13.8950977773034,8.8750074860484
"2285",998,"ROY H. HARTFORD",1,6,1,5,120,"N","S",5,2,0,37,3,14.1396788389865,8.8750074860484
"2286",999,"BROOKS-SCANLON, INC. -B-W",1,6,1,5,1253,"N","A",7,2,28,42,2,19.1331892779909,8.8750074860484
"2287",999,"YOUNG & MORGAN, INC.",2,6,1,5,1253,"N","A",7,2,28,42,2,19.1316432843823,8.8750074860484
"2288",1000,"ROY HARTFORD",3,6,1,5,12400,"Y","A",5,15,0,33,4,16.1160585775324,10.3286245604418
"2289",1000,"YOUNG & MORGAN INC.",2,6,1,5,12400,"Y","A",5,15,0,33,4,16.6585082319093,10.3286245604418
"2290",1000,"BROOKS-SCANLON INC.",1,6,1,5,12400,"Y","A",5,15,0,33,4,16.6914537225416,10.3286245604418
"2291",1000,"WM. LOONEY",4,6,1,5,12400,"Y","A",5,15,0,33,4,16.1042350348951,10.3286245604418
"2292",1001,"BOISE CASCADE CORP.",2,6,1,5,1710,"N","S",8,2,58,30,3,19.5739406117663,8.8750074860484
"2293",1001,"BROOKS-SCANLON, INC.",3,6,1,5,1710,"N","S",8,2,58,30,3,19.4920136438743,8.8750074860484
"2294",1001,"LOUISIANA PACIFIC CORP.",1,6,1,5,1710,"N","S",8,2,58,30,3,19.6333226626845,8.8750074860484
"2295",1002,"BROOKS-SCANLON INC.",1,6,1,5,4,"N","A",5,122,0,30,1,13.7063204967259,10.3765490018811
"2296",1003,"PINE PRODUCTS OF OREGON",3,6,1,5,707,"N","A",7,2,0,33,5,18.2044398146343,8.8750074860484
"2297",1003,"HUDSPETH SAWMILL CO.",4,6,1,5,707,"N","A",7,2,0,33,5,18.1625816805689,8.8750074860484
"2298",1003,"OCHOCO LUMBER CO.",2,6,1,5,707,"N","A",7,2,0,33,5,18.7604786586564,8.8750074860484
"2299",1003,"LOUISIANA-PACIFIC CORP.",5,6,1,5,707,"N","A",7,2,0,33,5,18.1625816805689,8.8750074860484
"2300",1003,"BROOKS-SCANLON, INC.",1,6,1,5,707,"N","A",7,2,0,33,5,18.7607025306035,8.8750074860484
"2301",1004,"BROOKS-SCANLON INC.",1,6,1,5,14100,"Y","A",5,122,0,47,1,16.8986353858506,10.3088193184213
"2302",1005,"BROOKS-WILLAMETTE CORP JV",1,6,1,5,2641,"N","S",7,2,12,50,1,18.4421586338788,8.8750074860484
"2303",1006,"LOVENESS LOGGING",4,6,2,1,3906,"N","S",8,15,4,50,5,19.2544521037501,10.1315390402029
"2304",1006,"ALPINE VENEERS",2,6,2,1,3906,"N","S",8,15,4,50,5,19.4251896576675,10.1315390402029
"2305",1006,"WM. P. WAMPLER",3,6,2,1,3906,"N","S",8,15,4,50,5,19.2956314304744,10.1315390402029
"2306",1006,"LAKESIDE CORP.",5,6,2,1,3906,"N","S",8,15,4,50,5,18.9478967091953,10.1315390402029
"2307",1006,"MODOC LUMBER COMPANY",1,6,2,1,3906,"N","S",8,15,4,50,5,19.5257322562494,10.1315390402029
"2308",1007,"CHILOQUIN FOREST PRODUCTS",1,6,2,1,1481,"N","S",6,108,0,29,5,17.4062974650778,9.94414953425502
"2309",1007,"MODOC LUMBER CO.",5,6,2,1,1481,"N","S",6,108,0,29,5,16.9893555435382,9.94414953425502
"2310",1007,"LOVENESS LOGGING, INC.",3,6,2,1,1481,"N","S",6,108,0,29,5,17.2468879081276,9.94414953425502
"2311",1007,"LAKESIDE CORPORATION",4,6,2,1,1481,"N","S",6,108,0,29,5,17.138753605338,9.94414953425502
"2312",1007,"ALPINE VENEERS, INC.",2,6,2,1,1481,"N","S",6,108,0,29,5,17.3322930059615,9.94414953425502
"2313",1008,"CHILOQUIN FOREST PRODUCTS",1,6,2,1,226,"N","A",5,15,0,14,2,15.8390032481063,10.3167885464121
"2314",1008,"ALPINE VENEERS",2,6,2,1,226,"N","A",5,15,0,14,2,15.8304135785065,10.3167885464121
"2315",1009,"LOVENESS LOGGING, INC.",6,6,2,1,595,"N","S",6,15,19,11,6,17.0411633671115,10.1743540320593
"2316",1009,"D.G. SHELTER PRODUCTS CO.",2,6,2,1,595,"N","S",6,15,19,11,6,17.6039728691647,10.1743540320593
"2317",1009,"THOMAS LUMBER CO.",3,6,2,1,595,"N","S",6,15,19,11,6,17.4478196605898,10.1743540320593
"2318",1009,"MODOC LUMBER CO.",4,6,2,1,595,"N","S",6,15,19,11,6,17.1206081148012,10.1743540320593
"2319",1009,"WEYERHAEUSER COMPANY",1,6,2,1,595,"N","S",6,15,19,11,6,17.7274775618244,10.1743540320593
"2320",1009,"BOISE CASCADE CORPORATION",5,6,2,1,595,"N","S",6,15,19,11,6,17.1109399335483,10.1743540320593
"2321",1010,"GORDON EMERY",1,6,2,2,3000,"N","S",7,15,127,28,4,18.4807687512287,10.1820658107384
"2322",1010,"FREMONT SAWMILL",2,6,2,2,3000,"N","S",7,15,127,28,4,18.4737569480115,10.1820658107384
"2323",1010,"LAKEVIEW ASSOCIATES",4,6,2,2,3000,"N","S",7,15,127,28,4,18.4044029770302,10.1820658107384
"2324",1010,"LOUISIANA-PACIFIC",3,6,2,2,3000,"N","S",7,15,127,28,4,18.4055975625313,10.1820658107384
"2325",1011,"LAKEVIEW ASSOCIATES",4,6,2,2,3000,"N","S",8,15,78,20,4,18.7194080921408,10.235700732237
"2326",1011,"FREMONT SAWMILL",1,6,2,2,3000,"N","S",8,15,78,20,4,18.8389752028725,10.235700732237
"2327",1011,"CLEAR LUMBER COMPANY",2,6,2,2,3000,"N","S",8,15,78,20,4,18.7847278466277,10.235700732237
"2328",1011,"LOUISIANA-PACIFIC CORP.",3,6,2,2,3000,"N","S",8,15,78,20,4,18.7194563054841,10.235700732237
"2329",1012,"LOUISIANA PACIFIC CORP.",1,6,2,2,2942,"N","S",8,15,8,21,4,19.1735509635545,10.3017601900628
"2330",1012,"FREMONT SAWMILL",3,6,2,2,2942,"N","S",8,15,8,21,4,19.0908816611661,10.3017601900628
"2331",1012,"LAKEVIEW ASSOCIATES",2,6,2,2,2942,"N","S",8,15,8,21,4,19.0926681266767,10.3017601900628
"2332",1012,"CLEAR LUMBER CO.",4,6,2,2,2942,"N","S",8,15,8,21,4,19.0725787554327,10.3017601900628
"2333",1013,"FREMONT SAWMILL",3,6,2,2,3320,"N","A",7,15,10,30,4,18.4542335014731,10.2317115803008
"2334",1013,"LAKEVIEW ASSOCIATES",1,6,2,2,3320,"N","A",7,15,10,30,4,18.4542625111691,10.2317115803008
"2335",1013,"LOUISIANA-PACIFIC",4,6,2,2,3320,"N","A",7,15,10,30,4,18.4488307873687,10.2317115803008
"2336",1013,"GORDON EMERY",2,6,2,2,3320,"N","A",7,15,10,30,4,18.4542528413639,10.2317115803008
"2337",1014,"LAKEVIEW ASSOCIATES",2,6,2,2,78,"Y","S",5,15,0,17,2,14.7515137169883,10.3087193000845
"2338",1014,"FREMONT SAWMILL",1,6,2,2,78,"Y","S",5,15,0,17,2,14.7976526987615,10.3087193000845
"2339",1015,"TIMBER ASSOCIATED",2,6,2,3,2500,"N","S",7,108,24,23,2,16.5830033178157,9.13043098874788
"2340",1015,"WEYERHAUSER COMPANY",1,6,2,3,2500,"N","S",7,108,24,23,2,17.1431526762395,9.13043098874788
"2341",1016,"FREMONT SAWMILL",1,6,2,3,692,"N","S",7,108,0,33,1,16.4664177568725,9.13755460225053
"2342",1017,"ALPINE VENEERS, INC.",2,6,2,3,2960,"N","S",8,122,30,35,5,19.1798553367013,10.3431286191114
"2343",1017,"LAKESIDE CORPORATION",5,6,2,3,2960,"N","S",8,122,30,35,5,19.0324877087725,10.3431286191114
"2344",1017,"CHILOQUIN FOREST PRODUCTS",1,6,2,3,2960,"N","S",8,122,30,35,5,19.5056294428133,10.3431286191114
"2345",1017,"MODOC LUMBER CO.",3,6,2,3,2960,"N","S",8,122,30,35,5,19.1192929639434,10.3431286191114
"2346",1017,"LOVENESS LOGGING, INC.",4,6,2,3,2960,"N","S",8,122,30,35,5,19.0545024584275,10.3431286191114
"2347",1018,"LOVENESS LOGGING",5,6,2,3,3682,"N","A",8,122,0,34,5,18.6376420243505,10.1945140262383
"2348",1018,"ALPINE VENEERS CO.",2,6,2,3,3682,"N","A",8,122,0,34,5,18.9347012586149,10.1945140262383
"2349",1018,"GOOSE LAKE TIMBER CO.",3,6,2,3,3682,"N","A",8,122,0,34,5,18.8089318713258,10.1945140262383
"2350",1018,"LAKESIDE CORP.",4,6,2,3,3682,"N","A",8,122,0,34,5,18.6376420243505,10.1945140262383
"2351",1018,"MODOC LUMBER CO.",1,6,2,3,3682,"N","A",8,122,0,34,5,18.9437510941348,10.1945140262383
"2352",1019,"LOUISIANA-PACIFIC",3,6,2,3,1440,"N","S",7,122,0,51,3,17.6544293949514,10.1924188443883
"2353",1019,"LAKEVIEW ASSOCIATES",2,6,2,3,1440,"N","S",7,122,0,51,3,17.6549628705576,10.1924188443883
"2354",1019,"FREMONT SAWMILL",1,6,2,3,1440,"N","S",7,122,0,51,3,17.7211250728113,10.1924188443883
"2355",1020,"MODOC LUMBER CO.",4,6,2,4,1184,"N","S",7,15,5,49,6,18.8020580565314,10.2237578145811
"2356",1020,"LOVENESS LOGGING, INC.",6,6,2,4,1184,"N","S",7,15,5,49,6,18.5171788542514,10.2237578145811
"2357",1020,"THOMAS LUMBER COMPANY",1,6,2,4,1184,"N","S",7,15,5,49,6,19.0138310543117,10.2237578145811
"2358",1020,"BOISE CASCADE CORPORATION",5,6,2,4,1184,"N","S",7,15,5,49,6,18.6316334884205,10.2237578145811
"2359",1020,"WEYERHAEUSER COMPANY",2,6,2,4,1184,"N","S",7,15,5,49,6,18.9938654844285,10.2237578145811
"2360",1020,"D.G. SHELTER PRODUCTS",3,6,2,4,1184,"N","S",7,15,5,49,6,18.8073258618184,10.2237578145811
"2361",1021,"ALPINE VENEERS, INC.",2,6,2,4,1957,"N","S",7,15,12,60,3,19.0137473343723,10.3402252039484
"2362",1021,"MODOC LUMBER CO",1,6,2,4,1957,"N","S",7,15,12,60,3,19.2197286442336,10.3402252039484
"2363",1021,"LAKESIDE CORPORATION",3,6,2,4,1957,"N","S",7,15,12,60,3,18.8816505659588,10.3402252039484
"2364",1022,"ALPINE VENEERS, INC.",2,6,2,4,2300,"Y","S",5,122,0,79,2,16.4074949980496,10.353320361711
"2365",1022,"LAURENCE DEADMOND",1,6,2,4,2300,"Y","S",5,122,0,79,2,16.4794347010239,10.353320361711
"2366",1023,"WILLIAM R. LOONEY",1,6,2,4,13570,"N","A",5,122,0,60,3,14.0036485000797,10.2346600560624
"2367",1023,"C.S. ANDRUS, INC.",3,6,2,4,13570,"N","A",5,122,0,60,3,13.915355892934,10.2346600560624
"2368",1023,"KENDALL CUTTING CO.",2,6,2,4,13570,"N","A",5,122,0,60,3,13.9894638650877,10.2346600560624
"2369",1024,"ASTORIA PLYWOOD CORP.",1,6,3,1,452,"N","S",8,2,15,34,9,19.797100511351,9.53423382639054
"2370",1024,"MULTNOMAH PLYWOOD CORP.",2,6,3,1,452,"N","S",8,2,15,34,9,19.7186443125821,9.53423382639054
"2371",1024,"CAFFALL BROS. TIMBER CO.",7,6,3,1,452,"N","S",8,2,15,34,9,19.3562194395214,9.53423382639054
"2372",1024,"FORT VANCOUVER PLYWOOD",8,6,3,1,452,"N","S",8,2,15,34,9,19.3508952880748,9.53423382639054
"2373",1024,"VANPORT MFG.",4,6,3,1,452,"N","S",8,2,15,34,9,19.6485934874372,9.53423382639054
"2374",1024,"STEVENSON CO-PLY, INC.",5,6,3,1,452,"N","S",8,2,15,34,9,19.5935720853772,9.53423382639054
"2375",1024,"LATIMER & SONS",6,6,3,1,452,"N","S",8,2,15,34,9,19.4291429167578,9.53423382639054
"2376",1024,"LINNTON PLYWOOD",3,6,3,1,452,"N","S",8,2,15,34,9,19.671619478115,9.53423382639054
"2377",1024,"PACIFIC LUMBER SALES",9,6,3,1,452,"N","S",8,2,15,34,9,19.3336583936257,9.53423382639054
"2378",1025,"INTERNATIONAL PAPER CO.",4,6,3,1,238,"Y","S",5,2,0,50,4,15.9927364887938,9.51510077596271
"2379",1025,"FORT VANCOUVER PLYWOOD CO",1,6,3,1,238,"Y","S",5,2,0,50,4,16.3045270839624,9.51510077596271
"2380",1025,"ROGERS & SON",2,6,3,1,238,"Y","S",5,2,0,50,4,16.2508855187212,9.51510077596271
"2381",1025,"MT. ADAMS VENEER",3,6,3,1,238,"Y","S",5,2,0,50,4,16.1035057338507,9.51510077596271
"2382",1026,"ROGERS & SON",1,6,3,1,1,"Y","S",5,2,0,34,2,13.6783382595648,9.80967125633184
"2383",1026,"FORT VANCOUVER PLYWOOD CO",2,6,3,1,1,"Y","S",5,2,0,34,2,13.6408952317546,9.80967125633184
"2384",1027,"ROGERS & SON",2,6,3,1,4,"Y","S",5,2,0,36,2,13.6200308106325,9.81285143227668
"2385",1027,"FORT VANCOUVER PLYWOOD CO",1,6,3,1,4,"Y","S",5,2,0,36,2,13.7236583923312,9.81285143227668
"2386",1028,"VANPORT MFG., INC.",1,6,3,1,554,"N","S",8,2,3,23,3,18.8094905866207,9.40029935589935
"2387",1028,"LATIMER & SONS",2,6,3,1,554,"N","S",8,2,3,23,3,18.657509425245,9.40029935589935
"2388",1028,"FORT VANCOUVER PLYWOOD",3,6,3,1,554,"N","S",8,2,3,23,3,18.6467512076763,9.40029935589935
"2389",1029,"STEVENSON CO-PLY",5,6,3,1,166,"N","S",7,2,0,39,5,18.2763622361826,9.65982236550112
"2390",1029,"LINNTON PLYWOOD ASSOC.",2,6,3,1,166,"N","S",7,2,0,39,5,18.4480643666713,9.65982236550112
"2391",1029,"ASTORIA PLYWOOD CORP.",1,6,3,1,166,"N","S",7,2,0,39,5,18.5947575728584,9.65982236550112
"2392",1029,"VANPORT MFG., INC.",4,6,3,1,166,"N","S",7,2,0,39,5,18.3188827638113,9.65982236550112
"2393",1029,"FORT VANCOUVER PLY. CO.",3,6,3,1,166,"N","S",7,2,0,39,5,18.3744462113728,9.65982236550112
"2394",1030,"FRANK TURNER",1,6,3,1,78,"Y","S",5,2,0,28,1,12.845766305356,9.50888819773827
"2395",1031,"FORT VANCOUVER PLYWOOD CO",1,6,3,1,23,"Y","S",5,2,0,24,2,15.3710623438406,9.84839758621817
"2396",1031,"FRANK TURNER",2,6,3,1,23,"Y","S",5,2,0,24,2,15.2710394280411,9.84839758621817
"2397",1032,"FRANK TURNER",1,6,3,1,113,"Y","S",5,2,0,47,2,14.9142761682114,9.55732855032537
"2398",1032,"INTERNATIONAL PAPER CO.",2,6,3,1,113,"Y","S",5,2,0,47,2,14.7516274462696,9.55732855032537
"2399",1035,"INTERNATIONAL PAPER CO.",2,6,3,1,191,"N","A",7,2,0,51,2,17.862568175616,9.51598514480214
"2400",1035,"FORT VANCOUVER PLYWOOD CO",1,6,3,1,191,"N","A",7,2,0,51,2,17.8650115081253,9.51598514480214
"2401",1036,"FORT VANCOUVER PLY.",2,6,3,1,205,"N","A",7,2,12,23,2,17.4069260144727,9.44383021534454
"2402",1036,"VANPORT MFG.",1,6,3,1,205,"N","A",7,2,12,23,2,17.411874423763,9.44383021534454
"2403",1037,"FORT VANCOUVER PLYWOOD CO",6,6,3,1,900,"N","S",8,2,16,25,6,19.0602235405608,9.3492323708428
"2404",1037,"INTERNATIONAL PAPER CO.",1,6,3,1,900,"N","S",8,2,16,25,6,19.4782564317406,9.3492323708428
"2405",1037,"VANPORT MFG. INC.",5,6,3,1,900,"N","S",8,2,16,25,6,19.0847862685276,9.3492323708428
"2406",1037,"STEVENSON CO-PLY",4,6,3,1,900,"N","S",8,2,16,25,6,19.0923049582813,9.3492323708428
"2407",1037,"LOUISIANA PACIFIC",2,6,3,1,900,"N","S",8,2,16,25,6,19.1972136534429,9.3492323708428
"2408",1037,"BOISE CASCADE",3,6,3,1,900,"N","S",8,2,16,25,6,19.1510524157706,9.3492323708428
"2409",1038,"LATIMER & SONS",3,6,3,1,100,"Y","A",6,2,0,60,3,17.1842949346875,9.50159106930499
"2410",1038,"LINNTON PLYWOOD ASSOC.",1,6,3,1,100,"Y","A",6,2,0,60,3,17.1940702974706,9.50159106930499
"2411",1038,"MULTNOMAH PLYWOOD",2,6,3,1,100,"Y","A",6,2,0,60,3,17.1908634972681,9.50159106930499
"2412",1040,"FORT VANCOUVER PLYWOOD CO",2,6,3,1,21,"Y","A",5,2,0,34,3,14.4683824695223,9.50151633368222
"2413",1040,"WAYNE BRIDGE",3,6,3,1,21,"Y","A",5,2,0,34,3,14.3475789479989,9.50151633368222
"2414",1040,"MULTNOMAH PLYWOOD CORP.",1,6,3,1,21,"Y","A",5,2,0,34,3,14.4940769536467,9.50151633368222
"2415",1041,"WAYNE BRIDGE",2,6,3,1,15,"Y","A",5,2,0,35,3,15.1454356055873,9.43003799288609
"2416",1041,"R. J. MICHAEL",3,6,3,1,15,"Y","A",5,2,0,35,3,14.6062652773772,9.43003799288609
"2417",1041,"DOUBLE H CUSTOM SHAKE & S",1,6,3,1,15,"Y","A",5,2,0,35,3,15.1472853733084,9.43003799288609
"2418",1042,"DOUBLE H CUSTON SHAKE & S",2,6,3,1,20,"Y","S",5,2,0,36,3,14.2521318972464,9.66909345044906
"2419",1042,"R. J. MICHAEL",1,6,3,1,20,"Y","S",5,2,0,36,3,14.3673648748869,9.66909345044906
"2420",1042,"WAYNE BRIDGE",3,6,3,1,20,"Y","S",5,2,0,36,3,13.9166853255887,9.66909345044906
"2421",1043,"STEVENSON CO-PLY",1,6,3,1,295,"N","A",7,2,9,38,5,18.8802327573476,9.29320984979848
"2422",1043,"VANPORT MFG.",4,6,3,1,295,"N","A",7,2,9,38,5,18.6137134806943,9.29320984979848
"2423",1043,"CAFFALL BROS.",2,6,3,1,295,"N","A",7,2,9,38,5,18.876055706603,9.29320984979848
"2424",1043,"LATIMER & SONS",3,6,3,1,295,"N","A",7,2,9,38,5,18.8155542923307,9.29320984979848
"2425",1043,"FORT VANCOUVER PLY.",5,6,3,1,295,"N","A",7,2,9,38,5,18.6137134806943,9.29320984979848
"2426",1044,"VANPORT MFG.",3,6,3,1,252,"N","A",7,2,10,46,5,18.4513137263373,9.56036323983454
"2427",1044,"FORT VANCOUVER PLY.",1,6,3,1,252,"N","A",7,2,10,46,5,18.4737541030842,9.56036323983454
"2428",1044,"CAFFALL BROS.",4,6,3,1,252,"N","A",7,2,10,46,5,18.4513137263373,9.56036323983454
"2429",1044,"LATIMR & SONS",2,6,3,1,252,"N","A",7,2,10,46,5,18.4530579009954,9.56036323983454
"2430",1044,"STEVENSON CO-PLY",5,6,3,1,252,"N","A",7,2,10,46,5,18.4513137263373,9.56036323983454
"2431",1045,"HENRY KYSAR LOGGING",1,6,3,1,250,"Y","D",5,2,0,35,1,14.3930897478434,9.63932667512569
"2432",1046,"BROUGHTON LUMBER COMPANY",1,6,3,3,2,"N","D",5,205,0,25,1,13.5723428548191,10.5240371581795
"2433",1047,"S.D.S. LUMBER CO.",3,6,3,3,147,"N","S",7,2,10,36,6,18.4799161659833,9.65739517984351
"2434",1047,"VANPORT MANUFACTURING CO.",4,6,3,3,147,"N","S",7,2,10,36,6,18.4620385948759,9.65739517984351
"2435",1047,"CAFFALL BROS. TIMBER CO.",5,6,3,3,147,"N","S",7,2,10,36,6,18.2285136788112,9.65739517984351
"2436",1047,"BROUGHTON LUMBER CO.",2,6,3,3,147,"N","S",7,2,10,36,6,18.5002356403576,9.65739517984351
"2437",1047,"WILKINS, KAISER & OLSEN",1,6,3,3,147,"N","S",7,2,10,36,6,18.5466303422751,9.65739517984351
"2438",1047,"FORT VANCOUVER PLYWOOD",6,6,3,3,147,"N","S",7,2,10,36,6,18.2223432134317,9.65739517984351
"2439",1048,"VANPORT MANUFACTURING",3,6,3,3,281,"N","S",7,2,20,35,5,18.1887991266949,9.45375702812995
"2440",1048,"S.D.S. LUMBER CO.",1,6,3,3,281,"N","S",7,2,20,35,5,18.4096855173858,9.45375702812995
"2441",1048,"CAFFALL BROS. TIMBER CO.",4,6,3,3,281,"N","S",7,2,20,35,5,18.1050037790477,9.45375702812995
"2442",1048,"FORT VANCOUVER PLYWOOD",5,6,3,3,281,"N","S",7,2,20,35,5,17.9761577094404,9.45375702812995
"2443",1048,"WILKINS, KAISER & OLSEN",2,6,3,3,281,"N","S",7,2,20,35,5,18.3329854968132,9.45375702812995
"2444",1049,"S.D.S. LUMBER CO.",1,6,3,3,38,"Y","S",5,2,0,32,1,13.6083510780229,9.77092711695165
"2445",1050,"FORT VANCOUVER PLYWOOD CO",3,6,3,3,700,"Y","A",7,2,12,39,3,18.2229819613126,9.49859727917881
"2446",1050,"LOUISIANA-PACIFIC CORP.",1,6,3,3,700,"Y","A",7,2,12,39,3,18.4597754876334,9.49859727917881
"2447",1050,"VANPORT MANUFACTURING CO.",2,6,3,3,700,"Y","A",7,2,12,39,3,18.4596745082778,9.49859727917881
"2448",1051,"STEVENSON CO-PLY, INC.",1,6,3,3,299,"N","S",6,2,23,42,5,17.492127635506,9.42213982158974
"2449",1051,"FORT VANCOUVER",5,6,3,3,299,"N","S",6,2,23,42,5,17.432370242726,9.42213982158974
"2450",1051,"S.D.S. LUMBER CO.",2,6,3,3,299,"N","S",6,2,23,42,5,17.4637476889161,9.42213982158974
"2451",1051,"VANPORT MANUFACTURING,INC",3,6,3,3,299,"N","S",6,2,23,42,5,17.4630444430167,9.42213982158974
"2452",1051,"CROWN ZELLERBACH",4,6,3,3,299,"N","S",6,2,23,42,5,17.432370242726,9.42213982158974
"2453",1052,"WILKINS, KAISER & OLSEN",1,6,3,3,198,"N","S",5,17,0,33,1,16.4401791501274,10.429812439749
"2454",1053,"VANPORT MANUFACTURING",2,6,3,3,300,"N","A",7,2,18,46,2,17.8381818739882,9.52281261323518
"2455",1053,"S.D.S. LUMBER CO.",1,6,3,3,300,"N","A",7,2,18,46,2,17.8404175069593,9.52281261323518
"2456",1054,"S.D.S. LUMBER CO.",2,6,3,3,259,"N","S",7,2,12,36,3,18.4248241481852,9.59362803513964
"2457",1054,"CROWN ZELLERBACH CORP.",1,6,3,3,259,"N","S",7,2,12,36,3,18.4531024345069,9.59362803513964
"2458",1054,"WILKINS, KAISER & OLSEN",3,6,3,3,259,"N","S",7,2,12,36,3,18.1882050331777,9.59362803513964
"2459",1055,"TILLOTSON LOGGING CO.",1,6,3,3,15,"Y","S",5,2,0,31,3,14.7477533760524,10.1729801957877
"2460",1055,"S.D.S. LUMBER CO.",3,6,3,3,15,"Y","S",5,2,0,31,3,14.6556111514804,10.1729801957877
"2461",1055,"FINK BROTHERS LOGGING CO.",2,6,3,3,15,"Y","S",5,2,0,31,3,14.7105613100459,10.1729801957877
"2462",1056,"WILKINS,KAISER & OLSEN",4,6,3,3,38,"Y","S",5,2,0,39,4,14.7411336079789,9.81476562247532
"2463",1056,"S.D.S. LUMBER CO.",3,6,3,3,38,"Y","S",5,2,0,39,4,14.7899343396775,9.81476562247532
"2464",1056,"TILLOTSON LOGGING CO.",2,6,3,3,38,"Y","S",5,2,0,39,4,14.8608064545304,9.81476562247532
"2465",1056,"FINK BROS. LOGGING CO. IN",1,6,3,3,38,"Y","S",5,2,0,39,4,15.104809319758,9.81476562247532
"2466",1057,"SPECIALTY LOGGING CO.",1,6,3,3,1,"Y","A",5,205,0,40,1,12.5976923468163,10.5891064666753
"2467",1059,"JERRY CARTER",2,6,3,3,43,"Y","A",5,2,0,44,3,16.3008721042712,9.36836923620109
"2468",1059,"S.D.S. LUMBER CO.",1,6,3,3,43,"Y","A",5,2,0,44,3,16.3038662529517,9.36836923620109
"2469",1059,"CROWN ZELLERBACH CORP.",3,6,3,3,43,"Y","A",5,2,0,44,3,16.2219411195117,9.36836923620109
"2470",1060,"VANPORT MANUFACTURING CO.",2,6,3,3,708,"N","A",7,2,23,36,2,18.639968872667,9.6210583263658
"2471",1060,"BROUGHTON LUMBER CO.",1,6,3,3,708,"N","A",7,2,23,36,2,18.6440114777468,9.6210583263658
"2472",1061,"STEVENSON CO-PLY",3,6,3,3,640,"N","A",7,2,66,60,4,18.859897792545,9.64885333413055
"2473",1061,"CASCADE LOCKS LUMBER CO.",4,6,3,3,640,"N","A",7,2,66,60,4,18.6463578830209,9.64885333413055
"2474",1061,"S.D.S. LUMBER CO.",2,6,3,3,640,"N","A",7,2,66,60,4,19.0581524106325,9.64885333413055
"2475",1061,"CAFFALL BROS. TIMBER CO.",1,6,3,3,640,"N","A",7,2,66,60,4,19.0583638391927,9.64885333413055
"2476",1062,"TILLOTSON LOGGING CO.",1,6,3,3,8,"Y","S",5,205,0,32,1,12.8526521902738,10.5239296226254
"2477",1063,"TILLOTSON LOGGING CO.",2,6,3,3,15,"Y","A",5,2,0,39,3,14.7729432331696,9.3472286240383
"2478",1063,"S.D.S. LUMBER CO.",1,6,3,3,15,"Y","A",5,2,0,39,3,14.7987119951211,9.3472286240383
"2479",1063,"JERRY CARTER",3,6,3,3,15,"Y","A",5,2,0,39,3,14.2426849712346,9.3472286240383
"2480",1064,"FORT VANCOUVER PLYWOOD",6,6,3,3,298,"N","A",7,2,7,42,6,18.0956027457429,9.41009246383302
"2481",1064,"WILKINS, KAISER & OLSEN",3,6,3,3,298,"N","A",7,2,7,42,6,18.0956027457429,9.41009246383302
"2482",1064,"VANPORT MANUFACTURING CO.",4,6,3,3,298,"N","A",7,2,7,42,6,18.0956027457429,9.41009246383302
"2483",1064,"BROUGHTON LUMBER CO.",1,6,3,3,298,"N","A",7,2,7,42,6,18.768444702731,9.41009246383302
"2484",1064,"STEVENSON CO-PLY.",5,6,3,3,298,"N","A",7,2,7,42,6,18.0956027457429,9.41009246383302
"2485",1064,"CAFFALL BROS.",2,6,3,3,298,"N","A",7,2,7,42,6,18.7642690299017,9.41009246383302
"2486",1065,"WILKINS, KAISER & OLSEN",2,6,3,3,794,"N","A",7,2,0,35,3,18.3374741197026,9.27406606285673
"2487",1065,"VANPORT MANUFACTURING CO.",3,6,3,3,794,"N","A",7,2,0,35,3,18.1744566237568,9.27406606285673
"2488",1065,"S.D.S. LUMBER CO.",1,6,3,3,794,"N","A",7,2,0,35,3,18.3380738348559,9.27406606285673
"2489",1066,"TILLOTSON LOGGING CO.",2,6,3,3,23,"Y","A",5,2,0,31,3,15.5066243053318,9.5101486242258
"2490",1066,"STEVENSON CO-PLY, INC.",1,6,3,3,23,"Y","A",5,2,0,31,3,15.5132376972566,9.5101486242258
"2491",1066,"TED SPERRY",3,6,3,3,23,"Y","A",5,2,0,31,3,15.4415144929868,9.5101486242258
"2492",1067,"SDS LUMBER CO.",6,6,3,3,600,"Y","S",7,2,0,39,6,18.0195970235319,9.30209879721572
"2493",1067,"VANPORT MANUFACTURING CO.",2,6,3,3,600,"Y","S",7,2,0,39,6,18.2517223016962,9.30209879721572
"2494",1067,"CAFFALL BROS.",3,6,3,3,600,"Y","S",7,2,0,39,6,18.1271066810989,9.30209879721572
"2495",1067,"FORT VANCOUVER PLYWOOD",5,6,3,3,600,"Y","S",7,2,0,39,6,18.0344210260063,9.30209879721572
"2496",1067,"STEVENSON CO-PLY, INC.",4,6,3,3,600,"Y","S",7,2,0,39,6,18.070476250001,9.30209879721572
"2497",1067,"WILKINS, KAISER & OLSEN",1,6,3,3,600,"Y","S",7,2,0,39,6,18.376827075215,9.30209879721572
"2498",1068,"S.D.S. LUMBER CO.",3,6,3,3,181,"Y","S",7,2,0,54,5,18.2629643812938,9.52813934333177
"2499",1068,"VANPORT MANUFACTURING",5,6,3,3,181,"Y","S",7,2,0,54,5,18.0343989537608,9.52813934333177
"2500",1068,"FORT VANCOUVER PLYWOOD",4,6,3,3,181,"Y","S",7,2,0,54,5,18.0642800481185,9.52813934333177
"2501",1068,"WILKINS, KAISER & OLSEN",2,6,3,3,181,"Y","S",7,2,0,54,5,18.3628312678545,9.52813934333177
"2502",1068,"CAFFALL BROS.",1,6,3,3,181,"Y","S",7,2,0,54,5,18.3848379990348,9.52813934333177
"2503",1069,"TKM LOGGING",3,6,3,4,6,"Y","S",5,242,0,8,4,12.7048702214832,10.2340495006176
"2504",1069,"ORVILLE OSBORN",4,6,3,4,6,"Y","S",5,242,0,8,4,12.6510789282589,10.2340495006176
"2505",1069,"JERROL JENNINGS",1,6,3,4,6,"Y","S",5,242,0,8,4,13.5491985112487,10.2340495006176
"2506",1069,"R. E. ARMSTRONG",2,6,3,4,6,"Y","S",5,242,0,8,4,12.7833037964928,10.2340495006176
"2507",1070,"WASHINGTON STATE HIGHWAYD",1,6,3,4,13,"N","D",5,2,0,23,1,16.4442289097844,9.2621735206162
"2508",1071,"WASSER & WINTERS CO.",3,6,3,4,145,"N","A",6,2,4,22,7,17.6310270682882,9.30027247947679
"2509",1071,"WEST COAST ORIENT LBR. MI",5,6,3,4,145,"N","A",6,2,4,22,7,17.4232816326115,9.30027247947679
"2510",1071,"MT. ADAMS VENEER",4,6,3,4,145,"N","A",6,2,4,22,7,17.6007269373263,9.30027247947679
"2511",1071,"CHAMPION INTERNATIONAL",2,6,3,4,145,"N","A",6,2,4,22,7,17.6341060103337,9.30027247947679
"2512",1071,"PACIFIC LUMBER SALES CO.",1,6,3,4,145,"N","A",6,2,4,22,7,17.6431775668484,9.30027247947679
"2513",1071,"LATIMER & SONS",7,6,3,4,145,"N","A",6,2,4,22,7,17.4232816326115,9.30027247947679
"2514",1071,"CAFFALL BROS. TIMBER CO.",6,6,3,4,145,"N","A",6,2,4,22,7,17.4232816326115,9.30027247947679
"2515",1074,"CHAMPION INT:L CORP",1,6,3,4,455,"N","A",7,2,15,41,5,18.3771154065724,9.3058323534354
"2516",1074,"PACIFIC LUMBER SALES CO.",3,6,3,4,455,"N","A",7,2,15,41,5,18.1780599873865,9.3058323534354
"2517",1074,"THE BRAZIER CO.",5,6,3,4,455,"N","A",7,2,15,41,5,18.1780599873865,9.3058323534354
"2518",1074,"LATIMER & SONS, INC.",4,6,3,4,455,"N","A",7,2,15,41,5,18.1780599873865,9.3058323534354
"2519",1074,"MT. ADAMS VENEER CO.",2,6,3,4,455,"N","A",7,2,15,41,5,18.3605325711161,9.3058323534354
"2520",1075,"WASSER & WINTERS CO.",7,6,3,4,459,"N","A",8,2,32,42,7,19.0765683271138,9.45508884704278
"2521",1075,"THE BRAZIER CO.",5,6,3,4,459,"N","A",8,2,32,42,7,19.0765683271138,9.45508884704278
"2522",1075,"LOUISIANA-PACIFIC CORP.",1,6,3,4,459,"N","A",8,2,32,42,7,19.0828541516719,9.45508884704278
"2523",1075,"LATIMER & SONS, INC.",6,6,3,4,459,"N","A",8,2,32,42,7,19.0765683271138,9.45508884704278
"2524",1075,"CHAMPION INTERNATIONAL CO",2,6,3,4,459,"N","A",8,2,32,42,7,19.0822319887225,9.45508884704278
"2525",1075,"PACIFIC LUMBER SALES CO.",4,6,3,4,459,"N","A",8,2,32,42,7,19.0765683271138,9.45508884704278
"2526",1075,"MT. ADAMS VENEER CO.",3,6,3,4,459,"N","A",8,2,32,42,7,19.0765683271138,9.45508884704278
"2527",1076,"THE BRAZIER CO.",3,6,3,4,550,"N","A",8,2,18,24,3,19.4436941033886,9.58870831219998
"2528",1076,"PACIFIC LUMBER SALES CO.",1,6,3,4,550,"N","A",8,2,18,24,3,19.5681863660709,9.58870831219998
"2529",1076,"WASSER & WINTERS CO.",2,6,3,4,550,"N","A",8,2,18,24,3,19.5574635149872,9.58870831219998
"2530",1077,"ROBERT E. ARMSTRONG",1,6,3,4,3,"Y","S",5,242,0,12,1,12.4703581401756,10.4220134529283
"2531",1078,"PAUL H. LEWIS",2,6,3,4,4,"Y","S",5,242,0,12,2,13.0046783369463,10.4403901960122
"2532",1078,"DOUBLE H SHAKE CO.",1,6,3,4,4,"Y","S",5,242,0,12,2,13.1078586912014,10.4403901960122
"2533",1079,"MAX WEST, INC.",1,6,3,4,86,"Y","S",5,2,0,22,3,15.9772737470223,9.23999625688369
"2534",1079,"W COAST ORIENT LBR MILLS,",3,6,3,4,86,"Y","S",5,2,0,22,3,15.5821368175533,9.23999625688369
"2535",1079,"MT. ADAMS VENEER",2,6,3,4,86,"Y","S",5,2,0,22,3,15.6072900269923,9.23999625688369
"2536",1080,"WASSER & WINTERS CO.",4,6,3,4,250,"N","S",7,2,16,18,4,17.894726253834,9.32018083765571
"2537",1080,"MT. ADAMS VENEER",3,6,3,4,250,"N","S",7,2,16,18,4,17.9271464268202,9.32018083765571
"2538",1080,"PACIFIC LUMBER SALES CO.",1,6,3,4,250,"N","S",7,2,16,18,4,18.3041368152857,9.32018083765571
"2539",1080,"CHAMPION INTERN'L. CORP.",2,6,3,4,250,"N","S",7,2,16,18,4,18.1408887957763,9.32018083765571
"2540",1081,"FORESTRY SERVICES, INC.",1,6,3,4,16,"Y","D",5,2,0,15,1,15.1854023799315,9.9362451167743
"2541",1082,"CHAMPION INTERNATIONAL",2,6,3,5,550,"N","A",7,2,17,48,8,19.0834279936212,9.3445215534422
"2542",1082,"CAFFALL BROS. TIMBER CO.",3,6,3,5,550,"N","A",7,2,17,48,8,18.8518064512852,9.3445215534422
"2543",1082,"WEST COAST ORIENT LBR MIL",4,6,3,5,550,"N","A",7,2,17,48,8,18.8518064512852,9.3445215534422
"2544",1082,"R & J SWANSON INC.",5,6,3,5,550,"N","A",7,2,17,48,8,18.8518064512852,9.3445215534422
"2545",1082,"MAX WEST INC.",8,6,3,5,550,"N","A",7,2,17,48,8,18.8518064512852,9.3445215534422
"2546",1082,"LATIMER & SONS, INC.",6,6,3,5,550,"N","A",7,2,17,48,8,18.8518064512852,9.3445215534422
"2547",1082,"MT. ADAMS VENEER CO.",1,6,3,5,550,"N","A",7,2,17,48,8,19.0836599117397,9.3445215534422
"2548",1082,"PACIFIC LUMBER SALES",7,6,3,5,550,"N","A",7,2,17,48,8,18.8518064512852,9.3445215534422
"2549",1083,"MAX WEST, INC.",1,6,3,5,74,"N","A",5,205,0,11,2,14.9937654742846,10.6488713324316
"2550",1083,"WEST COAST ORIENT LBR MIL",2,6,3,5,74,"N","A",5,205,0,11,2,14.9790050587015,10.6488713324316
"2551",1084,"CHAMPION INTERNATIONAL",2,6,3,5,495,"N","S",6,205,0,26,3,17.7534858700399,10.5277668537973
"2552",1084,"PACIFIC LUMBER SALES",3,6,3,5,495,"N","S",6,205,0,26,3,17.7096750450911,10.5277668537973
"2553",1084,"HEMPHILL-O'NEILL LBR CO.",1,6,3,5,495,"N","S",6,205,0,26,3,18.067784366517,10.5277668537973
"2554",1085,"LATIMER & SONS, INC.",5,6,3,5,425,"N","A",7,2,0,25,8,18.8494918673387,9.59089784437816
"2555",1085,"WASSER & WINTERS CO.",7,6,3,5,425,"N","A",7,2,0,25,8,18.8494918673387,9.59089784437816
"2556",1085,"WEST COAST ORIENT LBR MIL",1,6,3,5,425,"N","A",7,2,0,25,8,19.1309155951369,9.59089784437816
"2557",1085,"CHAMPION INTERNATIONAL CO",2,6,3,5,425,"N","A",7,2,0,25,8,19.1305960504018,9.59089784437816
"2558",1085,"THE BRAZIER CO.",6,6,3,5,425,"N","A",7,2,0,25,8,18.8494918673387,9.59089784437816
"2559",1085,"MT. ADAMS VENEER CO.",3,6,3,5,425,"N","A",7,2,0,25,8,19.1197697369302,9.59089784437816
"2560",1085,"MAX WEST, INC.",4,6,3,5,425,"N","A",7,2,0,25,8,18.8494918673387,9.59089784437816
"2561",1085,"PACIFIC LUMBER SALES",8,6,3,5,425,"N","A",7,2,0,25,8,18.8494918673387,9.59089784437816
"2562",1086,"WASSER & WINTERS",3,6,3,5,175,"N","S",6,2,0,31,8,18.4673257517754,9.77241028892919
"2563",1086,"THE BRAZIER COMPANY",7,6,3,5,175,"N","S",6,2,0,31,8,18.2334519664216,9.77241028892919
"2564",1086,"PACIFIC LBR. SALES",6,6,3,5,175,"N","S",6,2,0,31,8,18.3754050966271,9.77241028892919
"2565",1086,"POPE & TALBOT, INC.",5,6,3,5,175,"N","S",6,2,0,31,8,18.4014795757434,9.77241028892919
"2566",1086,"WEST COAST ORIENT LBR MIL",1,6,3,5,175,"N","S",6,2,0,31,8,18.5287581654767,9.77241028892919
"2567",1086,"CHAMPION INTERNATIONAL CO",2,6,3,5,175,"N","S",6,2,0,31,8,18.5056595566821,9.77241028892919
"2568",1086,"MT. ADAMS VENEER",4,6,3,5,175,"N","S",6,2,0,31,8,18.4386522840665,9.77241028892919
"2569",1086,"CROWN ZELLERBACH",8,6,3,5,175,"N","S",6,2,0,31,8,18.1951618738007,9.77241028892919
"2570",1087,"PACIFIC LUMBER SALES",4,6,3,5,17,"N","A",5,205,0,7,4,16.5150042563834,10.5878966671528
"2571",1087,"MT. ADAMS VENEER CO.",3,6,3,5,17,"N","A",5,205,0,7,4,16.5151252802454,10.5878966671528
"2572",1087,"WASSER & WINTERS",2,6,3,5,17,"N","A",5,205,0,7,4,16.5855961499859,10.5878966671528
"2573",1087,"CHAMPION INTERNATIONAL",1,6,3,5,17,"N","A",5,205,0,7,4,16.5868484983024,10.5878966671528
"2574",1088,"WEST COAST ORIENT CO.",3,6,3,5,170,"N","S",5,205,0,39,4,15.308976294146,10.2710777082154
"2575",1088,"CHAMPION INTERNATIONAL",2,6,3,5,170,"N","S",5,205,0,39,4,13.1959855172749,10.2710777082154
"2576",1088,"HEMPHILL-O'NEILL LBR CO.",4,6,3,5,170,"N","S",5,205,0,39,4,15.2141039746712,10.2710777082154
"2577",1088,"PACIFIC LUMBER SALES CO.",1,6,3,5,170,"N","S",5,205,0,39,4,15.9024241144828,10.2710777082154
"2578",1089,"WEST COAST ORIENT LBR MIL",2,6,3,5,18,"N","A",5,205,0,23,2,16.4455271429274,10.5652988527862
"2579",1089,"CHAMPION INTERNATIONAL",1,6,3,5,18,"N","A",5,205,0,23,2,16.4471115869031,10.5652988527862
"2580",1090,"WEST COAST ORIENT LBR MIL",1,6,3,5,230,"Y","A",5,2,0,18,1,16.0071037532353,9.76209678434414
"2581",1091,"THE BRAZIER CO.",4,6,3,5,1100,"N","S",8,2,19,18,7,19.8034212977729,9.53985992316954
"2582",1091,"STEVENSON CO-PLY",7,6,3,5,1100,"N","S",8,2,19,18,7,19.6607911481339,9.53985992316954
"2583",1091,"MAX WEST, INC.",2,6,3,5,1100,"N","S",8,2,19,18,7,19.8791583153454,9.53985992316954
"2584",1091,"MULTNOMAH PLYWOOD CORP.",1,6,3,5,1100,"N","S",8,2,19,18,7,19.9309511466413,9.53985992316954
"2585",1091,"LATIMER & SONS",5,6,3,5,1100,"N","S",8,2,19,18,7,19.7713593263279,9.53985992316954
"2586",1091,"PACIFIC LUMBER SALES",6,6,3,5,1100,"N","S",8,2,19,18,7,19.7154205142071,9.53985992316954
"2587",1091,"FORT VANCOUVER PLYWOOD",3,6,3,5,1100,"N","S",8,2,19,18,7,19.8594430218208,9.53985992316954
"2588",1092,"LATIMER & SONS, INC.",2,6,3,5,550,"N","A",8,2,4,22,3,19.2687500210069,9.71751935482198
"2589",1092,"PACIFIC LUMBER SALES",3,6,3,5,550,"N","A",8,2,4,22,3,19.2496403386281,9.71751935482198
"2590",1092,"MAX WEST, INC.",1,6,3,5,550,"N","A",8,2,4,22,3,19.2687864208251,9.71751935482198
"2591",1093,"LATIMER & SONS, INC.",1,6,3,5,850,"N","S",8,2,0,23,3,19.3140863986593,9.5262454033717
"2592",1093,"WASSER & WINTERS COMPANY",2,6,3,5,850,"N","S",8,2,0,23,3,19.1391271823245,9.5262454033717
"2593",1093,"BRAZIER TIMBER COMPANY",3,6,3,5,850,"N","S",8,2,0,23,3,19.1220584605341,9.5262454033717
"2594",1094,"CHAMPION INTERNATIONAL",1,6,3,5,420,"N","S",7,205,6,23,2,18.8469068435085,10.5778341036324
"2595",1094,"CROWN ZELLERBACH CORP.",2,6,3,5,420,"N","S",7,205,6,23,2,18.8325254590246,10.5778341036324
"2596",1095,"STEVENSON CO-PLY",6,6,3,5,750,"N","A",8,2,20,6,7,19.6727509010808,9.57831127565677
"2597",1095,"MAX WEST, INC.",3,6,3,5,750,"N","A",8,2,20,6,7,19.8192714442708,9.57831127565677
"2598",1095,"WASSER & WINTERS",5,6,3,5,750,"N","A",8,2,20,6,7,19.7693890151941,9.57831127565677
"2599",1095,"LATIMER & SONS, INC.",4,6,3,5,750,"N","A",8,2,20,6,7,19.7917766920953,9.57831127565677
"2600",1095,"PACIFIC LUMBER SALES CO.",1,6,3,5,750,"N","A",8,2,20,6,7,19.8730310680624,9.57831127565677
"2601",1095,"CAFFALL BROS. FOREST PROD",7,6,3,5,750,"N","A",8,2,20,6,7,19.638692243044,9.57831127565677
"2602",1095,"THE BRAZIER COMPANY",2,6,3,5,750,"N","A",8,2,20,6,7,19.867257550706,9.57831127565677
"2603",1096,"A. W. BABBITT",2,6,3,5,13,"Y","A",5,205,0,21,2,12.8039746441734,10.7763696139933
"2604",1096,"EDDIE BOWEN",1,6,3,5,13,"Y","A",5,205,0,21,2,12.8140431286825,10.7763696139933
"2605",1097,"THE BRAZIER CO.",8,6,3,5,420,"N","A",7,2,11,25,8,18.7949654223583,9.52149480061311
"2606",1097,"MAX WEST, INC.",2,6,3,5,420,"N","A",7,2,11,25,8,19.3570372057631,9.52149480061311
"2607",1097,"WEST COAST ORIENT LBR.MIL",5,6,3,5,420,"N","A",7,2,11,25,8,18.7949654223583,9.52149480061311
"2608",1097,"CHAMPION INTERNATIONAL",3,6,3,5,420,"N","A",7,2,11,25,8,18.811645224291,9.52149480061311
"2609",1097,"MT. ADAMS VENEER",1,6,3,5,420,"N","A",7,2,11,25,8,19.3571489348253,9.52149480061311
"2610",1097,"WASSER & WINTERS CO.",6,6,3,5,420,"N","A",7,2,11,25,8,18.7949654223583,9.52149480061311
"2611",1097,"LATIMER & SONS, INC.",7,6,3,5,420,"N","A",7,2,11,25,8,18.7949654223583,9.52149480061311
"2612",1097,"CAFFALL BROS.",4,6,3,5,420,"N","A",7,2,11,25,8,18.7949654223583,9.52149480061311
"2613",1098,"WASSER & WINTERS CO.",1,6,3,5,99,"Y","A",5,205,0,28,2,15.879584622513,10.5961846318157
"2614",1098,"MAX WEST, INC.",2,6,3,5,99,"Y","A",5,205,0,28,2,15.8785050859738,10.5961846318157
"2615",1099,"LATIMER & SONS, INC.",1,6,3,5,920,"N","A",8,2,13,33,5,18.9051239932842,9.37245922145262
"2616",1099,"CAFFALL BROS.",5,6,3,5,920,"N","A",8,2,13,33,5,18.8949664420412,9.37245922145262
"2617",1099,"THE BRAZIER CO.",4,6,3,5,920,"N","A",8,2,13,33,5,18.8949664420412,9.37245922145262
"2618",1099,"WASSER & WINTERS",3,6,3,5,920,"N","A",8,2,13,33,5,18.8953833158546,9.37245922145262
"2619",1099,"MAX WEST, INC.",2,6,3,5,920,"N","A",8,2,13,33,5,18.9004960805821,9.37245922145262
"2620",1100,"PACIFIC LUMBER SALES",2,6,3,5,181,"N","S",5,205,13,23,3,16.8011924956648,10.4121708832301
"2621",1100,"CHAMPION INTERNATIONAL",1,6,3,5,181,"N","S",5,205,13,23,3,16.8935598740075,10.4121708832301
"2622",1100,"MT. ADAMS VENEER CO.",3,6,3,5,181,"N","S",5,205,13,23,3,16.7910401242007,10.4121708832301
"2623",1101,"MT. ADAMS VENEER CO.",1,6,3,5,14,"N","S",5,2,0,28,2,15.9011950716778,9.17481681590714
"2624",1101,"PACIFIC LUMBER SALES",2,6,3,5,14,"N","S",5,2,0,28,2,15.8128875577739,9.17481681590714
"2625",1102,"WEST COAST ORIENT LBR MIL",5,6,3,5,125,"N","S",6,2,0,25,7,17.9343509654518,9.68930374259339
"2626",1102,"CHAMPION INTERNATIONAL",2,6,3,5,125,"N","S",6,2,0,25,7,18.1244341000392,9.68930374259339
"2627",1102,"PACIFIC LUMBER SALES CO.",3,6,3,5,125,"N","S",6,2,0,25,7,18.0087633646402,9.68930374259339
"2628",1102,"WASSER & WINTERS CO.",6,6,3,5,125,"N","S",6,2,0,25,7,17.8928428960915,9.68930374259339
"2629",1102,"MT. ADAMS VENEER",1,6,3,5,125,"N","S",6,2,0,25,7,18.1462491613946,9.68930374259339
"2630",1102,"BRAZIER CO.",7,6,3,5,125,"N","S",6,2,0,25,7,17.863207159859,9.68930374259339
"2631",1102,"MAX WEST, INC.",4,6,3,5,125,"N","S",6,2,0,25,7,17.9947384010515,9.68930374259339
"2632",1103,"STEVENSON CO-PLY",5,6,3,8,450,"N","S",7,2,12,38,7,18.5401787526459,9.34557032123629
"2633",1103,"S.D.S. LUMBER CO.",1,6,3,8,450,"N","S",7,2,12,38,7,18.8942884955394,9.34557032123629
"2634",1103,"FORT VANCOUVER PLY.",6,6,3,8,450,"N","S",7,2,12,38,7,18.5250912084545,9.34557032123629
"2635",1103,"VANPORT MFG.",3,6,3,8,450,"N","S",7,2,12,38,7,18.8292124784848,9.34557032123629
"2636",1103,"WILKINS, KAISER & OLSEN",2,6,3,8,450,"N","S",7,2,12,38,7,18.8898490243914,9.34557032123629
"2637",1103,"CAFFALL BROS. TIMBER CO.",7,6,3,8,450,"N","S",7,2,12,38,7,18.5250912084545,9.34557032123629
"2638",1103,"ASTORIA PLYWOOD",4,6,3,8,450,"N","S",7,2,12,38,7,18.7928647974919,9.34557032123629
"2639",1104,"STEVENSON CO-PLY",3,6,3,8,300,"N","S",7,2,6,93,5,18.681252633845,9.38840287184975
"2640",1104,"S.D.S. LUMBER CO.",5,6,3,8,300,"N","S",7,2,6,93,5,18.5868085536014,9.38840287184975
"2641",1104,"CAFFALL BROS. TIMBER CO.",4,6,3,8,300,"N","S",7,2,6,93,5,18.6126192426983,9.38840287184975
"2642",1104,"FORT VANCOUVER PLYWOOD",1,6,3,8,300,"N","S",7,2,6,93,5,18.8627991697086,9.38840287184975
"2643",1104,"VANPORT MFG. INC.",2,6,3,8,300,"N","S",7,2,6,93,5,18.8028772251212,9.38840287184975
"2644",1105,"TILLOTSON LOGGING COMPANY",2,6,3,8,540,"Y","S",5,2,0,25,2,16.2999337575757,9.68153079670148
"2645",1105,"WILKINS, KAISER & OLSEN,",1,6,3,8,540,"Y","S",5,2,0,25,2,16.308153869124,9.68153079670148
"2646",1106,"WILKINS,KAISER&OLSEN, INC",1,6,3,8,656,"Y","A",5,2,0,26,2,16.1839021179127,9.64023789622493
"2647",1106,"TILLOTSON LOGGING COMPANY",2,6,3,8,656,"Y","A",5,2,0,26,2,16.1735965808192,9.64023789622493
"2648",1107,"JERRY CARTER",1,6,3,8,3,"Y","S",5,242,0,24,1,12.6115377536383,10.4763579656736
"2649",1108,"BURRELL H. FINDLAY",3,6,3,8,46,"Y","S",5,2,0,17,3,14.0798728250944,9.17481681590714
"2650",1108,"WAYNE B. BRIDGE",1,6,3,8,46,"Y","S",5,2,0,17,3,15.0971663649716,9.17481681590714
"2651",1108,"JERRY CARTER",2,6,3,8,46,"Y","S",5,2,0,17,3,14.2227074989172,9.17481681590714
"2652",1110,"CAFFALL BROS.",5,6,3,8,1100,"N","A",7,2,22,30,5,18.4407490222347,9.23707966916581
"2653",1110,"S.D.S. LUMBER CO.",2,6,3,8,1100,"N","A",7,2,22,30,5,18.8174689833435,9.23707966916581
"2654",1110,"FORT VANCOUVER PLY.",1,6,3,8,1100,"N","A",7,2,22,30,5,18.8178051650354,9.23707966916581
"2655",1110,"STEVENSON CO-PLY.",4,6,3,8,1100,"N","A",7,2,22,30,5,18.4407490222347,9.23707966916581
"2656",1110,"VANPORT MFG.",3,6,3,8,1100,"N","A",7,2,22,30,5,18.5704412295355,9.23707966916581
"2657",1112,"RAY BLOOMQUIST",4,6,3,8,10,"Y","A",5,2,0,24,5,14.5838486954667,9.95612743986031
"2658",1112,"WAYNE B. BRIDGE",1,6,3,8,10,"Y","A",5,2,0,24,5,14.9937346922674,9.95612743986031
"2659",1112,"CAFFALL BROS. FOREST PROD",5,6,3,8,10,"Y","A",5,2,0,24,5,14.5838486954667,9.95612743986031
"2660",1112,"JERRY CARTER",3,6,3,8,10,"Y","A",5,2,0,24,5,14.5875151286017,9.95612743986031
"2661",1112,"BURRELL H. FINDLAY",2,6,3,8,10,"Y","A",5,2,0,24,5,14.9923485198829,9.95612743986031
"2662",1113,"FORT VANCOUVER PLYWOOD CO",4,6,3,8,175,"Y","A",5,2,0,15,4,16.1961699610694,9.84755192020583
"2663",1113,"TILLOTSON LOGGING",3,6,3,8,175,"Y","A",5,2,0,15,4,16.1962948141937,9.84755192020583
"2664",1113,"STEVENSON CO-PLY, INC.",1,6,3,8,175,"Y","A",5,2,0,15,4,16.4357956435419,9.84755192020583
"2665",1113,"INTERNATIONAL PAPER",2,6,3,8,175,"Y","A",5,2,0,15,4,16.4316384339961,9.84755192020583
"2666",1114,"FORT VANCOUVER",5,6,3,8,100,"N","A",7,2,0,29,7,17.9888403458459,9.22984883836423
"2667",1114,"VANPORT MANUFACTURING CO.",7,6,3,8,100,"N","A",7,2,0,29,7,17.9888403458459,9.22984883836423
"2668",1114,"STEVENSON CO-PLY, INC.",1,6,3,8,100,"N","A",7,2,0,29,7,18.266464895335,9.22984883836423
"2669",1114,"S.D.S. LUMBER CO.",6,6,3,8,100,"N","A",7,2,0,29,7,17.9888403458459,9.22984883836423
"2670",1114,"LOUISIANA-PACIFIC",2,6,3,8,100,"N","A",7,2,0,29,7,18.2649761908224,9.22984883836423
"2671",1114,"INTERNATIONAL PAPER CO.",4,6,3,8,100,"N","A",7,2,0,29,7,17.9888403458459,9.22984883836423
"2672",1114,"MULTNOMAH PLYWOOD",3,6,3,8,100,"N","A",7,2,0,29,7,18.0931664647565,9.22984883836423
"2673",1115,"INTERNATIONAL PAPER CO.",3,6,3,8,390,"Y","A",7,2,0,19,5,18.8233653233042,9.32785670540402
"2674",1115,"STEVENSON CO-PLY, INC.",1,6,3,8,390,"Y","A",7,2,0,19,5,18.8588066343001,9.32785670540402
"2675",1115,"FORT VANCOUVER PLYWOOD",5,6,3,8,390,"Y","A",7,2,0,19,5,18.4847647868303,9.32785670540402
"2676",1115,"VANPORT MANUFACTURING CO.",4,6,3,8,390,"Y","A",7,2,0,19,5,18.5054813456448,9.32785670540402
"2677",1115,"BOISE CASCADE CORP.",2,6,3,8,390,"Y","A",7,2,0,19,5,18.8557046543021,9.32785670540402
"2678",1116,"JERRY CARTER",1,6,3,8,684,"Y","D",5,2,0,20,1,15.3765688219558,9.84882015119382
"2679",1117,"JERRY CARTER",1,6,3,8,33,"Y","D",5,2,0,36,1,15.6864770011223,9.79945948211208
"2680",1118,"CAFFALL BROS.",5,6,3,8,118,"N","S",7,2,8,29,5,17.3213471952388,9.33617975681533
"2681",1118,"FORT VANCOUVER PLYWOOD",4,6,3,8,118,"N","S",7,2,8,29,5,17.5911936591601,9.33617975681533
"2682",1118,"S.D.S. LUMBER CO.",2,6,3,8,118,"N","S",7,2,8,29,5,17.8826432118337,9.33617975681533
"2683",1118,"VANPORT MFG. CO.",3,6,3,8,118,"N","S",7,2,8,29,5,17.762269233761,9.33617975681533
"2684",1118,"WILKINS, KAISER & OLSEN",1,6,3,8,118,"N","S",7,2,8,29,5,17.9688674625864,9.33617975681533
"2685",1119,"EDW. HINES LBR. CO.",1,6,4,1,88,"Y","S",5,70,0,33,2,14.2119315578088,10.1591370154066
"2686",1119,"BLUE MTN. FOREST",2,6,4,1,88,"Y","S",5,70,0,33,2,14.1573505054719,10.1591370154066
"2687",1120,"BLUE MTN. FOREST PROD.",1,6,4,1,135,"Y","S",5,15,0,45,3,14.8905812380494,10.2728072140079
"2688",1120,"H&H LOGGING",2,6,4,1,135,"Y","S",5,15,0,45,3,14.7947573094808,10.2728072140079
"2689",1120,"EDW. HINES LBR. CO.",3,6,4,1,135,"Y","S",5,15,0,45,3,14.7412960714002,10.2728072140079
"2690",1121,"EDW. HINES LBR. CO.",2,6,4,1,19,"Y","S",5,108,0,29,2,13.5257463193082,9.89439635252435
"2691",1121,"BLUE MTN. FOREST",1,6,4,1,19,"Y","S",5,108,0,29,2,13.5686120792955,9.89439635252435
"2692",1122,"HUDSPETH SAWMILL",1,6,4,1,298,"Y","S",5,122,0,36,3,15.6201846071795,10.1947756155819
"2693",1122,"ALLISON LOGGING",2,6,4,1,298,"Y","S",5,122,0,36,3,15.4494352081394,10.1947756155819
"2694",1122,"EDW. HINES LBR. CO.",3,6,4,1,298,"Y","S",5,122,0,36,3,15.4187492951556,10.1947756155819
"2695",1123,"NEAL BEZONA",1,6,4,1,531,"N","S",6,15,4,48,4,17.3238137314035,10.239781201783
"2696",1123,"BLUE MTN. FOREST PROD.",2,6,4,1,531,"N","S",6,15,4,48,4,17.2611668326066,10.239781201783
"2697",1123,"EDW. HINES LBR.",4,6,4,1,531,"N","S",6,15,4,48,4,17.0874895184689,10.239781201783
"2698",1123,"HUDSPETH SAWMILL",3,6,4,1,531,"N","S",6,15,4,48,4,17.097678878002,10.239781201783
"2699",1124,"EDWARD HINES LBR. CO.",2,6,4,1,398,"Y","S",5,122,0,22,4,15.4907362109364,10.301592306238
"2700",1124,"ALLISON LOGGING",3,6,4,1,398,"Y","S",5,122,0,22,4,13.0815413828841,10.301592306238
"2701",1124,"HUDSPETH SAWMILL CO.",1,6,4,1,398,"Y","S",5,122,0,22,4,15.494474533047,10.301592306238
"2702",1124,"ART STEELMAN",4,6,4,1,398,"Y","S",5,122,0,22,4,15.3251723330344,10.301592306238
"2703",1125,"EDW. HINES LBR. CO.",1,6,4,1,778,"N","A",7,15,0,26,1,17.8747304069604,10.1315390402029
"2704",1126,"BLUE MTN. FOREST",1,6,4,1,81,"N","S",5,108,0,25,1,14.2476175970189,9.87106766128002
"2705",1129,"OCHOCO LUMBER CO.",2,6,4,1,2342,"N","A",7,15,6,37,3,18.9076367413819,10.3384790999026
"2706",1129,"HUDSPETH SAWMILL CO.",3,6,4,1,2342,"N","A",7,15,6,37,3,18.7854939819572,10.3384790999026
"2707",1129,"EDWARD HINES LBR. CO.",1,6,4,1,2342,"N","A",7,15,6,37,3,18.9079408696956,10.3384790999026
"2708",1130,"HUDSPETH SAWMILL CO.",2,6,4,3,3072,"N","A",8,15,45,32,2,19.2786306691179,10.2466516344469
"2709",1130,"EDW. HINES LBR. CO.",1,6,4,3,3072,"N","A",8,15,45,32,2,19.2790906363941,10.2466516344469
"2710",1131,"EDW. HINES LBR. CO.",1,6,4,3,2924,"N","A",8,15,101,35,2,18.9747181444331,10.2283208906187
"2711",1131,"HUDSPETH SAWMILL CO.",2,6,4,3,2924,"N","A",8,15,101,35,2,18.9738730885344,10.2283208906187
"2712",1132,"JOHN MICHEL",2,6,4,3,282,"Y","S",5,108,0,54,3,13.7753133682129,9.89176915958193
"2713",1132,"EDW. HINES LBR. CO.",3,6,4,3,282,"Y","S",5,108,0,54,3,13.7101500423064,9.89176915958193
"2714",1132,"H & H LOGGING",1,6,4,3,282,"Y","S",5,108,0,54,3,13.9502162608166,9.89176915958193
"2715",1133,"ALLISON LOGGING INC.",1,6,4,3,155,"Y","A",5,122,0,32,4,15.7521377534207,10.3028675169883
"2716",1133,"HUDSPETH SAWMILL CO.",2,6,4,3,155,"Y","A",5,122,0,32,4,15.7474405817263,10.3028675169883
"2717",1133,"ART STEELMAN",4,6,4,3,155,"Y","A",5,122,0,32,4,15.7467812134931,10.3028675169883
"2718",1133,"EDWARD HINES LBR.",3,6,4,3,155,"Y","A",5,122,0,32,4,15.7467812134931,10.3028675169883
"2719",1134,"EDW. HINES LBR. CO.",2,6,4,3,24100,"Y","S",5,122,0,49,2,14.7127407870997,10.0901330808101
"2720",1134,"H & H LOGGING CO.",1,6,4,3,24100,"Y","S",5,122,0,49,2,14.7523879234468,10.0901330808101
"2721",1135,"H&H LOGGING",1,6,4,3,57,"Y","S",5,108,0,47,2,13.6557994475564,9.93967482329784
"2722",1135,"EDW. HINES LBR. CO.",2,6,4,3,57,"Y","S",5,108,0,47,2,13.4332100663866,9.93967482329784
"2723",1136,"H & H LOGGING CO.",1,6,4,3,12700,"Y","S",5,122,0,36,2,14.6931436181476,10.0901330808101
"2724",1136,"EDW. HINES LBR. CO.",2,6,4,3,12700,"Y","S",5,122,0,36,2,14.6399491242054,10.0901330808101
"2725",1137,"EDW. HINES LBR. CO.",3,6,4,3,16900,"Y","S",5,150,0,31,3,14.3659414363226,10.0901330808101
"2726",1137,"H & H LOGGING CO.",2,6,4,3,16900,"Y","S",5,150,0,31,3,14.3670941742024,10.0901330808101
"2727",1137,"ALLISON LOGGING INC.",1,6,4,3,16900,"Y","S",5,150,0,31,3,14.3949289731959,10.0901330808101
"2728",1138,"EDWARD HINES LBR. CO.",1,6,4,3,1311,"Y","S",7,15,17,38,1,17.6377882708408,10.3718335586835
"2729",1139,"HUDSPETH SAWMILL CO.",1,6,4,5,2480,"Y","S",5,15,0,14,1,14.8866660003993,10.2968463406492
"2730",1140,"PRAIRIE CITY TIMBER",2,6,4,5,335,"Y","S",5,122,0,20,3,13.4392449642605,10.2898377967846
"2731",1140,"HUDSPETH SAWMILL CO.",1,6,4,5,335,"Y","S",5,122,0,20,3,13.4883944162671,10.2898377967846
"2732",1140,"EDW. HINES LBR. CO.",3,6,4,5,335,"Y","S",5,122,0,20,3,13.4356693359937,10.2898377967846
"2733",1141,"EDW. HINES LBR. CO.",3,6,4,5,1852,"N","A",8,15,205,15,4,19.0953217364755,10.3107843154733
"2734",1141,"ART STEELMAN",4,6,4,5,1852,"N","A",8,15,205,15,4,19.0953217364755,10.3107843154733
"2735",1141,"HUDSPETH SAWMILL CO.",1,6,4,5,1852,"N","A",8,15,205,15,4,19.4135324369413,10.3107843154733
"2736",1141,"LOUISIANA-PACIFIC CORP.",2,6,4,5,1852,"N","A",8,15,205,15,4,19.4098166509876,10.3107843154733
"2737",1142,"HUDSPETH SAWMILL CO.",1,6,4,5,496,"N","S",7,15,31,13,3,18.1469988763408,10.2833613109774
"2738",1142,"BLUE MTN. FOREST PROD.",2,6,4,5,496,"N","S",7,15,31,13,3,17.9773486459939,10.2833613109774
"2739",1142,"EDWARD HINES LBR. CO.",3,6,4,5,496,"N","S",7,15,31,13,3,17.9310766749692,10.2833613109774
"2740",1143,"HUDSPETH SAWMILL CO.",1,6,4,5,1330,"N","A",7,15,0,32,2,17.9699855022394,10.4035959514609
"2741",1143,"EDWARD HINES LBR. CO.",2,6,4,5,1330,"N","A",7,15,0,32,2,17.964453779166,10.4035959514609
"2742",1144,"HARLEY MCGETRICK",1,6,4,5,350,"Y","S",5,15,0,15,4,14.5126796398254,10.4116295786729
"2743",1144,"HUDSPETH SAWMILL COMPANY",3,6,4,5,350,"Y","S",5,15,0,15,4,14.1955210966,10.4116295786729
"2744",1144,"ART STEELMAN",4,6,4,5,350,"Y","S",5,15,0,15,4,14.1800147730173,10.4116295786729
"2745",1144,"EDW. HINES LBR. COMPANY",2,6,4,5,350,"Y","S",5,15,0,15,4,14.3152186099163,10.4116295786729
"2746",1145,"BLUE MTN. FOREST PROD.",1,6,4,5,159,"Y","S",6,15,0,22,1,15.3490149252074,10.3373457351455
"2747",1147,"BLUE MTN. FOREST PROD.",1,6,4,5,1120,"N","A",6,15,0,34,1,16.6877013729231,10.4188827200165
"2748",1148,"PRAIRIE CITY TIMBER",1,6,4,5,3620,"N","A",5,15,21,26,2,15.8688288391649,10.4235900130823
"2749",1148,"EDWARD HINES LBR. CO.",2,6,4,5,3620,"N","A",5,15,21,26,2,15.8674164494496,10.4235900130823
"2750",1149,"P. C. TIMBER CO.",2,6,4,6,165,"N","S",5,15,0,27,2,14.6795348905589,10.2588516376748
"2751",1149,"EDW. HINES LBR.",1,6,4,6,165,"N","S",5,15,0,27,2,14.734090667213,10.2588516376748
"2752",1150,"PRAIRIE CITY TIMBER",1,6,4,6,90,"N","S",5,15,0,33,2,15.1768614000194,10.3308119949972
"2753",1150,"EDW. HINES LBR.",2,6,4,6,90,"N","S",5,15,0,33,2,15.1698007042571,10.3308119949972
"2754",1151,"EDW. HINES LBR. CO.",1,6,4,6,235,"Y","S",5,15,0,42,1,14.0991846090185,10.3086859584157
"2755",1153,"EDWARD HINES LBR. CO.",1,6,4,6,1431,"N","A",8,15,0,38,2,18.643348582133,10.3763308959742
"2756",1153,"HUDSPETH SAWMILL CO.",2,6,4,6,1431,"N","A",8,15,0,38,2,18.6402463018757,10.3763308959742
"2757",1155,"EDWARD HINES LUMBER CO.",1,6,4,6,471,"N","S",7,15,0,27,2,18.1191444771452,10.3400313428816
"2758",1155,"HUDSPETH SAWMILL CO",2,6,4,6,471,"N","S",7,15,0,27,2,17.977127401195,10.3400313428816
"2759",1157,"PRAIRIE CITY TIMBER",1,6,4,6,663,"Y","S",5,15,0,42,3,14.4046574085055,10.2812045514416
"2760",1157,"HUDSPETH SAWMILL",3,6,4,6,663,"Y","S",5,15,0,42,3,14.358096442478,10.2812045514416
"2761",1157,"EDWARD HINES LUMBER",2,6,4,6,663,"Y","S",5,15,0,42,3,14.3683894179613,10.2812045514416
"2762",1158,"ART STEELMAN",2,6,4,6,200,"Y","A",5,70,0,51,3,15.2921665111642,10.1791096954955
"2763",1158,"HUDSPETH SAWMILL CO.",3,6,4,6,200,"Y","A",5,70,0,51,3,15.258015105721,10.1791096954955
"2764",1158,"ELLINGSON LUMBER CO.",1,6,4,6,200,"Y","A",5,70,0,51,3,15.2989951486687,10.1791096954955
"2765",1159,"HUDSPETH SAWMILL COMPANY",1,6,4,6,840,"Y","S",5,122,0,45,2,14.039453789449,10.3289840199492
"2766",1159,"EDW. HINES LBR. COMPANY",2,6,4,6,840,"Y","S",5,122,0,45,2,14.0388940804831,10.3289840199492
"2767",1160,"HUDSPETH SAWMILL CO.",2,6,4,6,2000,"N","A",7,15,0,36,3,18.6598503886624,10.376175076911
"2768",1160,"ART STEELMAN",3,6,4,6,2000,"N","A",7,15,0,36,3,18.6274786297865,10.376175076911
"2769",1160,"EDW. HINES LBR. CO.",1,6,4,6,2000,"N","A",7,15,0,36,3,18.66011802849,10.376175076911
"2770",1161,"HUDSPETH SAWMILL CO.",2,6,4,6,710,"N","S",7,15,0,49,3,18.6972679200357,10.3213422582902
"2771",1161,"EDWARD HINES LBR. CO.",3,6,4,6,710,"N","S",7,15,0,49,3,18.450590843705,10.3213422582902
"2772",1161,"PINE PRODUCTS OF OREGON",1,6,4,6,710,"N","S",7,15,0,49,3,18.7530279844633,10.3213422582902
"2773",1162,"EDW. HINES LUMBER CO.",2,6,4,6,339,"Y","A",6,2,0,39,2,16.057962345926,9.80752716139022
"2774",1162,"H&H LOGGING COMPANY",1,6,4,6,339,"Y","A",6,2,0,39,2,16.0585579382421,9.80752716139022
"2775",1163,"HUDSPETH SAWMILL CO.",2,6,4,6,215,"Y","A",5,15,0,40,2,15.9104587477155,10.3753644261635
"2776",1163,"EDWARD HINES LBR. CO.",1,6,4,6,215,"Y","A",5,15,0,40,2,15.9136143710993,10.3753644261635
"2777",1164,"HUDSPETH SAWMILL CO.",2,6,4,6,164,"Y","A",5,15,0,42,3,15.9790071317829,10.3527143300832
"2778",1164,"H & H LOGGING CO.",1,6,4,6,164,"Y","A",5,15,0,42,3,15.9790508014106,10.3527143300832
"2779",1164,"EDWARD HINES LBR. CO.",3,6,4,6,164,"Y","A",5,15,0,42,3,15.9439386730954,10.3527143300832
"2780",1166,"ART STEELMAN",1,6,4,6,1800,"Y","S",5,122,0,68,1,15.376375682601,10.3322133542188
"2781",1167,"SUMMIT TIMBER CO.",1,6,5,1,625,"N","S",7,2,4,29,1,17.9523716781227,9.81043981148606
"2782",1168,"SUPERIOR SHAKE CO., INC.",4,6,5,1,54,"Y","S",5,205,0,31,5,14.5285829073315,10.6467097857284
"2783",1168,"BUSE TIMBER & SALES, INC.",5,6,5,1,54,"Y","S",5,205,0,31,5,14.453145028594,10.6467097857284
"2784",1168,"WRP LUMBER CORP.",3,6,5,1,54,"Y","S",5,205,0,31,5,14.6134320824169,10.6467097857284
"2785",1168,"HURN SHINGLE CO., INC.",1,6,5,1,54,"Y","S",5,205,0,31,5,15.3093131267995,10.6467097857284
"2786",1168,"FRED FOSS LOGGING, INC.",2,6,5,1,54,"Y","S",5,205,0,31,5,14.773653153861,10.6467097857284
"2787",1169,"MT. BAKER PLYWOOD",2,6,5,1,164,"N","S",7,2,0,44,5,17.1347239043508,9.97413239210546
"2788",1169,"WRP LUMBER",5,6,5,1,164,"N","S",7,2,0,44,5,16.2755779177386,9.97413239210546
"2789",1169,"P & W CEDAR",1,6,5,1,164,"N","S",7,2,0,44,5,17.2597259212012,9.97413239210546
"2790",1169,"HURN SHINGLE",4,6,5,1,164,"N","S",7,2,0,44,5,16.2915109982813,9.97413239210546
"2791",1169,"BUSE TIMBER",3,6,5,1,164,"N","S",7,2,0,44,5,16.3264585039558,9.97413239210546
"2792",1170,"MARK RUSSELL",8,6,5,1,2,"Y","S",5,242,0,35,10,13.2315800485286,10.0101422304047
"2793",1170,"LESLIE KALES",7,6,5,1,2,"Y","S",5,242,0,35,10,13.3171272070882,10.0101422304047
"2794",1170,"UNION SHAKE",5,6,5,1,2,"Y","S",5,242,0,35,10,13.8030310113397,10.0101422304047
"2795",1170,"P & W CEDAR, INC.",1,6,5,1,2,"Y","S",5,242,0,35,10,13.9619458361938,10.0101422304047
"2796",1170,"HAROLD C. HOWARD",10,6,5,1,2,"Y","S",5,242,0,35,10,12.6761012744634,10.0101422304047
"2797",1170,"B. G. GREGORY",6,6,5,1,2,"Y","S",5,242,0,35,10,13.4932453222821,10.0101422304047
"2798",1170,"TOM GOODE",9,6,5,1,2,"Y","S",5,242,0,35,10,12.6821391085997,10.0101422304047
"2799",1170,"C. B. JONES",4,6,5,1,2,"Y","S",5,242,0,35,10,13.8582155784778,10.0101422304047
"2800",1170,"HARRY SANDERS",3,6,5,1,2,"Y","S",5,242,0,35,10,13.8836588061907,10.0101422304047
"2801",1170,"NORTHWEST CEDAR CO.",2,6,5,1,2,"Y","S",5,242,0,35,10,13.9465563640764,10.0101422304047
"2802",1171,"NORTHWEST CEDAR",1,6,5,1,5,"Y","S",5,242,0,35,8,13.7620464880949,10.0101422304047
"2803",1171,"HARRY L. SANDERS",7,6,5,1,5,"Y","S",5,242,0,35,8,12.9127528403727,10.0101422304047
"2804",1171,"B.G. GREGORY",6,6,5,1,5,"Y","S",5,242,0,35,8,13.0979682205696,10.0101422304047
"2805",1171,"LESLIE A. KALES",5,6,5,1,5,"Y","S",5,242,0,35,8,13.3462106810268,10.0101422304047
"2806",1171,"WM. L. MCEWEN",8,6,5,1,5,"Y","S",5,242,0,35,8,12.6775127425619,10.0101422304047
"2807",1171,"HAROLD R. CHRISTENSEN",2,6,5,1,5,"Y","S",5,242,0,35,8,13.6547078020566,10.0101422304047
"2808",1171,"MACK CABE",4,6,5,1,5,"Y","S",5,242,0,35,8,13.6078219612049,10.0101422304047
"2809",1171,"UNION SHAKE CO.",3,6,5,1,5,"Y","S",5,242,0,35,8,13.6428699888232,10.0101422304047
"2810",1172,"HAROLD R. CHRISTENSEN",2,6,5,1,10,"Y","S",5,242,0,35,2,13.1893863098348,10.0101422304047
"2811",1172,"HARRY SANDERS",1,6,5,1,10,"Y","S",5,242,0,35,2,13.3450588283366,10.0101422304047
"2812",1173,"H.R. CHRISTENSON",2,6,5,1,2,"Y","S",5,242,0,35,2,13.4824168078251,10.0101422304047
"2813",1173,"ROBERT J. MCDOWELL",1,6,5,1,2,"Y","S",5,242,0,35,2,13.7939130007448,10.0101422304047
"2814",1174,"MACK H. CABE",1,6,5,1,2,"Y","S",5,242,0,35,1,13.3963201879076,10.0101422304047
"2815",1175,"HAROLD C. HOWARD",2,6,5,1,2,"Y","S",5,242,0,35,2,13.0275976493592,10.0101422304047
"2816",1175,"NORTHWEST CEDAR",1,6,5,1,2,"Y","S",5,242,0,35,2,14.0405642837331,10.0101422304047
"2817",1176,"MACK CABE",5,6,5,1,2,"Y","S",5,242,0,35,5,13.0378768103978,10.0101422304047
"2818",1176,"MICHAEL PULLAR",4,6,5,1,2,"Y","S",5,242,0,35,5,13.1012520941914,10.0101422304047
"2819",1176,"ROBERT MC DOWELL",2,6,5,1,2,"Y","S",5,242,0,35,5,13.2988479319977,10.0101422304047
"2820",1176,"KLINGMAN BROS.",3,6,5,1,2,"Y","S",5,242,0,35,5,13.2352973419622,10.0101422304047
"2821",1176,"HAROLD CHRISTENSON",1,6,5,1,2,"Y","S",5,242,0,35,5,13.3777495050553,10.0101422304047
"2822",1177,"WRP LUMBER",5,6,5,1,45,"Y","S",5,2,0,31,7,16.6799831423347,9.82168078983204
"2823",1177,"SUPERIOR SHAKE",2,6,5,1,45,"Y","S",5,2,0,31,7,16.9368793918044,9.82168078983204
"2824",1177,"ALPINE EXCAVATING",3,6,5,1,45,"Y","S",5,2,0,31,7,16.8304756886831,9.82168078983204
"2825",1177,"WM. PEARSON TIMBER",6,6,5,1,45,"Y","S",5,2,0,31,7,16.6260186662291,9.82168078983204
"2826",1177,"SUMMIT TIMBER",4,6,5,1,45,"Y","S",5,2,0,31,7,16.7531146534913,9.82168078983204
"2827",1177,"HURN SHINGLE",1,6,5,1,45,"Y","S",5,2,0,31,7,16.9436911378165,9.82168078983204
"2828",1177,"BUSE TIMBER",7,6,5,1,45,"Y","S",5,2,0,31,7,16.6203788922465,9.82168078983204
"2829",1178,"SUMMIT TIMBER",3,6,5,1,230,"N","S",6,2,3,44,5,17.2690226788282,10.1127349986582
"2830",1178,"BUSE TIMBER CO.",2,6,5,1,230,"N","S",6,2,3,44,5,17.2804430130863,10.1127349986582
"2831",1178,"WRP LUMBER CORP.",1,6,5,1,230,"N","S",6,2,3,44,5,17.3775334360755,10.1127349986582
"2832",1178,"HURN SHINGLE, INC.",5,6,5,1,230,"N","S",6,2,3,44,5,17.1217157092708,10.1127349986582
"2833",1178,"ALPINE EXCAVATING, INC.",4,6,5,1,230,"N","S",6,2,3,44,5,17.1871665239004,10.1127349986582
"2834",1179,"BOYD LUMBER CO.",3,6,5,1,254,"Y","S",5,2,0,38,3,15.9629570666474,9.7242412622591
"2835",1179,"SUPERIOR SHAKE",2,6,5,1,254,"Y","S",5,2,0,38,3,16.1711215934439,9.7242412622591
"2836",1179,"HURN SHINGLE CO., INC.",1,6,5,1,254,"Y","S",5,2,0,38,3,16.2080464951447,9.7242412622591
"2837",1180,"WASHINGTON LOGGERS",4,6,5,1,491,"Y","S",7,2,12,26,7,18.6069312390169,9.99829760729877
"2838",1180,"BOYD LUMBER CO.",1,6,5,1,491,"Y","S",7,2,12,26,7,18.7480942164424,9.99829760729877
"2839",1180,"SEABOARD LUMBER CO.",3,6,5,1,491,"Y","S",7,2,12,26,7,18.6199700311639,9.99829760729877
"2840",1180,"JANICKI LOGGING",7,6,5,1,491,"Y","S",7,2,12,26,7,18.5423274172501,9.99829760729877
"2841",1180,"ALPINE EXC., INC.",5,6,5,1,491,"Y","S",7,2,12,26,7,18.6062869005375,9.99829760729877
"2842",1180,"MT. BAKER PLYWOOD",6,6,5,1,491,"Y","S",7,2,12,26,7,18.5938017720546,9.99829760729877
"2843",1180,"BUSE TIMBER & SALES",2,6,5,1,491,"Y","S",7,2,12,26,7,18.6635131906053,9.99829760729877
"2844",1181,"B.G. GREGORY",2,6,5,1,5,"Y","S",5,242,0,35,3,13.2092289104259,10.0101422304047
"2845",1181,"C.B. JONES",1,6,5,1,5,"Y","S",5,242,0,35,3,13.2382780020007,10.0101422304047
"2846",1181,"P.&W CEDAR, INC.",3,6,5,1,5,"Y","S",5,242,0,35,3,13.1478361733774,10.0101422304047
"2847",1182,"BUSE TIMBER AND SALES",5,6,5,1,137,"N","A",6,2,0,37,8,18.0344695832313,10.1765634725985
"2848",1182,"BOYD LUMBER CORP.",1,6,5,1,137,"N","A",6,2,0,37,8,18.7889471466045,10.1765634725985
"2849",1182,"ALPINE EXCAVATING",7,6,5,1,137,"N","A",6,2,0,37,8,17.799908177005,10.1765634725985
"2850",1182,"WELCO LUMBER CO.",6,6,5,1,137,"N","A",6,2,0,37,8,17.8186568083873,10.1765634725985
"2851",1182,"SUPERIOR SHAKE",4,6,5,1,137,"N","A",6,2,0,37,8,18.5844368578218,10.1765634725985
"2852",1182,"P&W CEDAR, INC.",8,6,5,1,137,"N","A",6,2,0,37,8,17.799908177005,10.1765634725985
"2853",1182,"SUPREME CEDAR",3,6,5,1,137,"N","A",6,2,0,37,8,18.7543289968825,10.1765634725985
"2854",1182,"HURN SHINGLE CO., INC.",2,6,5,1,137,"N","A",6,2,0,37,8,18.7866611574005,10.1765634725985
"2855",1183,"LB&R LOGGING CO.",1,6,5,1,25,"Y","A",5,2,0,41,1,14.2990965281833,9.89575775447419
"2856",1184,"HURN SHINGLE CO., INC.",2,6,5,1,516,"Y","A",7,2,0,32,2,17.460426368994,10.1716044694931
"2857",1184,"LB&R LOGGING",1,6,5,1,516,"Y","A",7,2,0,32,2,17.4619012647135,10.1716044694931
"2858",1185,"P&W CEDAR, INC.",9,6,5,1,300,"Y","A",6,2,0,40,10,17.2599340818662,10.1241881221992
"2859",1185,"BOYD LUMBER CORP.",4,6,5,1,300,"Y","A",6,2,0,40,10,17.5322570929035,10.1241881221992
"2860",1185,"WM. R. PEARSON TBR., INC.",5,6,5,1,300,"Y","A",6,2,0,40,10,17.5291670113518,10.1241881221992
"2861",1185,"BUSE TIMBER & SALES",6,6,5,1,300,"Y","A",6,2,0,40,10,17.4845943647577,10.1241881221992
"2862",1185,"SUMMIT TIMBER",3,6,5,1,300,"Y","A",6,2,0,40,10,17.6368886841304,10.1241881221992
"2863",1185,"MT. BAKER PLYWOOD",8,6,5,1,300,"Y","A",6,2,0,40,10,17.2599340818662,10.1241881221992
"2864",1185,"EVERGREEN HELICOPTERS",7,6,5,1,300,"Y","A",6,2,0,40,10,17.2599340818662,10.1241881221992
"2865",1185,"WASHINGTON LOGGERS CORP.",1,6,5,1,300,"Y","A",6,2,0,40,10,17.8593001496619,10.1241881221992
"2866",1185,"HURN SHINGLE CO., INC.",2,6,5,1,300,"Y","A",6,2,0,40,10,17.8583881265034,10.1241881221992
"2867",1185,"WELCO LUMBER",10,6,5,1,300,"Y","A",6,2,0,40,10,17.2599340818662,10.1241881221992
"2868",1186,"BUSE TIMBER",5,6,5,1,113,"Y","A",5,2,0,39,8,16.4207732267425,9.99743316537866
"2869",1186,"HURN",3,6,5,1,113,"Y","A",5,2,0,39,8,16.4406761280627,9.99743316537866
"2870",1186,"BOYD LUMBER",4,6,5,1,113,"Y","A",5,2,0,39,8,16.4207732267425,9.99743316537866
"2871",1186,"IRON MT. LOGGING",1,6,5,1,113,"Y","A",5,2,0,39,8,16.7009177907512,9.99743316537866
"2872",1186,"WM. R. PEARSON",6,6,5,1,113,"Y","A",5,2,0,39,8,16.4207732267425,9.99743316537866
"2873",1186,"MT. BAKER PLYWOOD",7,6,5,1,113,"Y","A",5,2,0,39,8,16.4207732267425,9.99743316537866
"2874",1186,"L B & R LOGGING",2,6,5,1,113,"Y","A",5,2,0,39,8,16.6923951042789,9.99743316537866
"2875",1186,"WASHINGTON LOGGERS",8,6,5,1,113,"Y","A",5,2,0,39,8,16.4207732267425,9.99743316537866
"2876",1187,"SUMMIT TIMBER COMPANY",5,6,5,2,200,"Y","S",6,2,0,9,8,17.2668432304533,9.79984777777637
"2877",1187,"BUSE TIMBER & SALES",3,6,5,2,200,"Y","S",6,2,0,9,8,17.3208577226432,9.79984777777637
"2878",1187,"HURN SHINGLE CO. INC",2,6,5,2,200,"Y","S",6,2,0,9,8,17.4292407287173,9.79984777777637
"2879",1187,"REECE BROS LOG CO INC",8,6,5,2,200,"Y","S",6,2,0,9,8,17.1566394131603,9.79984777777637
"2880",1187,"WELCO LUMBER COMPANY",6,6,5,2,200,"Y","S",6,2,0,9,8,17.2311695315674,9.79984777777637
"2881",1187,"PUGH RIDGE LOG CO",7,6,5,2,200,"Y","S",6,2,0,9,8,17.2239483312819,9.79984777777637
"2882",1187,"WASHINGTON LOGGERS CORP",4,6,5,2,200,"Y","S",6,2,0,9,8,17.3180001911083,9.79984777777637
"2883",1187,"SON CEDAR PRODUCTS",1,6,5,2,200,"Y","S",6,2,0,9,8,17.6891876674749,9.79984777777637
"2884",1188,"WASHINGTON LOGGERS CORP",1,6,5,2,250,"N","S",7,2,1,17,5,18.0018172773701,10.119082686093
"2885",1188,"BUSE TIMBER & SALES INC",2,6,5,2,250,"N","S",7,2,1,17,5,17.9131696211542,10.119082686093
"2886",1188,"HURN SHINGLE CO. INC.",4,6,5,2,250,"N","S",7,2,1,17,5,17.7291682266022,10.119082686093
"2887",1188,"SUMMIT TIMBER COMPANY",3,6,5,2,250,"N","S",7,2,1,17,5,17.7481123599795,10.119082686093
"2888",1188,"PUGH RIDGE LOG INC",5,6,5,2,250,"N","S",7,2,1,17,5,17.7229309877725,10.119082686093
"2889",1189,"BUCHANAN & FORRISTER",2,6,5,2,1,"N","S",5,205,0,21,5,14.8875786459102,10.5119751339623
"2890",1189,"HARKNESS BROS. LOGGING",4,6,5,2,1,"N","S",5,205,0,21,5,14.8691254807016,10.5119751339623
"2891",1189,"BUSE TIMBER & SALES",5,6,5,2,1,"N","S",5,205,0,21,5,14.8433516090752,10.5119751339623
"2892",1189,"WM. R. PEARSON TIMBER",1,6,5,2,1,"N","S",5,205,0,21,5,14.9525355411188,10.5119751339623
"2893",1189,"SUMMIT TIMBER COMPANY",3,6,5,2,1,"N","S",5,205,0,21,5,14.8696483565306,10.5119751339623
"2894",1190,"SEABOARD LUMBER CO.",7,6,5,2,150,"N","S",7,2,0,10,12,18.7413908366623,9.71643482136627
"2895",1190,"THE BRAZIER CO.",5,6,5,2,150,"N","S",7,2,0,10,12,18.7688210714412,9.71643482136627
"2896",1190,"HURN SHINGLE CO, INC",10,6,5,2,150,"N","S",7,2,0,10,12,18.6998310239495,9.71643482136627
"2897",1190,"WRP LUMBER CORP.",6,6,5,2,150,"N","S",7,2,0,10,12,18.767973512607,9.71643482136627
"2898",1190,"CANYON LUMBER CO.",4,6,5,2,150,"N","S",7,2,0,10,12,18.7695620966022,9.71643482136627
"2899",1190,"SEA SNO MILL CO",11,6,5,2,150,"N","S",7,2,0,10,12,18.6547492005727,9.71643482136627
"2900",1190,"BUSE TIMBER & SALES, INC.",12,6,5,2,150,"N","S",7,2,0,10,12,18.6361194893341,9.71643482136627
"2901",1190,"WASHINGTON LOGGERS CORP.",1,6,5,2,150,"N","S",7,2,0,10,12,18.8570021940102,9.71643482136627
"2902",1190,"WEST COAST LUMBER ORIENT",8,6,5,2,150,"N","S",7,2,0,10,12,18.7364260834144,9.71643482136627
"2903",1190,"PUBLISHERS FOREST PROD",2,6,5,2,150,"N","S",7,2,0,10,12,18.8483840729806,9.71643482136627
"2904",1190,"PUGH RIDGE LOG. CO, INC.",9,6,5,2,150,"N","S",7,2,0,10,12,18.7290701813606,9.71643482136627
"2905",1190,"SUMMIT TIMBER CO.",3,6,5,2,150,"N","S",7,2,0,10,12,18.8125410584519,9.71643482136627
"2906",1191,"CHAMPION INTL CORP",2,6,5,2,610,"N","S",7,205,43,12,2,17.8484530087032,10.4868477684853
"2907",1191,"SUMMIT TIMBER CO.",1,6,5,2,610,"N","S",7,205,43,12,2,17.999663830987,10.4868477684853
"2908",1192,"L & L LOGGING",4,6,5,2,217,"Y","S",5,2,0,8,6,15.3954537461038,10.1124916106966
"2909",1192,"HURN SHINGLE CO",1,6,5,2,217,"Y","S",5,2,0,8,6,15.6261048660709,10.1124916106966
"2910",1192,"SUPERIOR SHAKE CO",6,6,5,2,217,"Y","S",5,2,0,8,6,15.1862546377358,10.1124916106966
"2911",1192,"REECE BROS LOG CO INC",5,6,5,2,217,"Y","S",5,2,0,8,6,15.2327898883319,10.1124916106966
"2912",1192,"PUGH RIDGE LOG INC",3,6,5,2,217,"Y","S",5,2,0,8,6,15.4553632168947,10.1124916106966
"2913",1192,"BUSE TIMBER & SALES INC",2,6,5,2,217,"Y","S",5,2,0,8,6,15.482666283301,10.1124916106966
"2914",1193,"REECE BROS LOG CO INC",2,6,5,2,190,"Y","S",5,2,0,11,4,15.1037909623671,10.1321359244848
"2915",1193,"CAMWOOD CONSTR & LOGGING",3,6,5,2,190,"Y","S",5,2,0,11,4,14.8715823624654,10.1321359244848
"2916",1193,"WM. R. PEARSON TBR INC",4,6,5,2,190,"Y","S",5,2,0,11,4,14.7892755426849,10.1321359244848
"2917",1193,"PUGH RIDGE LOG, INC.",1,6,5,2,190,"Y","S",5,2,0,11,4,15.2169853609128,10.1321359244848
"2918",1194,"WEST COAST ORIENT LUMBER",7,6,5,2,250,"N","S",7,205,0,10,7,18.0404271381782,10.6898973635558
"2919",1194,"PUBLISHERS FOREST PROD",3,6,5,2,250,"N","S",7,205,0,10,7,18.4117287945505,10.6898973635558
"2920",1194,"BUSE TIMBER & SALES",5,6,5,2,250,"N","S",7,205,0,10,7,18.160468562093,10.6898973635558
"2921",1194,"PUGH RIDGE LOGGING INC",4,6,5,2,250,"N","S",7,205,0,10,7,18.1659020362645,10.6898973635558
"2922",1194,"HURN SHINGLE CO INC",6,6,5,2,250,"N","S",7,205,0,10,7,18.1411625891856,10.6898973635558
"2923",1194,"SUMMIT TIMBER CO",1,6,5,2,250,"N","S",7,205,0,10,7,18.5981388265386,10.6898973635558
"2924",1194,"CHAMPION INTERNATIONAL",2,6,5,2,250,"N","S",7,205,0,10,7,18.5251254403757,10.6898973635558
"2925",1195,"L & L LOGGING",3,6,5,2,30,"Y","S",5,2,0,13,7,16.2430281790875,10.1387177649855
"2926",1195,"WEST COAST ORIENT LBR",7,6,5,2,30,"Y","S",5,2,0,13,7,16.175390499935,10.1387177649855
"2927",1195,"REECE BROS LOG CO INC",6,6,5,2,30,"Y","S",5,2,0,13,7,16.175390499935,10.1387177649855
"2928",1195,"SUMMIT TIMBER CO",1,6,5,2,30,"Y","S",5,2,0,13,7,16.4346071334963,10.1387177649855
"2929",1195,"HURN SHINGLE CO INC",5,6,5,2,30,"Y","S",5,2,0,13,7,16.1768097429921,10.1387177649855
"2930",1195,"BUCHANAN & FORRISTER",2,6,5,2,30,"Y","S",5,2,0,13,7,16.2461053269257,10.1387177649855
"2931",1195,"SUPERIOR SHAKE CO INC",4,6,5,2,30,"Y","S",5,2,0,13,7,16.1797249443938,10.1387177649855
"2932",1196,"BUSE TIMBER & SALES",6,6,5,2,280,"N","S",7,205,0,24,6,18.4029240223631,10.575027979342
"2933",1196,"SUMMIT TIMBER COMPANY",1,6,5,2,280,"N","S",7,205,0,24,6,18.6457424544225,10.575027979342
"2934",1196,"PUBLISHERS FOREST PROD",2,6,5,2,280,"N","S",7,205,0,24,6,18.6400443603051,10.575027979342
"2935",1196,"WEST COAST ORIENT LMBR",5,6,5,2,280,"N","S",7,205,0,24,6,18.4608183443284,10.575027979342
"2936",1196,"CANYON LUMBER",3,6,5,2,280,"N","S",7,205,0,24,6,18.5910562297279,10.575027979342
"2937",1196,"PUGH RIDGE LOGGING INC",4,6,5,2,280,"N","S",7,205,0,24,6,18.5198507378084,10.575027979342
"2938",1197,"PUBLISHERS FOREST PROD",12,6,5,2,250,"Y","A",5,2,0,19,12,16.3866545352429,9.94030152565884
"2939",1197,"REECE BROS LOG CO INC",5,6,5,2,250,"Y","A",5,2,0,19,12,16.7077283885969,9.94030152565884
"2940",1197,"HARKNESS BROS LOGGING",9,6,5,2,250,"Y","A",5,2,0,19,12,16.3999729080217,9.94030152565884
"2941",1197,"WEST COAST ORIENT LMBR",10,6,5,2,250,"Y","A",5,2,0,19,12,16.3866545352429,9.94030152565884
"2942",1197,"SUMMIT TIMBER COMPANY",3,6,5,2,250,"Y","A",5,2,0,19,12,16.7142505377532,9.94030152565884
"2943",1197,"CHAMPION INTL CORP",8,6,5,2,250,"Y","A",5,2,0,19,12,16.4084685997528,9.94030152565884
"2944",1197,"HURN SHINGLE COMPANY",2,6,5,2,250,"Y","A",5,2,0,19,12,16.75769752958,9.94030152565884
"2945",1197,"CAMWOOD CONST & LOGGING",11,6,5,2,250,"Y","A",5,2,0,19,12,16.3866545352429,9.94030152565884
"2946",1197,"PUGH RIDGE LOGGING INC",1,6,5,2,250,"Y","A",5,2,0,19,12,16.7623288096788,9.94030152565884
"2947",1197,"WELCO LUMBER",6,6,5,2,250,"Y","A",5,2,0,19,12,16.6237438951952,9.94030152565884
"2948",1197,"BUCHANAN & FORRISTER",4,6,5,2,250,"Y","A",5,2,0,19,12,16.7101653527711,9.94030152565884
"2949",1197,"BUSE TIMBER & SALES",7,6,5,2,250,"Y","A",5,2,0,19,12,16.5388604529004,9.94030152565884
"2950",1198,"ROBERT DUTSON",3,6,5,2,2,"Y","A",5,242,0,8,3,12.289609242458,10.0101422304047
"2951",1198,"UNION SHAKE COMPANY",1,6,5,2,2,"Y","A",5,242,0,8,3,13.3847276418718,10.0101422304047
"2952",1198,"NICK WICKSTROM",2,6,5,2,2,"Y","A",5,242,0,8,3,13.3374747570213,10.0101422304047
"2953",1199,"BUSE TIMBER & SALES INC",3,6,5,2,350,"Y","A",6,2,0,16,5,16.4099268538513,10.1865966850178
"2954",1199,"WM R PEARSON TIMBER INC",2,6,5,2,350,"Y","A",6,2,0,16,5,16.4181832062265,10.1865966850178
"2955",1199,"SUMMIT TIMBER COMPANY",1,6,5,2,350,"Y","A",6,2,0,16,5,16.4741442988146,10.1865966850178
"2956",1199,"REECE BROS. LOG CO. INC",5,6,5,2,350,"Y","A",6,2,0,16,5,16.066498099763,10.1865966850178
"2957",1199,"BUCHANAN & FORRISTER INC",4,6,5,2,350,"Y","A",6,2,0,16,5,16.1038922586476,10.1865966850178
"2958",1200,"BUCHANAN & FORRISTER INC",3,6,5,2,250,"Y","S",6,2,8,17,3,17.1735766835908,9.84022821289694
"2959",1200,"SUPERIOR SHAKE CO",1,6,5,2,250,"Y","S",6,2,8,17,3,17.3975164078345,9.84022821289694
"2960",1200,"SUMMIT TIMBER CO.",2,6,5,2,250,"Y","S",6,2,8,17,3,17.3595725998224,9.84022821289694
"2961",1201,"WELCO LUMBER CO",5,6,5,2,260,"N","S",7,2,3,28,7,18.2639789795408,9.77616541396078
"2962",1201,"R B F INC",6,6,5,2,260,"N","S",7,2,3,28,7,18.2014594903615,9.77616541396078
"2963",1201,"PUBLISHERS FOREST PROD",4,6,5,2,260,"N","S",7,2,3,28,7,18.2653640512629,9.77616541396078
"2964",1201,"CHAMPION INTERNATIONAL",2,6,5,2,260,"N","S",7,2,3,28,7,18.3153691159884,9.77616541396078
"2965",1201,"SEABOARD LUMBER CO.",7,6,5,2,260,"N","S",7,2,3,28,7,18.1897935377836,9.77616541396078
"2966",1201,"BUSE TIMBER & SALES",3,6,5,2,260,"N","S",7,2,3,28,7,18.2945266434955,9.77616541396078
"2967",1201,"SUMMIT TIMBER CO",1,6,5,2,260,"N","S",7,2,3,28,7,18.5802427560757,9.77616541396078
"2968",1202,"BUCHANAN & FORRISTER",4,6,5,2,250,"N","A",7,205,31,16,5,17.5850825085932,10.8136797259484
"2969",1202,"PUGH RIDGE LOGGING INC",3,6,5,2,250,"N","A",7,205,31,16,5,17.5901960796409,10.8136797259484
"2970",1202,"BUSE TIMBER AND SALES",5,6,5,2,250,"N","A",7,205,31,16,5,17.5850825085932,10.8136797259484
"2971",1202,"SUMMIT TIMBER CO",1,6,5,2,250,"N","A",7,205,31,16,5,17.5931743996885,10.8136797259484
"2972",1202,"HURN SHINGLE CO INC",2,6,5,2,250,"N","A",7,205,31,16,5,17.5916863484631,10.8136797259484
"2973",1203,"SUMMIT TIMBER CO.",1,6,5,2,597,"N","A",7,2,3,23,5,17.7880960656324,10.1571603088852
"2974",1203,"BUSE TIMBER & SALES",3,6,5,2,597,"N","A",7,2,3,23,5,17.3071487073058,10.1571603088852
"2975",1203,"L B & R LOGGING CO.",2,6,5,2,597,"N","A",7,2,3,23,5,17.7832842090137,10.1571603088852
"2976",1203,"WELCO LUMBER CO.",5,6,5,2,597,"N","A",7,2,3,23,5,17.0332617506707,10.1571603088852
"2977",1203,"HURN SHINGLE CO. INC.",4,6,5,2,597,"N","A",7,2,3,23,5,17.0332617506707,10.1571603088852
"2978",1204,"HARKNESS BROTHERS",3,6,5,3,350,"N","S",6,2,0,50,4,16.3807368001666,9.72519785685554
"2979",1204,"BARTER & MARR",1,6,5,3,350,"N","S",6,2,0,50,4,16.4422957491302,9.72519785685554
"2980",1204,"GREAT WESTERN LUMBER CO.",4,6,5,3,350,"N","S",6,2,0,50,4,16.310179402097,9.72519785685554
"2981",1204,"H&O LOGGING COMPANY",2,6,5,3,350,"N","S",6,2,0,50,4,16.4142844384938,9.72519785685554
"2982",1205,"MT. BAKER PLYWOOD",2,6,5,3,750,"N","S",7,2,0,52,3,17.267714692965,9.72160589897056
"2983",1205,"GREAT WESTERN",1,6,5,3,750,"N","S",7,2,0,52,3,17.3354505147775,9.72160589897056
"2984",1205,"ALPINE LOG",3,6,5,3,750,"N","S",7,2,0,52,3,17.2516856897705,9.72160589897056
"2985",1206,"ALPINE EXCAVATING",3,6,5,3,191,"N","A",5,2,0,52,5,15.6888759739092,9.79121431005334
"2986",1206,"MT. BAKER PLYWOOD",5,6,5,3,191,"N","A",5,2,0,52,5,15.6888759739092,9.79121431005334
"2987",1206,"HARKNESS BROTHERS",2,6,5,3,191,"N","A",5,2,0,52,5,15.6972705295145,9.79121431005334
"2988",1206,"GREAT WESTERN LUMBER",4,6,5,3,191,"N","A",5,2,0,52,5,15.6888759739092,9.79121431005334
"2989",1206,"WASHINGTON LOGGERS",1,6,5,3,191,"N","A",5,2,0,52,5,15.6995071566773,9.79121431005334
"2990",1207,"EYLANDER BROTHERS",2,6,5,4,17,"Y","S",5,2,0,45,4,13.5587585154762,9.73737393458638
"2991",1207,"ALEX MENZIES",1,6,5,4,17,"Y","S",5,2,0,45,4,13.6706235046158,9.73737393458638
"2992",1207,"GEORGE SWIMM",4,6,5,4,17,"Y","S",5,2,0,45,4,13.3695515265146,9.73737393458638
"2993",1207,"PUGSLEY CEDAR",3,6,5,4,17,"Y","S",5,2,0,45,4,13.4733159799327,9.73737393458638
"2994",1208,"MILLER SHINGLE CO, INC.",2,6,5,4,800,"N","S",8,2,24,38,3,18.6522487100265,9.78194119445663
"2995",1208,"BUSE TIMBER & SALES, INC.",1,6,5,4,800,"N","S",8,2,24,38,3,18.9713693745569,9.78194119445663
"2996",1208,"MT BAKER PLYWOOD",3,6,5,4,800,"N","S",8,2,24,38,3,18.5082950224937,9.78194119445663
"2997",1209,"MT BAKER PLYWOOD",3,6,5,4,250,"N","S",7,2,26,36,3,18.0207791308652,9.88613791420102
"2998",1209,"BUSE TIMBER & SALES",2,6,5,4,250,"N","S",7,2,26,36,3,18.0663473421771,9.88613791420102
"2999",1209,"MILLER SHINGLE COMPANY",1,6,5,4,250,"N","S",7,2,26,36,3,18.0688895692606,9.88613791420102
"3000",1210,"MILLER SHINGLE CO.",2,6,5,4,1350,"N","A",8,2,34,38,3,18.897980814312,10.1865966850178
"3001",1210,"BUSE TIMBER & SALES",1,6,5,4,1350,"N","A",8,2,34,38,3,18.8984925598126,10.1865966850178
"3002",1210,"WM R PEARSON TBR., INC.",3,6,5,4,1350,"N","A",8,2,34,38,3,18.897980814312,10.1865966850178
"3003",1211,"WELCO LUMBER CO.",4,6,5,4,300,"N","A",7,2,9,41,4,18.0303278686533,9.83381587928681
"3004",1211,"MILLER SHINGLE CO",1,6,5,4,300,"N","A",7,2,9,41,4,18.0404095861584,9.83381587928681
"3005",1211,"MT BAKER PLYWOOD",2,6,5,4,300,"N","A",7,2,9,41,4,18.0384330144704,9.83381587928681
"3006",1211,"BUSE TIMBER & SALES",3,6,5,4,300,"N","A",7,2,9,41,4,18.0303278686533,9.83381587928681
"3007",1212,"NOBLE TIMBER",3,6,5,4,1,"Y","S",5,242,0,24,3,13.2032666377731,10.0101422304047
"3008",1212,"CLAUDE MARTIN",1,6,5,4,1,"Y","S",5,242,0,24,3,13.5363322260037,10.0101422304047
"3009",1212,"JOHN LINDNER",2,6,5,4,1,"Y","S",5,242,0,24,3,13.5353322616334,10.0101422304047
"3010",1213,"R ROBBINS",3,6,5,4,1,"Y","S",5,242,0,25,4,13.2207306975712,10.0101422304047
"3011",1213,"JOHN LINDNER",1,6,5,4,1,"Y","S",5,242,0,25,4,13.7137236493597,10.0101422304047
"3012",1213,"BEN FUCHS",4,6,5,4,1,"Y","S",5,242,0,25,4,13.1102907961701,10.0101422304047
"3013",1213,"NOBLE TIMBER",2,6,5,4,1,"Y","S",5,242,0,25,4,13.6325584023847,10.0101422304047
"3014",1214,"BARBEE MILL, INC.",1,6,5,5,91,"Y","S",6,2,7,62,1,16.6541503287701,9.94912991041483
"3015",1215,"SEABOARD LUMBER COMPANY",2,6,5,5,64,"Y","S",6,2,3,31,2,17.1484433742887,10.0851839139362
"3016",1215,"WEST COAST ORIENT LUMBER",1,6,5,5,64,"Y","S",6,2,3,31,2,17.2136917287657,10.0851839139362
"3017",1216,"MT. BAKER-PLYWOOD, INC.",1,6,5,5,118,"Y","S",7,2,21,32,3,18.0462927024147,9.75747863840049
"3018",1216,"BARBEE MILL COMPANY",3,6,5,5,118,"Y","S",7,2,21,32,3,17.9915902410743,9.75747863840049
"3019",1216,"BUSE TIMBER & SALES, INC.",2,6,5,5,118,"Y","S",7,2,21,32,3,18.0309954766917,9.75747863840049
"3020",1217,"BARBEE MILL COMPANY, INC.",2,6,5,5,191,"N","S",7,2,19,26,3,18.1591055680726,9.77258128268833
"3021",1217,"MT. BAKER-PLYWOOD, INC.",3,6,5,5,191,"N","S",7,2,19,26,3,18.1170521996709,9.77258128268833
"3022",1217,"BUSE TIMBER & SALES, INC.",1,6,5,5,191,"N","S",7,2,19,26,3,18.173928180241,9.77258128268833
"3023",1218,"BUSE TIMBER & SALES, INC.",3,6,5,5,235,"N","S",7,2,12,77,3,18.3775059838485,10.1828980093036
"3024",1218,"MT. BAKER PLYWOOD, INC.",2,6,5,5,235,"N","S",7,2,12,77,3,18.618833818319,10.1828980093036
"3025",1218,"SUMMIT TIMBER COMPANY",1,6,5,5,235,"N","S",7,2,12,77,3,18.6233758434706,10.1828980093036
"3026",1219,"SEABOARD LUMBER COMPANY",2,6,5,5,126,"N","S",6,2,8,43,3,16.8683034627999,10.1813465360391
"3027",1219,"BREMMEYER LOG",3,6,5,5,126,"N","S",6,2,8,43,3,16.2591089839306,10.1813465360391
"3028",1219,"FETTER LOGGING COMPANY",1,6,5,5,126,"N","S",6,2,8,43,3,16.8791070663344,10.1813465360391
"3029",1221,"SUMMIT TIMBER",1,6,5,5,144,"N","A",6,2,8,52,5,17.6643147044509,10.1756498133299
"3030",1221,"BUSE TIMBER CO.",3,6,5,5,144,"N","A",6,2,8,52,5,17.5610042501036,10.1756498133299
"3031",1221,"GRAHAM BROS. LOGGING CO.",2,6,5,5,144,"N","A",6,2,8,52,5,17.6622886594919,10.1756498133299
"3032",1221,"MT. BAKER PLYWOOD",4,6,5,5,144,"N","A",6,2,8,52,5,17.5607750714011,10.1756498133299
"3033",1221,"SEATTLE-SNOHOMISH MILL",5,6,5,5,144,"N","A",6,2,8,52,5,17.5607750714011,10.1756498133299
"3034",1223,"BUSE TIMBER & SALES, INC.",3,6,5,6,129,"N","A",7,2,18,56,3,17.4222576225396,9.70430463866676
"3035",1223,"ROESLER INDUST. DIST.CO.",1,6,5,6,129,"N","A",7,2,18,56,3,17.428466932074,9.70430463866676
"3036",1223,"MT. BAKER PLYWOOD, INC.",2,6,5,6,129,"N","A",7,2,18,56,3,17.4222576225396,9.70430463866676
"3037",1224,"PIONEER LOGGING COMPANY",4,6,5,6,260,"Y","S",6,2,0,47,5,16.7632388582198,10.1837672952211
"3038",1224,"MT. BAKER PLYWOOD, INC.",5,6,5,6,260,"Y","S",6,2,0,47,5,16.755338924573,10.1837672952211
"3039",1224,"WM.R. PEARSON TBR. CO.,IN",3,6,5,6,260,"Y","S",6,2,0,47,5,16.8463493236282,10.1837672952211
"3040",1224,"CAMWOOD CONST. & LOGGING",1,6,5,6,260,"Y","S",6,2,0,47,5,17.119117161233,10.1837672952211
"3041",1224,"PACIFIC LOGGING, INC.",2,6,5,6,260,"Y","S",6,2,0,47,5,16.9445754543894,10.1837672952211
"3042",1225,"FORD CEDAR PRODUCTS, INC.",8,6,5,6,1,"Y","S",5,242,0,35,8,12.9149455265516,10.0879318547111
"3043",1225,"ROBERT MCDOWELL",2,6,5,6,1,"Y","S",5,242,0,35,8,13.6369889721269,10.0879318547111
"3044",1225,"KORY WHITCOMB",5,6,5,6,1,"Y","S",5,242,0,35,8,13.4832940528579,10.0879318547111
"3045",1225,"L WALLITNER",3,6,5,6,1,"Y","S",5,242,0,35,8,13.6333265917043,10.0879318547111
"3046",1225,"GENE WHITE",4,6,5,6,1,"Y","S",5,242,0,35,8,13.5222422448169,10.0879318547111
"3047",1225,"RICHARD FORD",6,6,5,6,1,"Y","S",5,242,0,35,8,13.2469216315676,10.0879318547111
"3048",1225,"JOSEPH ROY",1,6,5,6,1,"Y","S",5,242,0,35,8,13.95447392069,10.0879318547111
"3049",1225,"HOWARD TOTTEN",7,6,5,6,1,"Y","S",5,242,0,35,8,13.1048631375788,10.0879318547111
"3050",1226,"BUSE TIMBER & SALES, INC.",2,6,5,6,22,"N","S",5,2,0,52,3,16.2675504653044,9.74513639638075
"3051",1226,"CARLSON & GAY, INC.",1,6,5,6,22,"N","S",5,2,0,52,3,16.377419914687,9.74513639638075
"3052",1226,"ROESLER IND. DIST. CO.",3,6,5,6,22,"N","S",5,2,0,52,3,16.2174693815275,9.74513639638075
"3053",1227,"PHIL AMBERSON",6,6,5,6,6,"Y","S",5,242,0,40,9,13.5292940776741,9.68040649926887
"3054",1227,"JEFFERY MCKAY",9,6,5,6,6,"Y","S",5,242,0,40,9,12.7452816236879,9.68040649926887
"3055",1227,"TONY BROERS",5,6,5,6,6,"Y","S",5,242,0,40,9,13.5333863452898,9.68040649926887
"3056",1227,"FORD CEDAR PRODUCTS",1,6,5,6,6,"Y","S",5,242,0,40,9,14.1247657482919,9.68040649926887
"3057",1227,"JOHN LINDNER",3,6,5,6,6,"Y","S",5,242,0,40,9,13.866897347981,9.68040649926887
"3058",1227,"ROBERT MCDOWELL",7,6,5,6,6,"Y","S",5,242,0,40,9,13.5096237808576,9.68040649926887
"3059",1227,"ORTING LBR. CO.",2,6,5,6,6,"Y","S",5,242,0,40,9,13.9298387436044,9.68040649926887
"3060",1227,"GENE WHITE",4,6,5,6,6,"Y","S",5,242,0,40,9,13.7576059834627,9.68040649926887
"3061",1227,"MATT CRAWFORD",8,6,5,6,6,"Y","S",5,242,0,40,9,12.9057981414502,9.68040649926887
"3062",1228,"KORY WHITCOMB",3,6,5,6,3,"Y","S",5,242,0,35,5,13.3574671196373,10.0879318547111
"3063",1228,"HOWARD TOTTEN",4,6,5,6,3,"Y","S",5,242,0,35,5,13.2716623065006,10.0879318547111
"3064",1228,"ROBERT MCDOWELL",1,6,5,6,3,"Y","S",5,242,0,35,5,14.0115418717553,10.0879318547111
"3065",1228,"FORD CEDAR PRODUCTS, INC",5,6,5,6,3,"Y","S",5,242,0,35,5,12.9956884255763,10.0879318547111
"3066",1228,"RICHARD FORD",2,6,5,6,3,"Y","S",5,242,0,35,5,13.4098029204482,10.0879318547111
"3067",1229,"RICHARD FORD",3,6,5,6,5,"Y","S",5,242,0,35,7,13.9469334793247,10.0879318547111
"3068",1229,"NICK WICKSTROM",6,6,5,6,5,"Y","S",5,242,0,35,7,13.5825060468032,10.0879318547111
"3069",1229,"J.L. WALLITNER",2,6,5,6,5,"Y","S",5,242,0,35,7,14.2551451818425,10.0879318547111
"3070",1229,"KORY WHITCOMB",1,6,5,6,5,"Y","S",5,242,0,35,7,14.3110905555147,10.0879318547111
"3071",1229,"TONY BROERS",5,6,5,6,5,"Y","S",5,242,0,35,7,13.6120961018311,10.0879318547111
"3072",1229,"BRUCE BLAINE",7,6,5,6,5,"Y","S",5,242,0,35,7,12.9538500467412,10.0879318547111
"3073",1229,"ROBERT MCDOWELL",4,6,5,6,5,"Y","S",5,242,0,35,7,13.9461966565762,10.0879318547111
"3074",1230,"WELCO LUMBER CO.",2,6,5,6,9,"N","A",5,2,0,56,3,15.1897045034544,9.8599013243732
"3075",1230,"WM. R. PEARSON TBR. CO.",3,6,5,6,9,"N","A",5,2,0,56,3,15.1897045034544,9.8599013243732
"3076",1230,"ROESLER IND. DIST. CO.",1,6,5,6,9,"N","A",5,2,0,56,3,15.200241197108,9.8599013243732
"3077",1232,"BUSE TIMBER & SALES, INC.",2,6,5,7,208,"N","S",7,2,43,30,2,18.853649469422,10.1158532306785
"3078",1232,"MT. BAKER PLYWOOD, INC.",1,6,5,7,208,"N","S",7,2,43,30,2,18.8591214640753,10.1158532306785
"3079",1233,"WEST COAST ORIENT LBR.",1,6,5,7,95,"Y","S",5,2,0,23,1,14.4198374537196,10.1349563525963
"3080",1234,"MT. BAKER PLYWOOD",3,6,5,7,88,"N","S",6,2,9,28,4,17.8852994148904,10.1391128813524
"3081",1234,"BUSE TIMBER & SALES",2,6,5,7,88,"N","S",6,2,9,28,4,17.921813334881,10.1391128813524
"3082",1234,"WASSER & WINTERS",1,6,5,7,88,"N","S",6,2,9,28,4,17.9873499694389,10.1391128813524
"3083",1234,"PUGET SOUND PLYWOOD",4,6,5,7,88,"N","S",6,2,9,28,4,17.8484157915865,10.1391128813524
"3084",1235,"BUSE TIMBER & SALES",1,6,5,7,345,"N","S",6,2,15,27,2,17.7592705741387,10.1365814347035
"3085",1235,"MT. BAKER PLYWOOD",2,6,5,7,345,"N","S",6,2,15,27,2,17.7583537057323,10.1365814347035
"3086",1236,"BUSE TIMBER COMPANY",2,6,5,7,362,"N","S",8,2,76,30,3,19.3435116422372,10.1380852538955
"3087",1236,"SEABOARD LUMBER COMPANY",1,6,5,7,362,"N","S",8,2,76,30,3,19.4370643819579,10.1380852538955
"3088",1236,"WEST COAST ORIENT LMBR. C",3,6,5,7,362,"N","S",8,2,76,30,3,19.338917580935,10.1380852538955
"3089",1238,"WEST COAST LUMBER MILLS,",1,6,5,7,24,"Y","S",5,2,0,25,1,15.1837122290117,10.1410861248199
"3090",1239,"SEABOARD LUMBER CO.",3,6,5,7,813,"N","A",7,2,0,29,4,18.0060845742983,10.0394597140593
"3091",1239,"BUSE TIMBER CO.",4,6,5,7,813,"N","A",7,2,0,29,4,17.6234144990372,10.0394597140593
"3092",1239,"CLYDE SPRAGUE",1,6,5,7,813,"N","A",7,2,0,29,4,18.1535892235966,10.0394597140593
"3093",1239,"U.S. PLYWOOD",2,6,5,7,813,"N","A",7,2,0,29,4,18.1534886442201,10.0394597140593
"3094",1240,"WEST COAST ORIENT LUMBER",1,6,5,7,60,"Y","S",5,2,0,26,2,13.9698355083198,10.1322552586006
"3095",1240,"DON WALKER",2,6,5,7,60,"Y","S",5,2,0,26,2,13.9449849822102,10.1322552586006
"3096",1241,"R.W. HENRICKSEN",1,6,5,7,40,"N","A",5,2,0,30,1,16.7557618335588,10.1759163835251
"3097",1242,"CLYDE SPRAGUE",1,6,5,7,63,"Y","S",5,2,0,26,1,14.0300532275092,10.1703417222765
"3098",1243,"M. R. GREENWOOD",2,6,5,7,50,"Y","S",5,2,0,29,2,13.2972389481875,10.1718338886812
"3099",1243,"CLYDE SPRAGUE",1,6,5,7,50,"Y","S",5,2,0,29,2,13.3716501959176,10.1718338886812
"3100",1244,"WEST COAST ORIENT LMBR. M",2,6,5,7,62,"Y","A",5,2,0,23,2,14.9921697177947,10.1734001793763
"3101",1244,"M. R. GREENWOOD",1,6,5,7,62,"Y","A",5,2,0,23,2,14.9941347846018,10.1734001793763
"3102",1245,"PUGET SOUND PLYWOOD",3,6,5,7,121,"N","A",6,2,0,24,11,18.3283921944218,10.0540173993378
"3103",1245,"NORTH PACIFIC PLYWOOD",1,6,5,7,121,"N","A",6,2,0,24,11,18.3613998439373,10.0540173993378
"3104",1245,"BRAHNMILLER",8,6,5,7,121,"N","A",6,2,0,24,11,18.0358620247205,10.0540173993378
"3105",1245,"WASSER & WINTERS CO.",11,6,5,7,121,"N","A",6,2,0,24,11,18.0358620247205,10.0540173993378
"3106",1245,"CHAMPION INTERNATIONAL CO",6,6,5,7,121,"N","A",6,2,0,24,11,18.0557460678642,10.0540173993378
"3107",1245,"SEATTLE SNOHOMISH",10,6,5,7,121,"N","A",6,2,0,24,11,18.0358620247205,10.0540173993378
"3108",1245,"WEST COAST ORIENT LMBR.",7,6,5,7,121,"N","A",6,2,0,24,11,18.0358620247205,10.0540173993378
"3109",1245,"THE BRAZIER COMPANY",4,6,5,7,121,"N","A",6,2,0,24,11,18.2346426895287,10.0540173993378
"3110",1245,"BUSE",5,6,5,7,121,"N","A",6,2,0,24,11,18.0751463699174,10.0540173993378
"3111",1245,"ASTORIA PLYWOOD",9,6,5,7,121,"N","A",6,2,0,24,11,18.0358620247205,10.0540173993378
"3112",1245,"PUBLISHERS FOREST PRODUCT",2,6,5,7,121,"N","A",6,2,0,24,11,18.3577856716127,10.0540173993378
"3113",1246,"CAFFALL BROS.TIMBER CO.",3,6,6,1,1350,"N","S",7,17,50,36,3,17.2859447813502,10.2155207158517
"3114",1246,"MOUNTAIN FIR LBR.CO.INC.",1,6,6,1,1350,"N","S",7,17,50,36,3,17.5528229695998,10.2155207158517
"3115",1246,"VANPORT MFG. INC.",2,6,6,1,1350,"N","S",7,17,50,36,3,17.2936689807626,10.2155207158517
"3116",1247,"MOUNTAIN FIR LBR.CO.INC",2,6,6,1,991,"N","S",8,17,50,18,3,18.9865824483399,10.2811360066475
"3117",1247,"CAFFALL BROS.TIMBER CO.",1,6,6,1,991,"N","S",8,17,50,18,3,19.0587781095438,10.2811360066475
"3118",1247,"VANPORT MFG. INC.",3,6,6,1,991,"N","S",8,17,50,18,3,18.8221385000068,10.2811360066475
"3119",1248,"VANPORT MFG., INC.",2,6,6,1,237,"N","S",7,22,8,26,2,17.8550468836914,10.2499808388677
"3120",1248,"MOUNTAIN FIR LBR. CO., IN",1,6,6,1,237,"N","S",7,22,8,26,2,18.4982897232793,10.2499808388677
"3121",1249,"MOUNTAIN FIR LBR.CO.INC",1,6,6,1,2980,"N","A",7,17,53,34,2,18.5041391499424,10.430432558182
"3122",1249,"CAFFALL BROS. TIMBER CO.",2,6,6,1,2980,"N","A",7,17,53,34,2,18.5008219083173,10.430432558182
"3123",1250,"MOUNTAIN FIR LBR. CO. INC",1,6,6,1,870,"N","A",5,122,0,14,1,16.2474207093499,10.3376049032175
"3124",1251,"MOUNTAIN FIR LBR. CO. INC",1,6,6,1,212,"Y","A",5,17,0,22,1,15.7644318831605,10.2993735941973
"3125",1252,"MOUNTAIN FIR LUMBER CO.,",1,6,6,1,85,"Y","A",5,15,0,17,1,15.0160775691554,10.1714897401586
"3126",1253,"AVISON LUMBER CO.",2,6,6,2,157,"N","S",7,2,43,49,5,18.5932381781387,9.50695740848554
"3127",1253,"VANPORT MFG., INC.",5,6,6,2,157,"N","S",7,2,43,49,5,18.2685722258261,9.50695740848554
"3128",1253,"BRAZIER TIMBER CO.",4,6,6,2,157,"N","S",7,2,43,49,5,18.4752352812018,9.50695740848554
"3129",1253,"MOUNTAIN FIR LBR.CO,INC",1,6,6,2,157,"N","S",7,2,43,49,5,18.7124507518985,9.50695740848554
"3130",1253,"CAFFALL BROS. TIMBER CO.",3,6,6,2,157,"N","S",7,2,43,49,5,18.5105169415435,9.50695740848554
"3131",1254,"CHAMPION INT'L CORP.",6,6,6,2,315,"N","S",7,2,20,72,8,18.790870847285,9.9635002224423
"3132",1254,"VANPORT MFG.,INC.",8,6,6,2,315,"N","S",7,2,20,72,8,18.5872199622484,9.9635002224423
"3133",1254,"BRAZIER TIMBER CO.",3,6,6,2,315,"N","S",7,2,20,72,8,19.0403352261158,9.9635002224423
"3134",1254,"AVISON LUMBER CO.",5,6,6,2,315,"N","S",7,2,20,72,8,18.9523201659618,9.9635002224423
"3135",1254,"MOUNTAIN FIR LBR.CO.INC",1,6,6,2,315,"N","S",7,2,20,72,8,19.1646873082743,9.9635002224423
"3136",1254,"CROWN ZELLERBACH CORP.",4,6,6,2,315,"N","S",7,2,20,72,8,18.9661163871715,9.9635002224423
"3137",1254,"PUBLISHERS PAPER CO.",2,6,6,2,315,"N","S",7,2,20,72,8,19.100950292591,9.9635002224423
"3138",1254,"CAFFALL BROS.TIMBER CO.",7,6,6,2,315,"N","S",7,2,20,72,8,18.6164200948426,9.9635002224423
"3139",1255,"MOUNTAIN FIR LBR.CO.INC.",1,6,6,2,124,"N","A",6,2,24,34,2,17.4967024130654,9.5631076910839
"3140",1255,"VANPORT MFG.,INC.",2,6,6,2,124,"N","A",6,2,24,34,2,17.4966066753464,9.5631076910839
"3141",1257,"MTN. FIR LBR., CO., INC.",1,6,6,2,450,"Y","A",5,2,0,66,2,15.3305050348627,9.98860964595295
"3142",1257,"VANPORT MFG., INC.",2,6,6,2,450,"Y","A",5,2,0,66,2,15.3304566756256,9.98860964595295
"3143",1258,"MTN. FIR LUMBER CO., INC.",1,6,6,2,286,"Y","A",5,2,0,27,1,15.8384055573961,9.65790665610298
"3144",1259,"FRED SLATE COMPANY",1,6,6,2,29,"N","D",5,205,0,39,1,16.1511299600211,10.6247361632069
"3145",1260,"MOUNTAIN FIR LBR.CO.INC",1,6,6,2,915,"Y","A",5,2,0,26,2,16.4266712995228,9.54445268330577
"3146",1260,"CAFFALL BROS. TIMBER CO.",2,6,6,2,915,"Y","A",5,2,0,26,2,16.4266125384055,9.54445268330577
"3147",1261,"CAFFALL BROS. TIMBER CO.",2,6,6,2,44,"N","A",5,2,0,20,3,14.7407943309528,9.58342001994019
"3148",1261,"VANPORT MFG. INC.",3,6,6,2,44,"N","A",5,2,0,20,3,14.6614234597389,9.58342001994019
"3149",1261,"MTN. FIR LUMBER CO., INC.",1,6,6,2,44,"N","A",5,2,0,20,3,14.7439606641061,9.58342001994019
"3150",1262,"VANPORT MFG. INC.",3,6,6,2,104,"N","A",5,2,0,35,3,16.5543240136575,9.71244810512245
"3151",1262,"CAFFALL BROS. TIMBER CO.",1,6,6,2,104,"N","A",5,2,0,35,3,16.5636477635477,9.71244810512245
"3152",1262,"MTN. FIR LUMBER CO., INC.",2,6,6,2,104,"N","A",5,2,0,35,3,16.5629750432273,9.71244810512245
"3153",1263,"B & T LOGGING CO.",1,6,6,2,55,"N","A",5,2,0,35,4,16.7027022648538,9.68483390649477
"3154",1263,"MTN. FIR LUMBER CO., INC.",2,6,6,2,55,"N","A",5,2,0,35,4,16.6977806973074,9.68483390649477
"3155",1263,"VANPORT MFG. INC.",3,6,6,2,55,"N","A",5,2,0,35,4,16.6894621283264,9.68483390649477
"3156",1263,"CAFFALL BROS. TIMBER CO.",4,6,6,2,55,"N","A",5,2,0,35,4,16.688995533354,9.68483390649477
"3157",1264,"PUBLISHERS PAPER CO.",3,6,6,2,253,"N","A",7,2,30,69,7,18.1503628772816,9.88908432222538
"3158",1264,"VANPORT MFG., INC.",6,6,6,2,253,"N","A",7,2,30,69,7,18.1503628772816,9.88908432222538
"3159",1264,"MOUNTAIN FIR LBR. CO. INC",2,6,6,2,253,"N","A",7,2,30,69,7,18.4793028727055,9.88908432222538
"3160",1264,"CROWN ZELLERBACH CORP.",1,6,6,2,253,"N","A",7,2,30,69,7,18.4800007786944,9.88908432222538
"3161",1264,"BRAZIER TIMBER CO.",7,6,6,2,253,"N","A",7,2,30,69,7,18.1503628772816,9.88908432222538
"3162",1264,"CAFFALL BROS. TIMBER CO.",5,6,6,2,253,"N","A",7,2,30,69,7,18.1503628772816,9.88908432222538
"3163",1264,"CHAMPION INT'L. CORP.",4,6,6,2,253,"N","A",7,2,30,69,7,18.1503628772816,9.88908432222538
"3164",1265,"CAFFALL BROS.FOR.PROD.INC",3,6,6,2,275,"N","S",7,2,7,32,6,19.1924123694374,9.38840287184975
"3165",1265,"VANPORT MFG., INC.",6,6,6,2,275,"N","S",7,2,7,32,6,18.484837379681,9.38840287184975
"3166",1265,"MOUNTAIN FIR LBR CO, INC.",1,6,6,2,275,"N","S",7,2,7,32,6,19.3488701648224,9.38840287184975
"3167",1265,"AVISON LUMBER CO.",2,6,6,2,275,"N","S",7,2,7,32,6,19.2442219507457,9.38840287184975
"3168",1265,"DETWILER LOG CO.",4,6,6,2,275,"N","S",7,2,7,32,6,19.112789585625,9.38840287184975
"3169",1265,"TOMCO INC.",5,6,6,2,275,"N","S",7,2,7,32,6,19.0399711361939,9.38840287184975
"3170",1266,"PUBLISHERS PAPER CO.",1,6,6,3,280,"N","S",7,2,11,56,10,18.9093466446533,9.81164634887055
"3171",1266,"CHAMPION INT'L CORP.",5,6,6,3,280,"N","S",7,2,11,56,10,18.8407960124815,9.81164634887055
"3172",1266,"LINNTON PLY. ASSOC.",9,6,6,3,280,"N","S",7,2,11,56,10,18.6792176935855,9.81164634887055
"3173",1266,"BRAZIER TIMBER CO.",7,6,6,3,280,"N","S",7,2,11,56,10,18.8074379453391,9.81164634887055
"3174",1266,"AVISON LUMBER CO.",2,6,6,3,280,"N","S",7,2,11,56,10,18.8929848500709,9.81164634887055
"3175",1266,"MULTNOMAN PLY. CORP.",6,6,6,3,280,"N","S",7,2,11,56,10,18.8364426575379,9.81164634887055
"3176",1266,"VANPORT MFG., INC.",10,6,6,3,280,"N","S",7,2,11,56,10,18.3969411770696,9.81164634887055
"3177",1266,"CROWN ZELLERBACH CORP.",8,6,6,3,280,"N","S",7,2,11,56,10,18.7648213603923,9.81164634887055
"3178",1266,"BOISE CASCADE CORP.",4,6,6,3,280,"N","S",7,2,11,56,10,18.8514613600422,9.81164634887055
"3179",1266,"CAFFALL BROS. TIMBER CO.",3,6,6,3,280,"N","S",7,2,11,56,10,18.8744470077959,9.81164634887055
"3180",1267,"BRAZIER TIMBER CO.",8,6,6,3,268,"N","S",7,2,10,65,9,18.6424841977369,9.91115805884035
"3181",1267,"CROWN ZELLERBACH CORP.",6,6,6,3,268,"N","S",7,2,10,65,9,18.6957060564736,9.91115805884035
"3182",1267,"CAFFALL BROS.TIMBER CO.",5,6,6,3,268,"N","S",7,2,10,65,9,18.7178803803599,9.91115805884035
"3183",1267,"SIMPSON TIMBER CO.",9,6,6,3,268,"N","S",7,2,10,65,9,18.4887934949135,9.91115805884035
"3184",1267,"AVISON LUMBER CO.",4,6,6,3,268,"N","S",7,2,10,65,9,18.8060581041213,9.91115805884035
"3185",1267,"MULTNOMAH PLYWOOD CORP.",2,6,6,3,268,"N","S",7,2,10,65,9,18.9378100576513,9.91115805884035
"3186",1267,"PUBLISHERS PAPER CO.",1,6,6,3,268,"N","S",7,2,10,65,9,18.9490765048618,9.91115805884035
"3187",1267,"ASTORIA PLYWOOD CORP.",7,6,6,3,268,"N","S",7,2,10,65,9,18.6839169358729,9.91115805884035
"3188",1267,"VANPORT MFG., INC.",3,6,6,3,268,"N","S",7,2,10,65,9,18.8215580106588,9.91115805884035
"3189",1268,"VPP CO.",3,6,6,3,325,"N","S",7,2,16,65,4,17.9615553317719,10.0105017001906
"3190",1268,"VANPORT MFG. INC.",2,6,6,3,325,"N","S",7,2,16,65,4,17.9801893139205,10.0105017001906
"3191",1268,"CAFFALL BROS. TIMBER CO.",4,6,6,3,325,"N","S",7,2,16,65,4,17.8592983965692,10.0105017001906
"3192",1268,"PUBLISHERS PAPER CO.",1,6,6,3,325,"N","S",7,2,16,65,4,18.2120858458745,10.0105017001906
"3193",1269,"PUBLISHERS PAPER CO.",1,6,6,3,724,"N","S",7,2,11,64,9,19.2728795749393,9.8063707417564
"3194",1269,"BOISE CASCADE CORP.",8,6,6,3,724,"N","S",7,2,11,64,9,18.8707348226092,9.8063707417564
"3195",1269,"CAFFALL BROS. TIMBER CO.",9,6,6,3,724,"N","S",7,2,11,64,9,18.6118340193874,9.8063707417564
"3196",1269,"BRAZIER TIMBER COMPANY",3,6,6,3,724,"N","S",7,2,11,64,9,19.2044073866417,9.8063707417564
"3197",1269,"VANPORT MANUFACTURING,INC",5,6,6,3,724,"N","S",7,2,11,64,9,19.1327208244065,9.8063707417564
"3198",1269,"CROWN ZELLERBACH CORP.",4,6,6,3,724,"N","S",7,2,11,64,9,19.1653424694222,9.8063707417564
"3199",1269,"YOUNG & MORGAN,INC.",2,6,6,3,724,"N","S",7,2,11,64,9,19.2319740053709,9.8063707417564
"3200",1269,"AVISON LUMBER CO.",6,6,6,3,724,"N","S",7,2,11,64,9,19.0333442863099,9.8063707417564
"3201",1269,"MULTNOMAH PLYWOOD CORP.",7,6,6,3,724,"N","S",7,2,11,64,9,19.0134731923219,9.8063707417564
"3202",1270,"BRAZIER TIMBER CO.",4,6,6,3,920,"N","S",7,2,39,71,9,19.2247787850334,9.8366530643489
"3203",1270,"AVISON LUMBER CO.",5,6,6,3,920,"N","S",7,2,39,71,9,19.2177608216075,9.8366530643489
"3204",1270,"CAFFALL BROS.TIMBER CO.",8,6,6,3,920,"N","S",7,2,39,71,9,18.7721154819631,9.8366530643489
"3205",1270,"FRANK LUMBER CO.,INC.",3,6,6,3,920,"N","S",7,2,39,71,9,19.253271120441,9.8366530643489
"3206",1270,"YOUNG & MORGAN, INC.",1,6,6,3,920,"N","S",7,2,39,71,9,19.5186611663684,9.8366530643489
"3207",1270,"BOISE CASCADE CORP.",7,6,6,3,920,"N","S",7,2,39,71,9,19.1456128877943,9.8366530643489
"3208",1270,"VANPORT MANUFACTURING,INC",6,6,6,3,920,"N","S",7,2,39,71,9,19.1712025649736,9.8366530643489
"3209",1270,"PUBLISHERS PAPER CO.",2,6,6,3,920,"N","S",7,2,39,71,9,19.5008931210584,9.8366530643489
"3210",1270,"CROWN ZELLERBACH CORP.",9,6,6,3,920,"N","S",7,2,39,71,9,18.7553513586269,9.8366530643489
"3211",1271,"B & T LOGGING COMPANY",1,6,6,3,10,"Y","S",5,205,0,61,3,13.0630379113195,10.3893337725911
"3212",1271,"VANPORT MFG., INC.",3,6,6,3,10,"Y","S",5,205,0,61,3,12.7218858108072,10.3893337725911
"3213",1271,"DICK FELIX INC.",2,6,6,3,10,"Y","S",5,205,0,61,3,12.7435888845492,10.3893337725911
"3214",1272,"PUBLISHERS PAPER CO.",4,6,6,3,196,"Y","S",5,205,0,70,4,15.2838916900823,10.3893337725911
"3215",1272,"HARVEY BUCHE LOGGING",1,6,6,3,196,"Y","S",5,205,0,70,4,15.5931711028128,10.3893337725911
"3216",1272,"VANPORT MFG., INC.",3,6,6,3,196,"Y","S",5,205,0,70,4,15.2958643169868,10.3893337725911
"3217",1272,"B & T LOGGING COMPANY",2,6,6,3,196,"Y","S",5,205,0,70,4,15.31720734556,10.3893337725911
"3218",1273,"B & T LOGGING",2,6,6,3,102,"Y","S",5,205,0,62,2,14.6815600734017,10.5529701606098
"3219",1273,"VANPORT MANUFACTURING INC",1,6,6,3,102,"Y","S",5,205,0,62,2,14.7397694594876,10.5529701606098
"3220",1274,"MULTNOMAH PLYWOOD CORP.",7,6,6,3,317,"N","S",7,2,8,72,8,18.6534672521525,9.82914109040747
"3221",1274,"VANPORT MFG., INC.",8,6,6,3,317,"N","S",7,2,8,72,8,18.6099381917474,9.82914109040747
"3222",1274,"CROWN ZELLERBACH CORP.",1,6,6,3,317,"N","S",7,2,8,72,8,19.1662381948499,9.82914109040747
"3223",1274,"BRAZIER TIMBER CO.",6,6,6,3,317,"N","S",7,2,8,72,8,18.8186081817332,9.82914109040747
"3224",1274,"YOUNG & MORGAN",4,6,6,3,317,"N","S",7,2,8,72,8,18.9252983377141,9.82914109040747
"3225",1274,"AVISON LUMBER CO.",5,6,6,3,317,"N","S",7,2,8,72,8,18.8241385053542,9.82914109040747
"3226",1274,"PUBLISHERS PAPER CO.",2,6,6,3,317,"N","S",7,2,8,72,8,19.1056505809878,9.82914109040747
"3227",1274,"BOISE CASCADE CORP.",3,6,6,3,317,"N","S",7,2,8,72,8,18.9333798117257,9.82914109040747
"3228",1275,"CROWN ZELLERBACH CORP.",1,6,6,3,328,"N","A",7,2,0,68,10,19.5727905126717,9.90378750754513
"3229",1275,"FRANK LUMBER CO., INC.",4,6,6,3,328,"N","A",7,2,0,68,10,19.3089785030339,9.90378750754513
"3230",1275,"AVISON LUMBER CO.",3,6,6,3,328,"N","A",7,2,0,68,10,19.5489126744352,9.90378750754513
"3231",1275,"CAFFALL BROS. TIMBER CO.",6,6,6,3,328,"N","A",7,2,0,68,10,18.7651835065552,9.90378750754513
"3232",1275,"BOISE CASCADE CORP.",9,6,6,3,328,"N","A",7,2,0,68,10,18.7580789802749,9.90378750754513
"3233",1275,"YOUNG & MORGAN, INC.",8,6,6,3,328,"N","A",7,2,0,68,10,18.7580789802749,9.90378750754513
"3234",1275,"PUBLISHERS PAPER CO.",2,6,6,3,328,"N","A",7,2,0,68,10,19.5719765601859,9.90378750754513
"3235",1275,"VANPORT MFG., INC.",10,6,6,3,328,"N","A",7,2,0,68,10,18.7580789802749,9.90378750754513
"3236",1275,"BRAZIER TIMBER CO.",7,6,6,3,328,"N","A",7,2,0,68,10,18.7580789802749,9.90378750754513
"3237",1275,"MULTNOMAH PLYWOOD CORP.",5,6,6,3,328,"N","A",7,2,0,68,10,18.786842148797,9.90378750754513
"3238",1276,"VANPORT MFG., INC.",1,6,6,3,116,"Y","A",5,205,0,57,2,15.7374207116574,10.6307462627248
"3239",1276,"B&T LOGGING CO.",2,6,6,3,116,"Y","A",5,205,0,57,2,15.7309173159373,10.6307462627248
"3240",1277,"AVISON LUMBER CO.",3,6,6,3,189,"N","A",7,2,31,76,8,18.0742205937718,9.95745476880607
"3241",1277,"FRANK LUMBER CO.",1,6,6,3,189,"N","A",7,2,31,76,8,18.1968281913561,9.95745476880607
"3242",1277,"CAFFALL BROS.TIMBER CO.",8,6,6,3,189,"N","A",7,2,31,76,8,17.4166756607873,9.95745476880607
"3243",1277,"VANPORT MFG.,INC.",4,6,6,3,189,"N","A",7,2,31,76,8,17.4851791596487,9.95745476880607
"3244",1277,"BRAZIER TIMBER CO.",5,6,6,3,189,"N","A",7,2,31,76,8,17.4166756607873,9.95745476880607
"3245",1277,"PUBLISHERS PAPER CO.",2,6,6,3,189,"N","A",7,2,31,76,8,18.1889869936428,9.95745476880607
"3246",1277,"CROWN ZELLERBACH CORP.",7,6,6,3,189,"N","A",7,2,31,76,8,17.4166756607873,9.95745476880607
"3247",1277,"BOISE CASCADE CORP.",6,6,6,3,189,"N","A",7,2,31,76,8,17.4166756607873,9.95745476880607
"3248",1278,"SIMPSON TIMBER CO.",2,6,6,3,842,"N","A",7,2,34,74,10,19.4261706578245,9.93837195438963
"3249",1278,"MULTNOMAH PLYWOOD CORP",9,6,6,3,842,"N","A",7,2,34,74,10,18.5588361791944,9.93837195438963
"3250",1278,"PUBLISHERS PAPER CO.",1,6,6,3,842,"N","A",7,2,34,74,10,19.4270209331729,9.93837195438963
"3251",1278,"VANPORT MFG. INC.",5,6,6,3,842,"N","A",7,2,34,74,10,18.6019567543531,9.93837195438963
"3252",1278,"CROWN ZELLERBACH CORP.",7,6,6,3,842,"N","A",7,2,34,74,10,18.5588361791944,9.93837195438963
"3253",1278,"BOISE CASCADE CORP.",10,6,6,3,842,"N","A",7,2,34,74,10,18.5588361791944,9.93837195438963
"3254",1278,"NORTHWEST WOOD PRODUCTS,I",3,6,6,3,842,"N","A",7,2,34,74,10,19.3032268773503,9.93837195438963
"3255",1278,"AVISON LUMBER CO.",4,6,6,3,842,"N","A",7,2,34,74,10,19.1084364164178,9.93837195438963
"3256",1278,"BRAZIER TIMBER CO.",8,6,6,3,842,"N","A",7,2,34,74,10,18.5588361791944,9.93837195438963
"3257",1278,"CAFFALL BROS. TIMBER CO.",6,6,6,3,842,"N","A",7,2,34,74,10,18.5588361791944,9.93837195438963
"3258",1279,"BRAZIER TIMBER COMPANY",1,6,6,3,500,"Y","A",5,205,0,69,5,16.7317368547789,10.6305046176037
"3259",1279,"PUBLISHERS PAPER COMPANY",5,6,6,3,500,"Y","A",5,205,0,69,5,16.38039068226,10.6305046176037
"3260",1279,"MULTNOMAH PLYWOOD CORP.",3,6,6,3,500,"Y","A",5,205,0,69,5,16.5819554454436,10.6305046176037
"3261",1279,"CAFFALL BROS.FOR.PROD. IN",4,6,6,3,500,"Y","A",5,205,0,69,5,16.38039068226,10.6305046176037
"3262",1279,"B & T LOGGING COMPANY",2,6,6,3,500,"Y","A",5,205,0,69,5,16.7316583521754,10.6305046176037
"3263",1280,"DICK FELIX INC.",1,6,6,3,5,"Y","S",5,205,0,65,2,12.7355590684841,10.565917760434
"3264",1280,"VANPORT MFG INC",2,6,6,3,5,"Y","S",5,205,0,65,2,12.7269476051492,10.565917760434
"3265",1281,"PUBLISHERS PAPER CO.",6,6,6,3,417,"N","A",6,2,0,67,8,17.5108349239448,9.98091144950093
"3266",1281,"CROWN ZELLERBACH CORP.",1,6,6,3,417,"N","A",6,2,0,67,8,18.1607361267759,9.98091144950093
"3267",1281,"MULTNOMAH PLYWOOD CORP.",4,6,6,3,417,"N","A",6,2,0,67,8,17.9625966578632,9.98091144950093
"3268",1281,"CAFFALL BROS. TIMBER CO.",8,6,6,3,417,"N","A",6,2,0,67,8,17.5108349239448,9.98091144950093
"3269",1281,"VANPORT MFG., INC.",5,6,6,3,417,"N","A",6,2,0,67,8,17.5115996848159,9.98091144950093
"3270",1281,"AVISON LUMBER CO.",2,6,6,3,417,"N","A",6,2,0,67,8,18.1589188750083,9.98091144950093
"3271",1281,"SIMPSON TIMBER CO.",7,6,6,3,417,"N","A",6,2,0,67,8,17.5108349239448,9.98091144950093
"3272",1281,"BRAZIER TIMBER CO.",3,6,6,3,417,"N","A",6,2,0,67,8,18.1216738403212,9.98091144950093
"3273",1282,"B&T LOGGING CO.",1,6,6,3,197,"Y","A",5,205,0,18,4,15.6655247842728,10.5289178329257
"3274",1282,"BRAZIER TMBR CO.",2,6,6,3,197,"Y","A",5,205,0,18,4,15.6213372844038,10.5289178329257
"3275",1282,"VANPORT MFG. INC.",4,6,6,3,197,"Y","A",5,205,0,18,4,15.5591296518644,10.5289178329257
"3276",1282,"PUBLISHERS PAPER CO.",3,6,6,3,197,"Y","A",5,205,0,18,4,15.56643240755,10.5289178329257
"3277",1283,"BRAZIER TIMBER COMPANY",1,6,6,3,270,"Y","A",5,205,0,39,6,15.9733010660551,10.5970596428092
"3278",1283,"AVISON LUMBER COMPANY",2,6,6,3,270,"Y","A",5,205,0,39,6,15.9719131407802,10.5970596428092
"3279",1283,"PUBLISHERS PAPER COMPANY",6,6,6,3,270,"Y","A",5,205,0,39,6,15.1198787721853,10.5970596428092
"3280",1283,"MULTNOMAH PLYWOOD CORP.",4,6,6,3,270,"Y","A",5,205,0,39,6,15.1934097782958,10.5970596428092
"3281",1283,"VANPORT MFG., INC.",3,6,6,3,270,"Y","A",5,205,0,39,6,15.269463567558,10.5970596428092
"3282",1283,"B & T LOGGING COMPANY",5,6,6,3,270,"Y","A",5,205,0,39,6,15.1299866312937,10.5970596428092
"3283",1284,"VANPORT MFG. CO.",3,6,6,3,7,"Y","S",5,205,0,55,3,13.3574354995838,10.2520295132447
"3284",1284,"DICK FELIX",2,6,6,3,7,"Y","S",5,205,0,55,3,13.581482990048,10.2520295132447
"3285",1284,"B & T LOGGING CO.",1,6,6,3,7,"Y","S",5,205,0,55,3,13.6304452404993,10.2520295132447
"3286",1285,"B & T LOGGING COMPANY",3,6,6,3,173,"Y","A",5,205,0,28,6,16.50607883685,10.6541250362991
"3287",1285,"MULTNOMAH PLYWOOD CORP.",4,6,6,3,173,"Y","A",5,205,0,28,6,16.4891639123387,10.6541250362991
"3288",1285,"PUBLISHERS PAPER COMPANY",6,6,6,3,173,"Y","A",5,205,0,28,6,16.4880061176526,10.6541250362991
"3289",1285,"VANPORT MFG., INC.",5,6,6,3,173,"Y","A",5,205,0,28,6,16.4880061176526,10.6541250362991
"3290",1285,"BRAZIER TIMBER COMPANY",2,6,6,3,173,"Y","A",5,205,0,28,6,16.7485426196543,10.6541250362991
"3291",1285,"AVISON LUMBER COMPANY",1,6,6,3,173,"Y","A",5,205,0,28,6,16.7623151578948,10.6541250362991
"3292",1286,"ASTORIA PLYWOOD",2,6,6,4,8,"Y","A",5,2,0,25,3,14.1287543773948,9.81405506520458
"3293",1286,"VANPORT MFG. INC.",3,6,6,4,8,"Y","A",5,2,0,25,3,13.9931168486769,9.81405506520458
"3294",1286,"RAY A. SCHOPPERT",1,6,6,4,8,"Y","A",5,2,0,25,3,14.1304599743197,9.81405506520458
"3295",1287,"VANPORT MFG. INC.",4,6,6,4,20,"Y","A",5,2,0,41,5,15.0976242626742,9.80813237171927
"3296",1287,"RAY A. SCHOPPERT",2,6,6,4,20,"Y","A",5,2,0,41,5,15.4619070113839,9.80813237171927
"3297",1287,"BRAZIER TIMBER CO.",3,6,6,4,20,"Y","A",5,2,0,41,5,15.0976242626742,9.80813237171927
"3298",1287,"ASTORIA PLYWOOD CORP.",1,6,6,4,20,"Y","A",5,2,0,41,5,15.4787261760788,9.80813237171927
"3299",1287,"CAUDELL AND SONS",5,6,6,4,20,"Y","A",5,2,0,41,5,15.0926678367226,9.80813237171927
"3300",1288,"VANPORT MFG. INC.",2,6,6,4,117,"Y","A",5,2,0,17,5,16.2668767977536,9.82876400634019
"3301",1288,"CAFFALL BROTHERS",4,6,6,4,117,"Y","A",5,2,0,17,5,16.25595927092,9.82876400634019
"3302",1288,"MULTNOMAH PLYWOOD",5,6,6,4,117,"Y","A",5,2,0,17,5,16.25595927092,9.82876400634019
"3303",1288,"PUBLISHERS PAPER CO.",3,6,6,4,117,"Y","A",5,2,0,17,5,16.25595927092,9.82876400634019
"3304",1288,"ASTORIA PLYWOOD CORPORATI",1,6,6,4,117,"Y","A",5,2,0,17,5,16.2720340225355,9.82876400634019
"3305",1289,"YOUNG & MORGAN INC.",3,6,6,5,114,"N","S",6,2,1,41,11,18.2603230068069,9.84585843969949
"3306",1289,"AVISON LUMBER CO.",6,6,6,5,114,"N","S",6,2,1,41,11,18.2174072196237,9.84585843969949
"3307",1289,"ASTORIA PLYWOOD CORP.",9,6,6,5,114,"N","S",6,2,1,41,11,18.1323638033478,9.84585843969949
"3308",1289,"VANPORT MFG., INC.",7,6,6,5,114,"N","S",6,2,1,41,11,18.1584571695876,9.84585843969949
"3309",1289,"LINNTON PLYWOOD ASSOC.",1,6,6,5,114,"N","S",6,2,1,41,11,18.3152524482197,9.84585843969949
"3310",1289,"MULTNOMAH PLYWOOD CORP.",4,6,6,5,114,"N","S",6,2,1,41,11,18.2274660720238,9.84585843969949
"3311",1289,"BRAZIER TIMBER CO.",2,6,6,5,114,"N","S",6,2,1,41,11,18.2788925000141,9.84585843969949
"3312",1289,"PUBLISHERS PAPER CO.",5,6,6,5,114,"N","S",6,2,1,41,11,18.2219114618797,9.84585843969949
"3313",1289,"CAFFALL BROS. TIMBER CO.",10,6,6,5,114,"N","S",6,2,1,41,11,18.1159732242674,9.84585843969949
"3314",1289,"BOISE CASCADE CORP.",11,6,6,5,114,"N","S",6,2,1,41,11,18.0936117578701,9.84585843969949
"3315",1289,"CROWN ZELLERBACH CORP.",8,6,6,5,114,"N","S",6,2,1,41,11,18.1486817138358,9.84585843969949
"3316",1290,"AVISON LUMBER CO.",1,6,6,5,200,"N","S",7,2,0,42,7,18.6114448948754,10.0511745304349
"3317",1290,"CROWN ZELLERBACH CORP.",5,6,6,5,200,"N","S",7,2,0,42,7,18.2965070313507,10.0511745304349
"3318",1290,"ALL-AMERICAN STUD CO.",3,6,6,5,200,"N","S",7,2,0,42,7,18.3105350196462,10.0511745304349
"3319",1290,"VANPORT MFG. INC.",2,6,6,5,200,"N","S",7,2,0,42,7,18.4662581336368,10.0511745304349
"3320",1290,"PUBLISHERS PAPER CO.",4,6,6,5,200,"N","S",7,2,0,42,7,18.3017778314679,10.0511745304349
"3321",1290,"BOISE CASCADE CORP.",6,6,6,5,200,"N","S",7,2,0,42,7,18.1702985667047,10.0511745304349
"3322",1290,"CAFFALL BROS. TIMBER CO.",7,6,6,5,200,"N","S",7,2,0,42,7,17.7181940859303,10.0511745304349
"3323",1291,"ASTORIA PLYWOOD CORP.",4,6,6,5,116,"N","S",7,2,10,55,6,18.4459878018789,9.99811568161491
"3324",1291,"CAFFALL BROS. TIMBER CO.",6,6,6,5,116,"N","S",7,2,10,55,6,18.1915354682675,9.99811568161491
"3325",1291,"CROWN ZELLERBACH CORP.",3,6,6,5,116,"N","S",7,2,10,55,6,18.627848560069,9.99811568161491
"3326",1291,"VANPORT MFG., INC.",1,6,6,5,116,"N","S",7,2,10,55,6,18.9223223231928,9.99811568161491
"3327",1291,"AVISON LUMBER CO.",5,6,6,5,116,"N","S",7,2,10,55,6,18.377098693981,9.99811568161491
"3328",1291,"PUBLISHERS PAPER CO.",2,6,6,5,116,"N","S",7,2,10,55,6,18.8397627202696,9.99811568161491
"3329",1292,"AVISON LUMBER CO.",6,6,6,5,123,"N","S",7,2,24,47,8,18.2077882208516,9.99145264126477
"3330",1292,"ALL-AMERICAN PLYWOOD CO.",1,6,6,5,123,"N","S",7,2,24,47,8,18.7605386712206,9.99145264126477
"3331",1292,"BRAZIER TIMBER CO.",4,6,6,5,123,"N","S",7,2,24,47,8,18.4854108092442,9.99145264126477
"3332",1292,"CAFFALL BROS. TIMBER CO.",8,6,6,5,123,"N","S",7,2,24,47,8,17.9881593945831,9.99145264126477
"3333",1292,"CROWN ZELLERBACH CORP.",7,6,6,5,123,"N","S",7,2,24,47,8,17.9881593945831,9.99145264126477
"3334",1292,"ASTORIA PLYWOOD CORP.",5,6,6,5,123,"N","S",7,2,24,47,8,18.3958171917527,9.99145264126477
"3335",1292,"VANPORT MFG., INC.",2,6,6,5,123,"N","S",7,2,24,47,8,18.7434256185674,9.99145264126477
"3336",1292,"PUBLISHERS PAPER CO.",3,6,6,5,123,"N","S",7,2,24,47,8,18.7185554446336,9.99145264126477
"3337",1293,"VANPORT MANUFACTURING,INC",3,6,6,5,131,"N","S",7,2,3,42,7,18.6624666418542,10.0246426740926
"3338",1293,"CAFFALL BROS TIMBER CO.",7,6,6,5,131,"N","S",7,2,3,42,7,18.1988132531266,10.0246426740926
"3339",1293,"BRAZIER TIMBER CO.",5,6,6,5,131,"N","S",7,2,3,42,7,18.4695985190268,10.0246426740926
"3340",1293,"PUBLISHERS PAPER CO.",4,6,6,5,131,"N","S",7,2,3,42,7,18.5292741282544,10.0246426740926
"3341",1293,"CROWN ZELLERBACH CORP.",6,6,6,5,131,"N","S",7,2,3,42,7,18.4053350995354,10.0246426740926
"3342",1293,"BOISE CASCADE CORP.",1,6,6,5,131,"N","S",7,2,3,42,7,18.7981828392029,10.0246426740926
"3343",1293,"AVISON LUMBER CO.",2,6,6,5,131,"N","S",7,2,3,42,7,18.7871808128865,10.0246426740926
"3344",1294,"AVISON LUMBER CO.",5,6,6,5,400,"N","S",8,2,16,65,9,20.0102818005045,9.8696722040414
"3345",1294,"CROWN ZELLERBACH CORP.",3,6,6,5,400,"N","S",8,2,16,65,9,20.1189987528983,9.8696722040414
"3346",1294,"BRAZIER TIMBER CO.",1,6,6,5,400,"N","S",8,2,16,65,9,20.2284736545082,9.8696722040414
"3347",1294,"VANPORT MANUFACTURING,INC",7,6,6,5,400,"N","S",8,2,16,65,9,19.8899361655932,9.8696722040414
"3348",1294,"CAFFALL BROS. TIMBER CO.",9,6,6,5,400,"N","S",8,2,16,65,9,19.5498215910337,9.8696722040414
"3349",1294,"YOUNG & MORGAN, INC.",8,6,6,5,400,"N","S",8,2,16,65,9,19.7490779478404,9.8696722040414
"3350",1294,"PUBLISHERS PAPER CO.",2,6,6,5,400,"N","S",8,2,16,65,9,20.1501184332555,9.8696722040414
"3351",1294,"BOISE CASCADE CORP.",4,6,6,5,400,"N","S",8,2,16,65,9,20.0495245383229,9.8696722040414
"3352",1294,"MULTNOMAH PLYWOOD CORP.",6,6,6,5,400,"N","S",8,2,16,65,9,20.0068066303478,9.8696722040414
"3353",1295,"BOISE CASCADE CORP.",3,6,6,5,820,"Y","A",8,2,4,49,8,19.2350716317977,10.1078967057941
"3354",1295,"PUBLISHERS PAPER CO.",1,6,6,5,820,"Y","A",8,2,4,49,8,19.2760743168752,10.1078967057941
"3355",1295,"BRAZIER TIMBER CO.",5,6,6,5,820,"Y","A",8,2,4,49,8,18.8788142006276,10.1078967057941
"3356",1295,"CAFFALL BROS. TIMBER CO.",8,6,6,5,820,"Y","A",8,2,4,49,8,18.8788142006276,10.1078967057941
"3357",1295,"COLUMBIA HELICOPTERS, INC",6,6,6,5,820,"Y","A",8,2,4,49,8,18.8788142006276,10.1078967057941
"3358",1295,"ERICKSON AIR-CRANE CO.",2,6,6,5,820,"Y","A",8,2,4,49,8,19.2747981553952,10.1078967057941
"3359",1295,"VANPORT MFG. INC.",4,6,6,5,820,"Y","A",8,2,4,49,8,18.8788142006276,10.1078967057941
"3360",1295,"EVERGREEN HELICOPTERS, IN",7,6,6,5,820,"Y","A",8,2,4,49,8,18.8788142006276,10.1078967057941
"3361",1296,"BRAZIER TIMBER CO.",6,6,6,5,110,"N","S",7,2,10,71,8,18.4184392336441,10.0067659019896
"3362",1296,"MULTNOMAH PLYWOOD CORP.",3,6,6,5,110,"N","S",7,2,10,71,8,18.5504942337335,10.0067659019896
"3363",1296,"AVISON LUMBER CO.",1,6,6,5,110,"N","S",7,2,10,71,8,18.6376991749581,10.0067659019896
"3364",1296,"BOISE CASCADE CORP.",2,6,6,5,110,"N","S",7,2,10,71,8,18.6117629803506,10.0067659019896
"3365",1296,"VANPORT MFG. INC.",5,6,6,5,110,"N","S",7,2,10,71,8,18.4310191183188,10.0067659019896
"3366",1296,"PUBLISHERS PAPER CO.",4,6,6,5,110,"N","S",7,2,10,71,8,18.5179281370559,10.0067659019896
"3367",1296,"NORTHWEST WOOD PROD.INC.",8,6,6,5,110,"N","S",7,2,10,71,8,18.1381745866446,10.0067659019896
"3368",1296,"CROWN ZELLERBACH CORP.",7,6,6,5,110,"N","S",7,2,10,71,8,18.14781371807,10.0067659019896
"3369",1297,"BOISE CASCADE CORP.",1,6,6,5,226,"Y","A",7,2,0,38,8,18.5554685968999,10.0328038240062
"3370",1297,"CROWN ZELLERBACH CORP.",5,6,6,5,226,"Y","A",7,2,0,38,8,18.0923683252813,10.0328038240062
"3371",1297,"NORTHWEST WOOD PROD.INC.",8,6,6,5,226,"Y","A",7,2,0,38,8,18.0923683252813,10.0328038240062
"3372",1297,"MULTNOMAH PLY.CORP.",6,6,6,5,226,"Y","A",7,2,0,38,8,18.0923683252813,10.0328038240062
"3373",1297,"AVISON LUMBER CO.",3,6,6,5,226,"Y","A",7,2,0,38,8,18.3429386378644,10.0328038240062
"3374",1297,"VANPORT MFG.,INC.",4,6,6,5,226,"Y","A",7,2,0,38,8,18.1074538291989,10.0328038240062
"3375",1297,"PUBLISHERS PAPER CO.",7,6,6,5,226,"Y","A",7,2,0,38,8,18.0923683252813,10.0328038240062
"3376",1297,"BRAZIER TIMBER CO.",2,6,6,5,226,"Y","A",7,2,0,38,8,18.5521422458303,10.0328038240062
"3377",1298,"PUBLISHERS PAPER",1,6,6,5,73,"N","S",6,2,11,49,6,18.3403574969313,10.113302673639
"3378",1298,"CAFFALL BROS. TIMBER CO.",6,6,6,5,73,"N","S",6,2,11,49,6,17.7966957538774,10.113302673639
"3379",1298,"MULTNOMAH PLYWOOD CORP.",4,6,6,5,73,"N","S",6,2,11,49,6,18.036869489739,10.113302673639
"3380",1298,"VANPORT MFG., INC.",5,6,6,5,73,"N","S",6,2,11,49,6,17.9794868986399,10.113302673639
"3381",1298,"BOISE CASCADE CORP.",2,6,6,5,73,"N","S",6,2,11,49,6,18.1422821133661,10.113302673639
"3382",1298,"BRAZIER TIMBER CO.",3,6,6,5,73,"N","S",6,2,11,49,6,18.1340221475702,10.113302673639
"3383",1299,"PUBLISHERS PAPER CO.",2,6,6,5,190,"N","A",7,2,23,52,9,19.3231954202118,10.0449003054865
"3384",1299,"CAFFALL BROS. TIMBER CO.",9,6,6,5,190,"N","A",7,2,23,52,9,18.6514130278593,10.0449003054865
"3385",1299,"BOISE CASCADE CORP.",8,6,6,5,190,"N","A",7,2,23,52,9,18.6514130278593,10.0449003054865
"3386",1299,"ASTORIA PLYWOOD CORP.",5,6,6,5,190,"N","A",7,2,23,52,9,18.9090128752897,10.0449003054865
"3387",1299,"CROWN ZELLERBACH CORP.",6,6,6,5,190,"N","A",7,2,23,52,9,18.6804231127148,10.0449003054865
"3388",1299,"BRAZIER TIMBER CO.",1,6,6,5,190,"N","A",7,2,23,52,9,19.3261919853155,10.0449003054865
"3389",1299,"MULTNOMAH PLYWOOD CORP.",3,6,6,5,190,"N","A",7,2,23,52,9,19.2222320038278,10.0449003054865
"3390",1299,"AVISON LUMBER CO.",4,6,6,5,190,"N","A",7,2,23,52,9,19.1319605306481,10.0449003054865
"3391",1299,"VANPORT MFG., INC.",7,6,6,5,190,"N","A",7,2,23,52,9,18.6514717785807,10.0449003054865
"3392",1300,"VANPORT MFG., INC.",1,6,6,5,62,"Y","S",5,205,0,32,2,13.8643007221337,10.6548800560363
"3393",1300,"BRAZIER TIMBER CO.",2,6,6,5,62,"Y","S",5,205,0,32,2,13.6235749337743,10.6548800560363
"3394",1301,"VANPORT MFG., INC.",2,6,6,5,249,"Y","A",5,205,0,34,4,15.4258920251106,10.5928274947531
"3395",1301,"CAFFALL BROS. TIMBER CO.",1,6,6,5,249,"Y","A",5,205,0,34,4,15.4259799382525,10.5928274947531
"3396",1301,"PUBLISHERS PAPER CO.",4,6,6,5,249,"Y","A",5,205,0,34,4,15.4258920251106,10.5928274947531
"3397",1301,"BRAZIER TIMBER CO.",3,6,6,5,249,"Y","A",5,205,0,34,4,15.4258920251106,10.5928274947531
"3398",1302,"CAFFALL BROS.FOR.PROD,INC",4,6,6,5,145,"N","A",6,2,0,38,8,18.0228027805316,9.86443482527243
"3399",1302,"BRAZIER TIMBER CO.",8,6,6,5,145,"N","A",6,2,0,38,8,18.0228027805316,9.86443482527243
"3400",1302,"VANPORT MFG.,INC.",6,6,6,5,145,"N","A",6,2,0,38,8,18.0228027805316,9.86443482527243
"3401",1302,"BOISE CASCADE CORP.",3,6,6,5,145,"N","A",6,2,0,38,8,18.5060305746715,9.86443482527243
"3402",1302,"CROWN ZELLERBACH CORP.",5,6,6,5,145,"N","A",6,2,0,38,8,18.0228027805316,9.86443482527243
"3403",1302,"PUBLISHERS PAPER CO.",1,6,6,5,145,"N","A",6,2,0,38,8,18.6189560272497,9.86443482527243
"3404",1302,"LINNTON PLYWOOD ASSOC.",2,6,6,5,145,"N","A",6,2,0,38,8,18.6155054759284,9.86443482527243
"3405",1302,"MULTNOMAH PLYWOOD CORP.",7,6,6,5,145,"N","A",6,2,0,38,8,18.0228027805316,9.86443482527243
"3406",1303,"BRAZIER TIMBER CO.",1,6,6,5,141,"Y","S",5,2,0,46,8,17.0444856134906,9.85497984847108
"3407",1303,"VANPORT MFG., INC.",7,6,6,5,141,"Y","S",5,2,0,46,8,16.4770811235687,9.85497984847108
"3408",1303,"ASTORIA PLYWOOD CORP.",4,6,6,5,141,"Y","S",5,2,0,46,8,16.7090306878653,9.85497984847108
"3409",1303,"AVISON LUMBER CO.",2,6,6,5,141,"Y","S",5,2,0,46,8,16.990695276344,9.85497984847108
"3410",1303,"YOUNG & MORGAN, INC.",8,6,6,5,141,"Y","S",5,2,0,46,8,16.3672998542799,9.85497984847108
"3411",1303,"CROWN ZELLERBACH CORP.",5,6,6,5,141,"Y","S",5,2,0,46,8,16.7088645312989,9.85497984847108
"3412",1303,"PUBLISHERS PAPER CO.",3,6,6,5,141,"Y","S",5,2,0,46,8,16.8255775960853,9.85497984847108
"3413",1303,"WEST COAST ORIENT INC.",6,6,6,5,141,"Y","S",5,2,0,46,8,16.7047016191123,9.85497984847108
"3414",1304,"BRAZIER TIMBER CO.",1,6,6,5,112,"Y","S",5,2,0,64,5,15.9911982049698,9.86276971925757
"3415",1304,"VANPORT MFG., INC.",5,6,6,5,112,"Y","S",5,2,0,64,5,15.4500702591722,9.86276971925757
"3416",1304,"ASTORIA PLYWOOD CORP.",2,6,6,5,112,"Y","S",5,2,0,64,5,15.9831735774996,9.86276971925757
"3417",1304,"YOUNG & MORGAN, INC.",4,6,6,5,112,"Y","S",5,2,0,64,5,15.6161306556245,9.86276971925757
"3418",1304,"PUBLISHERS PAPER CO.",3,6,6,5,112,"Y","S",5,2,0,64,5,15.889210649015,9.86276971925757
"3419",1305,"CROWN ZELLERBACH CORP.",3,6,6,5,65,"N","S",7,2,0,46,6,18.152558654982,9.59335535124676
"3420",1305,"BOISE CASCADE CORP.",4,6,6,5,65,"N","S",7,2,0,46,6,18.1135834091689,9.59335535124676
"3421",1305,"VANPORT MFG, INC.",5,6,6,5,65,"N","S",7,2,0,46,6,17.9498233103194,9.59335535124676
"3422",1305,"AVISON LUMBER CO.",1,6,6,5,65,"N","S",7,2,0,46,6,18.60676604231,9.59335535124676
"3423",1305,"CAFFALL BROS.FOR.PROD,INC",6,6,6,5,65,"N","S",7,2,0,46,6,17.5817942420287,9.59335535124676
"3424",1305,"PUBLISHERS PAPER CO.",2,6,6,5,65,"N","S",7,2,0,46,6,18.1630528849863,9.59335535124676
"3425",1306,"CAFFALL BROS. TIMBER CO.",3,6,6,6,114,"N","S",7,2,9,22,3,18.1330218712315,9.71153981234754
"3426",1306,"CHAMPION INT'L. CORP.",2,6,6,6,114,"N","S",7,2,9,22,3,18.3126303917033,9.71153981234754
"3427",1306,"HANEL LUMBER CO., INC.",1,6,6,6,114,"N","S",7,2,9,22,3,18.434597850204,9.71153981234754
"3428",1307,"CHAMPION INT'L. CORP.",1,6,6,6,370,"N","S",7,2,15,24,3,18.798895237237,9.7714407716158
"3429",1307,"HANEL LUMBER CO., INC.",2,6,6,6,370,"N","S",7,2,15,24,3,18.6812094787116,9.7714407716158
"3430",1307,"CAFFALL BROS. TIMBER CO.",3,6,6,6,370,"N","S",7,2,15,24,3,18.4287044676139,9.7714407716158
"3431",1308,"CHAMPION INTL. CORP.",2,6,6,6,41,"N","S",5,205,0,15,3,16.3494851111264,10.6107841562005
"3432",1308,"CAFFALL BROS. TIMBER CO.",3,6,6,6,41,"N","S",5,205,0,15,3,16.2469285228013,10.6107841562005
"3433",1308,"HANEL LUMBER COMPANY, INC",1,6,6,6,41,"N","S",5,205,0,15,3,16.403274593192,10.6107841562005
"3434",1309,"HANEL LUMBER COMPANY,INC.",1,6,6,6,30,"N","S",5,205,1,17,3,17.4620042955818,10.5601004083681
"3435",1309,"CAFFALL BROS. TIMBER CO.",3,6,6,6,30,"N","S",5,205,1,17,3,17.3291433689562,10.5601004083681
"3436",1309,"CHAMPION INTL. CORP.",2,6,6,6,30,"N","S",5,205,1,17,3,17.3560698019802,10.5601004083681
"3437",1310,"HANEL LUMBER CO., INC.",3,6,6,6,200,"N","S",6,2,0,19,3,17.9808508734547,9.7838590650806
"3438",1310,"CHAMPION INTL. CORP",2,6,6,6,200,"N","S",6,2,0,19,3,18.0472257999736,9.7838590650806
"3439",1310,"BOISE CASCADE CORP",1,6,6,6,200,"N","S",6,2,0,19,3,18.1806732930487,9.7838590650806
"3440",1311,"CHAMPION INTL. CORP.",1,6,6,6,315,"Y","A",5,15,0,15,1,14.0564075796625,10.2083585454086
"3441",1312,"HANEL LUMBER COMPANY, INC",1,6,6,6,20,"Y","S",5,205,0,15,1,13.6231386653168,10.5835748225073
"3442",1313,"HANEL LUMBER CO., INC.",1,6,6,6,15,"Y","S",5,205,0,15,1,12.9142315837106,10.7185204523361
"3443",1314,"STEVENSON CO-PLY",3,6,6,6,470,"N","A",7,2,6,24,3,18.4373480691648,9.79984777777637
"3444",1314,"CHAMPION INT'L. CORP.",2,6,6,6,470,"N","A",7,2,6,24,3,18.5943701507109,9.79984777777637
"3445",1314,"HANEL LUMBER CO., INC.",1,6,6,6,470,"N","A",7,2,6,24,3,18.5994008232047,9.79984777777637
"3446",1315,"CASCADE LOCKS LUMBER CO.",3,6,6,6,150,"N","A",7,2,7,17,4,18.347736863212,9.73908449624452
"3447",1315,"CAFFALL BROS.FOR.PROD,INC",4,6,6,6,150,"N","A",7,2,7,17,4,18.0126658879981,9.73908449624452
"3448",1315,"HANEL LUMBER CO., INC.",2,6,6,6,150,"N","A",7,2,7,17,4,18.4326893511403,9.73908449624452
"3449",1315,"CHAMPION INTL. CORP.",1,6,6,6,150,"N","A",7,2,7,17,4,18.4468171917596,9.73908449624452
"3450",1317,"HANEL LUMBER CO., INC.",1,6,6,6,204,"N","A",7,2,38,19,2,18.0199076112918,9.79979231619736
"3451",1317,"CHAMPION INTL. CORP.",2,6,6,6,204,"N","A",7,2,38,19,2,18.0179558779491,9.79979231619736
"3452",1319,"VANPORT MFG., INC.",2,6,6,9,109,"N","S",6,2,20,52,5,17.7875255145267,9.82406548555864
"3453",1319,"PUBLISHERS PAPER CO.",4,6,6,9,109,"N","S",6,2,20,52,5,17.6946011970773,9.82406548555864
"3454",1319,"FIRWOOD VENEER CORP.",1,6,6,9,109,"N","S",6,2,20,52,5,17.7893132825329,9.82406548555864
"3455",1319,"CAFFALL BROS.FOR.PROD.INC",3,6,6,9,109,"N","S",6,2,20,52,5,17.7774640295513,9.82406548555864
"3456",1319,"TOMCO, INC.",5,6,6,9,109,"N","S",6,2,20,52,5,17.6786772970383,9.82406548555864
"3457",1320,"PUBLISHERS PAPER CO.",2,6,6,9,14,"Y","S",5,2,4,31,5,16.3177920537697,9.85461238475399
"3458",1320,"VANPORT MFG.,INC.",1,6,6,9,14,"Y","S",5,2,4,31,5,16.3239156116242,9.85461238475399
"3459",1320,"CAUDELL & SONS",3,6,6,9,14,"Y","S",5,2,4,31,5,16.2445362129592,9.85461238475399
"3460",1320,"BRAZIER TIMBER CO.",4,6,6,9,14,"Y","S",5,2,4,31,5,16.234572945617,9.85461238475399
"3461",1320,"CAFFALL BROS.TIMBER CO.",5,6,6,9,14,"Y","S",5,2,4,31,5,16.0192908219745,9.85461238475399
"3462",1321,"PUBLISHERS PAPER CO.",1,6,6,9,961,"N","A",7,205,75,27,4,19.0114075269128,10.6579885007857
"3463",1321,"BRAZIER TIMBER CO.",4,6,6,9,961,"N","A",7,205,75,27,4,18.7523800367491,10.6579885007857
"3464",1321,"CAFFALL BROS. TIMBER CO.",3,6,6,9,961,"N","A",7,205,75,27,4,18.7523800367491,10.6579885007857
"3465",1321,"AVISON LUMBER CO.",2,6,6,9,961,"N","A",7,205,75,27,4,19.0088839887397,10.6579885007857
"3466",1322,"OCHOCO LUMBER COMPANY",5,6,7,1,12500,"Y","S",5,122,0,27,5,15.2325765777509,10.1476486790728
"3467",1322,"WM. R. LOONEY",3,6,7,1,12500,"Y","S",5,122,0,27,5,15.5249747844655,10.1476486790728
"3468",1322,"HUDSPETH SAWMILL COMPANY",2,6,7,1,12500,"Y","S",5,122,0,27,5,15.6345203416825,10.1476486790728
"3469",1322,"TIMBER INVESTORS, INC.",4,6,7,1,12500,"Y","S",5,122,0,27,5,15.3764407663333,10.1476486790728
"3470",1322,"PINE PRODUCTS OF OREGON",1,6,7,1,12500,"Y","S",5,122,0,27,5,15.6509279965318,10.1476486790728
"3471",1323,"LOUISIANA PACIFIC CORP.",6,6,7,1,1843,"N","S",7,122,0,47,6,19.2411819011308,10.3366650992108
"3472",1323,"OCHOCO LUMBER COMPANY",2,6,7,1,1843,"N","S",7,122,0,47,6,19.4119743046194,10.3366650992108
"3473",1323,"PINE PRODUCTS OF OREGON",4,6,7,1,1843,"N","S",7,122,0,47,6,19.3823806929349,10.3366650992108
"3474",1323,"HUDSPETH SAWMILL CO.",5,6,7,1,1843,"N","S",7,122,0,47,6,19.3792643880168,10.3366650992108
"3475",1323,"BROOKS-SCANLON, INC.",1,6,7,1,1843,"N","S",7,122,0,47,6,19.5078949876681,10.3366650992108
"3476",1323,"TIMBER INVESTORS, INC.",3,6,7,1,1843,"N","S",7,122,0,47,6,19.3978475483795,10.3366650992108
"3477",1324,"PINE PRODUCTS OF OREGON",1,6,7,1,1508,"N","A",7,15,0,30,6,19.6836768887278,10.3391585027014
"3478",1324,"OCHOCO LUMBER CO.",3,6,7,1,1508,"N","A",7,15,0,30,6,19.6412156365773,10.3391585027014
"3479",1324,"BROOKS-SCANLON, INC.",5,6,7,1,1508,"N","A",7,15,0,30,6,19.1084474758234,10.3391585027014
"3480",1324,"LOUISIANA-PACIFIC CORP.",6,6,7,1,1508,"N","A",7,15,0,30,6,19.1084474758234,10.3391585027014
"3481",1324,"HUDSPETH SAWMILL CO.",2,6,7,1,1508,"N","A",7,15,0,30,6,19.6793973826995,10.3391585027014
"3482",1324,"TIMBER INVESTORS, INC.",4,6,7,1,1508,"N","A",7,15,0,30,6,19.1188094958563,10.3391585027014
"3483",1325,"TIMBER INVESTORS, INC.",3,6,7,2,586,"N","S",6,122,0,77,5,16.9459922320699,10.2637809419976
"3484",1325,"HUDSPETH SAWMILL CO.",1,6,7,2,586,"N","S",6,122,0,77,5,17.0687878095498,10.2637809419976
"3485",1325,"PINE PRODUCTS OF OREGON",4,6,7,2,586,"N","S",6,122,0,77,5,16.8995009310263,10.2637809419976
"3486",1325,"OCHOCO LUMBER CO.",2,6,7,2,586,"N","S",6,122,0,77,5,17.0371824701345,10.2637809419976
"3487",1325,"LOUISIANA-PACIFIC CORP.",5,6,7,2,586,"N","S",6,122,0,77,5,16.8966541791433,10.2637809419976
"3488",1326,"PINE PRODUCTS OF OREGON",4,6,7,2,1800,"N","S",7,15,0,84,4,18.3172306245472,10.2677486487202
"3489",1326,"TIMBER INVESTORS, INC.",1,6,7,2,1800,"N","S",7,15,0,84,4,18.6084292150391,10.2677486487202
"3490",1326,"OCHOCO LUMBER COMPANY",2,6,7,2,1800,"N","S",7,15,0,84,4,18.5640752111481,10.2677486487202
"3491",1326,"LOUISIANA-PACIFIC CORP.",3,6,7,2,1800,"N","S",7,15,0,84,4,18.5214306470525,10.2677486487202
"3492",1327,"PINE PRODUCTS OF OREGON",4,6,7,2,607,"N","A",7,15,0,75,6,18.0464759023954,10.3807460514582
"3493",1327,"OCHOCO LUMBER COMPANY",3,6,7,2,607,"N","A",7,15,0,75,6,18.1545579249599,10.3807460514582
"3494",1327,"TIMBER INVESTORS, INC.",6,6,7,2,607,"N","A",7,15,0,75,6,17.771439437863,10.3807460514582
"3495",1327,"HUDSPETH SAWMILL CO.",2,6,7,2,607,"N","A",7,15,0,75,6,18.2612159693013,10.3807460514582
"3496",1327,"LOUISIANA PACIFIC CORP.",5,6,7,2,607,"N","A",7,15,0,75,6,17.7733784420827,10.3807460514582
"3497",1327,"BROOKS-SCANLON, INC.",1,6,7,2,607,"N","A",7,15,0,75,6,18.264026933907,10.3807460514582
"3498",1328,"OCHOCO LUMBER CO.",2,6,7,2,1318,"N","A",7,15,16,83,6,19.2795118401532,10.3410971139709
"3499",1328,"PINE PRODUCTS OF OREGON",3,6,7,2,1318,"N","A",7,15,16,83,6,18.8953920247973,10.3410971139709
"3500",1328,"HUDSPETH SAWMILL CO.",1,6,7,2,1318,"N","A",7,15,16,83,6,19.2797151748428,10.3410971139709
"3501",1328,"BROOKS-SCANLON, INC.",6,6,7,2,1318,"N","A",7,15,16,83,6,18.8667713472761,10.3410971139709
"3502",1328,"LOUSIANA-PACIFIC CORP.",5,6,7,2,1318,"N","A",7,15,16,83,6,18.8667713472761,10.3410971139709
"3503",1328,"TIMBER INVESTORS, INC.",4,6,7,2,1318,"N","A",7,15,16,83,6,18.8775915348364,10.3410971139709
"3504",1329,"PINE PRODUCTS OF OREGON",5,6,7,2,20000,"Y","A",5,122,0,79,6,16.2552454891056,10.1662363584427
"3505",1329,"BROOKS-SCANLON, INC.",3,6,7,2,20000,"Y","A",5,122,0,79,6,16.2552454891056,10.1662363584427
"3506",1329,"TIMBER INVESTORS, INC.",6,6,7,2,20000,"Y","A",5,122,0,79,6,16.2552454891056,10.1662363584427
"3507",1329,"HUDSPETH SAWMILL CO.",2,6,7,2,20000,"Y","A",5,122,0,79,6,16.8695117396422,10.1662363584427
"3508",1329,"OCHOCO LUMBER CO.",1,6,7,2,20000,"Y","A",5,122,0,79,6,16.9065530113226,10.1662363584427
"3509",1329,"LOUISIANA-PACIFIC CORP.",4,6,7,2,20000,"Y","A",5,122,0,79,6,16.2552454891056,10.1662363584427
"3510",1330,"PINE PRODUCTS OF OREGON",1,6,7,3,3100,"N","S",7,122,0,43,5,18.856700921617,10.3130774752212
"3511",1330,"LOUISIANA-PACIFIC CORP.",4,6,7,3,3100,"N","S",7,122,0,43,5,18.6795890434465,10.3130774752212
"3512",1330,"TIMBER INVESTORS, INC.",2,6,7,3,3100,"N","S",7,122,0,43,5,18.8552948616107,10.3130774752212
"3513",1330,"HUDSPETH SAWMILL COMPANY",5,6,7,3,3100,"N","S",7,122,0,43,5,18.673423485042,10.3130774752212
"3514",1330,"OCHOCO LUMBER COMPANY",3,6,7,3,3100,"N","S",7,122,0,43,5,18.8143532586166,10.3130774752212
"3515",1331,"LOUISIANA-PACIFIC CORP.",6,6,7,3,271,"N","A",5,122,0,48,6,16.8048474244294,10.4016229954856
"3516",1331,"HUDSPETH SAWMILL CO.",4,6,7,3,271,"N","A",5,122,0,48,6,16.8112428315183,10.4016229954856
"3517",1331,"TIMBER INVESTORS, INC.",3,6,7,3,271,"N","A",5,122,0,48,6,16.8238332386576,10.4016229954856
"3518",1331,"OCHOCO LUMBER CO.",1,6,7,3,271,"N","A",5,122,0,48,6,17.216821266538,10.4016229954856
"3519",1331,"BROOKS-SCANLON, INC.",5,6,7,3,271,"N","A",5,122,0,48,6,16.8048474244294,10.4016229954856
"3520",1331,"PINE PRODUCTS OF OREGON",2,6,7,3,271,"N","A",5,122,0,48,6,17.1951437617106,10.4016229954856
"3521",1332,"PINE PRODUCTS OF OREGON",2,6,7,3,2760,"N","A",8,15,0,26,6,19.8966101206436,10.4223408679893
"3522",1332,"TIMBER INVESTORS, INC.",5,6,7,3,2760,"N","A",8,15,0,26,6,19.5532112508239,10.4223408679893
"3523",1332,"OCHOCO LUMBER CO.",4,6,7,3,2760,"N","A",8,15,0,26,6,19.8943603288391,10.4223408679893
"3524",1332,"BROOKS-SCANLON, INC.",6,6,7,3,2760,"N","A",8,15,0,26,6,19.5465345890137,10.4223408679893
"3525",1332,"LOUISIANA-PACIFIC CORP.",3,6,7,3,2760,"N","A",8,15,0,26,6,19.8964885160294,10.4223408679893
"3526",1332,"HUDSPETH SAWMILL CO.",1,6,7,3,2760,"N","A",8,15,0,26,6,19.8973641047999,10.4223408679893
"3527",1333,"HUDSPETH SAWMILL CO.",3,6,7,3,2720,"N","A",8,122,0,46,5,19.195762687274,10.2415656419424
"3528",1333,"PINE PRODUCTS OF OREGON",4,6,7,3,2720,"N","A",8,122,0,46,5,19.1862648584018,10.2415656419424
"3529",1333,"LOUISIANA-PACIFIC CORP.",5,6,7,3,2720,"N","A",8,122,0,46,5,19.1833726437033,10.2415656419424
"3530",1333,"TIMBER INVESTORS, INC.",2,6,7,3,2720,"N","A",8,122,0,46,5,19.2052669848291,10.2415656419424
"3531",1333,"OCHOCO LUMBER CO.",1,6,7,3,2720,"N","A",8,122,0,46,5,19.2076119403206,10.2415656419424
"3532",1334,"EDWARD HINES LUMBER CO.",1,6,7,4,2387,"N","A",7,1,0,33,1,18.764637756763,9.67696329306244
"3533",1335,"PRINEVILLE STUD CO.",1,6,7,4,7213,"Y","A",5,122,0,47,1,15.1767691226129,10.1360268254907
"3534",1337,"ALLISON LOGGING, INC.",1,6,7,4,7768,"Y","S",5,108,0,42,3,14.38649010455,9.77576781093376
"3535",1337,"PRINEVILLE STUD CO.",2,6,7,4,7768,"Y","S",5,108,0,42,3,14.3502480017766,9.77576781093376
"3536",1337,"EDWARD HINES LUMBER CO.",3,6,7,4,7768,"Y","S",5,108,0,42,3,14.3143445688779,9.77576781093376
"3537",1338,"ROBIN D. MILLER",1,6,7,4,8704,"Y","D",5,108,0,42,1,15.360516610239,9.77280922889401
"3538",1339,"CROWN ZELLERBACH CORP.",1,6,8,1,1200,"N","A",7,122,0,28,3,18.1292797649318,10.3413875817875
"3539",1339,"BOYD LUMBER CORP.",3,6,8,1,1200,"N","A",7,122,0,28,3,17.9165675413959,10.3413875817875
"3540",1339,"LANDRETH TIMBER CO.",2,6,8,1,1200,"N","A",7,122,0,28,3,18.127986129677,10.3413875817875
"3541",1340,"ZOSEL LUMBER COMPANY",1,6,8,3,1030,"N","S",6,122,55,22,1,17.4661869809109,10.425638798632
"3542",1341,"J & J LOGGING",3,6,8,3,1960,"N","S",7,122,112,35,6,18.5295441174341,10.374709189709
"3543",1341,"ZOSEL LUMBER CO.",1,6,8,3,1960,"N","S",7,122,112,35,6,18.7789186658045,10.374709189709
"3544",1341,"LANDRETH TIMBER CO.",2,6,8,3,1960,"N","S",7,122,112,35,6,18.6288600879156,10.374709189709
"3545",1341,"BOYD LUMBER CORP.",4,6,8,3,1960,"N","S",7,122,112,35,6,18.4861763069792,10.374709189709
"3546",1341,"SAN POIL LUMBER CO.",6,6,8,3,1960,"N","S",7,122,112,35,6,18.4366613708188,10.374709189709
"3547",1341,"CROWN ZELLERBACH CORP.",5,6,8,3,1960,"N","S",7,122,112,35,6,18.4475427091121,10.374709189709
"3548",1342,"LANDRETH TIMBER COMPANY",2,6,8,3,560,"N","S",6,204,38,29,4,17.4561342051145,10.1591370154066
"3549",1342,"STAR LUMBER COMPANY",4,6,8,3,560,"N","S",6,204,38,29,4,17.1760664843635,10.1591370154066
"3550",1342,"WRP TIMBER CORP.",3,6,8,3,560,"N","S",6,204,38,29,4,17.3699782320264,10.1591370154066
"3551",1342,"ZOSEL TIMBER COMPANY",1,6,8,3,560,"N","S",6,204,38,29,4,17.4669373350276,10.1591370154066
"3552",1343,"CROWN ZELLERBACH",1,6,8,4,28,"N","A",5,70,0,40,2,14.351301927748,10.1004103242073
"3553",1343,"TEX PRUITT",2,6,8,4,28,"N","A",5,70,0,40,2,14.1912035077388,10.1004103242073
"3554",1344,"CROWN ZELLERBACH CORP.",1,6,8,5,1500,"N","A",7,122,11,17,1,17.2552008238739,10.3920675673548
"3555",1345,"CROWN ZELLERBACH",1,6,8,5,900,"N","S",6,122,0,25,1,15.3596416541977,10.2585011171482
"3556",1346,"WRP LUMBER CORP.",1,6,8,5,795,"N","S",6,122,0,22,1,17.3734666441702,10.2464387552551
"3557",1347,"SAM BOLING",1,6,9,1,226,"Y","S",5,2,0,57,1,15.3177774278365,10.1828601971168
"3558",1348,"SEABOARD LUMBER CO.",3,6,9,1,278,"N","A",8,2,1,57,3,18.7140754680936,10.1736291870109
"3559",1348,"WEST COAST ORIENT",2,6,9,1,278,"N","A",8,2,1,57,3,19.124071281736,10.1736291870109
"3560",1348,"PUBLISHERS FOR PROD.",1,6,9,1,278,"N","A",8,2,1,57,3,19.1253572061861,10.1736291870109
"3561",1349,"PUBLISHERS FOREST PRODUCT",1,6,9,1,7,"Y","S",5,2,0,30,3,15.5998022123448,10.1669281606149
"3562",1349,"WEST COAST ORIENT",2,6,9,1,7,"Y","S",5,2,0,30,3,15.5187520613219,10.1669281606149
"3563",1349,"SAM BOLING",3,6,9,1,7,"Y","S",5,2,0,30,3,15.4951683221704,10.1669281606149
"3564",1350,"DELSON LUMBER CO.",3,6,9,1,28,"N","A",5,2,0,70,4,16.3300722836765,10.1658133547255
"3565",1350,"PUBLISHERS FOREST PRODUCT",1,6,9,1,28,"N","A",5,2,0,70,4,16.6024452578134,10.1658133547255
"3566",1350,"CHAMPION INTERNATIONAL CO",2,6,9,1,28,"N","A",5,2,0,70,4,16.6005952542949,10.1658133547255
"3567",1350,"SEABOARD LUMBER CO.",4,6,9,1,28,"N","A",5,2,0,70,4,15.9011938294565,10.1658133547255
"3568",1352,"WEST COAST ORIENT LUMBER",2,6,9,2,91,"N","S",5,205,1,36,2,16.0203615357949,10.307918793054
"3569",1352,"M & R TIMBER, INC.",1,6,9,2,91,"N","S",5,205,1,36,2,16.1294954259092,10.307918793054
"3570",1355,"SEABOARD LUMBER CO.",1,6,9,2,196,"N","A",7,2,0,34,5,18.1362307759524,10.184749057185
"3571",1355,"WEST COAST ORIENT LBR. MI",4,6,9,2,196,"N","A",7,2,0,34,5,17.8982800534978,10.184749057185
"3572",1355,"BUSE TBR & SALES, INC.",5,6,9,2,196,"N","A",7,2,0,34,5,17.867460709512,10.184749057185
"3573",1355,"M&R TIMBER, INC.",3,6,9,2,196,"N","A",7,2,0,34,5,18.1311983852907,10.184749057185
"3574",1355,"PUBLISHERS FOREST PROD.",2,6,9,2,196,"N","A",7,2,0,34,5,18.1349900207812,10.184749057185
"3575",1357,"ANDERSON & MIDDLETON LOG.",3,6,9,3,164,"N","S",7,2,1,66,4,18.3871442290909,10.1208544510729
"3576",1357,"RALPH BLAINE",4,6,9,3,164,"N","S",7,2,1,66,4,18.3383264332487,10.1208544510729
"3577",1357,"MAYR BROS. LOGGING INC.",2,6,9,3,164,"N","S",7,2,1,66,4,18.6350738011214,10.1208544510729
"3578",1357,"NORTHWEST LOG. INC.",1,6,9,3,164,"N","S",7,2,1,66,4,18.6533393630897,10.1208544510729
"3579",1358,"MAYR BROS.",2,6,9,3,156,"N","S",7,2,2,42,2,18.1540400084033,9.50755189464409
"3580",1358,"ANDERSON & MIDDLETON",1,6,9,3,156,"N","S",7,2,2,42,2,18.3823703843016,9.50755189464409
"3581",1359,"G & L SHAKE",3,6,9,3,48,"Y","S",5,242,0,30,3,15.1860382762346,10.1072443900501
"3582",1359,"J & J SHAKE",2,6,9,3,48,"Y","S",5,242,0,30,3,15.6699031404427,10.1072443900501
"3583",1359,"JACK HARRISON",1,6,9,3,48,"Y","S",5,242,0,30,3,16.1486568632404,10.1072443900501
"3584",1361,"G & L SHAKE",3,6,9,3,2,"N","S",5,242,0,19,5,14.0443928113838,10.1072443900501
"3585",1361,"J & J SHAKE CO.",1,6,9,3,2,"N","S",5,242,0,19,5,14.1578327927874,10.1072443900501
"3586",1361,"PETERSON SHAKE",2,6,9,3,2,"N","S",5,242,0,19,5,14.0910142743571,10.1072443900501
"3587",1361,"RAY MEAD",5,6,9,3,2,"N","S",5,242,0,19,5,12.9422649476313,10.1072443900501
"3588",1361,"OLYMPIC CEDAR PRODUCTS",4,6,9,3,2,"N","S",5,242,0,19,5,13.2511083332949,10.1072443900501
"3589",1362,"J & J SHAKE INC.",1,6,9,3,3,"N","S",5,242,0,10,4,14.3962502288047,10.1072443900501
"3590",1362,"PEDERSON SHAKE",2,6,9,3,3,"N","S",5,242,0,10,4,14.2528360248194,10.1072443900501
"3591",1362,"OLYMPIC CEDAR PRODUCTS",4,6,9,3,3,"N","S",5,242,0,10,4,13.7829873662587,10.1072443900501
"3592",1362,"G & L SHAKE",3,6,9,3,3,"N","S",5,242,0,10,4,13.8339004230759,10.1072443900501
"3593",1363,"PETERSON SHAKE CO.",4,6,9,3,5,"Y","S",5,242,0,5,4,14.1334747147154,10.1072443900501
"3594",1363,"OLYMPIC CEDAR PROD.",3,6,9,3,5,"Y","S",5,242,0,5,4,14.3772617785253,10.1072443900501
"3595",1363,"CUSTOM CUT LUMBER",2,6,9,3,5,"Y","S",5,242,0,5,4,14.4076355763649,10.1072443900501
"3596",1363,"J & J SHAKE, INC.",1,6,9,3,5,"Y","S",5,242,0,5,4,14.7160738596355,10.1072443900501
"3597",1364,"A & M LOG. CO., INC.",1,6,9,3,368,"N","S",8,2,2,78,1,19.1606618908595,10.184749057185
"3598",1365,"METCALF BROS. SHAKE CO.",3,6,9,3,2,"Y","A",5,5,0,30,4,13.7801569180358,9.89711730552829
"3599",1365,"J & J SHAKE",1,6,9,3,2,"Y","A",5,5,0,30,4,13.9511020770702,9.89711730552829
"3600",1365,"R.D. MCDONALD",2,6,9,3,2,"Y","A",5,5,0,30,4,13.9423282138096,9.89711730552829
"3601",1365,"RAIN FOREST TIMBER PROD.",4,6,9,3,2,"Y","A",5,5,0,30,4,12.988534797767,9.89711730552829
"3602",1366,"MAYR BROS. LOG CO.",1,6,9,3,100,"Y","S",7,2,1,66,2,18.2023863041702,10.184749057185
"3603",1366,"A&M LOGGING CO.",2,6,9,3,100,"Y","S",7,2,1,66,2,18.1494869365442,10.184749057185
"3604",1367,"ELMA PLYWOOD CORP.",1,6,9,3,154,"N","A",7,2,0,52,3,18.4322142268993,9.68396244674463
"3605",1367,"NORTHWEST LOGGING INC.",2,6,9,3,154,"N","A",7,2,0,52,3,18.431873124924,9.68396244674463
"3606",1367,"ANDERSON & MIDDLETON INC.",3,6,9,3,154,"N","A",7,2,0,52,3,18.3964549036569,9.68396244674463
"3607",1368,"MONTESANO CEDAR PRODUCTS",2,6,9,3,75,"Y","S",6,2,0,55,2,17.6354456863896,10.184749057185
"3608",1368,"MAYR BROS. LOGGING CO. IN",1,6,9,3,75,"Y","S",6,2,0,55,2,17.6574382987791,10.184749057185
"3609",1369,"MAYR BROS. LOGGING CO.",1,6,9,3,813,"N","S",8,2,3,44,1,19.8212832535629,10.184749057185
"3610",1370,"HOQUIAM PLYWOOD CO.",2,6,9,3,58,"N","A",6,2,0,52,2,16.970384933446,9.54824016058858
"3611",1370,"ANDERSON & MIDDLETON LOG.",1,6,9,3,58,"N","A",6,2,0,52,2,16.970419900716,9.54824016058858
"3612",1371,"QUINAULT CEDAR PRODUCTS",3,6,9,4,600,"Y","S",5,242,0,32,3,13.5923670066501,9.16962253869762
"3613",1371,"JOHN L. JONES",1,6,9,4,600,"Y","S",5,242,0,32,3,14.5260063768588,9.16962253869762
"3614",1371,"EDWIN SAVAGE",2,6,9,4,600,"Y","S",5,242,0,32,3,14.2342208928225,9.16962253869762
"3615",1372,"SIMPSON TIMBER CO.",1,6,9,4,450,"N","D",8,2,0,32,1,18.2153875478437,9.41148368301073
"3616",1373,"SIMPSON TIMBER COMPANY",1,6,9,4,599,"N","D",8,2,0,27,1,18.9142617299755,9.47401147446646
"3617",1374,"RICHIE NORTHUP",1,6,9,4,1,"Y","S",5,205,0,7,1,12.9554820050983,10.6963443122451
"3618",1375,"JERRY AMBROSE",2,6,9,4,100,"Y","A",5,242,0,8,2,12.6915496916077,10.5966597327836
"3619",1375,"JOHN L. JONES",1,6,9,4,100,"Y","A",5,242,0,8,2,12.9879172808514,10.5966597327836
"3620",1376,"GENE KLINGER",2,6,9,4,10,"Y","A",5,205,0,45,2,13.7432946408987,10.8380306911274
"3621",1376,"J & J SHAKE",1,6,9,4,10,"Y","A",5,205,0,45,2,14.0296529198481,10.8380306911274
"3622",1377,"SIMPSON TIMBER COMPANY",1,6,9,4,286,"N","D",8,2,0,19,1,18.6137724274882,9.5170159209205
"3623",1378,"SIMPSON TIMBER CO.",1,6,9,4,384,"N","D",8,2,3,42,1,18.5882972089116,10.1817251661599
"3624",1379,"SIMPSON TIMBER COMPANY",1,6,9,4,554,"N","D",8,2,2,28,1,19.5609271772575,9.8382020858375
"3625",1380,"SIMPSON TIMBER CO.",1,6,9,4,334,"N","D",8,2,0,16,1,18.7883280903105,9.99875227676191
"3626",1381,"SIMPSON TIMBER CO.",1,6,9,4,353,"N","D",8,2,0,27,1,19.128246968648,9.99784273101727
"3627",1382,"HAROLD SISSON",4,6,9,5,22,"Y","S",5,2,0,43,6,15.4596706186259,10.1180746011672
"3628",1382,"SEABOARD LUMBER CO.",3,6,9,5,22,"Y","S",5,2,0,43,6,15.7975514864055,10.1180746011672
"3629",1382,"HOH RIVER TIMBER CO., INC",2,6,9,5,22,"Y","S",5,2,0,43,6,15.9135947406908,10.1180746011672
"3630",1382,"M&R TIMBER, INC.",1,6,9,5,22,"Y","S",5,2,0,43,6,16.0325747989479,10.1180746011672
"3631",1382,"SNELL LOGGING CO.",6,6,9,5,22,"Y","S",5,2,0,43,6,15.3074119043659,10.1180746011672
"3632",1382,"WEST COAST ORIENT LBR MIL",5,6,9,5,22,"Y","S",5,2,0,43,6,15.3410319358034,10.1180746011672
"3633",1383,"HOH RIVER TBR CO. INC.",2,6,9,5,123,"N","S",8,2,1,49,5,19.3561718512172,10.1116392860311
"3634",1383,"ASTORIA PLYWOOD CORP.",1,6,9,5,123,"N","S",8,2,1,49,5,19.5112826079986,10.1116392860311
"3635",1383,"BRAZIER CO.",5,6,9,5,123,"N","S",8,2,1,49,5,18.9822949451577,10.1116392860311
"3636",1383,"M & R TIMBER, INC.",3,6,9,5,123,"N","S",8,2,1,49,5,19.1456728107007,10.1116392860311
"3637",1383,"BUSE TIMBER & SALES INC.",4,6,9,5,123,"N","S",8,2,1,49,5,19.0872738244286,10.1116392860311
"3638",1384,"WEST COAST ORIENT LBR MIL",2,6,9,5,83,"Y","S",6,2,0,53,2,17.6946301341165,10.1354322598034
"3639",1384,"HOH RIVER TIMBER CO., INC",1,6,9,5,83,"Y","S",6,2,0,53,2,17.7997909671574,10.1354322598034
"3640",1386,"HOH RIVER TIMBER, INC.",3,6,9,5,18,"Y","S",5,2,0,64,5,15.3891430385269,10.1417561415954
"3641",1386,"WEST COAST ORIENT",2,6,9,5,18,"Y","S",5,2,0,64,5,15.8266705822277,10.1417561415954
"3642",1386,"M&R TIMBER, INC.",1,6,9,5,18,"Y","S",5,2,0,64,5,15.8317433606209,10.1417561415954
"3643",1386,"SNELL LOGGING",5,6,9,5,18,"Y","S",5,2,0,64,5,15.2286853804894,10.1417561415954
"3644",1386,"MIKE MCGARVIE LOGGING CO.",4,6,9,5,18,"Y","S",5,2,0,64,5,15.3790092384569,10.1417561415954
"3645",1388,"MT. BAKER PLYWOOD,INC.",2,6,9,5,151,"N","A",7,2,2,52,2,18.6125456180877,9.57150522118777
"3646",1388,"HOH RIVER TIMBER CO.",1,6,9,5,151,"N","A",7,2,2,52,2,18.6125926658295,9.57150522118777
"3647",1389,"HOH RIVER TIMBER CO., INC",1,6,9,5,64,"Y","A",5,2,0,46,1,15.6872896576765,10.1775143141649
"3648",1390,"PETER E. JACOBSON",1,6,9,5,16,"N","S",5,263,0,79,1,14.2347930975032,10.4109374850622
"3649",1391,"MOUNTAIN FIR LBR. CO. INC",1,6,10,1,155,"Y","S",5,15,0,38,3,15.2828594224121,10.1094035581837
"3650",1391,"JOHN R. WOOD TRUCKING INC",3,6,10,1,155,"Y","S",5,15,0,38,3,15.142206177123,10.1094035581837
"3651",1391,"CRATER LOG SALVAGE",2,6,10,1,155,"Y","S",5,15,0,38,3,15.1626612029665,10.1094035581837
"3652",1392,"CRATER LOG SALVAGE",3,6,10,1,28,"Y","S",5,2,0,44,6,14.8125090071133,9.94169814029988
"3653",1392,"R. W. JACKS",1,6,10,1,28,"Y","S",5,2,0,44,6,14.8788220405947,9.94169814029988
"3654",1392,"MOUNTAIN FIR LBR. CO., IN",2,6,10,1,28,"Y","S",5,2,0,44,6,14.8421129284337,9.94169814029988
"3655",1392,"JOHN R. WOOD",6,6,10,1,28,"Y","S",5,2,0,44,6,14.6040292800822,9.94169814029988
"3656",1392,"SISKIYOU CASCADE FORESTRY",5,6,10,1,28,"Y","S",5,2,0,44,6,14.6139475016791,9.94169814029988
"3657",1392,"VANDERLIP LOGGING",4,6,10,1,28,"Y","S",5,2,0,44,6,14.7410127339206,9.94169814029988
"3658",1393,"G. B. WILLIAMS",1,6,10,1,5,"Y","S",5,15,0,46,3,12.6501493069324,10.174620947849
"3659",1393,"R. W. JACKS LOGGING",3,6,10,1,5,"Y","S",5,15,0,46,3,12.5109067767995,10.174620947849
"3660",1393,"MT.FIR LUMBER CO.",2,6,10,1,5,"Y","S",5,15,0,46,3,12.5400775550875,10.174620947849
"3661",1394,"FOURPLY, INC.",5,6,10,1,383,"N","S",6,2,17,131,6,17.1697669147447,10.0597645415934
"3662",1394,"J. W. TAYLOR",4,6,10,1,383,"N","S",6,2,17,131,6,17.1929796369398,10.0597645415934
"3663",1394,"MOUNTAIN FIR LBR. CO. INC",1,6,10,1,383,"N","S",6,2,17,131,6,17.4675971293581,10.0597645415934
"3664",1394,"R. W. JACKS TRUCKING",3,6,10,1,383,"N","S",6,2,17,131,6,17.2846441196783,10.0597645415934
"3665",1394,"ROGUE VALLEY TREES",6,6,10,1,383,"N","S",6,2,17,131,6,17.1464778745596,10.0597645415934
"3666",1394,"DOUBLE DEE LBR. CO.",2,6,10,1,383,"N","S",6,2,17,131,6,17.3463431268909,10.0597645415934
"3667",1395,"JOHN R. WOOD TRUCKING",3,6,10,1,47,"Y","S",5,2,0,35,3,14.5662400902676,10.0601493625495
"3668",1395,"SISKIYOU-CASCADE FORESTRY",1,6,10,1,47,"Y","S",5,2,0,35,3,14.5902676789851,10.0601493625495
"3669",1395,"B.J. WILLIAMS CONST.",2,6,10,1,47,"Y","S",5,2,0,35,3,14.5862967904998,10.0601493625495
"3670",1396,"J.W. TAYLOR",4,6,10,1,505,"N","S",6,2,16,51,6,17.4905724882641,10.0023369165783
"3671",1396,"R.W. JACKS TRUCKING CO.",2,6,10,1,505,"N","S",6,2,16,51,6,17.6141803017834,10.0023369165783
"3672",1396,"DOUBLE DEE LUMBER CO.",3,6,10,1,505,"N","S",6,2,16,51,6,17.5134334962266,10.0023369165783
"3673",1396,"WEBCO LUMBER, INC.",5,6,10,1,505,"N","S",6,2,16,51,6,17.4903833755293,10.0023369165783
"3674",1396,"MOUNTAIN FIR LUMBER CO.,I",1,6,10,1,505,"N","S",6,2,16,51,6,17.615989524656,10.0023369165783
"3675",1396,"PLUMLEY, INC.",6,6,10,1,505,"N","S",6,2,16,51,6,17.2195139989569,10.0023369165783
"3676",1397,"RW JACKS TRUCKING",1,6,10,1,103,"N","S",5,122,18,31,1,14.1631064114097,10.3022636724935
"3677",1398,"JOHN R. WOOD TRUCKING",1,6,10,1,100,"N","S",5,15,4,37,1,14.3939929610435,10.2557628321302
"3678",1399,"G. B. WILLIAMS",5,6,10,1,599,"N","S",7,2,0,51,8,18.1196974005134,10.0369689439106
"3679",1399,"LOUISIANA-PACIFIC CORP.",7,6,10,1,599,"N","S",7,2,0,51,8,17.9856135866675,10.0369689439106
"3680",1399,"TIMBER PRODUCTS CO.",6,6,10,1,599,"N","S",7,2,0,51,8,18.0485869669778,10.0369689439106
"3681",1399,"MOUNTAIN FIR LBR.CO.,INC.",1,6,10,1,599,"N","S",7,2,0,51,8,18.3167437701334,10.0369689439106
"3682",1399,"BOISE CASCADE CORP.",3,6,10,1,599,"N","S",7,2,0,51,8,18.2274055343461,10.0369689439106
"3683",1399,"WEBCO LUMBER INC.",2,6,10,1,599,"N","S",7,2,0,51,8,18.3143226197374,10.0369689439106
"3684",1399,"SWF PLYWOOD CO.",8,6,10,1,599,"N","S",7,2,0,51,8,17.9521817421868,10.0369689439106
"3685",1399,"PLUMLEY, INC.",4,6,10,1,599,"N","S",7,2,0,51,8,18.1376035195617,10.0369689439106
"3686",1400,"LOUISIANA-PACIFIC CORP.",2,6,10,1,39,"N","S",5,2,0,34,5,15.3145687127271,10.0601066119777
"3687",1400,"R. W. JACKS TRUCKING CO.",3,6,10,1,39,"N","S",5,2,0,34,5,15.2535478623645,10.0601066119777
"3688",1400,"MOUNTAIN FIR LBR.CO.,INC.",1,6,10,1,39,"N","S",5,2,0,34,5,15.3973963733764,10.0601066119777
"3689",1400,"ROGUE VALLEY TREES, INC.",4,6,10,1,39,"N","S",5,2,0,34,5,15.2002837627122,10.0601066119777
"3690",1400,"JOHN R.WOOD TRUCKING INC.",5,6,10,1,39,"N","S",5,2,0,34,5,15.1355823140063,10.0601066119777
"3691",1402,"JOHN R. WOOD TRUCKING, IN",1,6,10,1,537,"Y","S",5,2,10,46,1,15.8926795192884,10.1041809750127
"3692",1404,"JOHN R. WOOD TRUCKING",1,6,10,1,50,"Y","S",5,122,0,32,1,13.7165627700786,10.2977905959381
"3693",1405,"CRATER LOG SALVAGE",3,6,10,1,40,"N","A",5,2,0,40,5,16.3308688152081,10.1017234681442
"3694",1405,"PLUMLEY, INC.",4,6,10,1,40,"N","A",5,2,0,40,5,16.217539095226,10.1017234681442
"3695",1405,"WEBCO LBR. INC.",5,6,10,1,40,"N","A",5,2,0,40,5,16.217539095226,10.1017234681442
"3696",1405,"SISKIYOU-CASCADE FORESTRY",1,6,10,1,40,"N","A",5,2,0,40,5,16.4307902848114,10.1017234681442
"3697",1405,"MTN. FIR LBR. CO., INC.",2,6,10,1,40,"N","A",5,2,0,40,5,16.42697937162,10.1017234681442
"3698",1406,"WEBCO LBR. INC.",6,6,10,1,330,"N","A",6,2,33,45,6,17.1436227775574,10.101313295866
"3699",1406,"LOUISIANA-PACIFIC CORP.",5,6,10,1,330,"N","A",6,2,33,45,6,17.1436227775574,10.101313295866
"3700",1406,"G. B. WILLIAMS",2,6,10,1,330,"N","A",6,2,33,45,6,17.4140179944563,10.101313295866
"3701",1406,"MTN. FIR LBR. CO., INC.",3,6,10,1,330,"N","A",6,2,33,45,6,17.3792702848484,10.101313295866
"3702",1406,"DOUBLE DEE LBR. CO.",4,6,10,1,330,"N","A",6,2,33,45,6,17.1482738405685,10.101313295866
"3703",1406,"BOISE CASCADE CORP.",1,6,10,1,330,"N","A",6,2,33,45,6,17.4141602799168,10.101313295866
"3704",1407,"PETER KIEWIT SONS' CO.",1,6,10,1,20,"N","D",5,122,0,29,1,14.8180523778816,10.2817527407176
"3705",1408,"G. B. WILLIAMS",1,6,10,1,1,"Y","S",5,122,0,39,2,12.6570973081781,10.2170931869662
"3706",1408,"JOHN R. WOOD TRUCKING, IN",2,6,10,1,1,"Y","S",5,122,0,39,2,12.6371080297499,10.2170931869662
"3707",1409,"G. B. WILLIAMS",1,6,10,1,187,"Y","A",5,2,0,42,4,15.1348207431026,10.1049170509436
"3708",1409,"SISKIYOU CASCADE FRSTRY I",3,6,10,1,187,"Y","A",5,2,0,42,4,14.9536127543188,10.1049170509436
"3709",1409,"JOHN R. WOOD TRUCKING, IN",4,6,10,1,187,"Y","A",5,2,0,42,4,14.4008442167053,10.1049170509436
"3710",1409,"MTN. FIR LBR. CO., INC",2,6,10,1,187,"Y","A",5,2,0,42,4,15.126499306969,10.1049170509436
"3711",1410,"G. B. WILLIAMS",3,6,10,1,695,"Y","S",5,2,0,49,4,14.9650409039606,9.95203959311829
"3712",1410,"WEBCO LUMBER, INC.",4,6,10,1,695,"Y","S",5,2,0,49,4,14.7528697822558,9.95203959311829
"3713",1410,"ROGUE VALLEY TREES, INC.",1,6,10,1,695,"Y","S",5,2,0,49,4,15.7528685268695,9.95203959311829
"3714",1410,"MOUNTAIN FIR LBR. CO., IN",2,6,10,1,695,"Y","S",5,2,0,49,4,15.3206340740336,9.95203959311829
"3715",1411,"G. B. WILLIAMS",1,6,10,1,177,"Y","A",5,2,0,44,4,15.0596132773787,10.1010260751349
"3716",1411,"JOHN R. WOOD TRUCKING INC",4,6,10,1,177,"Y","A",5,2,0,44,4,14.7174345811292,10.1010260751349
"3717",1411,"MTN. FIR LBR CO. INC",2,6,10,1,177,"Y","A",5,2,0,44,4,15.0555703242164,10.1010260751349
"3718",1411,"SISKIYOU-CASCADE FORESTRY",3,6,10,1,177,"Y","A",5,2,0,44,4,14.7225264108163,10.1010260751349
"3719",1412,"MOUNTAIN FIR LBR. CO., IN",1,6,10,1,178,"N","S",5,2,9,52,2,16.5488385662508,10.0173071887356
"3720",1412,"WEBCO LBR., INC.",2,6,10,1,178,"N","S",5,2,9,52,2,16.383577358838,10.0173071887356
"3721",1413,"MTN. FIR LUMBER CO., INC.",2,6,10,1,165,"Y","A",5,2,0,38,3,15.1399348345009,10.1031577476647
"3722",1413,"G. B. WILLIAMS",1,6,10,1,165,"Y","A",5,2,0,38,3,15.1403602736402,10.1031577476647
"3723",1413,"JOHN R. WOOD TRUCKING, IN",3,6,10,1,165,"Y","A",5,2,0,38,3,14.5698845319401,10.1031577476647
"3724",1414,"WEBCO LUMBER, INC.",9,6,10,2,425,"N","S",7,2,10,32,9,17.9099034523517,10.0200253687841
"3725",1414,"J. W. TAYLOR",5,6,10,2,425,"N","S",7,2,10,32,9,18.1660509115021,10.0200253687841
"3726",1414,"KOGAP MANUFACTURING CO.",1,6,10,2,425,"N","S",7,2,10,32,9,18.4955646292933,10.0200253687841
"3727",1414,"SO. ORE. LAND & TIMBER",8,6,10,2,425,"N","S",7,2,10,32,9,17.9301651350796,10.0200253687841
"3728",1414,"FOURPLY, INC.",4,6,10,2,425,"N","S",7,2,10,32,9,18.2013287456081,10.0200253687841
"3729",1414,"E. F. BURRILL LBR. CO.",6,6,10,2,425,"N","S",7,2,10,32,9,18.0260977107069,10.0200253687841
"3730",1414,"MCGREW BROS. SAWMILL, INC",2,6,10,2,425,"N","S",7,2,10,32,9,18.3586710759021,10.0200253687841
"3731",1414,"HANSCOM BROS.",3,6,10,2,425,"N","S",7,2,10,32,9,18.2981598272422,10.0200253687841
"3732",1414,"R. W. JACKS LOGGING",7,6,10,2,425,"N","S",7,2,10,32,9,17.969687271218,10.0200253687841
"3733",1415,"FOURPLY, INC.",3,6,10,2,210,"N","S",6,2,10,27,12,18.0690359845387,9.98294547387084
"3734",1415,"KOGAP MFG. CO., INC.",1,6,10,2,210,"N","S",6,2,10,27,12,18.116465413986,9.98294547387084
"3735",1415,"CASCADE LBR. & SALVAGE CO",6,6,10,2,210,"N","S",6,2,10,27,12,17.9136927470676,9.98294547387084
"3736",1415,"MCGREW BROS. SAWMILL INC.",5,6,10,2,210,"N","S",6,2,10,27,12,17.9782160142399,9.98294547387084
"3737",1415,"E. F. BURRILL LBR. CO.",4,6,10,2,210,"N","S",6,2,10,27,12,17.9910571555798,9.98294547387084
"3738",1415,"LAKESIDE CORP.",10,6,10,2,210,"N","S",6,2,10,27,12,17.6025982611474,9.98294547387084
"3739",1415,"J. W. TAYLOR",2,6,10,2,210,"N","S",6,2,10,27,12,18.0733845389678,9.98294547387084
"3740",1415,"G. B. WILLIAMS",9,6,10,2,210,"N","S",6,2,10,27,12,17.768103366115,9.98294547387084
"3741",1415,"HANSCOM BROS.",11,6,10,2,210,"N","S",6,2,10,27,12,17.5832936096737,9.98294547387084
"3742",1415,"MTN. FIR LBR. CO., INC.",7,6,10,2,210,"N","S",6,2,10,27,12,17.8927123523256,9.98294547387084
"3743",1415,"SUN STUDS INC.",8,6,10,2,210,"N","S",6,2,10,27,12,17.8607629104058,9.98294547387084
"3744",1415,"DUANE R. BURTON",12,6,10,2,210,"N","S",6,2,10,27,12,17.5643909100076,9.98294547387084
"3745",1416,"CASCADE LUMBER & SALVAGE",1,6,10,2,40,"N","A",5,2,0,27,9,15.8609673548528,9.98635703035842
"3746",1416,"LOUISIANA-PACIFIC CORP.",9,6,10,2,40,"N","A",5,2,0,27,9,15.5262027670664,9.98635703035842
"3747",1416,"CRATER LOG SALVAGE",2,6,10,2,40,"N","A",5,2,0,27,9,15.8476691740198,9.98635703035842
"3748",1416,"STANLEY COOK",3,6,10,2,40,"N","A",5,2,0,27,9,15.7734466757389,9.98635703035842
"3749",1416,"SISKIYOU-CASCADE FORESTRY",7,6,10,2,40,"N","A",5,2,0,27,9,15.5310708957293,9.98635703035842
"3750",1416,"HANSCOM BROS.",8,6,10,2,40,"N","A",5,2,0,27,9,15.5262027670664,9.98635703035842
"3751",1416,"R.F. SCHAFFRAN LOGGING",6,6,10,2,40,"N","A",5,2,0,27,9,15.5333884396681,9.98635703035842
"3752",1416,"DUANE R. BURTON",5,6,10,2,40,"N","A",5,2,0,27,9,15.5419649901343,9.98635703035842
"3753",1416,"J. W. TAYLOR",4,6,10,2,40,"N","A",5,2,0,27,9,15.6140288017969,9.98635703035842
"3754",1417,"DUANE R. BURTON",6,6,10,2,422,"N","A",6,2,22,33,11,17.3074041581299,10.0434233928336
"3755",1417,"MEDFORD RESOURCES CORP.",1,6,10,2,422,"N","A",6,2,22,33,11,17.9937559143255,10.0434233928336
"3756",1417,"WEBCO LBR., INC.",11,6,10,2,422,"N","A",6,2,22,33,11,17.3074041581299,10.0434233928336
"3757",1417,"SWF PLYWOOD CO.",5,6,10,2,422,"N","A",6,2,22,33,11,17.3138473544507,10.0434233928336
"3758",1417,"MCGREW BROS. SAWMILL",9,6,10,2,422,"N","A",6,2,22,33,11,17.3074041581299,10.0434233928336
"3759",1417,"KOGAP MFG. CO.",4,6,10,2,422,"N","A",6,2,22,33,11,17.3198485932126,10.0434233928336
"3760",1417,"PLUMLEY, INC.",10,6,10,2,422,"N","A",6,2,22,33,11,17.3074041581299,10.0434233928336
"3761",1417,"HANSCOM BROS.",7,6,10,2,422,"N","A",6,2,22,33,11,17.3074041581299,10.0434233928336
"3762",1417,"BOISE CASCADE CORP.",2,6,10,2,422,"N","A",6,2,22,33,11,17.9914261977689,10.0434233928336
"3763",1417,"LOUISIANA-PACIFIC CORP.",8,6,10,2,422,"N","A",6,2,22,33,11,17.3074041581299,10.0434233928336
"3764",1417,"J. W. TAYLOR",3,6,10,2,422,"N","A",6,2,22,33,11,17.6184867059625,10.0434233928336
"3765",1418,"J. W. TAYLOR",8,6,10,2,214,"N","S",6,2,7,29,8,17.3496475321718,9.96156776361265
"3766",1418,"PLUMLEY, INC.",3,6,10,2,214,"N","S",6,2,7,29,8,17.5092805339576,9.96156776361265
"3767",1418,"BOISE CASCADE CORP.",1,6,10,2,214,"N","S",6,2,7,29,8,17.5756829364145,9.96156776361265
"3768",1418,"DUANE R. BURTON",6,6,10,2,214,"N","S",6,2,7,29,8,17.3942522702915,9.96156776361265
"3769",1418,"MCGREW BROS. SAWMILL",4,6,10,2,214,"N","S",6,2,7,29,8,17.4987262532338,9.96156776361265
"3770",1418,"WEBCO LBR., INC.",7,6,10,2,214,"N","S",6,2,7,29,8,17.3885767226973,9.96156776361265
"3771",1418,"HANSCOM BROS.",5,6,10,2,214,"N","S",6,2,7,29,8,17.473078121575,9.96156776361265
"3772",1418,"SWF PLYWOOD CO.",2,6,10,2,214,"N","S",6,2,7,29,8,17.5550940578929,9.96156776361265
"3773",1420,"WEBCO LBR., INC.",9,6,10,2,1082,"N","A",8,2,92,24,9,18.9088287636341,10.0608331232599
"3774",1420,"SWF PLYWOOD CO.",2,6,10,2,1082,"N","A",8,2,92,24,9,19.4001137726965,10.0608331232599
"3775",1420,"TIMBER PRODUCTS CO.",8,6,10,2,1082,"N","A",8,2,92,24,9,18.9088287636341,10.0608331232599
"3776",1420,"BOISE CASCADE CORP.",1,6,10,2,1082,"N","A",8,2,92,24,9,19.4002318680052,10.0608331232599
"3777",1420,"MOUNTAIN FIR LBR. CO., IN",7,6,10,2,1082,"N","A",8,2,92,24,9,18.9088287636341,10.0608331232599
"3778",1420,"E. F. BURRILL LBR. CO.",5,6,10,2,1082,"N","A",8,2,92,24,9,18.9088287636341,10.0608331232599
"3779",1420,"KOGAP MFG. CO.",4,6,10,2,1082,"N","A",8,2,92,24,9,18.9156387198258,10.0608331232599
"3780",1420,"J. W. TAYLOR",3,6,10,2,1082,"N","A",8,2,92,24,9,19.106994278248,10.0608331232599
"3781",1420,"MEDFORD RESOURCES CORP.",6,6,10,2,1082,"N","A",8,2,92,24,9,18.9088287636341,10.0608331232599
"3782",1421,"J. W. TAYLOR",1,6,10,2,3090,"Y","S",5,2,0,34,6,15.1987853648153,9.90213664046517
"3783",1421,"SISKIYOU-CASCADE FORESTRY",6,6,10,2,3090,"Y","S",5,2,0,34,6,14.978961322779,9.90213664046517
"3784",1421,"TONY KLIMEK LOGGING",4,6,10,2,3090,"Y","S",5,2,0,34,6,15.0697752554429,9.90213664046517
"3785",1421,"G. & W LOGGING",5,6,10,2,3090,"Y","S",5,2,0,34,6,15.0554082656087,9.90213664046517
"3786",1421,"G. B. WILLIAMS",2,6,10,2,3090,"Y","S",5,2,0,34,6,15.1636512364513,9.90213664046517
"3787",1421,"HANSCOM BROTHERS",3,6,10,2,3090,"Y","S",5,2,0,34,6,15.119851637426,9.90213664046517
"3788",1422,"HANSCOM BROS.",7,6,10,2,440,"N","A",7,2,0,30,9,17.9283624645212,10.0965429615331
"3789",1422,"SWF PLYWOOD CO.",4,6,10,2,440,"N","A",7,2,0,30,9,18.4952350950356,10.0965429615331
"3790",1422,"WEBCO LBR., INC.",9,6,10,2,440,"N","A",7,2,0,30,9,17.9283624645212,10.0965429615331
"3791",1422,"MCGREW BROS. SAWMILL",8,6,10,2,440,"N","A",7,2,0,30,9,17.9283624645212,10.0965429615331
"3792",1422,"BOISE CASCADE CORP.",3,6,10,2,440,"N","A",7,2,0,30,9,18.52901025777,10.0965429615331
"3793",1422,"J. W. TAYLOR",5,6,10,2,440,"N","A",7,2,0,30,9,18.171003774304,10.0965429615331
"3794",1422,"KOGAP MFG. CO.",1,6,10,2,440,"N","A",7,2,0,30,9,18.6839591289459,10.0965429615331
"3795",1422,"EUGENE F. BURRILL LBR. CO",6,6,10,2,440,"N","A",7,2,0,30,9,17.9283624645212,10.0965429615331
"3796",1422,"MEDFORD RESOURCES CORP.",2,6,10,2,440,"N","A",7,2,0,30,9,18.6833748770841,10.0965429615331
"3797",1423,"G. B. WILLIAMS",4,6,10,3,187,"N","S",5,2,16,52,12,17.2607528948247,9.9681041956221
"3798",1423,"HANSCOM BROS.",8,6,10,3,187,"N","S",5,2,16,52,12,17.1766412153733,9.9681041956221
"3799",1423,"SUN STUDS, INC.",6,6,10,3,187,"N","S",5,2,16,52,12,17.2114173021865,9.9681041956221
"3800",1423,"R. W. JACKS LOGGING",11,6,10,3,187,"N","S",5,2,16,52,12,17.141142803761,9.9681041956221
"3801",1423,"EUGENE F. BURRILL LUMBER",12,6,10,3,187,"N","S",5,2,16,52,12,17.1402904307499,9.9681041956221
"3802",1423,"J. W. TAYLOR",5,6,10,3,187,"N","S",5,2,16,52,12,17.2383611411351,9.9681041956221
"3803",1423,"A & P LOGGING",7,6,10,3,187,"N","S",5,2,16,52,12,17.1894285508803,9.9681041956221
"3804",1423,"KOGAP MANUFACTURING CO.",2,6,10,3,187,"N","S",5,2,16,52,12,17.4604438716589,9.9681041956221
"3805",1423,"MCGREW BROS. SAWMILL, INC",1,6,10,3,187,"N","S",5,2,16,52,12,17.5919552773101,9.9681041956221
"3806",1423,"DUANE BURTON",9,6,10,3,187,"N","S",5,2,16,52,12,17.1533306994965,9.9681041956221
"3807",1423,"WEBCO LUMBER, INC.",3,6,10,3,187,"N","S",5,2,16,52,12,17.3685783072311,9.9681041956221
"3808",1423,"PLUMLEY, INC.",10,6,10,3,187,"N","S",5,2,16,52,12,17.1511078774757,9.9681041956221
"3809",1424,"R. W. JACKS LOGGING",3,6,10,3,135,"N","S",5,2,0,48,8,16.6477628521247,9.91135651091482
"3810",1424,"EUGENE F. BURRILL LBR. CO",1,6,10,3,135,"N","S",5,2,0,48,8,16.8173809546374,9.91135651091482
"3811",1424,"RAMBO LOGGING",7,6,10,3,135,"N","S",5,2,0,48,8,16.4616889014414,9.91135651091482
"3812",1424,"FOURPLY, INC.",4,6,10,3,135,"N","S",5,2,0,48,8,16.6418609942854,9.91135651091482
"3813",1424,"A & P LOGGING",2,6,10,3,135,"N","S",5,2,0,48,8,16.7302079234433,9.91135651091482
"3814",1424,"CASCADE LBR. & SALVAGE",5,6,10,3,135,"N","S",5,2,0,48,8,16.610660965444,9.91135651091482
"3815",1424,"DUANE BURTON",6,6,10,3,135,"N","S",5,2,0,48,8,16.4696795575305,9.91135651091482
"3816",1424,"J. W. TAYLOR",8,6,10,3,135,"N","S",5,2,0,48,8,16.4147996531353,9.91135651091482
"3817",1425,"TIMBER ASSOCIATES",8,6,10,3,792,"N","S",8,2,32,49,8,18.9938531387254,10.0201143644678
"3818",1425,"SUN STUDS, INC.",4,6,10,3,792,"N","S",8,2,32,49,8,19.4193239938331,10.0201143644678
"3819",1425,"E.F. BURRILL LMBR. CO.",1,6,10,3,792,"N","S",8,2,32,49,8,19.5846504371315,10.0201143644678
"3820",1425,"MCGREW BROS. SAWMILL",3,6,10,3,792,"N","S",8,2,32,49,8,19.45146530352,10.0201143644678
"3821",1425,"KOGAP MFG. CO.",2,6,10,3,792,"N","S",8,2,32,49,8,19.506690891491,10.0201143644678
"3822",1425,"WEBCO LUMBER, INC.",6,6,10,3,792,"N","S",8,2,32,49,8,19.2466757585639,10.0201143644678
"3823",1425,"J.W. TAYLOR",5,6,10,3,792,"N","S",8,2,32,49,8,19.3886376146989,10.0201143644678
"3824",1425,"HANSCOM BROS.",7,6,10,3,792,"N","S",8,2,32,49,8,19.235126373855,10.0201143644678
"3825",1426,"JERRY KLIMEK",4,6,10,3,25,"N","A",5,15,0,33,9,14.5225606436932,10.2434180880566
"3826",1426,"DUANE BURTON",8,6,10,3,25,"N","A",5,15,0,33,9,14.1525469211505,10.2434180880566
"3827",1426,"SISKIYOU CASCADE FORESTRY",9,6,10,3,25,"N","A",5,15,0,33,9,14.1525469211505,10.2434180880566
"3828",1426,"J. W. TAYLOR",7,6,10,3,25,"N","A",5,15,0,33,9,14.1535743844769,10.2434180880566
"3829",1426,"ANTHONY RAMBO",2,6,10,3,25,"N","A",5,15,0,33,9,14.6605200878335,10.2434180880566
"3830",1426,"CASCADE LUMBER & SALVAGE",1,6,10,3,25,"N","A",5,15,0,33,9,14.6656614873339,10.2434180880566
"3831",1426,"R. F. SCHAFFRAN LOGGING",3,6,10,3,25,"N","A",5,15,0,33,9,14.5994121017927,10.2434180880566
"3832",1426,"BENARD NORK",6,6,10,3,25,"N","A",5,15,0,33,9,14.1559463578519,10.2434180880566
"3833",1426,"YUNK LOGGING",5,6,10,3,25,"N","A",5,15,0,33,9,14.1578441546323,10.2434180880566
"3834",1427,"BOISE CASCADE CORP.",2,6,10,3,215,"N","A",7,2,28,36,8,19.2197477587223,10.0013852908126
"3835",1427,"HANSCOM BROS.",6,6,10,3,215,"N","A",7,2,28,36,8,18.7053661809737,10.0013852908126
"3836",1427,"E. F. BURRILL LBR. CO.",5,6,10,3,215,"N","A",7,2,28,36,8,18.7053661809737,10.0013852908126
"3837",1427,"J. W. TAYLOR",3,6,10,3,215,"N","A",7,2,28,36,8,18.8089491663472,10.0013852908126
"3838",1427,"WEBCO LUMBER",8,6,10,3,215,"N","A",7,2,28,36,8,18.7053661809737,10.0013852908126
"3839",1427,"KOGAP MFG. CO.",4,6,10,3,215,"N","A",7,2,28,36,8,18.7193152192728,10.0013852908126
"3840",1427,"MEDFORD RESOURCES CORP.",1,6,10,3,215,"N","A",7,2,28,36,8,19.2212654067809,10.0013852908126
"3841",1427,"SWF PLYWOOD",7,6,10,3,215,"N","A",7,2,28,36,8,18.7053661809737,10.0013852908126
"3842",1428,"HANSCOM BROS.",7,6,10,3,54,"N","S",5,2,0,51,10,15.9327155014348,9.91363588358794
"3843",1428,"J. W. TAYLOR",6,6,10,3,54,"N","S",5,2,0,51,10,15.9442045379008,9.91363588358794
"3844",1428,"DOUBLE DEE LUMBER CO.",4,6,10,3,54,"N","S",5,2,0,51,10,15.9701388825294,9.91363588358794
"3845",1428,"CRATER LOG SALVAGE",8,6,10,3,54,"N","S",5,2,0,51,10,15.9319063038978,9.91363588358794
"3846",1428,"RAMBO LOGGING",2,6,10,3,54,"N","S",5,2,0,51,10,16.0284558043853,9.91363588358794
"3847",1428,"E. F. BURRILL LUMBER CO.",10,6,10,3,54,"N","S",5,2,0,51,10,15.9027471392278,9.91363588358794
"3848",1428,"R. W. JACKS",9,6,10,3,54,"N","S",5,2,0,51,10,15.9027471392278,9.91363588358794
"3849",1428,"PLUMLEY INC.",5,6,10,3,54,"N","S",5,2,0,51,10,15.9674081009021,9.91363588358794
"3850",1428,"SISKIYOU-CASCADE FORESTRY",1,6,10,3,54,"N","S",5,2,0,51,10,16.1754022093799,9.91363588358794
"3851",1428,"DUANE R. BURTON",3,6,10,3,54,"N","S",5,2,0,51,10,15.9964481077022,9.91363588358794
"3852",1429,"J. W. TAYLOR",1,6,10,3,9350,"Y","S",5,2,0,45,8,16.1023422146122,9.86552604624901
"3853",1429,"CRATER LOG SALVAGE",7,6,10,3,9350,"Y","S",5,2,0,45,8,15.5059199773735,9.86552604624901
"3854",1429,"RAMBO LOGGING",5,6,10,3,9350,"Y","S",5,2,0,45,8,15.6257564291668,9.86552604624901
"3855",1429,"HANSCOM BROTHERS",4,6,10,3,9350,"Y","S",5,2,0,45,8,15.8264858751686,9.86552604624901
"3856",1429,"J-U LOGGING & CONSTRUCTIO",8,6,10,3,9350,"Y","S",5,2,0,45,8,15.3430548842389,9.86552604624901
"3857",1429,"YUNK LOGGING",6,6,10,3,9350,"Y","S",5,2,0,45,8,15.5993806544386,9.86552604624901
"3858",1429,"G. B. WILLIAMS",2,6,10,3,9350,"Y","S",5,2,0,45,8,16.0753812419508,9.86552604624901
"3859",1429,"RICHARD SCHAFFRAN",3,6,10,3,9350,"Y","S",5,2,0,45,8,16.0038457414546,9.86552604624901
"3860",1430,"KENNETH CLINE",1,6,10,3,120,"Y","A",5,2,0,29,3,14.7098460272846,10.0080277318101
"3861",1430,"SISKIYOU-CASCADE FORESTRY",3,6,10,3,120,"Y","A",5,2,0,29,3,14.4744337210689,10.0080277318101
"3862",1430,"G. B. WILLIAMS",2,6,10,3,120,"Y","A",5,2,0,29,3,14.6902331837128,10.0080277318101
"3863",1431,"HAROLD ANTHONY",2,6,10,3,2,"N","A",5,2,0,36,2,13.9717789937625,10.0080277318101
"3864",1431,"HANSCOM BROS.",1,6,10,3,2,"N","A",5,2,0,36,2,13.9719671485632,10.0080277318101
"3865",1432,"BOISE CASCADE CORP.",3,6,10,3,445,"N","A",7,2,30,46,8,17.7694567753501,10.0128799293073
"3866",1432,"WEBCO LUMBER CO.",8,6,10,3,445,"N","A",7,2,30,46,8,17.6024400713461,10.0128799293073
"3867",1432,"J. W. TAYLOR",2,6,10,3,445,"N","A",7,2,30,46,8,17.9370233650558,10.0128799293073
"3868",1432,"HANSCOM BROS.",5,6,10,3,445,"N","A",7,2,30,46,8,17.6024400713461,10.0128799293073
"3869",1432,"E. J. BURRILL LUMBER CO.",4,6,10,3,445,"N","A",7,2,30,46,8,17.6089626174162,10.0128799293073
"3870",1432,"MEDFORD RESOURCES CORP.",1,6,10,3,445,"N","A",7,2,30,46,8,17.974040766571,10.0128799293073
"3871",1432,"SWF PLYWOOD",7,6,10,3,445,"N","A",7,2,30,46,8,17.6024400713461,10.0128799293073
"3872",1432,"KOGAP MFG. CO.",6,6,10,3,445,"N","A",7,2,30,46,8,17.6024400713461,10.0128799293073
"3873",1433,"SUN STUDS, INC.",5,6,10,6,249,"N","S",7,2,17,39,10,18.30798718491,9.97016441080041
"3874",1433,"J.W. TAYLOR",9,6,10,6,249,"N","S",7,2,17,39,10,18.2025202565272,9.97016441080041
"3875",1433,"HANSCOM BROS.",7,6,10,6,249,"N","S",7,2,17,39,10,18.2674321238136,9.97016441080041
"3876",1433,"C&D LBR. CO.",2,6,10,6,249,"N","S",7,2,17,39,10,18.4042885226052,9.97016441080041
"3877",1433,"WEBCO LBR. INC.",1,6,10,6,249,"N","S",7,2,17,39,10,18.4494707070235,9.97016441080041
"3878",1433,"KOGAP MFG. CO.",6,6,10,6,249,"N","S",7,2,17,39,10,18.2800342704949,9.97016441080041
"3879",1433,"MOUNTAIN FIR LBR. CO.,INC",8,6,10,6,249,"N","S",7,2,17,39,10,18.2350140785158,9.97016441080041
"3880",1433,"THE ROBERT DOLLAR CO.",4,6,10,6,249,"N","S",7,2,17,39,10,18.3399395590671,9.97016441080041
"3881",1433,"PLUMLEY, INC.",10,6,10,6,249,"N","S",7,2,17,39,10,18.086097681717,9.97016441080041
"3882",1433,"EUGENE F. BURRILL LBR. CO",3,6,10,6,249,"N","S",7,2,17,39,10,18.3954535985248,9.97016441080041
"3883",1434,"SUN STUDS, INC.",6,6,10,6,435,"N","S",7,2,32,54,12,18.8854260725351,9.95289657279367
"3884",1434,"J.W. TAYLOR",9,6,10,6,435,"N","S",7,2,32,54,12,18.8510582778886,9.95289657279367
"3885",1434,"SPALDING & SON, INC.",3,6,10,6,435,"N","S",7,2,32,54,12,18.9846851734117,9.95289657279367
"3886",1434,"WEBCO LUMBER, INC.",1,6,10,6,435,"N","S",7,2,32,54,12,19.0353233166898,9.95289657279367
"3887",1434,"KOGAP MFG. CO.",8,6,10,6,435,"N","S",7,2,32,54,12,18.8670890552347,9.95289657279367
"3888",1434,"HANSCOM BROS.",2,6,10,6,435,"N","S",7,2,32,54,12,18.9919557271184,9.95289657279367
"3889",1434,"THE ROBERT DOLLAR CO.",5,6,10,6,435,"N","S",7,2,32,54,12,18.9303066883908,9.95289657279367
"3890",1434,"JOHNSON TIMBER CO.",4,6,10,6,435,"N","S",7,2,32,54,12,18.9616797383556,9.95289657279367
"3891",1434,"MOUNTAIN FIR LUMBER CO, I",7,6,10,6,435,"N","S",7,2,32,54,12,18.8677464234112,9.95289657279367
"3892",1434,"LITTLE RIVER TIMBER CO.",12,6,10,6,435,"N","S",7,2,32,54,12,18.7314627955733,9.95289657279367
"3893",1434,"PLUMLEY, INC.",10,6,10,6,435,"N","S",7,2,32,54,12,18.8012681523426,9.95289657279367
"3894",1434,"MCGREW BROS. SAWMILL, INC",11,6,10,6,435,"N","S",7,2,32,54,12,18.7452890241922,9.95289657279367
"3895",1435,"R. W. JACKS TRUCKING CO",8,6,10,6,805,"N","S",7,2,58,52,8,18.5417617132203,10.0306927267714
"3896",1435,"KOGAP MFG. CO.",2,6,10,6,805,"N","S",7,2,58,52,8,18.9265921527189,10.0306927267714
"3897",1435,"J. W. TAYLOR",7,6,10,6,805,"N","S",7,2,58,52,8,18.7063164239707,10.0306927267714
"3898",1435,"SUN STUDS, INC.",6,6,10,6,805,"N","S",7,2,58,52,8,18.7369259289364,10.0306927267714
"3899",1435,"WEBCO LUMBER, INC.",3,6,10,6,805,"N","S",7,2,58,52,8,18.8589423845384,10.0306927267714
"3900",1435,"MCGREW BROS. SAWMILL, INC",5,6,10,6,805,"N","S",7,2,58,52,8,18.7949438257989,10.0306927267714
"3901",1435,"G. B. WILLIAMS",4,6,10,6,805,"N","S",7,2,58,52,8,18.8450903334771,10.0306927267714
"3902",1435,"EUGENE F. BURRILL LBR. CO",1,6,10,6,805,"N","S",7,2,58,52,8,19.0099986803042,10.0306927267714
"3903",1436,"WEBCO LUMBER INC.",6,6,10,6,492,"N","S",7,2,36,61,12,18.8261621852605,10.0193131180417
"3904",1436,"SUN STUDS",8,6,10,6,492,"N","S",7,2,36,61,12,18.7958328881772,10.0193131180417
"3905",1436,"MOUNTAIN FIR LBR. CO., IN",2,6,10,6,492,"N","S",7,2,36,61,12,18.9867547185488,10.0193131180417
"3906",1436,"TIMBER ASSOCIATES",3,6,10,6,492,"N","S",7,2,36,61,12,18.979804525158,10.0193131180417
"3907",1436,"THE ROBERT DOLLAR CO.",9,6,10,6,492,"N","S",7,2,36,61,12,18.7739754011538,10.0193131180417
"3908",1436,"KOGAP MFG. CO.",1,6,10,6,492,"N","S",7,2,36,61,12,19.0545575290673,10.0193131180417
"3909",1436,"EUGENE F. BURRILL LBR. CO",12,6,10,6,492,"N","S",7,2,36,61,12,18.6492403220791,10.0193131180417
"3910",1436,"OHNSON TIMBER CO.",4,6,10,6,492,"N","S",7,2,36,61,12,18.9041351298123,10.0193131180417
"3911",1436,"MCGREW BROS. SAWMILL INC.",5,6,10,6,492,"N","S",7,2,36,61,12,18.8870027292565,10.0193131180417
"3912",1436,"DOUBLE DEE LBR. CO.",10,6,10,6,492,"N","S",7,2,36,61,12,18.7727620231504,10.0193131180417
"3913",1436,"R. W. JACKS TRUCKING CO.",11,6,10,6,492,"N","S",7,2,36,61,12,18.7558454117923,10.0193131180417
"3914",1436,"J. W. TAYLOR",7,6,10,6,492,"N","S",7,2,36,61,12,18.8199321871673,10.0193131180417
"3915",1437,"R. F. SCHAFFRAN LOGGING",2,6,10,6,236,"N","S",5,2,13,49,5,16.0377984108942,9.91135651091482
"3916",1437,"DUANE R. BURTON",3,6,10,6,236,"N","S",5,2,13,49,5,15.7937966193086,9.91135651091482
"3917",1437,"SISKIYOU CASCADE FORESTRY",5,6,10,6,236,"N","S",5,2,13,49,5,15.6788757045495,9.91135651091482
"3918",1437,"JERRY KLIMEK",4,6,10,6,236,"N","S",5,2,13,49,5,15.694424310637,9.91135651091482
"3919",1437,"J. W. TAYLOR",1,6,10,6,236,"N","S",5,2,13,49,5,16.2023264991916,9.91135651091482
"3920",1438,"MCGREW BROS. SAWMILL, INC",3,6,10,6,62,"N","S",5,2,11,63,12,17.1796424223691,10.0276060323725
"3921",1438,"PLUMLEY, INC.",6,6,10,6,62,"N","S",5,2,11,63,12,17.1158506027555,10.0276060323725
"3922",1438,"CRATER LOG SALVAGE",1,6,10,6,62,"N","S",5,2,11,63,12,17.2315499172068,10.0276060323725
"3923",1438,"DOUBLE DEE LBR. CO.",12,6,10,6,62,"N","S",5,2,11,63,12,16.9597442988356,10.0276060323725
"3924",1438,"HANSCOM BROS.",8,6,10,6,62,"N","S",5,2,11,63,12,17.0393349186077,10.0276060323725
"3925",1438,"G. B. WILLIAMS",10,6,10,6,62,"N","S",5,2,11,63,12,16.9809472087437,10.0276060323725
"3926",1438,"SUN STUDS, INC.",5,6,10,6,62,"N","S",5,2,11,63,12,17.1360194401409,10.0276060323725
"3927",1438,"J. W. TAYLOR",4,6,10,6,62,"N","S",5,2,11,63,12,17.1628503075019,10.0276060323725
"3928",1438,"MOUNTAIN FIR LBR. CO., IN",2,6,10,6,62,"N","S",5,2,11,63,12,17.1938090839584,10.0276060323725
"3929",1438,"FOURPLY, INC.",11,6,10,6,62,"N","S",5,2,11,63,12,16.9761197787058,10.0276060323725
"3930",1438,"C.M.&D. LOGGING",9,6,10,6,62,"N","S",5,2,11,63,12,16.9897768078099,10.0276060323725
"3931",1438,"ROGUE VALLEY TREES, INC.",7,6,10,6,62,"N","S",5,2,11,63,12,17.0575633107676,10.0276060323725
"3932",1439,"FOURPLY, INC.",1,6,10,6,346,"N","S",7,2,36,50,9,19.0253612891477,9.97720259035841
"3933",1439,"MOUNTAIN FIR LBR. CO, INC",2,6,10,6,346,"N","S",7,2,36,50,9,18.9425477862871,9.97720259035841
"3934",1439,"HANSCOM BROS.",8,6,10,6,346,"N","S",7,2,36,50,9,18.7990205311667,9.97720259035841
"3935",1439,"KOGAP MFG. CO.",4,6,10,6,346,"N","S",7,2,36,50,9,18.8305833252305,9.97720259035841
"3936",1439,"JOHNSON TIMBER CO.",7,6,10,6,346,"N","S",7,2,36,50,9,18.8225861237389,9.97720259035841
"3937",1439,"J. W. TAYLOR",6,6,10,6,346,"N","S",7,2,36,50,9,18.8275061264677,9.97720259035841
"3938",1439,"PLUMLEY, INC.",9,6,10,6,346,"N","S",7,2,36,50,9,18.7132126618684,9.97720259035841
"3939",1439,"MCGREW BROS. SAWMILL, INC",3,6,10,6,346,"N","S",7,2,36,50,9,18.8874827534789,9.97720259035841
"3940",1439,"WEBCO LUMBER, INC.",5,6,10,6,346,"N","S",7,2,36,50,9,18.8298944174023,9.97720259035841
"3941",1440,"KOGAP LBR. IND., INC.",1,6,10,6,140,"N","S",5,2,12,52,6,16.9270403417675,9.91135651091482
"3942",1440,"J. W. TAYLOR",4,6,10,6,140,"N","S",5,2,12,52,6,16.6070179384833,9.91135651091482
"3943",1440,"C. M. & D. LOGGING",5,6,10,6,140,"N","S",5,2,12,52,6,16.5838226484368,9.91135651091482
"3944",1440,"EUGENE F.BURRILL LBR.CO.",3,6,10,6,140,"N","S",5,2,12,52,6,16.6217020789242,9.91135651091482
"3945",1440,"G. B. WILLIAMS",6,6,10,6,140,"N","S",5,2,12,52,6,16.4838887974493,9.91135651091482
"3946",1440,"C&D LUMBER CO.",2,6,10,6,140,"N","S",5,2,12,52,6,16.6748977699515,9.91135651091482
"3947",1441,"J. W. TAYLOR",5,6,10,6,1147,"N","A",7,2,20,63,12,19.0043031949829,10.0378873180158
"3948",1441,"HANSCOM BROS.",9,6,10,6,1147,"N","A",7,2,20,63,12,18.5376189784202,10.0378873180158
"3949",1441,"KOGAP MFG. CO.",7,6,10,6,1147,"N","A",7,2,20,63,12,18.5416586705053,10.0378873180158
"3950",1441,"SWF PLYWOOD CO.",4,6,10,6,1147,"N","A",7,2,20,63,12,19.1116856314403,10.0378873180158
"3951",1441,"MEDFORD RESOURCES CORP.",2,6,10,6,1147,"N","A",7,2,20,63,12,19.3358752752181,10.0378873180158
"3952",1441,"C.M.&D. LOGGING",6,6,10,6,1147,"N","A",7,2,20,63,12,18.5567279692143,10.0378873180158
"3953",1441,"SUN STUDS, INC.",12,6,10,6,1147,"N","A",7,2,20,63,12,18.5376189784202,10.0378873180158
"3954",1441,"ROSEBURG LUMBER CO.",3,6,10,6,1147,"N","A",7,2,20,63,12,19.1242335972262,10.0378873180158
"3955",1441,"LOUISIANA-PACIFIC",8,6,10,6,1147,"N","A",7,2,20,63,12,18.5376937053999,10.0378873180158
"3956",1441,"BOISE CASCADE CORP.",1,6,10,6,1147,"N","A",7,2,20,63,12,19.3378590817878,10.0378873180158
"3957",1441,"MOUNTAIN FIR LBR. CO., IN",10,6,10,6,1147,"N","A",7,2,20,63,12,18.5376189784202,10.0378873180158
"3958",1441,"PLUMLEY, INC.",11,6,10,6,1147,"N","A",7,2,20,63,12,18.5376189784202,10.0378873180158
"3959",1442,"J. W. TAYLOR",4,6,10,6,120,"N","S",5,21,5,55,9,16.6443614592122,10.2446274500877
"3960",1442,"BOISE CASCADE",7,6,10,6,120,"N","S",5,21,5,55,9,16.2940469607444,10.2446274500877
"3961",1442,"SWF PLYWOOD",5,6,10,6,120,"N","S",5,21,5,55,9,16.5412041942391,10.2446274500877
"3962",1442,"SUN STUDS, INC.",8,6,10,6,120,"N","S",5,21,5,55,9,16.2766366790869,10.2446274500877
"3963",1442,"LOUISIANA PACIFIC",6,6,10,6,120,"N","S",5,21,5,55,9,16.321036494955,10.2446274500877
"3964",1442,"E. F. BURRILL LBR. CO.",3,6,10,6,120,"N","S",5,21,5,55,9,16.7140819402034,10.2446274500877
"3965",1442,"KOGAP MFG CO.",2,6,10,6,120,"N","S",5,21,5,55,9,16.7992917003985,10.2446274500877
"3966",1442,"WEBCO LUMBER, INC.",9,6,10,6,120,"N","S",5,21,5,55,9,16.0980357905805,10.2446274500877
"3967",1442,"MCGREW BROS. SAWMILL, INC",1,6,10,6,120,"N","S",5,21,5,55,9,16.8345100384566,10.2446274500877
"3968",1443,"DUANE R. BURTON",5,6,10,6,90,"N","S",5,2,8,56,10,16.5782010792421,10.052984563682
"3969",1443,"SISKIYOU CASCADE FORESTRY",8,6,10,6,90,"N","S",5,2,8,56,10,16.5550639480795,10.052984563682
"3970",1443,"MOUNTAIN FIR LUMBER CO.,",7,6,10,6,90,"N","S",5,2,8,56,10,16.5668890501998,10.052984563682
"3971",1443,"J. W. TAYLOR",6,6,10,6,90,"N","S",5,2,8,56,10,16.5740263443307,10.052984563682
"3972",1443,"HANSCOM BROS.",9,6,10,6,90,"N","S",5,2,8,56,10,16.5228731894113,10.052984563682
"3973",1443,"MEDFORD RESOURCES CORP.",4,6,10,6,90,"N","S",5,2,8,56,10,16.6701209898991,10.052984563682
"3974",1443,"CM&D LOGGING",10,6,10,6,90,"N","S",5,2,8,56,10,16.5183277574326,10.052984563682
"3975",1443,"SWF PLYWOOD CO.",2,6,10,6,90,"N","S",5,2,8,56,10,16.7547174525636,10.052984563682
"3976",1443,"BOISE CASCADE CORPORATION",1,6,10,6,90,"N","S",5,2,8,56,10,16.8689648920351,10.052984563682
"3977",1443,"CRATER LOG SALVAGE",3,6,10,6,90,"N","S",5,2,8,56,10,16.6947814845465,10.052984563682
"3978",1444,"CRATER LOG SALVAGE",1,6,10,6,287,"N","A",5,2,10,56,10,16.8203383416708,10.0895936057478
"3979",1444,"G. B. WILLIAMS",10,6,10,6,287,"N","A",5,2,10,56,10,16.2735238001883,10.0895936057478
"3980",1444,"MEDFORD RESOURCES CORP.",6,6,10,6,287,"N","A",5,2,10,56,10,16.2735238001883,10.0895936057478
"3981",1444,"SISKIYOU CASCADE FOR., IN",4,6,10,6,287,"N","A",5,2,10,56,10,16.5907046333222,10.0895936057478
"3982",1444,"BOISE CASCADE CORPORATION",2,6,10,6,287,"N","A",5,2,10,56,10,16.817857903604,10.0895936057478
"3983",1444,"KOGAP MFG. CO.",5,6,10,6,287,"N","A",5,2,10,56,10,16.2735238001883,10.0895936057478
"3984",1444,"WEBCO LUMBER, INC.",9,6,10,6,287,"N","A",5,2,10,56,10,16.2735238001883,10.0895936057478
"3985",1444,"SWF PLYWOOD CO.",3,6,10,6,287,"N","A",5,2,10,56,10,16.7498853787468,10.0895936057478
"3986",1444,"MOUNTAIN FIR LBR. CO., IN",7,6,10,6,287,"N","A",5,2,10,56,10,16.2735238001883,10.0895936057478
"3987",1444,"PLUMLEY, INC.",8,6,10,6,287,"N","A",5,2,10,56,10,16.2735238001883,10.0895936057478
"3988",1445,"ROBERT O'DAY",7,6,10,6,77,"Y","S",5,205,0,35,8,13.2735450827569,10.3913310999102
"3989",1445,"T&J LOGGING",2,6,10,6,77,"Y","S",5,205,0,35,8,13.6883587723038,10.3913310999102
"3990",1445,"LOUIS STEVENSON",4,6,10,6,77,"Y","S",5,205,0,35,8,13.5758513712721,10.3913310999102
"3991",1445,"ANTHONY RAMBO",8,6,10,6,77,"Y","S",5,205,0,35,8,13.2673291476545,10.3913310999102
"3992",1445,"RICHARD SCHAFFRAN",3,6,10,6,77,"Y","S",5,205,0,35,8,13.5894126468236,10.3913310999102
"3993",1445,"CRATER LOG SALVAGE",1,6,10,6,77,"Y","S",5,205,0,35,8,13.8634470245042,10.3913310999102
"3994",1445,"JERRY KLIMEK",5,6,10,6,77,"Y","S",5,205,0,35,8,13.4422705971508,10.3913310999102
"3995",1445,"WILLIAM MCMASTERS",6,6,10,6,77,"Y","S",5,205,0,35,8,13.4348356186633,10.3913310999102
"3996",1446,"BOISE CASCADE CORP.",1,6,10,6,665,"N","A",7,2,9,63,8,18.7461729197304,10.1002049896138
"3997",1446,"J. W. TAYLOR",5,6,10,6,665,"N","A",7,2,9,63,8,18.5767840875189,10.1002049896138
"3998",1446,"SWF PLYWOOD CO.",4,6,10,6,665,"N","A",7,2,9,63,8,18.632862028579,10.1002049896138
"3999",1446,"MEDFORD RESOURCES CORP.",6,6,10,6,665,"N","A",7,2,9,63,8,18.3335508144811,10.1002049896138
"4000",1446,"MOUNTAIN FIR LBR. CO., IN",8,6,10,6,665,"N","A",7,2,9,63,8,18.2991434197658,10.1002049896138
"4001",1446,"WEBCO LBR. INC.",2,6,10,6,665,"N","A",7,2,9,63,8,18.7440438588466,10.1002049896138
"4002",1446,"KOGAP MFG. CO.",7,6,10,6,665,"N","A",7,2,9,63,8,18.307566915562,10.1002049896138
"4003",1446,"EUGENE F. BURRILL LBR. CO",3,6,10,6,665,"N","A",7,2,9,63,8,18.7118918320968,10.1002049896138
"4004",1447,"SWF PLYWOOD CO.",7,6,10,6,561,"N","A",7,2,49,54,7,18.2933542893929,10.0599355914121
"4005",1447,"WEBCO LUMBER, INC.",2,6,10,6,561,"N","A",7,2,49,54,7,18.7357097811317,10.0599355914121
"4006",1447,"KOGAP MFG. CO.",5,6,10,6,561,"N","A",7,2,49,54,7,18.3022098842993,10.0599355914121
"4007",1447,"MEDFORD RESOURCES CORP.",4,6,10,6,561,"N","A",7,2,49,54,7,18.3317907307029,10.0599355914121
"4008",1447,"J. W. TAYLOR",3,6,10,6,561,"N","A",7,2,49,54,7,18.5225548792427,10.0599355914121
"4009",1447,"BOISE CASCADE CORP.",1,6,10,6,561,"N","A",7,2,49,54,7,18.7361402513994,10.0599355914121
"4010",1447,"EUGENE F. BURRILL LBR. CO",6,6,10,6,561,"N","A",7,2,49,54,7,18.2933542893929,10.0599355914121
"4011",1448,"ROGUE VALLEY PLYWOOD, INC",1,6,10,6,3635,"Y","S",5,15,0,53,1,15.2796798943071,10.1867850266701
"4012",1449,"BROOKINGS PLYWOOD CORP.",2,6,11,1,96,"N","S",5,2,5,21,3,17.0528579285541,9.87765679250161
"4013",1449,"SOUTH COAST LUMBER CO.",1,6,11,1,96,"N","S",5,2,5,21,3,17.2293872167835,9.87765679250161
"4014",1449,"FOURPLY INC.",3,6,11,1,96,"N","S",5,2,5,21,3,16.9361859502687,9.87765679250161
"4015",1450,"BROOKINGS PLYWOOD CORP.",2,6,11,1,200,"N","S",7,2,9,19,3,18.5007862804214,9.83494101000102
"4016",1450,"FOURPLY INC.",3,6,11,1,200,"N","S",7,2,9,19,3,18.3540718143309,9.83494101000102
"4017",1450,"SOUTH COAST LUMBER COMPAN",1,6,11,1,200,"N","S",7,2,9,19,3,18.541760915854,9.83494101000102
"4018",1451,"TAYLOR WESTBROOK",1,6,11,1,50,"N","S",5,205,0,24,1,15.3815022021487,10.4906907138998
"4019",1452,"FOURPLY, INC.",2,6,11,1,175,"N","S",6,2,11,18,3,17.7664692359255,9.92939893432063
"4020",1452,"SOUTH COAST LUMBER COMPAN",1,6,11,1,175,"N","S",6,2,11,18,3,17.8839800629505,9.92939893432063
"4021",1452,"BROOKINGS PLYWOOD CORP.",3,6,11,1,175,"N","S",6,2,11,18,3,17.764057952421,9.92939893432063
"4022",1453,"BROOKINGS PLYWOOD CORP.",1,6,11,1,310,"N","S",6,2,2,22,3,18.1099223153971,9.88532358190846
"4023",1453,"FOURPLY, INC.",2,6,11,1,310,"N","S",6,2,2,22,3,18.0424991817491,9.88532358190846
"4024",1453,"SOUTH COAST LUMBER CO.",3,6,11,1,310,"N","S",6,2,2,22,3,18.0104273402324,9.88532358190846
"4025",1454,"SOUTH COAST LUMBER CO.",2,6,11,1,150,"N","S",5,2,0,22,2,14.7711719917428,9.97762052437736
"4026",1454,"BROOKINGS PLYWOOD CORP.",1,6,11,1,150,"N","S",5,2,0,22,2,14.8708812605934,9.97762052437736
"4027",1455,"BROOKINGS PLYWOOD CORP.",2,6,11,1,40,"N","A",5,2,0,24,2,15.1578974401823,9.91363588358794
"4028",1455,"KEITH SMITH LOGGING",1,6,11,1,40,"N","A",5,2,0,24,2,15.158863492654,9.91363588358794
"4029",1456,"RESERVATION RANCH",2,6,11,1,256,"N","A",7,2,30,27,6,18.500688712561,10.0312209190457
"4030",1456,"FOURPLY INC",6,6,11,1,256,"N","A",7,2,30,27,6,18.1029767567056,10.0312209190457
"4031",1456,"SOUTH COAST LBR CO",1,6,11,1,256,"N","A",7,2,30,27,6,18.5009448425017,10.0312209190457
"4032",1456,"BIG FLAT TIMBER CO",3,6,11,1,256,"N","A",7,2,30,27,6,18.4903893459098,10.0312209190457
"4033",1456,"CHAMPION INTERNATIONAL CO",5,6,11,1,256,"N","A",7,2,30,27,6,18.1033579605713,10.0312209190457
"4034",1456,"BROOKINGS PLYWOOD CORP",4,6,11,1,256,"N","A",7,2,30,27,6,18.2285763306806,10.0312209190457
"4035",1457,"RESERVATION RANCH",4,6,11,1,54,"N","A",5,2,0,17,5,17.2775835103447,9.91896712338451
"4036",1457,"FOURPLY INC",3,6,11,1,54,"N","A",5,2,0,17,5,17.2874459541318,9.91896712338451
"4037",1457,"SOUTH COAST LUMBER CO",5,6,11,1,54,"N","A",5,2,0,17,5,17.1845854940577,9.91896712338451
"4038",1457,"BROOKINGS PLYWOOD CORP",1,6,11,1,54,"N","A",5,2,0,17,5,17.3469756789904,9.91896712338451
"4039",1457,"BIG FLAT TIMBER CO",2,6,11,1,54,"N","A",5,2,0,17,5,17.3423415601238,9.91896712338451
"4040",1458,"JOHN R. WOOD TRUCKING INC",2,6,11,2,60,"N","S",5,2,0,24,2,15.9135456629836,9.80675636357636
"4041",1458,"MOUNTAIN FIR LBR. CO., IN",1,6,11,2,60,"N","S",5,2,0,24,2,16.2870262814997,9.80675636357636
"4042",1459,"CRATER LOG SALVAGE",1,6,11,2,250,"N","S",5,2,0,26,4,15.8119827698368,9.97086578786608
"4043",1459,"N. G. WELLS",2,6,11,2,250,"N","S",5,2,0,26,4,15.7757820869546,9.97086578786608
"4044",1459,"ROGUE VALLEY TREES, INC.",3,6,11,2,250,"N","S",5,2,0,26,4,15.5832343029702,9.97086578786608
"4045",1459,"JOHN R. WOOD TRUCKING INC",4,6,11,2,250,"N","S",5,2,0,26,4,15.5640588962349,9.97086578786608
"4046",1460,"MEDFORD RESOURCES CORP.",4,6,11,2,400,"N","A",6,2,25,22,4,17.787777877607,10.0002966084642
"4047",1460,"BOISE CASCADE CORP.",1,6,11,2,400,"N","A",6,2,25,22,4,18.1047850507632,10.0002966084642
"4048",1460,"MOUNTAIN FIR LBR. CO.,INC",2,6,11,2,400,"N","A",6,2,25,22,4,18.100881733351,10.0002966084642
"4049",1460,"ROUGH & READY TBR. CO.",3,6,11,2,400,"N","A",6,2,25,22,4,17.9305152228827,10.0002966084642
"4050",1461,"BOISE CASCADE CORP.",2,6,11,2,1000,"N","A",7,2,23,50,5,18.9513582879173,9.88425376342083
"4051",1461,"MTN. FIR LBR. CO., INC.",4,6,11,2,1000,"N","A",7,2,23,50,5,18.4173429798099,9.88425376342083
"4052",1461,"SPALDING & SON, INC.",1,6,11,2,1000,"N","A",7,2,23,50,5,18.9516241218275,9.88425376342083
"4053",1461,"ROUGH & READY TBR. CO.",3,6,11,2,1000,"N","A",7,2,23,50,5,18.8728231825935,9.88425376342083
"4054",1461,"ROBERT DOLLAR CO.",5,6,11,2,1000,"N","A",7,2,23,50,5,18.4173429798099,9.88425376342083
"4055",1462,"MEDFORD RESOURCES CORP.",4,6,11,2,850,"N","A",7,2,10,30,8,19.0997470019992,9.98515970118015
"4056",1462,"RESERVATION RANCH",5,6,11,2,850,"N","A",7,2,10,30,8,19.0456483828972,9.98515970118015
"4057",1462,"MOUNTAIN FIR LBR. CO., IN",7,6,11,2,850,"N","A",7,2,10,30,8,18.8835725817524,9.98515970118015
"4058",1462,"SPALDING & SON, INC.",6,6,11,2,850,"N","A",7,2,10,30,8,18.8835725817524,9.98515970118015
"4059",1462,"BOISE CASCADE CORP.",2,6,11,2,850,"N","A",7,2,10,30,8,19.1606893250506,9.98515970118015
"4060",1462,"THE ROBERT DOLLAR CO.",1,6,11,2,850,"N","A",7,2,10,30,8,19.1610242000683,9.98515970118015
"4061",1462,"SWF PLYWOOD CORP",3,6,11,2,850,"N","A",7,2,10,30,8,19.1593525244308,9.98515970118015
"4062",1462,"ROUGH & READY TBR. CO.",8,6,11,2,850,"N","A",7,2,10,30,8,18.8835725817524,9.98515970118015
"4063",1463,"BROOKINGS PLYWOOD",3,6,11,3,180,"N","S",6,2,11,59,6,17.9999686388884,9.95099117518009
"4064",1463,"COOS HEAD TIMBER COMPANY",4,6,11,3,180,"N","S",6,2,11,59,6,17.6356110190661,9.95099117518009
"4065",1463,"SOUTH COAST LUMBER CO.",2,6,11,3,180,"N","S",6,2,11,59,6,18.0502442571382,9.95099117518009
"4066",1463,"BALD KNOB LAND & TIMBER",1,6,11,3,180,"N","S",6,2,11,59,6,18.1385553379281,9.95099117518009
"4067",1463,"FOURPLY, INC.",6,6,11,3,180,"N","S",6,2,11,59,6,17.5426877032239,9.95099117518009
"4068",1463,"R.L. MATHEWS",5,6,11,3,180,"N","S",6,2,11,59,6,17.5449298067838,9.95099117518009
"4069",1464,"FOURPLY, INC.",6,6,11,3,100,"N","S",6,2,19,57,6,17.8392709833079,9.82064927422712
"4070",1464,"R. L. MATHEWS",4,6,11,3,100,"N","S",6,2,19,57,6,18.0710060977978,9.82064927422712
"4071",1464,"SOUTH COAST LUMBER CO.",5,6,11,3,100,"N","S",6,2,19,57,6,17.9091610460393,9.82064927422712
"4072",1464,"BALD KNOB LAND & TIMBER",3,6,11,3,100,"N","S",6,2,19,57,6,18.0727300613045,9.82064927422712
"4073",1464,"BROOKINGS PLYWOOD CORP.",2,6,11,3,100,"N","S",6,2,19,57,6,18.0881574997865,9.82064927422712
"4074",1464,"COOS HEAD TIMBER CO.",1,6,11,3,100,"N","S",6,2,19,57,6,18.1307435973979,9.82064927422712
"4075",1465,"SOUTH COAST LBR. CO.",2,6,11,3,65,"N","S",5,2,0,56,3,16.7194926075451,9.8372409067172
"4076",1465,"BALD KNOB LAND & TIMBER",3,6,11,3,65,"N","S",5,2,0,56,3,16.7093972423733,9.8372409067172
"4077",1465,"BROOKINGS PLYWOOD CORP.",1,6,11,3,65,"N","S",5,2,0,56,3,17.0029774461472,9.8372409067172
"4078",1466,"FOURPLY, INC.",5,6,11,3,220,"N","S",6,2,13,51,5,18.0066508626625,9.90033258084283
"4079",1466,"SOUTH COAST LUMBER COMPAN",2,6,11,3,220,"N","S",6,2,13,51,5,18.3221457700844,9.90033258084283
"4080",1466,"BROOKINGS PLYWOOD CORPORA",3,6,11,3,220,"N","S",6,2,13,51,5,18.3101511136334,9.90033258084283
"4081",1466,"BALD KNOB LAND & TIMBER",1,6,11,3,220,"N","S",6,2,13,51,5,18.3689052280515,9.90033258084283
"4082",1466,"R. L. MATHEWS",4,6,11,3,220,"N","S",6,2,13,51,5,18.2906266129259,9.90033258084283
"4083",1467,"THE ROBERT DOLLAR COMPANY",5,6,11,3,300,"N","S",7,2,24,40,6,18.4616803546979,9.89101003102502
"4084",1467,"MOUNTAIN FIR LUMBER CO.,",1,6,11,3,300,"N","S",7,2,24,40,6,18.7046195942815,9.89101003102502
"4085",1467,"SPALDING & SON, INC.",2,6,11,3,300,"N","S",7,2,24,40,6,18.6308214839316,9.89101003102502
"4086",1467,"SOUTH COAST LUMBER COMPAN",3,6,11,3,300,"N","S",7,2,24,40,6,18.5710571960485,9.89101003102502
"4087",1467,"BROOKINGS PLYWOOD, CORP.",4,6,11,3,300,"N","S",7,2,24,40,6,18.5403390867872,9.89101003102502
"4088",1467,"FOURPLY, INC.",6,6,11,3,300,"N","S",7,2,24,40,6,18.2444824417121,9.89101003102502
"4089",1468,"SOUTH COAST LUMBER COMPAN",2,6,11,3,52,"N","S",5,2,0,31,2,16.8774939478272,9.87632188446336
"4090",1468,"BROOKINGS PLYWOOD CORP",1,6,11,3,52,"N","S",5,2,0,31,2,16.9868984703651,9.87632188446336
"4091",1469,"BALD KNOB LAND AND TIMBER",1,6,11,3,26,"N","S",5,2,0,65,3,16.3861949769384,9.99282538788832
"4092",1469,"BROOKINGS PLYWWOD, CORP.",3,6,11,3,26,"N","S",5,2,0,65,3,15.7898151701002,9.99282538788832
"4093",1469,"HANK WESTBROOK",2,6,11,3,26,"N","S",5,2,0,65,3,16.2835905977205,9.99282538788832
"4094",1470,"BROOKINGS PLYWOOD CORP.",1,6,11,3,185,"N","S",6,2,3,36,3,17.7265400700413,9.9490343674921
"4095",1470,"HANK WESTBROOK",3,6,11,3,185,"N","S",6,2,3,36,3,17.707074496687,9.9490343674921
"4096",1470,"SOUTH COAST LUMBER COMPAN",2,6,11,3,185,"N","S",6,2,3,36,3,17.7220264269153,9.9490343674921
"4097",1471,"SOUTH COAST LUMBER CO.",3,6,11,3,60,"N","A",5,2,0,36,4,15.9165301107976,9.9607181859904
"4098",1471,"BALD KNOB LAND & TIMBER",1,6,11,3,60,"N","A",5,2,0,36,4,16.5793366250348,9.9607181859904
"4099",1471,"BROOKINGS PLYWOOD CORP.",2,6,11,3,60,"N","A",5,2,0,36,4,15.9202372195942,9.9607181859904
"4100",1471,"HANK WESTBROOK",4,6,11,3,60,"N","A",5,2,0,36,4,15.9165301107976,9.9607181859904
"4101",1472,"BROOKINGS PLYWOOD CORP.",3,6,11,3,20,"N","A",5,2,1,40,3,16.297197028536,9.89181974766845
"4102",1472,"RESERVATION RANCH",2,6,11,3,20,"N","A",5,2,1,40,3,16.4308180804084,9.89181974766845
"4103",1472,"SOUTH COAST LUMBER CO.",1,6,11,3,20,"N","A",5,2,1,40,3,16.4329005513652,9.89181974766845
"4104",1473,"BROOKINGS PLYWOOD CORPORA",1,6,11,3,239,"N","A",6,2,27,37,3,18.1279914897967,9.95551058060328
"4105",1473,"CHAMPION INTERNATIONAL CO",2,6,11,3,239,"N","A",6,2,27,37,3,18.1227651538872,9.95551058060328
"4106",1473,"SOUTH COAST LUMBER COMPAN",3,6,11,3,239,"N","A",6,2,27,37,3,17.9486254114021,9.95551058060328
"4107",1474,"BALD KNOB LAND & TIMBER",2,6,11,3,52,"N","S",6,2,0,44,5,18.6126338514215,9.85707705471346
"4108",1474,"COOS HEAD TIMBER CO.",5,6,11,3,52,"N","S",6,2,0,44,5,18.2603476590488,9.85707705471346
"4109",1474,"BROOKINGS PLYWOOD CORP.",3,6,11,3,52,"N","S",6,2,0,44,5,18.5276140221705,9.85707705471346
"4110",1474,"SOUTH COAST LUMBER CO.",1,6,11,3,52,"N","S",6,2,0,44,5,18.6395151843694,9.85707705471346
"4111",1474,"RESERVATION RANCH",4,6,11,3,52,"N","S",6,2,0,44,5,18.5188275331372,9.85707705471346
"4112",1475,"RESERVATION RANCH",2,6,11,3,60,"N","S",5,2,0,35,3,17.0027879699987,9.85602900137643
"4113",1475,"COOS HEAD TIMBER CO.",1,6,11,3,60,"N","S",5,2,0,35,3,17.0046440317469,9.85602900137643
"4114",1475,"BROOKINGS PLYWOOD",3,6,11,3,60,"N","S",5,2,0,35,3,16.6394094806987,9.85602900137643
"4115",1476,"COOS HEAD TIMBER CO.",4,6,11,3,80,"N","A",6,2,0,70,5,17.4947532270644,9.85345661893056
"4116",1476,"BROOKINGS PLYWOOD CORP.",3,6,11,3,80,"N","A",6,2,0,70,5,17.5038981411295,9.85345661893056
"4117",1476,"RESERVATION RANCH",2,6,11,3,80,"N","A",6,2,0,70,5,18.046178985228,9.85345661893056
"4118",1476,"SOUTH COAST LUMBER CO.",5,6,11,3,80,"N","A",6,2,0,70,5,17.4947532270644,9.85345661893056
"4119",1476,"ROBERT A. COUGHLIN CO.",1,6,11,3,80,"N","A",6,2,0,70,5,18.0519791980578,9.85345661893056
"4120",1477,"RESERVATION RANCH",2,6,11,3,200,"N","A",5,117,0,89,2,15.3789778276401,10.6942150614349
"4121",1477,"MENASHA CORPORATION",1,6,11,3,200,"N","A",5,117,0,89,2,15.3939530366959,10.6942150614349
"4122",1478,"THE ROBERT DOLLAR CO.",4,6,11,3,1416,"N","A",7,2,45,47,5,18.2472662016691,9.81153672378822
"4123",1478,"SOUTH COAST LUMBER CO.",2,6,11,3,1416,"N","A",7,2,45,47,5,18.6206924041166,9.81153672378822
"4124",1478,"FOURPLY, INC.",3,6,11,3,1416,"N","A",7,2,45,47,5,18.2745780916967,9.81153672378822
"4125",1478,"SPALDING & SON, INC.",1,6,11,3,1416,"N","A",7,2,45,47,5,18.6211687863708,9.81153672378822
"4126",1478,"BROOKINGS PLYWOOD CORP",5,6,11,3,1416,"N","A",7,2,45,47,5,18.0013078696634,9.81153672378822
"4127",1479,"BROOKINGS PLYWOOD CORP.",1,6,11,3,95,"N","A",5,2,1,182,1,16.3927198391104,9.8314543496363
"4128",1480,"BROOKINGS PLYWOOD",5,6,11,3,127,"N","A",6,2,9,64,6,18.0350597328687,9.95750214084237
"4129",1480,"RESERVATION RANCH",3,6,11,3,127,"N","A",6,2,9,64,6,18.9317342417531,9.95750214084237
"4130",1480,"COOS HEAD TIMBER CO.",4,6,11,3,127,"N","A",6,2,9,64,6,18.6082912064612,9.95750214084237
"4131",1480,"B.L.MATTHEWS",6,6,11,3,127,"N","A",6,2,9,64,6,18.0350597328687,9.95750214084237
"4132",1480,"SOUTH COAST LUMBER CO.",1,6,11,3,127,"N","A",6,2,9,64,6,18.9338457492304,9.95750214084237
"4133",1480,"BALD KNOB LAND & TIMBER",2,6,11,3,127,"N","A",6,2,9,64,6,18.9337055477483,9.95750214084237
"4134",1481,"COOS HEAD TIMBER COMPANY",3,6,11,3,250,"N","S",7,2,4,32,7,18.4007280053901,9.91753837575879
"4135",1481,"BROOKINGS PLYWOOD CORP.",6,6,11,3,250,"N","S",7,2,4,32,7,18.344307130247,9.91753837575879
"4136",1481,"SOUTH COAST LUMBER CO.",1,6,11,3,250,"N","S",7,2,4,32,7,18.6085825355684,9.91753837575879
"4137",1481,"BALD KNOB LANDS & TBR. CO",4,6,11,3,250,"N","S",7,2,4,32,7,18.3880051646033,9.91753837575879
"4138",1481,"FOURPLY, INC.",2,6,11,3,250,"N","S",7,2,4,32,7,18.4529591456993,9.91753837575879
"4139",1481,"KEN ROGGE LUMBER COMPANY",7,6,11,3,250,"N","S",7,2,4,32,7,18.2905521267438,9.91753837575879
"4140",1481,"R.L. MATHEWS LOGGING",5,6,11,3,250,"N","S",7,2,4,32,7,18.3835602238489,9.91753837575879
"4141",1482,"HANK WESTBROOK",4,6,11,4,247,"N","S",6,2,10,34,10,17.6987397724551,9.82601237925672
"4142",1482,"BOISE CASCADE CORP.",10,6,11,4,247,"N","S",6,2,10,34,10,17.0651173133971,9.82601237925672
"4143",1482,"R. L. MATTHEWS",9,6,11,4,247,"N","S",6,2,10,34,10,17.3650601263531,9.82601237925672
"4144",1482,"CABAX MILLS",1,6,11,4,247,"N","S",6,2,10,34,10,17.8461880414548,9.82601237925672
"4145",1482,"PLUMLEY, INC.",7,6,11,4,247,"N","S",6,2,10,34,10,17.4711537562855,9.82601237925672
"4146",1482,"BALD KNOB LAND & TBR. CO.",2,6,11,4,247,"N","S",6,2,10,34,10,17.7852815811596,9.82601237925672
"4147",1482,"SWF PLYWOOD CO.",6,6,11,4,247,"N","S",6,2,10,34,10,17.6222670433169,9.82601237925672
"4148",1482,"WEBCO LUMBER CO.",5,6,11,4,247,"N","S",6,2,10,34,10,17.6677544715148,9.82601237925672
"4149",1482,"MEDFORD RESOURCES CORP.",8,6,11,4,247,"N","S",6,2,10,34,10,17.3934025838886,9.82601237925672
"4150",1482,"ROUGH & READY TIMBER CO.",3,6,11,4,247,"N","S",6,2,10,34,10,17.7361590566396,9.82601237925672
"4151",1483,"ROUGH & READY TIMBER CO.",3,6,11,4,1344,"N","S",7,2,54,36,3,18.2312637540039,9.92073790594266
"4152",1483,"CABAX MILLS",2,6,11,4,1344,"N","S",7,2,54,36,3,18.2469764318271,9.92073790594266
"4153",1483,"MEDFORD RESOURCES CORP.",1,6,11,4,1344,"N","S",7,2,54,36,3,18.2756488447157,9.92073790594266
"4154",1484,"CABAX MILLS",4,6,11,4,100,"Y","A",5,2,0,27,4,15.5898805359399,9.78103739277956
"4155",1484,"ROUGH & READY TIMBER CO.",1,6,11,4,100,"Y","A",5,2,0,27,4,15.7721564436466,9.78103739277956
"4156",1484,"THE ROBERT DOLLAR CO.",2,6,11,4,100,"Y","A",5,2,0,27,4,15.7709013377648,9.78103739277956
"4157",1484,"R. L. MATTHEWS",3,6,11,4,100,"Y","A",5,2,0,27,4,15.5904824002114,9.78103739277956
"4158",1485,"MARION NICHOLS",1,6,11,4,5,"N","S",5,205,0,36,1,12.8040571354087,10.6396942225565
"4159",1486,"SOUTH COAST LUMBER CO.",2,6,11,4,240,"N","A",6,2,17,33,8,18.070885792779,10.0078025218008
"4160",1486,"ROUGH & READY LUMBER COO.",5,6,11,4,240,"N","A",6,2,17,33,8,17.9745664388936,10.0078025218008
"4161",1486,"GENE POLLMAN",8,6,11,4,240,"N","A",6,2,17,33,8,17.479707386938,10.0078025218008
"4162",1486,"SWF PLYWOOD CO.",4,6,11,4,240,"N","A",6,2,17,33,8,17.9749975214516,10.0078025218008
"4163",1486,"DON CLARK",7,6,11,4,240,"N","A",6,2,17,33,8,17.479707386938,10.0078025218008
"4164",1486,"RESERVATION RANCH",3,6,11,4,240,"N","A",6,2,17,33,8,17.9872059001793,10.0078025218008
"4165",1486,"MEDFORD RESOURCES CORP.",1,6,11,4,240,"N","A",6,2,17,33,8,18.0718642697684,10.0078025218008
"4166",1486,"BOISE CASCADE CORP.",6,6,11,4,240,"N","A",6,2,17,33,8,17.479707386938,10.0078025218008
"4167",1488,"RESERVATION RANCH",2,6,11,4,57,"N","A",5,2,0,35,3,15.7787356487528,9.99021555604595
"4168",1488,"ROUGH & READY TIMBER CO.",1,6,11,4,57,"N","A",5,2,0,35,3,15.7834980560977,9.99021555604595
"4169",1488,"AGEE & BECK LOGGING CO.",3,6,11,4,57,"N","A",5,2,0,35,3,15.6516472942348,9.99021555604595
"4170",1489,"RESERVATION RANCH",3,6,11,4,83,"N","A",5,15,0,34,3,16.4849051662026,10.2685819531676
"4171",1489,"AGEE & BECK LOGGING CO.",2,6,11,4,83,"N","A",5,15,0,34,3,16.5725559815751,10.2685819531676
"4172",1489,"ROUGH & READY TIMBER CO.",1,6,11,4,83,"N","A",5,15,0,34,3,16.5858636580621,10.2685819531676
"4173",1490,"RESERVATION RANCH",2,6,11,4,12,"N","S",5,15,0,30,2,13.4526306889466,10.1902817309266
"4174",1490,"ROUGH & READY TIMBER CO.",1,6,11,4,12,"N","S",5,15,0,30,2,13.7274113167376,10.1902817309266
"4175",1491,"SWF PLYWOOD CO.",3,6,11,4,180,"N","A",6,2,21,37,6,18.5216196888575,10.0233572983865
"4176",1491,"MEDFORD RESOURCES CORP.",1,6,11,4,180,"N","A",6,2,21,37,6,18.7424225180735,10.0233572983865
"4177",1491,"RESERVATION RANCH",2,6,11,4,180,"N","A",6,2,21,37,6,18.7418496946147,10.0233572983865
"4178",1491,"BOISE CASCADE CORP.",5,6,11,4,180,"N","A",6,2,21,37,6,17.9611879221268,10.0233572983865
"4179",1491,"BALD KNOB LAND & TIMBER C",6,6,11,4,180,"N","A",6,2,21,37,6,17.9611879221268,10.0233572983865
"4180",1491,"ROUGH & READY LBR. CO.",4,6,11,4,180,"N","A",6,2,21,37,6,18.1217846959179,10.0233572983865
"4181",1492,"BOISE CASCADE CORP.",4,6,11,4,340,"N","A",7,2,5,25,6,18.1385920659299,10.0175302685768
"4182",1492,"ROUGH & READY TIMBER CO.",3,6,11,4,340,"N","A",7,2,5,25,6,18.3334513068257,10.0175302685768
"4183",1492,"RESERVATION RANCH",2,6,11,4,340,"N","A",7,2,5,25,6,18.4941977129267,10.0175302685768
"4184",1492,"MEDFORD RESOURCES CORP.",1,6,11,4,340,"N","A",7,2,5,25,6,18.4953305978331,10.0175302685768
"4185",1492,"SWF PLYWOOD CO.",6,6,11,4,340,"N","A",7,2,5,25,6,17.9940847427935,10.0175302685768
"4186",1492,"THE ROBERT DOLLAR CO.",5,6,11,4,340,"N","A",7,2,5,25,6,17.9940847427935,10.0175302685768
"4187",1493,"ROUGH & READY TIMBER CO.",1,6,11,4,36,"N","A",5,2,0,31,2,16.226458455234,10.1179132132306
"4188",1493,"RESERVATION RANCH",2,6,11,4,36,"N","A",5,2,0,31,2,16.2225925938445,10.1179132132306
"4189",1494,"COOS HEAD TBR. CO.",4,6,11,5,60,"N","S",6,2,0,41,7,17.584893382861,9.86339445896968
"4190",1494,"BALD KNOB LAND & TBR. CO.",2,6,11,5,60,"N","S",6,2,0,41,7,17.6610823876299,9.86339445896968
"4191",1494,"BROOKINGS PLYWOOD CO.",3,6,11,5,60,"N","S",6,2,0,41,7,17.634613125878,9.86339445896968
"4192",1494,"MOORE MILL & LBR. CO.",5,6,11,5,60,"N","S",6,2,0,41,7,17.5802949401677,9.86339445896968
"4193",1494,"THE MURPHY COMPANY",1,6,11,5,60,"N","S",6,2,0,41,7,17.7704646921246,9.86339445896968
"4194",1494,"ROSEBURG LBR. CO.",6,6,11,5,60,"N","S",6,2,0,41,7,17.5539877072496,9.86339445896968
"4195",1494,"R.L. MATTHEWS",7,6,11,5,60,"N","S",6,2,0,41,7,17.4485680577195,9.86339445896968
"4196",1495,"MOORE MILL & LBR. CO.",1,6,11,5,300,"N","S",7,2,25,51,5,19.5427048578731,9.87075772791321
"4197",1495,"COOS HEAD TBR. CO.",3,6,11,5,300,"N","S",7,2,25,51,5,19.4046497876584,9.87075772791321
"4198",1495,"FOURPLY INC.",5,6,11,5,300,"N","S",7,2,25,51,5,19.0326463936257,9.87075772791321
"4199",1495,"SOUTH COAST LUMBR. CO.",4,6,11,5,300,"N","S",7,2,25,51,5,19.2897594836882,9.87075772791321
"4200",1495,"THE MURPHY CO.",2,6,11,5,300,"N","S",7,2,25,51,5,19.4265230338229,9.87075772791321
"4201",1496,"COOS HEAD TIMBER CO.",2,6,11,5,650,"Y","S",5,2,0,45,5,16.7892073231977,9.91497136047741
"4202",1496,"THE ROBERT DOLLAR CO.",1,6,11,5,650,"Y","S",5,2,0,45,5,16.8514467150473,9.91497136047741
"4203",1496,"M. JACK ELLIS",4,6,11,5,650,"Y","S",5,2,0,45,5,16.6984548000316,9.91497136047741
"4204",1496,"ROY HOFSESS",5,6,11,5,650,"Y","S",5,2,0,45,5,16.6652559040645,9.91497136047741
"4205",1496,"BALD KNOB LAND & TIMBER",3,6,11,5,650,"Y","S",5,2,0,45,5,16.7836084963016,9.91497136047741
"4206",1497,"SOUTH COAST",1,6,11,5,200,"N","S",7,2,6,59,5,18.8527654523454,9.88052594089878
"4207",1497,"BALD KNOB LAND",3,6,11,5,200,"N","S",7,2,6,59,5,18.7269884277593,9.88052594089878
"4208",1497,"MOORE MILL",5,6,11,5,200,"N","S",7,2,6,59,5,18.5295347004339,9.88052594089878
"4209",1497,"COOS HEAD",2,6,11,5,200,"N","S",7,2,6,59,5,18.7540865696517,9.88052594089878
"4210",1497,"R. L. MATTHEWS",4,6,11,5,200,"N","S",7,2,6,59,5,18.603164620905,9.88052594089878
"4211",1498,"BALD KNOB LAND & TIMBER C",2,6,11,5,255,"Y","S",5,2,0,58,3,15.4990461567849,9.97250042382308
"4212",1498,"M. JACK ELLIS",1,6,11,5,255,"Y","S",5,2,0,58,3,15.6692678234201,9.97250042382308
"4213",1498,"COOS HEAD TIMBER",3,6,11,5,255,"Y","S",5,2,0,58,3,15.0035246974946,9.97250042382308
"4214",1499,"COOS HEAD TIMBER",3,6,11,5,340,"N","A",6,2,0,40,5,17.8685614866842,10.0963780606793
"4215",1499,"ROSEBURG LUMBER",4,6,11,5,340,"N","A",6,2,0,40,5,17.6434673723544,10.0963780606793
"4216",1499,"SOUTH COAST LBR. CO.",1,6,11,5,340,"N","A",6,2,0,40,5,18.0445147927303,10.0963780606793
"4217",1499,"GEORGIA-PACIFIC",2,6,11,5,340,"N","A",6,2,0,40,5,18.0437570274952,10.0963780606793
"4218",1499,"BROOKINGS PLYWOOD",5,6,11,5,340,"N","A",6,2,0,40,5,17.6434673723544,10.0963780606793
"4219",1500,"COOS HEAD TIMBER",2,6,11,5,250,"N","S",5,2,0,55,2,16.1758219590713,9.91239773866588
"4220",1500,"SOUTH COAST LBR. CO.",1,6,11,5,250,"N","S",5,2,0,55,2,16.1792613028622,9.91239773866588
"4221",1501,"SOUTH COAST LUMBER CO.",3,6,11,5,400,"N","A",7,2,15,57,6,18.8252738719964,10.0300320938611
"4222",1501,"RESERVATION RANCH",6,6,11,5,400,"N","A",7,2,15,57,6,18.5059670338345,10.0300320938611
"4223",1501,"MOORE MILL & LUMBER CO.",1,6,11,5,400,"N","A",7,2,15,57,6,18.956602372106,10.0300320938611
"4224",1501,"COOS HEAD TIMBER CO.",2,6,11,5,400,"N","A",7,2,15,57,6,18.9544409089773,10.0300320938611
"4225",1501,"CHAMPION INTERNATIONAL",4,6,11,5,400,"N","A",7,2,15,57,6,18.7747771864116,10.0300320938611
"4226",1501,"BROOKINGS PLYWOOD",5,6,11,5,400,"N","A",7,2,15,57,6,18.5059670338345,10.0300320938611
"4227",1502,"RESERVATION RANCH",1,6,11,5,250,"N","A",7,2,17,45,4,19.6577782763046,10.1173481502514
"4228",1502,"COOS HEAD TBR. CO.",3,6,11,5,250,"N","A",7,2,17,45,4,18.8466259622317,10.1173481502514
"4229",1502,"THE MURPHY CO.",4,6,11,5,250,"N","A",7,2,17,45,4,18.8466259622317,10.1173481502514
"4230",1502,"BALD KNOB LAND & TBR. CO.",2,6,11,5,250,"N","A",7,2,17,45,4,19.6575396825922,10.1173481502514
"4231",1503,"COOS HEAD TIMBER CO.",2,6,11,5,50,"N","A",5,2,0,53,7,17.293314288237,10.1021334722499
"4232",1503,"INGRAM BROS.",1,6,11,5,50,"N","A",5,2,0,53,7,17.2972277642308,10.1021334722499
"4233",1503,"RESERVATION RANCH",4,6,11,5,50,"N","A",5,2,0,53,7,16.6152960717925,10.1021334722499
"4234",1503,"ROSEBURG LBR. CO.",3,6,11,5,50,"N","A",5,2,0,53,7,17.2368539720046,10.1021334722499
"4235",1503,"ROBERT DOLLAR CO.",5,6,11,5,50,"N","A",5,2,0,53,7,16.6152960717925,10.1021334722499
"4236",1503,"SUN STUDS",7,6,11,5,50,"N","A",5,2,0,53,7,16.6152960717925,10.1021334722499
"4237",1503,"SOUTH COAST LBR. CO.",6,6,11,5,50,"N","A",5,2,0,53,7,16.6152960717925,10.1021334722499
"4238",1504,"SOUTH COAST",2,6,11,5,200,"N","S",6,2,2,47,3,18.327731225593,9.91852393736224
"4239",1504,"THE MURPHY COMPANY",1,6,11,5,200,"N","S",6,2,2,47,3,18.4016150430592,9.91852393736224
"4240",1504,"COOS HEAD",3,6,11,5,200,"N","S",6,2,2,47,3,18.3074288396976,9.91852393736224
"4241",1505,"TAYLOR LUMBER CO.",4,6,12,1,540,"N","S",7,2,21,42,5,18.2708745348972,10.0929915868061
"4242",1505,"MOUNTAIN FIR LMB. CO.",3,6,12,1,540,"N","S",7,2,21,42,5,18.3218464306779,10.0929915868061
"4243",1505,"CEDAR LUMBER CO.",5,6,12,1,540,"N","S",7,2,21,42,5,18.048101116995,10.0929915868061
"4244",1505,"HAMPTON TREE FARMS, INC.",2,6,12,1,540,"N","S",7,2,21,42,5,18.5143120516028,10.0929915868061
"4245",1505,"WHIPPLE & MOSHOFSKY LMB.C",1,6,12,1,540,"N","S",7,2,21,42,5,18.6407835087578,10.0929915868061
"4246",1506,"MOUNTAIN FIR LBR CO, INC",3,6,12,1,140,"N","S",7,2,0,27,6,18.5999204316626,10.0834312845441
"4247",1506,"TAYLOR LUMBER CO.",5,6,12,1,140,"N","S",7,2,0,27,6,18.5016083984065,10.0834312845441
"4248",1506,"FOREST GROVE LUMBER CO.",6,6,12,1,140,"N","S",7,2,0,27,6,18.3971996584166,10.0834312845441
"4249",1506,"ROSBORO LUMBER COMPANY",4,6,12,1,140,"N","S",7,2,0,27,6,18.5449903904289,10.0834312845441
"4250",1506,"WHIPPLE & MOSHOFSKY LBR.",2,6,12,1,140,"N","S",7,2,0,27,6,18.6279903574936,10.0834312845441
"4251",1506,"HAMPTON TREE FARMS, INC.",1,6,12,1,140,"N","S",7,2,0,27,6,18.6970225959768,10.0834312845441
"4252",1507,"PUBLISHERS PAPER CO.",4,6,12,1,130,"N","S",5,2,0,21,6,16.8204484792232,9.83016388811729
"4253",1507,"BOISE CASCADE CORP.",2,6,12,1,130,"N","S",5,2,0,21,6,16.9212160273906,9.83016388811729
"4254",1507,"CHAMPION INTERNATIONAL CO",6,6,12,1,130,"N","S",5,2,0,21,6,16.4067245000756,9.83016388811729
"4255",1507,"WILLAMETTE INDUSTRIES, IN",3,6,12,1,130,"N","S",5,2,0,21,6,16.8276063656324,9.83016388811729
"4256",1507,"HAMPTON TREE FARMS, INC.",1,6,12,1,130,"N","S",5,2,0,21,6,17.0840128828898,9.83016388811729
"4257",1507,"WHIPPLE & MOSHOFSKY LBR C",5,6,12,1,130,"N","S",5,2,0,21,6,16.6797073314886,9.83016388811729
"4258",1508,"VERNON JUSTIN",2,6,12,1,60,"Y","S",5,242,0,27,2,13.1146537343343,9.66985164850143
"4259",1508,"WENDELL LANE",1,6,12,1,60,"Y","S",5,242,0,27,2,13.3049515653157,9.66985164850143
"4260",1509,"BOISE CASCADE CORPORATION",1,6,12,1,230,"N","S",7,2,28,44,10,19.0595750707356,9.99784273101727
"4261",1509,"PUBLISHERS PAPER COMPANY",4,6,12,1,230,"N","S",7,2,28,44,10,19.00833692812,9.99784273101727
"4262",1509,"MOUNTAIN FIR LBR CO, INC",7,6,12,1,230,"N","S",7,2,28,44,10,18.915269144608,9.99784273101727
"4263",1509,"GEORGIA-PACIFIC CORP.",5,6,12,1,230,"N","S",7,2,28,44,10,18.9860798618635,9.99784273101727
"4264",1509,"TAYLOR LUMBER COMPANY",10,6,12,1,230,"N","S",7,2,28,44,10,18.6207604784679,9.99784273101727
"4265",1509,"WILLAMETTE INDUSTRIES INC",8,6,12,1,230,"N","S",7,2,28,44,10,18.8038219510232,9.99784273101727
"4266",1509,"CHAMPION INTERNATIONAL",9,6,12,1,230,"N","S",7,2,28,44,10,18.7723625478894,9.99784273101727
"4267",1509,"PEDEE LUMBER COMPANY",6,6,12,1,230,"N","S",7,2,28,44,10,18.9383251568446,9.99784273101727
"4268",1509,"WHIPPLE & MOSHOFSKY LBR.",2,6,12,1,230,"N","S",7,2,28,44,10,19.0595750707356,9.99784273101727
"4269",1509,"HAMPTON TREE FARMS, INC.",3,6,12,1,230,"N","S",7,2,28,44,10,19.0095713270903,9.99784273101727
"4270",1510,"TAYLOR LUMBER COMPANY",5,6,12,1,123,"N","S",6,2,6,28,5,18.1012307041832,9.91684790423797
"4271",1510,"WHIPPLE & MOSHOFSKY LBR.",2,6,12,1,123,"N","S",6,2,6,28,5,18.2802093249582,9.91684790423797
"4272",1510,"PEDEE LUMBER COMPANY",3,6,12,1,123,"N","S",6,2,6,28,5,18.2663032884134,9.91684790423797
"4273",1510,"HAMPTON TREE FARMS, INC.",1,6,12,1,123,"N","S",6,2,6,28,5,18.3895331552578,9.91684790423797
"4274",1510,"MOUNTAIN FIR LBR CO, INC",4,6,12,1,123,"N","S",6,2,6,28,5,18.1892485616467,9.91684790423797
"4275",1511,"T & M INDUSTRIES",1,6,12,1,70,"Y","S",5,263,0,28,2,13.0627832099555,10.2664278282293
"4276",1511,"WENDELL LANE",2,6,12,1,70,"Y","S",5,263,0,28,2,12.7066054798107,10.2664278282293
"4277",1512,"WHIPPLE & MOSHOFSKY LBR",3,6,12,1,139,"N","S",7,2,4,25,4,18.4881864461511,9.94438954385655
"4278",1512,"MOUNTAIN FIR LBR CO., INC",1,6,12,1,139,"N","S",7,2,4,25,4,18.5562123248659,9.94438954385655
"4279",1512,"TAYLOR LUMBER COMPANY",4,6,12,1,139,"N","S",7,2,4,25,4,18.3514403704107,9.94438954385655
"4280",1512,"HAMPTON TREE FARMS, INC.",2,6,12,1,139,"N","S",7,2,4,25,4,18.5405605664806,9.94438954385655
"4281",1513,"BLES STUDS, INC.",1,6,12,1,275,"N","S",6,2,3,24,3,17.6285349898191,10.113951050693
"4282",1513,"MOUNTAIN FIR LBR CO, INC.",3,6,12,1,275,"N","S",6,2,3,24,3,17.4647496108682,10.113951050693
"4283",1513,"WHIPPLE & MOSHOFSKY LBR.",2,6,12,1,275,"N","S",6,2,3,24,3,17.5710294497443,10.113951050693
"4284",1514,"T & M INDUSTRIES",1,6,12,1,1500,"Y","S",5,2,0,35,3,15.1647181274999,10.5026262057745
"4285",1514,"HAMPTON TREE FARMS, INC.",2,6,12,1,1500,"Y","S",5,2,0,35,3,15.1190671245912,10.5026262057745
"4286",1514,"PUBLISHERS PAPER CO.",3,6,12,1,1500,"Y","S",5,2,0,35,3,15.0859366116652,10.5026262057745
"4287",1516,"HAMPTON TREE FARMS, INC.",5,6,12,1,325,"N","A",7,2,3,24,5,18.4118443780098,10.0131039988595
"4288",1516,"WHIPPLE & MOSHOFSKY LBR.",2,6,12,1,325,"N","A",7,2,3,24,5,19.0300845979874,10.0131039988595
"4289",1516,"TAYLOR LUMBER COMPANY",1,6,12,1,325,"N","A",7,2,3,24,5,19.0310627342439,10.0131039988595
"4290",1516,"MOUNTAIN FIR LBR CO. INC",3,6,12,1,325,"N","A",7,2,3,24,5,18.4118443780098,10.0131039988595
"4291",1516,"YOUNG & MORGAN, INC.",4,6,12,1,325,"N","A",7,2,3,24,5,18.4118443780098,10.0131039988595
"4292",1517,"BOISE CASCADE CORP.",6,6,12,1,51,"Y","S",5,2,0,32,7,16.5087616572332,10.1553740393825
"4293",1517,"LOUISIANA PACIFIC CORP.",5,6,12,1,51,"Y","S",5,2,0,32,7,16.5882022748999,10.1553740393825
"4294",1517,"TAYLOR LBR CO.",7,6,12,1,51,"Y","S",5,2,0,32,7,16.4517373138543,10.1553740393825
"4295",1517,"HAMPTON TREE FARMS, INC.",1,6,12,1,51,"Y","S",5,2,0,32,7,16.7314091603284,10.1553740393825
"4296",1517,"PUBLISHERS PAPER CO.",3,6,12,1,51,"Y","S",5,2,0,32,7,16.6819110652482,10.1553740393825
"4297",1517,"WILLAMETTE INDUSTRIES, IN",4,6,12,1,51,"Y","S",5,2,0,32,7,16.6755461248639,10.1553740393825
"4298",1517,"WHIPPLE & MOSHOFSKY LBR",2,6,12,1,51,"Y","S",5,2,0,32,7,16.6952643666442,10.1553740393825
"4299",1518,"PUBLISHERS PAPER COMPANY",10,6,12,1,380,"N","A",8,2,0,38,10,19.1527375796767,10.153701375373
"4300",1518,"NORTHWEST WOOD PRODS INC",8,6,12,1,380,"N","A",8,2,0,38,10,19.1527375796767,10.153701375373
"4301",1518,"MOUNTAIN FIR LBR. CO, INC",9,6,12,1,380,"N","A",8,2,0,38,10,19.1527375796767,10.153701375373
"4302",1518,"HAMPTON TREE FARMS, INC.",4,6,12,1,380,"N","A",8,2,0,38,10,19.1527375796767,10.153701375373
"4303",1518,"WILLAMETTE INDUSTRIES INC",3,6,12,1,380,"N","A",8,2,0,38,10,19.7810620173801,10.153701375373
"4304",1518,"BOISE CASCADE CORPORATION",1,6,12,1,380,"N","A",8,2,0,38,10,19.8390257273345,10.153701375373
"4305",1518,"TAYLOR LUMBER CO.",6,6,12,1,380,"N","A",8,2,0,38,10,19.1527375796767,10.153701375373
"4306",1518,"WHIPPLE & MOSHOFSKY LBR.",5,6,12,1,380,"N","A",8,2,0,38,10,19.1527375796767,10.153701375373
"4307",1518,"LOUISIANA PACIFIC CORP.",7,6,12,1,380,"N","A",8,2,0,38,10,19.1527375796767,10.153701375373
"4308",1518,"GEORGIA-PACIFIC CORP.",2,6,12,1,380,"N","A",8,2,0,38,10,19.8374749934795,10.153701375373
"4309",1520,"LAGLER LOGGING COMPANY",5,6,12,2,10,"Y","S",5,205,0,21,6,14.460760775332,10.5003991252152
"4310",1520,"BRAND-S CORPORATION",3,6,12,2,10,"Y","S",5,205,0,21,6,14.7320060688698,10.5003991252152
"4311",1520,"LEONARD BUCKLEY",6,6,12,2,10,"Y","S",5,205,0,21,6,14.4519095934537,10.5003991252152
"4312",1520,"L. J. ADLER",1,6,12,2,10,"Y","S",5,205,0,21,6,14.9220910162816,10.5003991252152
"4313",1520,"MONTY ELLIOTT",2,6,12,2,10,"Y","S",5,205,0,21,6,14.7515003823633,10.5003991252152
"4314",1520,"ALSEA LUMBER COMPANY",4,6,12,2,10,"Y","S",5,205,0,21,6,14.7058679078119,10.5003991252152
"4315",1521,"STAR LUMBER COMPANY",5,6,12,2,283,"N","S",7,2,25,13,8,18.4183388137734,9.87616774188117
"4316",1521,"TOMCO, INC.",6,6,12,2,283,"N","S",7,2,25,13,8,18.4018860347361,9.87616774188117
"4317",1521,"COOS HEAD TIMBER COMPANY",3,6,12,2,283,"N","S",7,2,25,13,8,18.6102226792953,9.87616774188117
"4318",1521,"S.W.F. PLYWOOD COMPANY",2,6,12,2,283,"N","S",7,2,25,13,8,18.6404753417766,9.87616774188117
"4319",1521,"BOHEMIA INC.",4,6,12,2,283,"N","S",7,2,25,13,8,18.4282131142897,9.87616774188117
"4320",1521,"DAVIDSON LUMBER COMPANY",8,6,12,2,283,"N","S",7,2,25,13,8,18.4002594515224,9.87616774188117
"4321",1521,"REEDSPORT MILL COMPANY",7,6,12,2,283,"N","S",7,2,25,13,8,18.4005400857302,9.87616774188117
"4322",1521,"SUN STUDS, INC.",1,6,12,2,283,"N","S",7,2,25,13,8,18.6517573928722,9.87616774188117
"4323",1522,"FOREST FIBERS",2,6,12,2,25,"N","S",5,205,0,49,4,13.3439056473516,10.3017601900628
"4324",1522,"SWANSON SUP. FOREST PROD.",1,6,12,2,25,"N","S",5,205,0,49,4,13.6803778839728,10.3017601900628
"4325",1522,"HORSE & HARNESS LOGGING",4,6,12,2,25,"N","S",5,205,0,49,4,12.8120266143877,10.3017601900628
"4326",1522,"WOOSLEY LOGGING COMPANY",3,6,12,2,25,"N","S",5,205,0,49,4,12.9582431665396,10.3017601900628
"4327",1523,"ALL-AMERICAN PLYWOOD CO.",4,6,12,2,91,"N","S",6,2,0,12,4,17.5790687284693,10.0936946036041
"4328",1523,"DAVIDSON INDUSTRIES, INC.",1,6,12,2,91,"N","S",6,2,0,12,4,17.7491192275841,10.0936946036041
"4329",1523,"BRAND-S CORPORATION",3,6,12,2,91,"N","S",6,2,0,12,4,17.5937396448824,10.0936946036041
"4330",1523,"THE MURPHY COMPANY",2,6,12,2,91,"N","S",6,2,0,12,4,17.7290028035303,10.0936946036041
"4331",1524,"PUBLISHERS PAPER COMPANY",7,6,12,2,437,"N","S",7,2,25,21,7,19.2334629286604,9.77571099759397
"4332",1524,"BRAND S CORPORATION",1,6,12,2,437,"N","S",7,2,25,21,7,19.8323528926327,9.77571099759397
"4333",1524,"SENECA TIMBER COMPANY",5,6,12,2,437,"N","S",7,2,25,21,7,19.2805980107748,9.77571099759397
"4334",1524,"GEORGIA-PACIFIC CORPORATI",4,6,12,2,437,"N","S",7,2,25,21,7,19.5780396316634,9.77571099759397
"4335",1524,"MURPHY COMPANY",3,6,12,2,437,"N","S",7,2,25,21,7,19.5926980115419,9.77571099759397
"4336",1524,"CHAMPION INTERNATIONAL",6,6,12,2,437,"N","S",7,2,25,21,7,19.2486487929055,9.77571099759397
"4337",1524,"DAVIDSON INDUSTRIES, INC.",2,6,12,2,437,"N","S",7,2,25,21,7,19.5969014320762,9.77571099759397
"4338",1525,"BOHEMIA INC., DBA ELKSIDE",4,6,12,2,375,"N","S",8,2,3,13,4,19.280508589463,9.99062808785113
"4339",1525,"THE MURPHY COMPANY",2,6,12,2,375,"N","S",8,2,3,13,4,19.399310918262,9.99062808785113
"4340",1525,"GEORGIA-PACIFIC CORP.",3,6,12,2,375,"N","S",8,2,3,13,4,19.2896152211174,9.99062808785113
"4341",1525,"DAVIDSON INDUSTRIES, INC.",1,6,12,2,375,"N","S",8,2,3,13,4,19.4206208041255,9.99062808785113
"4342",1526,"DAVIDSON INDUSTRIES, INC.",1,6,12,2,330,"N","A",7,2,22,20,4,18.6258538374823,10.0147158192218
"4343",1526,"BRAND S CORPORATION",2,6,12,2,330,"N","A",7,2,22,20,4,18.6224883419867,10.0147158192218
"4344",1526,"GEORGIA PACIFIC CORP.",4,6,12,2,330,"N","A",7,2,22,20,4,18.2082082538018,10.0147158192218
"4345",1526,"BOHEMIA INC., DBA ELKSIDE",3,6,12,2,330,"N","A",7,2,22,20,4,18.2082082538018,10.0147158192218
"4346",1527,"STAR LUMBER CO.",5,6,12,2,356,"N","A",7,2,2,25,10,18.6381110456931,9.88302971063373
"4347",1527,"GEORGIA-PACIFIC CORP.",2,6,12,2,356,"N","A",7,2,2,25,10,19.3734495081901,9.88302971063373
"4348",1527,"SENECA SAWMILL COMPANY",10,6,12,2,356,"N","A",7,2,2,25,10,18.6375476784549,9.88302971063373
"4349",1527,"BRAND S CORPORATION",1,6,12,2,356,"N","A",7,2,2,25,10,19.3736423254545,9.88302971063373
"4350",1527,"CHAMPION TIMBERLANDS",7,6,12,2,356,"N","A",7,2,2,25,10,18.6375476784549,9.88302971063373
"4351",1527,"THE MURPHY COMPANY",4,6,12,2,356,"N","A",7,2,2,25,10,19.2284409632557,9.88302971063373
"4352",1527,"BOHEMIA INC., DBA",6,6,12,2,356,"N","A",7,2,2,25,10,18.6375476784549,9.88302971063373
"4353",1527,"HOBIN LUMBER CO., INC.",3,6,12,2,356,"N","A",7,2,2,25,10,19.284995337828,9.88302971063373
"4354",1527,"MOUNTAIN FIR LBR CO, INC.",9,6,12,2,356,"N","A",7,2,2,25,10,18.6375476784549,9.88302971063373
"4355",1527,"DAVIDSON INDUSTRIES, INC.",8,6,12,2,356,"N","A",7,2,2,25,10,18.6375476784549,9.88302971063373
"4356",1528,"DAVIDSON INDUSTRIES INC.",1,6,12,2,43,"Y","S",5,205,0,10,1,14.8722388300329,10.6114001852965
"4357",1529,"GEORGIA-PACIFIC CORPORATI",1,6,12,2,455,"N","S",7,2,11,8,7,19.5224208425856,9.99788822795761
"4358",1529,"ROSBORO LUMBER COMPANY",4,6,12,2,455,"N","S",7,2,11,8,7,19.3632854542682,9.99788822795761
"4359",1529,"SENECA TIMBER COMPANY",7,6,12,2,455,"N","S",7,2,11,8,7,19.0903495109838,9.99788822795761
"4360",1529,"BOHEMIA INC.",5,6,12,2,455,"N","S",7,2,11,8,7,19.3399423065357,9.99788822795761
"4361",1529,"DAVIDSON INDUSTRIES, INC.",6,6,12,2,455,"N","S",7,2,11,8,7,19.1203059566801,9.99788822795761
"4362",1529,"THE MURPHY COMPANY",2,6,12,2,455,"N","S",7,2,11,8,7,19.5065211921166,9.99788822795761
"4363",1529,"BRAND-S CORPORATION",3,6,12,2,455,"N","S",7,2,11,8,7,19.4652824075264,9.99788822795761
"4364",1530,"BOHEMIA INC., DBA ELKSIDE",4,6,12,2,245,"N","A",7,2,6,21,4,18.7459254513783,10.0682389881366
"4365",1530,"BRAND-S CORPORATION",2,6,12,2,245,"N","A",7,2,6,21,4,18.9468291933171,10.0682389881366
"4366",1530,"THE MURPHY COMPANY",3,6,12,2,245,"N","A",7,2,6,21,4,18.7716202305557,10.0682389881366
"4367",1530,"DAVIDSON INDUSTRIES, INC.",1,6,12,2,245,"N","A",7,2,6,21,4,18.9476714282597,10.0682389881366
"4368",1531,"SENECA TIMBER COMPANY",8,6,12,2,328,"N","S",7,2,6,24,8,18.6781941466062,10.0930743203215
"4369",1531,"GEORGIA-PACIFIC CORP.",4,6,12,2,328,"N","S",7,2,6,24,8,19.0875913099391,10.0930743203215
"4370",1531,"PUBLISHERS PAPER COMPANY",6,6,12,2,328,"N","S",7,2,6,24,8,19.0224766802708,10.0930743203215
"4371",1531,"DAVIDSON INDUSTRIES, INC.",7,6,12,2,328,"N","S",7,2,6,24,8,18.7075193232638,10.0930743203215
"4372",1531,"THE MURPHY COMPANY",1,6,12,2,328,"N","S",7,2,6,24,8,19.2038738862387,10.0930743203215
"4373",1531,"BOHEMIA, INC.",5,6,12,2,328,"N","S",7,2,6,24,8,19.0732606631698,10.0930743203215
"4374",1531,"ROSBORO LUMBER COMPANY",3,6,12,2,328,"N","S",7,2,6,24,8,19.1888431617623,10.0930743203215
"4375",1531,"BRAND S CORPORATION",2,6,12,2,328,"N","S",7,2,6,24,8,19.2034163800639,10.0930743203215
"4376",1532,"DANIEL FIFER",3,6,12,2,15,"N","S",5,205,0,52,3,12.7010127600659,10.2928232787144
"4377",1532,"SIUSLAW SALVAGE & SALES",1,6,12,2,15,"N","S",5,205,0,52,3,13.2213033252592,10.2928232787144
"4378",1532,"SWANSON SUPERIOR FOREST P",2,6,12,2,15,"N","S",5,205,0,52,3,13.2179644239937,10.2928232787144
"4379",1533,"SIUSLAW SALVAGE & SALES",1,6,12,2,8,"Y","S",5,205,0,11,1,13.5103431711715,10.495183233935
"4380",1534,"MONTY ELLIOTT",3,6,12,2,8,"Y","A",5,205,0,16,4,15.1407390280478,10.6294164913704
"4381",1534,"BOHEMIA INC.",4,6,12,2,8,"Y","A",5,205,0,16,4,15.0598536067868,10.6294164913704
"4382",1534,"BRAND-S CORPORATION",2,6,12,2,8,"Y","A",5,205,0,16,4,15.1997778659995,10.6294164913704
"4383",1534,"THE MURPHY COMPANY",1,6,12,2,8,"Y","A",5,205,0,16,4,15.2458218045009,10.6294164913704
"4384",1535,"SWANSON SUPERIOR",3,6,12,2,40,"N","S",5,205,0,58,3,14.2766165957822,10.336924443719
"4385",1535,"GERRY BURNETT",2,6,12,2,40,"N","S",5,205,0,58,3,14.3567295870501,10.336924443719
"4386",1535,"BOHEMIA INC.",1,6,12,2,40,"N","S",5,205,0,58,3,14.737885543174,10.336924443719
"4387",1536,"THE MURPHY COMPANY",1,6,12,2,3,"Y","A",5,205,0,18,2,14.1696823716849,10.5976092580923
"4388",1536,"BOHEMIA INC.",2,6,12,2,3,"Y","A",5,205,0,18,2,14.148118193769,10.5976092580923
"4389",1537,"RESERVATION RANCH",2,6,12,2,27,"Y","A",5,98,0,25,2,16.4184964958179,10.3287552879405
"4390",1537,"THE MURPHY COMPANY",1,6,12,2,27,"Y","A",5,98,0,25,2,16.4279305280512,10.3287552879405
"4391",1538,"DEAN TATOM",2,6,12,3,6,"N","S",5,2,0,50,3,12.7631136930931,9.77571099759397
"4392",1538,"ROGER JOHNSON",3,6,12,3,6,"N","S",5,2,0,50,3,12.4714324189775,9.77571099759397
"4393",1538,"BARRY J. LEMKE",1,6,12,3,6,"N","S",5,2,0,50,3,12.9222036624805,9.77571099759397
"4394",1539,"MOUNTAIN FIR LUMBER CO.",4,6,12,3,14,"N","S",5,2,0,21,5,17.3715230272574,9.58562114890703
"4395",1539,"HOSKINS LUMBER COMPANY",1,6,12,3,14,"N","S",5,2,0,21,5,17.4693249044234,9.58562114890703
"4396",1539,"YOUNG & MORGAN",3,6,12,3,14,"N","S",5,2,0,21,5,17.4262558070544,9.58562114890703
"4397",1539,"HAMPTON TREE FARMS",5,6,12,3,14,"N","S",5,2,0,21,5,17.354113833335,9.58562114890703
"4398",1539,"ALSEA LUMBER COMPANY",2,6,12,3,14,"N","S",5,2,0,21,5,17.4532614935881,9.58562114890703
"4399",1540,"ALSEA LUMBER CO.",2,6,12,3,723,"Y","S",5,2,0,50,2,15.5447277344865,10.1137079585598
"4400",1540,"NORTH SIDE LUMBER CO.",1,6,12,3,723,"Y","S",5,2,0,50,2,15.6574782330842,10.1137079585598
"4401",1541,"HOBIN LUMBER CO., INC.",2,6,12,3,294,"N","S",7,2,0,28,11,19.0944333293597,9.3108189905424
"4402",1541,"TOMCO, INC.",1,6,12,3,294,"N","S",7,2,0,28,11,19.1353509044862,9.3108189905424
"4403",1541,"ALSEA LUMBER COMPANY",10,6,12,3,294,"N","S",7,2,0,28,11,18.7330670435612,9.3108189905424
"4404",1541,"ROSBORO LUMBER COMPANY",5,6,12,3,294,"N","S",7,2,0,28,11,18.9897055790739,9.3108189905424
"4405",1541,"CLARK & POWELL LUMBER CO.",7,6,12,3,294,"N","S",7,2,0,28,11,18.9592582219073,9.3108189905424
"4406",1541,"DAVIDSON INDUSTRIES, INC.",9,6,12,3,294,"N","S",7,2,0,28,11,18.7390774116246,9.3108189905424
"4407",1541,"SENECA TIMBER COMPANY",8,6,12,3,294,"N","S",7,2,0,28,11,18.908471207894,9.3108189905424
"4408",1541,"THE MURPHY COMPANY",6,6,12,3,294,"N","S",7,2,0,28,11,18.983672279065,9.3108189905424
"4409",1541,"NORTH SIDE LUMBER COMPANY",3,6,12,3,294,"N","S",7,2,0,28,11,19.0756916639277,9.3108189905424
"4410",1541,"MOUNTAIN FIR LBR CO, INC.",4,6,12,3,294,"N","S",7,2,0,28,11,19.0279331275515,9.3108189905424
"4411",1541,"PEDEE LUMBER COMPANY",11,6,12,3,294,"N","S",7,2,0,28,11,18.6780576228319,9.3108189905424
"4412",1542,"J. R. GATES",3,6,12,3,295,"N","S",6,2,2,28,8,18.1639728599598,9.77258128268833
"4413",1542,"HOSKINS LUMBER CO., INC",8,6,12,3,295,"N","S",6,2,2,28,8,17.8309456701338,9.77258128268833
"4414",1542,"MOUNTAIN FIR LBR CO, INC.",5,6,12,3,295,"N","S",6,2,2,28,8,18.0658101141166,9.77258128268833
"4415",1542,"ROSBORO LUMBER COMPANY",6,6,12,3,295,"N","S",6,2,2,28,8,18.0259243325306,9.77258128268833
"4416",1542,"HOBIN LUMBER COMPANY, INC",4,6,12,3,295,"N","S",6,2,2,28,8,18.1543871778804,9.77258128268833
"4417",1542,"GUY ROBERTS LUMBER CO.",7,6,12,3,295,"N","S",6,2,2,28,8,17.9117269671872,9.77258128268833
"4418",1542,"NORTH SIDE LUMBER COMPANY",1,6,12,3,295,"N","S",6,2,2,28,8,18.227889563416,9.77258128268833
"4419",1542,"PEDEE LUMBER COMPANY",2,6,12,3,295,"N","S",6,2,2,28,8,18.2092732548563,9.77258128268833
"4420",1543,"HOBIN LUMBER CO.",1,6,12,3,417,"N","S",7,2,0,40,8,19.4646834172441,10.032364379457
"4421",1543,"ALSEA LUMBER CO.",5,6,12,3,417,"N","S",7,2,0,40,8,19.069624772399,10.032364379457
"4422",1543,"SENECA TIMBER CO.",6,6,12,3,417,"N","S",7,2,0,40,8,19.0463646718475,10.032364379457
"4423",1543,"SWISS SKYLINE LOGGING",8,6,12,3,417,"N","S",7,2,0,40,8,18.9044295612953,10.032364379457
"4424",1543,"NORTH SIDE LUMBER CO.",2,6,12,3,417,"N","S",7,2,0,40,8,19.4075619494007,10.032364379457
"4425",1543,"PEDEE LUMBER CO.",7,6,12,3,417,"N","S",7,2,0,40,8,18.9252483108644,10.032364379457
"4426",1543,"MT. FIR LUMBER CO.",3,6,12,3,417,"N","S",7,2,0,40,8,19.3542706348044,10.032364379457
"4427",1543,"ROSEBORO LUMBER CO.",4,6,12,3,417,"N","S",7,2,0,40,8,19.3475608658042,10.032364379457
"4428",1544,"HOBIN LUMBER CO., INC.",4,6,12,3,292,"N","S",7,2,6,61,10,18.9447237184219,9.71238757793059
"4429",1544,"ROSBORO LUMBER COMPANY",8,6,12,3,292,"N","S",7,2,6,61,10,18.8368766109737,9.71238757793059
"4430",1544,"MOUNTAIN FIR LBR CO., INC",6,6,12,3,292,"N","S",7,2,6,61,10,18.8793559545305,9.71238757793059
"4431",1544,"THE MURPHY COMPANY",3,6,12,3,292,"N","S",7,2,6,61,10,18.9931235189321,9.71238757793059
"4432",1544,"WHIPPLE & MOSHOFSKY LBR.",7,6,12,3,292,"N","S",7,2,6,61,10,18.8383338161579,9.71238757793059
"4433",1544,"PEDEE LUMBER COMPANY",2,6,12,3,292,"N","S",7,2,6,61,10,19.0336784832263,9.71238757793059
"4434",1544,"NORTH SIDE LUMBER COMPANY",1,6,12,3,292,"N","S",7,2,6,61,10,19.0412716455521,9.71238757793059
"4435",1544,"ALSEA LUMBER COMPANY",10,6,12,3,292,"N","S",7,2,6,61,10,18.6435497055703,9.71238757793059
"4436",1544,"HOSKINS LUMBER CO., INC.",5,6,12,3,292,"N","S",7,2,6,61,10,18.9364376748124,9.71238757793059
"4437",1544,"SENECA TIMBER COMPANY",9,6,12,3,292,"N","S",7,2,6,61,10,18.6641387993746,9.71238757793059
"4438",1545,"MOUNTAIN FIR LBR CO, INC.",5,6,12,3,563,"N","S",7,2,2,67,9,19.4276559919069,9.94097599694712
"4439",1545,"SENECA TIMBER COMPANY",7,6,12,3,563,"N","S",7,2,2,67,9,19.3374116989141,9.94097599694712
"4440",1545,"WHIPPLE & MOSHOFSKY LBR",6,6,12,3,563,"N","S",7,2,2,67,9,19.3923429072974,9.94097599694712
"4441",1545,"THE MURPHY COMPANY",3,6,12,3,563,"N","S",7,2,2,67,9,19.5351653319074,9.94097599694712
"4442",1545,"PEDEE LUMBER COMPANY",2,6,12,3,563,"N","S",7,2,2,67,9,19.5441276839034,9.94097599694712
"4443",1545,"ROSBORO LUMBER COMPANY",8,6,12,3,563,"N","S",7,2,2,67,9,19.300558414328,9.94097599694712
"4444",1545,"HOBIN LUMBER COMPANY",4,6,12,3,563,"N","S",7,2,2,67,9,19.5344301528215,9.94097599694712
"4445",1545,"ALSEA LUMBER COMPANY",9,6,12,3,563,"N","S",7,2,2,67,9,18.8491308611842,9.94097599694712
"4446",1545,"NORTH SIDE LUMBER COMPANY",1,6,12,3,563,"N","S",7,2,2,67,9,19.571428958561,9.94097599694712
"4447",1546,"M.R. ELLIOTT LOGGING",3,6,12,3,380,"Y","S",5,2,0,52,3,15.3149952019568,10.1137079585598
"4448",1546,"L.T. WOOSLEY LOGGING",2,6,12,3,380,"Y","S",5,2,0,52,3,15.3281093223175,10.1137079585598
"4449",1546,"BRAND-S CORPORATION",1,6,12,3,380,"Y","S",5,2,0,52,3,15.5701425882777,10.1137079585598
"4450",1547,"PEDEE LUMBER COMPANY",3,6,12,3,530,"N","A",7,2,2,37,10,19.3344902882248,9.67363403969682
"4451",1547,"HOSKINS LUMBER CO., INC.",1,6,12,3,530,"N","A",7,2,2,37,10,19.3608851392611,9.67363403969682
"4452",1547,"HOBIN LUMBER CO., INC.",5,6,12,3,530,"N","A",7,2,2,37,10,18.8564064920987,9.67363403969682
"4453",1547,"HAMPTON TREE FARMS, INC.",9,6,12,3,530,"N","A",7,2,2,37,10,18.8405251197535,9.67363403969682
"4454",1547,"NORTH SIDE LUMBER COMPANY",4,6,12,3,530,"N","A",7,2,2,37,10,18.891062251793,9.67363403969682
"4455",1547,"THE MURPHY COMPANY",10,6,12,3,530,"N","A",7,2,2,37,10,18.8405251197535,9.67363403969682
"4456",1547,"WHIPPLE & MOSHOFSKY LBR.",8,6,12,3,530,"N","A",7,2,2,37,10,18.8405251197535,9.67363403969682
"4457",1547,"MOUNTAIN FIR LBR CO, INC.",2,6,12,3,530,"N","A",7,2,2,37,10,19.3597519081943,9.67363403969682
"4458",1547,"SENECA SAWMILL COMPANY",7,6,12,3,530,"N","A",7,2,2,37,10,18.8405251197535,9.67363403969682
"4459",1547,"ALSEA LUMBER COMPANY",6,6,12,3,530,"N","A",7,2,2,37,10,18.842809387625,9.67363403969682
"4460",1548,"GEORGIA-PACIFIC CORP.",1,6,12,3,455,"N","A",7,2,0,42,9,19.0942178986673,9.78515436557426
"4461",1548,"BRAND-S CORPORATION",2,6,12,3,455,"N","A",7,2,0,42,9,19.091015692897,9.78515436557426
"4462",1548,"MOUNTAIN FIR LBR CO, INC.",6,6,12,3,455,"N","A",7,2,0,42,9,18.4675509709834,9.78515436557426
"4463",1548,"WILLAMETTE INDUSTRIES INC",8,6,12,3,455,"N","A",7,2,0,42,9,18.4675509709834,9.78515436557426
"4464",1548,"SENECA TIMBER COMPANY",7,6,12,3,455,"N","A",7,2,0,42,9,16.1667524729047,9.78515436557426
"4465",1548,"NORTH SIDE LUMBER COMPANY",5,6,12,3,455,"N","A",7,2,0,42,9,18.5862392492556,9.78515436557426
"4466",1548,"HOBIN LUMBER CO., INC.",4,6,12,3,455,"N","A",7,2,0,42,9,18.8309436574965,9.78515436557426
"4467",1548,"PEDEE LUMBER COMPANY",3,6,12,3,455,"N","A",7,2,0,42,9,19.0388683590867,9.78515436557426
"4468",1548,"HULL-OAKES LUMBER CO.",9,6,12,3,455,"N","A",7,2,0,42,9,18.4675509709834,9.78515436557426
"4469",1549,"BRAND-S CORPORATION",1,6,12,3,3080,"Y","A",5,2,0,25,3,16.9510857271384,10.1499178506255
"4470",1549,"HOBIN LUMBER COMPANY",2,6,12,3,3080,"Y","A",5,2,0,25,3,16.9462920341861,10.1499178506255
"4471",1549,"M. R. ELLIOTT LOGGING",3,6,12,3,3080,"Y","A",5,2,0,25,3,16.7962237070082,10.1499178506255
"4472",1550,"BOHEMIA, INC.",1,6,12,3,4,"N","D",5,2,0,34,1,13.8287228894364,9.83461967323733
"4473",1551,"PUBLISHERS PAPER COMPANY",6,6,12,3,106,"N","A",7,2,10,28,10,18.1288180515408,9.75278093511142
"4474",1551,"HOBIN LUMBER CO., INC.",7,6,12,3,106,"N","A",7,2,10,28,10,18.1288180515408,9.75278093511142
"4475",1551,"MOUNTAIN FIR LBR. CO, INC",9,6,12,3,106,"N","A",7,2,10,28,10,18.1288180515408,9.75278093511142
"4476",1551,"BRAND S CORPORATION",8,6,12,3,106,"N","A",7,2,10,28,10,18.1288180515408,9.75278093511142
"4477",1551,"NORTH SIDE LUMBER COMPANY",5,6,12,3,106,"N","A",7,2,10,28,10,18.410788052238,9.75278093511142
"4478",1551,"PEDEE LUMBER CO.",3,6,12,3,106,"N","A",7,2,10,28,10,18.7617218701409,9.75278093511142
"4479",1551,"J. R. GATES",2,6,12,3,106,"N","A",7,2,10,28,10,18.806018706514,9.75278093511142
"4480",1551,"WILLAMETTE INDUSTRIES INC",4,6,12,3,106,"N","A",7,2,10,28,10,18.6116407814012,9.75278093511142
"4481",1551,"GEORGIA-PACIFIC CORP.",1,6,12,3,106,"N","A",7,2,10,28,10,18.8093462455803,9.75278093511142
"4482",1551,"THE MURPHY COMPANY",10,6,12,3,106,"N","A",7,2,10,28,10,18.1288180515408,9.75278093511142
"4483",1552,"NORTH SIDE LUMBER COMPANY",2,6,12,3,8,"N","S",5,2,0,11,3,14.9739801152851,10.1480011295865
"4484",1552,"PEDEE LUMBER COMPANY",1,6,12,3,8,"N","S",5,2,0,11,3,15.0729923751596,10.1480011295865
"4485",1552,"HOBIN LUMBER COMPANY",3,6,12,3,8,"N","S",5,2,0,11,3,14.9552024079795,10.1480011295865
"4486",1553,"BOHEMIA INC.",4,6,12,3,560,"N","S",7,2,75,29,8,19.1437670718892,9.90673228270102
"4487",1553,"SENECA TIMBER COMPANY",6,6,12,3,560,"N","S",7,2,75,29,8,19.1072184600451,9.90673228270102
"4488",1553,"THE MURPHY COMPANY",7,6,12,3,560,"N","S",7,2,75,29,8,18.9270793790482,9.90673228270102
"4489",1553,"NORTH SIDE LUMBER COMPANY",3,6,12,3,560,"N","S",7,2,75,29,8,19.231174713916,9.90673228270102
"4490",1553,"MOUNTAIN FIR LBR. CO, INC",8,6,12,3,560,"N","S",7,2,75,29,8,18.811077329984,9.90673228270102
"4491",1553,"BRAND S CORPORATION",1,6,12,3,560,"N","S",7,2,75,29,8,19.3682668896732,9.90673228270102
"4492",1553,"PEDEE LUMBER COMPANY",5,6,12,3,560,"N","S",7,2,75,29,8,19.1424273637997,9.90673228270102
"4493",1553,"HOBIN LUMBER COMPANY",2,6,12,3,560,"N","S",7,2,75,29,8,19.3081507850337,9.90673228270102
"4494",1554,"BOHEMIA, INC.",5,6,12,3,203,"Y","A",5,2,0,25,5,16.1970848192387,10.1480011295865
"4495",1554,"NORTH SIDE LUMBER COMPANY",4,6,12,3,203,"Y","A",5,2,0,25,5,16.1971495006421,10.1480011295865
"4496",1554,"BRAND-S CORPORATION",3,6,12,3,203,"Y","A",5,2,0,25,5,16.6112679272706,10.1480011295865
"4497",1554,"MONTY R. ELLIOTT",2,6,12,3,203,"Y","A",5,2,0,25,5,16.6197811911322,10.1480011295865
"4498",1554,"PEDEE LUMBER COMPANY",1,6,12,3,203,"Y","A",5,2,0,25,5,16.6237997420369,10.1480011295865
"4499",1555,"SWANSON SUPERIOR FOREST P",3,6,12,3,32,"N","S",5,2,0,31,3,15.495682758073,9.77571099759397
"4500",1555,"HOBIN LUMBER COMPANY",2,6,12,3,32,"N","S",5,2,0,31,3,15.9138989687268,9.77571099759397
"4501",1555,"PEDEE LUMBER COMPANY",1,6,12,3,32,"N","S",5,2,0,31,3,15.9462296439076,9.77571099759397
"4502",1556,"MOUNTAIN FIR LBR CO, INC.",7,6,12,5,134,"N","S",6,2,1,38,12,17.3731397870399,9.88923648676627
"4503",1556,"R. L. MATTHEWS",10,6,12,5,134,"N","S",6,2,1,38,12,17.0773436448457,9.88923648676627
"4504",1556,"THE MURPHY COMPANY",5,6,12,5,134,"N","S",6,2,1,38,12,17.4633318438378,9.88923648676627
"4505",1556,"SENECA TIMBER COMPANY",1,6,12,5,134,"N","S",6,2,1,38,12,17.6650863366402,9.88923648676627
"4506",1556,"STAR LUMBER COMPANY",9,6,12,5,134,"N","S",6,2,1,38,12,17.0843161640583,9.88923648676627
"4507",1556,"COOS HEAD TIMBER COMPANY",11,6,12,5,134,"N","S",6,2,1,38,12,17.0575923103663,9.88923648676627
"4508",1556,"ALL-AMERICAN PLYWOOD CO.",4,6,12,5,134,"N","S",6,2,1,38,12,17.4892949527758,9.88923648676627
"4509",1556,"ALSEA LUMBER",12,6,12,5,134,"N","S",6,2,1,38,12,17.0415578860208,9.88923648676627
"4510",1556,"ROSBORO LUMBER COMPANY",8,6,12,5,134,"N","S",6,2,1,38,12,17.2717809286269,9.88923648676627
"4511",1556,"ALSEA VENEER",2,6,12,5,134,"N","S",6,2,1,38,12,17.5612412176234,9.88923648676627
"4512",1556,"NORTH SIDE LUMBER CO.",6,6,12,5,134,"N","S",6,2,1,38,12,17.4161032403001,9.88923648676627
"4513",1556,"HOBIN LUMBER COMPANY, INC",3,6,12,5,134,"N","S",6,2,1,38,12,17.5027169132286,9.88923648676627
"4514",1557,"HOBIN LUMBER CO.",6,6,12,5,316,"N","S",7,2,3,32,8,18.5035230214784,10.0040113903024
"4515",1557,"DAVIDSON INDUSTRIES, INC.",7,6,12,5,316,"N","S",7,2,3,32,8,18.4458731828283,10.0040113903024
"4516",1557,"MOUNTAIN FIR LUMBER CO.",2,6,12,5,316,"N","S",7,2,3,32,8,18.5713099019222,10.0040113903024
"4517",1557,"ALSEA VENEER",1,6,12,5,316,"N","S",7,2,3,32,8,18.5783658417876,10.0040113903024
"4518",1557,"ROSBORO LUMBER CO.",4,6,12,5,316,"N","S",7,2,3,32,8,18.5095039743771,10.0040113903024
"4519",1557,"STAR LUMBER CO.",8,6,12,5,316,"N","S",7,2,3,32,8,18.4457776162822,10.0040113903024
"4520",1557,"MURPHY LUMBER CO.",5,6,12,5,316,"N","S",7,2,3,32,8,18.5047851456138,10.0040113903024
"4521",1557,"HAMPTON TREE FARM",3,6,12,5,316,"N","S",7,2,3,32,8,18.5593529188335,10.0040113903024
"4522",1558,"NORTH SIDE LUMBER CO.",8,6,12,5,226,"N","S",7,2,8,24,12,18.3717144242685,9.94534900663105
"4523",1558,"HAMPTON TREE FARMS, INC.",12,6,12,5,226,"N","S",7,2,8,24,12,18.2559867448224,9.94534900663105
"4524",1558,"MURPHY COMPANY",9,6,12,5,226,"N","S",7,2,8,24,12,18.3589257585156,9.94534900663105
"4525",1558,"MOUNTAIN FIR LUMBER CO.",7,6,12,5,226,"N","S",7,2,8,24,12,18.4005894589986,9.94534900663105
"4526",1558,"PUBLISHERS PAPER COMPANY",3,6,12,5,226,"N","S",7,2,8,24,12,18.509015012202,9.94534900663105
"4527",1558,"WHIPPLE & MOSHOFSKY",4,6,12,5,226,"N","S",7,2,8,24,12,18.4647485371642,9.94534900663105
"4528",1558,"GEORGIA-PACIFIC CORP.",1,6,12,5,226,"N","S",7,2,8,24,12,18.6009278171591,9.94534900663105
"4529",1558,"ROSBORO LUMBER COMPANY",11,6,12,5,226,"N","S",7,2,8,24,12,18.2861353516896,9.94534900663105
"4530",1558,"BRAND S CORPORATION",2,6,12,5,226,"N","S",7,2,8,24,12,20.8887803771189,9.94534900663105
"4531",1558,"PEDEE LUMBER COMPANY",6,6,12,5,226,"N","S",7,2,8,24,12,18.4408883872577,9.94534900663105
"4532",1558,"GUY ROBERTS LUMBER CO.",10,6,12,5,226,"N","S",7,2,8,24,12,18.3273072076428,9.94534900663105
"4533",1558,"TOMCO INC.",5,6,12,5,226,"N","S",7,2,8,24,12,18.4579892453782,9.94534900663105
"4534",1559,"COOS HEAD TIMBER COMPANY",10,6,12,5,174,"N","S",7,2,9,42,12,18.8125727191107,9.90628363983813
"4535",1559,"MOUNTAIN FIR LUMBER CO.",7,6,12,5,174,"N","S",7,2,9,42,12,18.9713698646265,9.90628363983813
"4536",1559,"ALSEA VENEER",4,6,12,5,174,"N","S",7,2,9,42,12,19.032765282299,9.90628363983813
"4537",1559,"GUY ROBERTS LUMBER COMPAN",1,6,12,5,174,"N","S",7,2,9,42,12,19.1460810791611,9.90628363983813
"4538",1559,"HAMTPN TREE FARMS, INC.",6,6,12,5,174,"N","S",7,2,9,42,12,19.0090993480277,9.90628363983813
"4539",1559,"DAVIDSON INDUSTRIES, INC.",12,6,12,5,174,"N","S",7,2,9,42,12,18.6322680584364,9.90628363983813
"4540",1559,"ALSEA LUMBER COMPANY",11,6,12,5,174,"N","S",7,2,9,42,12,18.6934810171997,9.90628363983813
"4541",1559,"NORTH SIDE LUMBER COMPANY",5,6,12,5,174,"N","S",7,2,9,42,12,19.0204672606663,9.90628363983813
"4542",1559,"SENECA TIMBER COMPANY",9,6,12,5,174,"N","S",7,2,9,42,12,18.8552410193319,9.90628363983813
"4543",1559,"ROSBORO LUMBER COMPANY",3,6,12,5,174,"N","S",7,2,9,42,12,19.0661217938162,9.90628363983813
"4544",1559,"HOBIN LUMBER COMPANY",8,6,12,5,174,"N","S",7,2,9,42,12,18.8798861883308,9.90628363983813
"4545",1559,"WHIPPLE & MOSHOFSKY LBR C",2,6,12,5,174,"N","S",7,2,9,42,12,19.1022753750421,9.90628363983813
"4546",1560,"MONTY R. ELLIOTT",2,6,12,5,186,"Y","S",5,2,1,44,3,14.6527797272854,10.1137079585598
"4547",1560,"WOOSLEY LOGGING CO., INC.",1,6,12,5,186,"Y","S",5,2,1,44,3,14.723708632441,10.1137079585598
"4548",1560,"ALSEA LUMBER CO.",3,6,12,5,186,"Y","S",5,2,1,44,3,14.6259295324077,10.1137079585598
"4549",1561,"ALSEA LUMBER CO.",7,6,12,5,220,"N","S",6,2,10,44,8,17.7979700696704,10.1138295120131
"4550",1561,"WHIPPLE & MOSHOFSKY",2,6,12,5,220,"N","S",6,2,10,44,8,18.1232691192074,10.1138295120131
"4551",1561,"NORTH SIDE LUMBER CO.",1,6,12,5,220,"N","S",6,2,10,44,8,18.3131358665348,10.1138295120131
"4552",1561,"GUY ROBERTS LUMBER CO.",8,6,12,5,220,"N","S",6,2,10,44,8,17.6565448873261,10.1138295120131
"4553",1561,"HOBIN LUMBER CO.",3,6,12,5,220,"N","S",6,2,10,44,8,18.1128629279273,10.1138295120131
"4554",1561,"PEEDEE LUMBER CO.",5,6,12,5,220,"N","S",6,2,10,44,8,18.0280620955972,10.1138295120131
"4555",1561,"HAMPTON TREE FARMS, INC.",4,6,12,5,220,"N","S",6,2,10,44,8,18.0371589408423,10.1138295120131
"4556",1561,"MT. FIR LUMBER CO.",6,6,12,5,220,"N","S",6,2,10,44,8,17.9626344914811,10.1138295120131
"4557",1562,"WHIPPLE & MOSHOFSKY LBR.",9,6,12,5,112,"N","S",6,2,0,27,9,17.8881224846218,10.0766842709975
"4558",1562,"TOMCO, INC.",4,6,12,5,112,"N","S",6,2,0,27,9,17.9838752515774,10.0766842709975
"4559",1562,"THE MURPHY COMPANY",3,6,12,5,112,"N","S",6,2,0,27,9,18.0448187429295,10.0766842709975
"4560",1562,"MOUNTAIN FIR LBR CO., INC",7,6,12,5,112,"N","S",6,2,0,27,9,17.9597511647081,10.0766842709975
"4561",1562,"HOBIN LUMBER CO., INC.",2,6,12,5,112,"N","S",6,2,0,27,9,18.0448595169907,10.0766842709975
"4562",1562,"NORTH SIDE LUMBER COMPANY",1,6,12,5,112,"N","S",6,2,0,27,9,18.1869274705594,10.0766842709975
"4563",1562,"HAMPTON TREE FARMS, INC.",6,6,12,5,112,"N","S",6,2,0,27,9,17.9702178881142,10.0766842709975
"4564",1562,"DAVIDSON INDUSTRIES, INC.",8,6,12,5,112,"N","S",6,2,0,27,9,17.9141078810328,10.0766842709975
"4565",1562,"PEDEE LUMBER COMPANY",5,6,12,5,112,"N","S",6,2,0,27,9,17.9814888637213,10.0766842709975
"4566",1563,"ALSEA VENEER",1,6,12,5,142,"N","S",5,2,14,31,3,16.6476268298686,9.92206393810906
"4567",1563,"HAMPTON TREE FARMS",3,6,12,5,142,"N","S",5,2,14,31,3,16.2266235451725,9.92206393810906
"4568",1563,"WHIPPLE & MOSHOFSKY LBR C",2,6,12,5,142,"N","S",5,2,14,31,3,16.4869355014692,9.92206393810906
"4569",1564,"MONTY R. ELLIOTT",1,6,12,5,372,"Y","A",5,2,0,48,2,12.8097053188824,9.99296255896373
"4570",1564,"BRAND-S CORPORATION",2,6,12,5,372,"Y","A",5,2,0,48,2,12.7921356034804,9.99296255896373
"4571",1565,"DAVIDSON INDUSTRIES, INC.",6,6,12,5,115,"N","S",7,2,4,28,8,18.0817297978675,10.1590595710697
"4572",1565,"BOISE CASCADE CORPORATION",7,6,12,5,115,"N","S",7,2,4,28,8,17.9934781799738,10.1590595710697
"4573",1565,"WILLAMETTE INDUSTRIES INC",5,6,12,5,115,"N","S",7,2,4,28,8,18.0841968672634,10.1590595710697
"4574",1565,"ALSEA VENEER",4,6,12,5,115,"N","S",7,2,4,28,8,18.1264243076527,10.1590595710697
"4575",1565,"THE MURPHY COMPANY",2,6,12,5,115,"N","S",7,2,4,28,8,18.2533117187916,10.1590595710697
"4576",1565,"ALL AMERICAN PLYWOOD CO.",8,6,12,5,115,"N","S",7,2,4,28,8,17.9117489923445,10.1590595710697
"4577",1565,"HAMPTON TREE FARMS, INC.",1,6,12,5,115,"N","S",7,2,4,28,8,18.2569132706422,10.1590595710697
"4578",1565,"WHIPPLE & MOSHOFSKY LBR",3,6,12,5,115,"N","S",7,2,4,28,8,18.1847335750311,10.1590595710697
"4579",1566,"NORTH SIDE LUMBER COMPANY",1,6,12,5,146,"N","S",7,2,3,41,12,19.4794271607304,10.0646280324086
"4580",1566,"MOUNTAIN FIR LBR CO., INC",6,6,12,5,146,"N","S",7,2,3,41,12,19.3472445070816,10.0646280324086
"4581",1566,"WHIPPLE & MOSHOFSKY LBR.",9,6,12,5,146,"N","S",7,2,3,41,12,19.321876091657,10.0646280324086
"4582",1566,"HOBIN LUMBER CO., INC.",11,6,12,5,146,"N","S",7,2,3,41,12,19.2722003729773,10.0646280324086
"4583",1566,"PUBLISHERS PAPER COMPANY",4,6,12,5,146,"N","S",7,2,3,41,12,19.4644865390817,10.0646280324086
"4584",1566,"ROSBORO LUMBER COMPANY",7,6,12,5,146,"N","S",7,2,3,41,12,19.3426731702299,10.0646280324086
"4585",1566,"PEDEE LUMBER COMPANY",5,6,12,5,146,"N","S",7,2,3,41,12,19.3748662911348,10.0646280324086
"4586",1566,"ALSEA VENEER",8,6,12,5,146,"N","S",7,2,3,41,12,19.3233004314957,10.0646280324086
"4587",1566,"GEORGIA-PACIFIC CORP.",3,6,12,5,146,"N","S",7,2,3,41,12,19.4706470905505,10.0646280324086
"4588",1566,"THE MURPHY COMPANY",12,6,12,5,146,"N","S",7,2,3,41,12,19.2677735618912,10.0646280324086
"4589",1566,"BRAND S CORPORATION",2,6,12,5,146,"N","S",7,2,3,41,12,19.4749213251785,10.0646280324086
"4590",1566,"WILLAMETTE INDUSTRIES",10,6,12,5,146,"N","S",7,2,3,41,12,19.2912227607581,10.0646280324086
"4591",1567,"BOHEMIA INC.",12,6,12,5,638,"N","A",7,2,40,43,12,18.5833778020843,10.1315788435743
"4592",1567,"HAMPTON TREE FARMS, INC.",11,6,12,5,638,"N","A",7,2,40,43,12,18.5833778020843,10.1315788435743
"4593",1567,"HOBIN LUMBER CO., INC.",8,6,12,5,638,"N","A",7,2,40,43,12,18.5833778020843,10.1315788435743
"4594",1567,"GEORGIA-PACIFIC CORP.",1,6,12,5,638,"N","A",7,2,40,43,12,19.4250336961535,10.1315788435743
"4595",1567,"MOUNTAIN FIR LBR. CO, INC",9,6,12,5,638,"N","A",7,2,40,43,12,18.5833778020843,10.1315788435743
"4596",1567,"NORTH SIDE LUMBER COMPANY",5,6,12,5,638,"N","A",7,2,40,43,12,18.9230790594972,10.1315788435743
"4597",1567,"PUBLISHERS PAPER COMPANY",7,6,12,5,638,"N","A",7,2,40,43,12,18.5833778020843,10.1315788435743
"4598",1567,"PEDEE LUMBER COMPANY",3,6,12,5,638,"N","A",7,2,40,43,12,19.3885729873103,10.1315788435743
"4599",1567,"ALSEA VENEER",6,6,12,5,638,"N","A",7,2,40,43,12,18.7136414871747,10.1315788435743
"4600",1567,"WILLAMETTE INDUSTRIES INC",4,6,12,5,638,"N","A",7,2,40,43,12,19.3423132511068,10.1315788435743
"4601",1567,"WHIPPLE & MOSHOFSKY LBR.",10,6,12,5,638,"N","A",7,2,40,43,12,18.5833778020843,10.1315788435743
"4602",1567,"BRAND S CORPORATION",2,6,12,5,638,"N","A",7,2,40,43,12,19.4244108235569,10.1315788435743
"4603",1568,"ELLINGSON LUMBER CO.",1,6,14,1,276,"Y","S",6,122,13,51,2,16.8699833265409,10.2852062669143
"4604",1568,"BOISE CASCADE CORP.",2,6,14,1,276,"Y","S",6,122,13,51,2,16.7744751073261,10.2852062669143
"4605",1569,"LOUISIANA-PACIFIC CORP.",1,6,14,1,466,"N","A",6,2,0,68,1,16.3856770517031,9.39441039930425
"4606",1570,"TOMCO, INC.",2,6,14,1,1800,"N","A",7,108,36,65,2,18.0397862897784,9.7103881225703
"4607",1570,"LOUISIANA-PACIFIC CORP.",1,6,14,1,1800,"N","A",7,108,36,65,2,18.0397877533705,9.7103881225703
"4608",1571,"HARRIS PINE MILLS",1,6,14,1,808,"N","A",7,108,87,64,3,18.7947735130214,9.9876908238182
"4609",1571,"LOUISIANA-PACIFIC CORP.",2,6,14,1,808,"N","A",7,108,87,64,3,18.7911388620267,9.9876908238182
"4610",1571,"HUDSPETH SAWMILL CO.",3,6,14,1,808,"N","A",7,108,87,64,3,18.7469280263006,9.9876908238182
"4611",1572,"JIM BOB LOGGING",3,6,14,1,4430,"Y","A",5,122,0,58,3,15.1265424345836,10.144628180552
"4612",1572,"ELLINGSON LUMBER COMPANY",1,6,14,1,4430,"Y","A",5,122,0,58,3,15.5129593477211,10.144628180552
"4613",1572,"BOISE CASCADE CORPORATION",2,6,14,1,4430,"Y","A",5,122,0,58,3,15.4869838613178,10.144628180552
"4614",1573,"JIM BOB LOGGING",2,6,14,1,4282,"Y","A",5,122,0,57,2,15.661205660858,10.1504648111017
"4615",1573,"LOUISIANA PACIFIC CORP.",1,6,14,1,4282,"Y","A",5,122,0,57,2,15.6678946490088,10.1504648111017
"4616",1574,"JIM BOB LOGGING",2,6,14,1,8685,"Y","A",5,122,0,69,2,15.0999106114028,10.1676962688023
"4617",1574,"LOUISIANA PACIFIC CORP.",1,6,14,1,8685,"Y","A",5,122,0,69,2,15.111606651166,10.1676962688023
"4618",1575,"ALPINE VENEERS, INC.",2,6,14,2,2590,"N","S",8,17,80,25,3,19.1398537942617,10.34743592246
"4619",1575,"KINZUA CORPORATION",3,6,14,2,2590,"N","S",8,17,80,25,3,19.0479284777354,10.34743592246
"4620",1575,"LOUISIANA-PACIFIC CORP.",1,6,14,2,2590,"N","S",8,17,80,25,3,19.2204592323716,10.34743592246
"4621",1576,"KINZUA CORPORATION",1,6,14,2,200,"Y","S",5,1,0,32,1,13.4581925501614,10.0032423856731
"4622",1577,"DON WAGNER",2,6,14,3,3265,"Y","S",5,15,0,37,2,14.4239165100691,10.1344008411147
"4623",1577,"BLUE MT. FOREST PROD., IN",1,6,14,3,3265,"Y","S",5,15,0,37,2,14.6504285313727,10.1344008411147
"4624",1578,"ALPINE VENEERS, INC.",3,6,14,3,4458,"Y","A",5,15,3,23,5,15.7916415646727,10.1953359338573
"4625",1578,"WOODY CONTRACTING, INC.",1,6,14,3,4458,"Y","A",5,15,3,23,5,15.966429382424,10.1953359338573
"4626",1578,"BOISE CASCADE CORPORATION",5,6,14,3,4458,"Y","A",5,15,3,23,5,15.5703397556405,10.1953359338573
"4627",1578,"WAGNER TRUCKING",2,6,14,3,4458,"Y","A",5,15,3,23,5,15.9614973949253,10.1953359338573
"4628",1578,"BLUE MT. FOREST PROD., IN",4,6,14,3,4458,"Y","A",5,15,3,23,5,15.5703397556405,10.1953359338573
"4629",1581,"M & T LUMBER COMPANY",1,6,14,3,3296,"Y","A",5,204,6,24,2,16.0572835115616,10.1954852990555
"4630",1581,"WOODY CONTRACTING, INC.",2,6,14,3,3296,"Y","A",5,204,6,24,2,16.0562202472402,10.1954852990555
"4631",1582,"J.B. LUMBER CO.",1,6,14,4,1145,"N","A",7,15,15,45,3,17.637326540306,10.3763620568735
"4632",1582,"GEM STATE LUMBER CO.",2,6,14,4,1145,"N","A",7,15,15,45,3,17.6350826918673,10.3763620568735
"4633",1582,"POTLATCH CORPORATION",3,6,14,4,1145,"N","A",7,15,15,45,3,17.6350826918673,10.3763620568735
"4634",1583,"J. B. LUMBER COMPANY",1,6,14,4,1700,"N","A",7,15,47,42,3,18.1147912511849,10.3847092730435
"4635",1583,"POTLATCH CORPORATION",3,6,14,4,1700,"N","A",7,15,47,42,3,18.1084381835147,10.3847092730435
"4636",1583,"GEM STATE LUMBER CO.",2,6,14,4,1700,"N","A",7,15,47,42,3,18.1140713410204,10.3847092730435
"4637",1584,"POTLATCH CORP.",1,6,14,4,660,"N","A",6,122,0,74,3,17.1588245571779,10.3429353201418
"4638",1584,"BOISE CASCADE CORP.",3,6,14,4,660,"N","A",6,122,0,74,3,17.1465644063821,10.3429353201418
"4639",1584,"J.B. LUMBER CO.",2,6,14,4,660,"N","A",6,122,0,74,3,17.1547545186807,10.3429353201418
"4640",1585,"TOMCO INC.",3,6,14,5,2486,"Y","S",5,17,0,47,4,15.9968880080226,10.2014416862585
"4641",1585,"LOUISIANA PACIFIC CORP",1,6,14,5,2486,"Y","S",5,17,0,47,4,16.2253927901496,10.2014416862585
"4642",1585,"HOFF COMPANY INC.",2,6,14,5,2486,"Y","S",5,17,0,47,4,16.0731401251565,10.2014416862585
"4643",1585,"BLUE MT FOR PROD INC",4,6,14,5,2486,"Y","S",5,17,0,47,4,15.9712358281225,10.2014416862585
"4644",1586,"BLUE MTN FOR PROD INC",3,6,14,5,1960,"Y","S",5,122,0,45,3,15.121581361725,10.0570237578983
"4645",1586,"JIMBOB LOGGING",2,6,14,5,1960,"Y","S",5,122,0,45,3,15.2274970320076,10.0570237578983
"4646",1586,"HOFF COMPANIES INC.",1,6,14,5,1960,"Y","S",5,122,0,45,3,15.4438644302113,10.0570237578983
"4647",1587,"KINZUA CORPORATION",1,6,14,5,2781,"N","A",8,122,125,53,4,19.3046135597184,10.3521717797643
"4648",1587,"BLUE MT.FOREST PROD.,INC.",4,6,14,5,2781,"N","A",8,122,125,53,4,18.9523396401879,10.3521717797643
"4649",1587,"LOUISIANA PACIFIC CORP.",2,6,14,5,2781,"N","A",8,122,125,53,4,19.2915932842528,10.3521717797643
"4650",1587,"HARRIS PINE MILLS",3,6,14,5,2781,"N","A",8,122,125,53,4,18.9523396401879,10.3521717797643
"4651",1588,"HOFF CO.,DBA/HOFF-RONDEVA",2,6,14,5,1150,"N","A",7,15,85,33,3,17.7206881871747,10.3738348727134
"4652",1588,"BLUE MT. FOREST PRODUCTS,",1,6,14,5,1150,"N","A",7,15,85,33,3,17.721110982705,10.3738348727134
"4653",1588,"WAGNER TRUCKING",3,6,14,5,1150,"N","A",7,15,85,33,3,17.7171862137377,10.3738348727134
"4654",1591,"CRISSTAD ENTERPRISES INC.",1,6,14,5,114,"Y","S",5,108,0,52,1,12.7291726301716,9.39441039930425
"4655",1592,"BOISE CASCADE CORP.",3,6,14,5,1100,"N","A",6,122,4,53,4,17.671646576241,10.3570441681115
"4656",1592,"LOUISIANA-PACIFIC CORP.",1,6,14,5,1100,"N","A",6,122,4,53,4,17.8383734398968,10.3570441681115
"4657",1592,"HARRIS PINE MILLS",2,6,14,5,1100,"N","A",6,122,4,53,4,17.8343410317092,10.3570441681115
"4658",1592,"HOFF COMPANIES, INC.",4,6,14,5,1100,"N","A",6,122,4,53,4,17.671646576241,10.3570441681115
"4659",1593,"BOISE CASCADE CORP.",2,6,14,5,671,"Y","S",5,122,0,48,2,15.7692471432691,10.1684254255073
"4660",1593,"LOUISIANA PACIFIC CORP",1,6,14,5,671,"Y","S",5,122,0,48,2,15.7812233343158,10.1684254255073
"4661",1594,"TOMCO INC",2,6,14,5,2520,"Y","S",5,70,0,47,3,15.5724024918633,10.176905879724
"4662",1594,"BOISE CASCADE CORPORATION",1,6,14,5,2520,"Y","S",5,70,0,47,3,15.6766639293668,10.176905879724
"4663",1594,"BLUE MTN. FOR. PROD., INC",3,6,14,5,2520,"Y","S",5,70,0,47,3,15.4406210119926,10.176905879724
"4664",1595,"HOFF RONDE-VALLEY LBR. CO",2,6,14,5,485,"Y","S",5,70,0,53,5,15.0899231864361,10.2381009196723
"4665",1595,"BLUE MTN. FOR PROD., INC.",5,6,14,5,485,"Y","S",5,70,0,53,5,15.0219363512513,10.2381009196723
"4666",1595,"TOMCO INC.",1,6,14,5,485,"Y","S",5,70,0,53,5,15.5011684963098,10.2381009196723
"4667",1595,"LOUISIANA PACIFIC CORP",3,6,14,5,485,"Y","S",5,70,0,53,5,15.0721630951276,10.2381009196723
"4668",1595,"BOISE CASCADE CORP",4,6,14,5,485,"Y","S",5,70,0,53,5,15.0272134083521,10.2381009196723
"4669",1597,"LOUISIANA-PACIFIC CORP.",1,6,14,5,230,"Y","A",5,122,0,53,1,13.6669641448568,10.2948875423195
"4670",1598,"BOISE CASCADE CORPORATION",2,6,14,6,220,"Y","S",5,17,0,38,2,16.3015831943922,10.3361462083284
"4671",1598,"J.B. LUMBER COMPANY, INC.",1,6,14,6,220,"Y","S",5,17,0,38,2,16.3060595928496,10.3361462083284
"4672",1599,"BOISE CASCADE CORPORATION",2,6,14,6,883,"Y","S",5,17,0,40,2,15.4614732450807,10.2074734916944
"4673",1599,"J. B. LUMBER COMPANY, INC",1,6,14,6,883,"Y","S",5,17,0,40,2,15.4607981232921,10.2074734916944
"4674",1600,"CRAIK LUMBER COMPANY",2,6,14,6,1067,"N","S",5,17,0,37,2,15.6965011609203,10.1947382498649
"4675",1600,"BOISE CASCADE CORP.",1,6,14,6,1067,"N","S",5,17,0,37,2,15.7817945996841,10.1947382498649
"4676",1601,"BOISE CASCADE CORP.",1,6,14,6,3240,"Y","S",5,17,0,43,1,15.6775607228078,10.2514294744006
"4677",1602,"CRAIK LUMBER COMPANY",2,6,14,6,463,"Y","S",5,15,0,41,2,14.4435857417805,10.178426272278
"4678",1602,"BOISE CASCADE CORP.",1,6,14,6,463,"Y","S",5,15,0,41,2,14.4614613036932,10.178426272278
"4679",1603,"LOUISIANA-PACIFIC CORP.",1,6,14,6,3180,"N","A",8,15,66,53,1,18.4416003942049,10.3593605631881
"4680",1604,"SENECA TIMBER COMPANY",5,6,15,1,600,"N","S",7,2,10,14,10,18.9205456175635,9.71998529899401
"4681",1604,"CONE LUMBER CO.",9,6,15,1,600,"N","S",7,2,10,14,10,18.8518145734675,9.71998529899401
"4682",1604,"CAMAC VENEER, INC.",10,6,15,1,600,"N","S",7,2,10,14,10,18.8515942765141,9.71998529899401
"4683",1604,"MAZAMA TIMBER PROD, INC.",4,6,15,1,600,"N","S",7,2,10,14,10,18.9436177282007,9.71998529899401
"4684",1604,"SWF PLYWOOD CO.",6,6,15,1,600,"N","S",7,2,10,14,10,18.8888952737136,9.71998529899401
"4685",1604,"BOHEMIA, INC.",2,6,15,1,600,"N","S",7,2,10,14,10,19.0141189090007,9.71998529899401
"4686",1604,"ZIP-O-LOG VENEER, INC.",7,6,15,1,600,"N","S",7,2,10,14,10,18.8876563558774,9.71998529899401
"4687",1604,"HILLS CREEK LBR., CO.",8,6,15,1,600,"N","S",7,2,10,14,10,18.8792622003417,9.71998529899401
"4688",1604,"GOLDEN STATE BLDG. PROD.",1,6,15,1,600,"N","S",7,2,10,14,10,19.0440664541575,9.71998529899401
"4689",1604,"VPP CO. INC.",3,6,15,1,600,"N","S",7,2,10,14,10,18.9518894147737,9.71998529899401
"4690",1605,"ROSBORO LUMBER CO.",9,6,15,1,275,"N","S",7,2,7,26,10,18.8979528933878,9.96936892164964
"4691",1605,"GREGORY LUMBER CO., INC.",8,6,15,1,275,"N","S",7,2,7,26,10,19.0223220989668,9.96936892164964
"4692",1605,"MAZAMA TIMBER PRODUCTS,IN",3,6,15,1,275,"N","S",7,2,7,26,10,19.1575423718548,9.96936892164964
"4693",1605,"TANGFELDT WOOD PRODUCTS",7,6,15,1,275,"N","S",7,2,7,26,10,19.0446878993416,9.96936892164964
"4694",1605,"SWF PLYWOOD CO.",6,6,15,1,275,"N","S",7,2,7,26,10,19.0448250529754,9.96936892164964
"4695",1605,"VPP CO.",10,6,15,1,275,"N","S",7,2,7,26,10,18.848168236095,9.96936892164964
"4696",1605,"CAMAC VENEER, INC.",2,6,15,1,275,"N","S",7,2,7,26,10,19.2051848459322,9.96936892164964
"4697",1605,"SENECA TIMBER CO.",5,6,15,1,275,"N","S",7,2,7,26,10,19.1321667358545,9.96936892164964
"4698",1605,"POPE & TALBOT, INC.",4,6,15,1,275,"N","S",7,2,7,26,10,19.1371498420317,9.96936892164964
"4699",1605,"BOHEMIA, INC.",1,6,15,1,275,"N","S",7,2,7,26,10,19.236495013738,9.96936892164964
"4700",1606,"MAZAMA TIMBER PROD., INC.",2,6,15,1,12,"N","S",5,2,0,16,4,16.0032514177886,9.795122527858
"4701",1606,"BOHEMIA, INC.",1,6,15,1,12,"N","S",5,2,0,16,4,16.0433042145269,9.795122527858
"4702",1606,"L. V. DZANKCH CO., INC.",4,6,15,1,12,"N","S",5,2,0,16,4,15.7512419357902,9.795122527858
"4703",1606,"DIPAOLO LOGGING CO.",3,6,15,1,12,"N","S",5,2,0,16,4,15.9873193168153,9.795122527858
"4704",1607,"VPP CO.",6,6,15,1,210,"N","S",7,2,15,17,7,18.6376371140755,9.73707871420222
"4705",1607,"CABAX MILLS",1,6,15,1,210,"N","S",7,2,15,17,7,18.9551204867484,9.73707871420222
"4706",1607,"EDWARD HINES LUMBER CO.",7,6,15,1,210,"N","S",7,2,15,17,7,18.2622310532724,9.73707871420222
"4707",1607,"CAMAC VENEER, INC.",5,6,15,1,210,"N","S",7,2,15,17,7,18.8121029774963,9.73707871420222
"4708",1607,"POPE & TALBOT, INC.",3,6,15,1,210,"N","S",7,2,15,17,7,18.8603320543305,9.73707871420222
"4709",1607,"SWF PLYWOOD COMPANY",4,6,15,1,210,"N","S",7,2,15,17,7,18.8178104757993,9.73707871420222
"4710",1607,"BOHEMIA, INC.",2,6,15,1,210,"N","S",7,2,15,17,7,18.9443334873369,9.73707871420222
"4711",1608,"MAZAMA TIMBER PROD, INC.",3,6,15,1,63,"N","S",5,2,0,15,7,15.920958483006,9.83461967323733
"4712",1608,"GOLDEN STATE BLDG. PROD.",5,6,15,1,63,"N","S",5,2,0,15,7,15.7799311833215,9.83461967323733
"4713",1608,"ROBERTS LOGGING CO.",6,6,15,1,63,"N","S",5,2,0,15,7,15.7192257466033,9.83461967323733
"4714",1608,"ROSBORO LUMBER CO.",2,6,15,1,63,"N","S",5,2,0,15,7,15.9382366595597,9.83461967323733
"4715",1608,"BOHEMIA, INC.",1,6,15,1,63,"N","S",5,2,0,15,7,15.9779458333693,9.83461967323733
"4716",1608,"CONE LUMBER CO.",7,6,15,1,63,"N","S",5,2,0,15,7,15.6688009049015,9.83461967323733
"4717",1608,"JOHN LADD",4,6,15,1,63,"N","S",5,2,0,15,7,15.7964127115544,9.83461967323733
"4718",1609,"CONE LUMBER CO.",4,6,15,1,6,"N","A",5,2,0,18,6,15.9305038306912,9.75736291105399
"4719",1609,"GOLDEN STATE BLDG. PROD.",2,6,15,1,6,"N","A",5,2,0,18,6,16.0754678603025,9.75736291105399
"4720",1609,"JOHN LADD",5,6,15,1,6,"N","A",5,2,0,18,6,15.8169473139961,9.75736291105399
"4721",1609,"ROBERTS LOGGING CO.",3,6,15,1,6,"N","A",5,2,0,18,6,15.9784346534881,9.75736291105399
"4722",1609,"MAZAMA TIMBER PROD., INC.",6,6,15,1,6,"N","A",5,2,0,18,6,15.8079061766032,9.75736291105399
"4723",1609,"BOHEMIA, INC.",1,6,15,1,6,"N","A",5,2,0,18,6,16.0945895342033,9.75736291105399
"4724",1610,"MAZAMA TIMBER PRODUCTS IN",6,6,15,1,8,"N","S",5,2,0,16,6,15.0957608365144,9.90782811863455
"4725",1610,"DI PAOLO LOGGING CO.",5,6,15,1,8,"N","S",5,2,0,16,6,15.1511140747661,9.90782811863455
"4726",1610,"JOHN LADD",3,6,15,1,8,"N","S",5,2,0,16,6,15.1847325113444,9.90782811863455
"4727",1610,"GOLDEN STATE BUILDING PRO",1,6,15,1,8,"N","S",5,2,0,16,6,15.1946015369105,9.90782811863455
"4728",1610,"ROSBORO LUMBER CO.",4,6,15,1,8,"N","S",5,2,0,16,6,15.1667190456866,9.90782811863455
"4729",1610,"BOHEMIA, INC.",2,6,15,1,8,"N","S",5,2,0,16,6,15.1898436676849,9.90782811863455
"4730",1611,"BOHEMIA, INC.",2,6,15,1,20,"Y","S",5,2,0,22,5,15.2579772913893,9.99204772951561
"4731",1611,"ROSBORO LUMBER CO.",1,6,15,1,20,"Y","S",5,2,0,22,5,15.2726174672881,9.99204772951561
"4732",1611,"MAZAMA TIMBER PROD. CO.",5,6,15,1,20,"Y","S",5,2,0,22,5,15.0006429918763,9.99204772951561
"4733",1611,"JOHN LADD",3,6,15,1,20,"Y","S",5,2,0,22,5,15.1416089553807,9.99204772951561
"4734",1611,"DI PAOLO LOGGING CO.",4,6,15,1,20,"Y","S",5,2,0,22,5,15.1330762983942,9.99204772951561
"4735",1612,"BOHEMIA, INC.",1,6,15,1,32,"Y","A",5,2,0,23,3,15.7610206269982,9.96302923524444
"4736",1612,"MAZAMA TIMBER PRODUCTS, I",2,6,15,1,32,"Y","A",5,2,0,23,3,15.7607919379572,9.96302923524444
"4737",1612,"DI PAOLO LOGGING CO.",3,6,15,1,32,"Y","A",5,2,0,23,3,15.2544163443554,9.96302923524444
"4738",1613,"CAMAC VENEER",7,6,15,1,132,"N","A",7,2,6,20,9,18.8510463129676,9.95849643556693
"4739",1613,"VPP CO.",4,6,15,1,132,"N","A",7,2,6,20,9,18.8555309175279,9.95849643556693
"4740",1613,"SWF PLYWOOD",6,6,15,1,132,"N","A",7,2,6,20,9,18.8510463129676,9.95849643556693
"4741",1613,"ROSBORO LUMBER CO.",3,6,15,1,132,"N","A",7,2,6,20,9,19.2490978799603,9.95849643556693
"4742",1613,"CONE LUMBER CO.",8,6,15,1,132,"N","A",7,2,6,20,9,18.8510463129676,9.95849643556693
"4743",1613,"BOHEMIA, INC.",2,6,15,1,132,"N","A",7,2,6,20,9,19.4599999655581,9.95849643556693
"4744",1613,"DIPAOLO LOGGING",9,6,15,1,132,"N","A",7,2,6,20,9,18.8510463129676,9.95849643556693
"4745",1613,"POPE & TALBOT, INC.",1,6,15,1,132,"N","A",7,2,6,20,9,19.4608484744043,9.95849643556693
"4746",1613,"GEORGIA-PACIFIC",5,6,15,1,132,"N","A",7,2,6,20,9,18.8530419538836,9.95849643556693
"4747",1614,"SWF PLYWOOD CO.",3,6,15,1,162,"N","A",7,2,14,20,5,17.9906498527106,9.8492953234527
"4748",1614,"MAZAMA TIMBER PROD.",5,6,15,1,162,"N","A",7,2,14,20,5,17.9906498527106,9.8492953234527
"4749",1614,"GOLDEN STATE BLDG. PROD.",4,6,15,1,162,"N","A",7,2,14,20,5,17.9906498527106,9.8492953234527
"4750",1614,"VPP CO.",2,6,15,1,162,"N","A",7,2,14,20,5,18.5661191533561,9.8492953234527
"4751",1614,"BOHEMIA, INC.",1,6,15,1,162,"N","A",7,2,14,20,5,18.5710785333446,9.8492953234527
"4752",1615,"DIPAOLO LOGGING CO.",1,6,15,1,20,"Y","A",5,205,0,19,1,13.662429306095,10.4573439297175
"4753",1616,"DIPAOLO LOGGING CO.",1,6,15,1,30,"N","A",5,2,0,16,3,16.5128960931368,10.0182883680133
"4754",1616,"VPP CO.",2,6,15,1,30,"N","A",5,2,0,16,3,16.5123906045308,10.0182883680133
"4755",1616,"BOHEMIA, INC.",3,6,15,1,30,"N","A",5,2,0,16,3,16.2087203254523,10.0182883680133
"4756",1617,"VPP CO.",2,6,15,1,22,"N","A",5,2,0,17,3,16.3814417409696,10.0029708310211
"4757",1617,"DI PAOLO LOGGING CO.",1,6,15,1,22,"N","A",5,2,0,17,3,16.3862714571946,10.0029708310211
"4758",1617,"BOHEMIA, INC.",3,6,15,1,22,"N","A",5,2,0,17,3,16.0496679768601,10.0029708310211
"4759",1618,"HOOT OWL LOGGING",2,6,15,2,104,"Y","S",5,2,0,43,9,16.1134930753384,9.99428757686257
"4760",1618,"WOODSTOCK LOGGING",3,6,15,2,104,"Y","S",5,2,0,43,9,16.0610426433276,9.99428757686257
"4761",1618,"PLUMLEY, INC.",8,6,15,2,104,"Y","S",5,2,0,43,9,15.8459719174224,9.99428757686257
"4762",1618,"C & D LUMBER CO.",6,6,15,2,104,"Y","S",5,2,0,43,9,15.9096042309764,9.99428757686257
"4763",1618,"JOHNSON TIMBER CO.",4,6,15,2,104,"Y","S",5,2,0,43,9,15.9904304471256,9.99428757686257
"4764",1618,"VREDENBURG & PHILPOTT",5,6,15,2,104,"Y","S",5,2,0,43,9,15.9506327554707,9.99428757686257
"4765",1618,"SUN STUDS, INC.",9,6,15,2,104,"Y","S",5,2,0,43,9,15.7783002989002,9.99428757686257
"4766",1618,"CARL GILES LOGGING",1,6,15,2,104,"Y","S",5,2,0,43,9,16.1203012169086,9.99428757686257
"4767",1618,"HERBERT LUMBER CO.",7,6,15,2,104,"Y","S",5,2,0,43,9,15.8580391216206,9.99428757686257
"4768",1619,"PETE DANCER",3,6,15,2,72,"Y","S",5,2,0,61,10,15.6259674688324,9.96585183673268
"4769",1619,"ROSEBURG LUMBER CO.",1,6,15,2,72,"Y","S",5,2,0,61,10,15.8588636757469,9.96585183673268
"4770",1619,"CRATER LOG SALVAGE",5,6,15,2,72,"Y","S",5,2,0,61,10,15.5709413946062,9.96585183673268
"4771",1619,"WOODSTOCK LOGGING",4,6,15,2,72,"Y","S",5,2,0,61,10,15.5912659761616,9.96585183673268
"4772",1619,"PLUMLEY, INC.",7,6,15,2,72,"Y","S",5,2,0,61,10,15.4798040124411,9.96585183673268
"4773",1619,"C & D LUMBER CO.",2,6,15,2,72,"Y","S",5,2,0,61,10,15.7519748060631,9.96585183673268
"4774",1619,"ROGUE VALLEY TREES, INC.",9,6,15,2,72,"Y","S",5,2,0,61,10,15.425596260537,9.96585183673268
"4775",1619,"SUN STUDS, INC.",6,6,15,2,72,"Y","S",5,2,0,61,10,15.5049585621554,9.96585183673268
"4776",1619,"CARL GILES LOGGING",8,6,15,2,72,"Y","S",5,2,0,61,10,15.4277824508795,9.96585183673268
"4777",1619,"JOHNSON TIMBER CO.",10,6,15,2,72,"Y","S",5,2,0,61,10,15.4195820971396,9.96585183673268
"4778",1620,"PLUMLEY, INC.",10,6,15,2,169,"N","S",6,2,0,53,12,17.6116211270737,10.0307367534516
"4779",1620,"ROGUE VALLEY PLYWOOD, INC",1,6,15,2,169,"N","S",6,2,0,53,12,17.9129779058784,10.0307367534516
"4780",1620,"SUN STUDS, INC.",8,6,15,2,169,"N","S",6,2,0,53,12,17.6475691526536,10.0307367534516
"4781",1620,"NORDIC PLYWOOD, INC.",7,6,15,2,169,"N","S",6,2,0,53,12,17.6508935267288,10.0307367534516
"4782",1620,"HERBERT LUMBER CO.",5,6,15,2,169,"N","S",6,2,0,53,12,17.7475157824042,10.0307367534516
"4783",1620,"ROSEBURG LUMBER CO.",3,6,15,2,169,"N","S",6,2,0,53,12,17.8450491855192,10.0307367534516
"4784",1620,"MEDFORD RESOURCES CORP.",6,6,15,2,169,"N","S",6,2,0,53,12,17.656638025841,10.0307367534516
"4785",1620,"ROSBORO LUMBER CO.",9,6,15,2,169,"N","S",6,2,0,53,12,17.6367038512853,10.0307367534516
"4786",1620,"ENGLE CONSTRUCTION CORP.",4,6,15,2,169,"N","S",6,2,0,53,12,17.82278301408,10.0307367534516
"4787",1620,"TIMBER PRODUCTS CO.",12,6,15,2,169,"N","S",6,2,0,53,12,17.5751433996136,10.0307367534516
"4788",1620,"SWF PLYWOOD CO.",2,6,15,2,169,"N","S",6,2,0,53,12,17.8952347617093,10.0307367534516
"4789",1620,"THE ROBERT DOLLAR CO.",11,6,15,2,169,"N","S",6,2,0,53,12,17.5751433996136,10.0307367534516
"4790",1621,"SUN STUDS, INC.",6,6,15,2,364,"N","S",6,2,0,42,9,17.6025768457979,10.0579667498242
"4791",1621,"VPP CO., INC.",4,6,15,2,364,"N","S",6,2,0,42,9,17.8015264074906,10.0579667498242
"4792",1621,"DOUGLAS COUNTY LUMBER CO.",1,6,15,2,364,"N","S",6,2,0,42,9,17.8898693111134,10.0579667498242
"4793",1621,"ROSBORO LUMBER CO.",7,6,15,2,364,"N","S",6,2,0,42,9,17.5609204996471,10.0579667498242
"4794",1621,"THE ROBERT DOLLAR CO.",9,6,15,2,364,"N","S",6,2,0,42,9,17.4007711732648,10.0579667498242
"4795",1621,"JOHNSON TIMBER CO.",2,6,15,2,364,"N","S",6,2,0,42,9,17.8244561698107,10.0579667498242
"4796",1621,"SUPERIOR LOGGING CO.",8,6,15,2,364,"N","S",6,2,0,42,9,17.4784246868075,10.0579667498242
"4797",1621,"C&D LUMBER CO.",3,6,15,2,364,"N","S",6,2,0,42,9,17.8090906008127,10.0579667498242
"4798",1621,"HERBERT LUMBER CO.",5,6,15,2,364,"N","S",6,2,0,42,9,17.6833048350385,10.0579667498242
"4799",1622,"SUN STUDS, INC.",6,6,15,2,166,"N","S",7,2,23,52,10,18.1460313756693,10.0572810257155
"4800",1622,"C&D LUMBER CO.",4,6,15,2,166,"N","S",7,2,23,52,10,18.1658665557928,10.0572810257155
"4801",1622,"VPP CO., INC.",10,6,15,2,166,"N","S",7,2,23,52,10,17.8995665404668,10.0572810257155
"4802",1622,"ENGLE CONSTRUCTION CORP.",8,6,15,2,166,"N","S",7,2,23,52,10,18.0989902175593,10.0572810257155
"4803",1622,"PLUMLEY INC.",2,6,15,2,166,"N","S",7,2,23,52,10,18.1744841258827,10.0572810257155
"4804",1622,"JOHNSON TIMBER CO.",7,6,15,2,166,"N","S",7,2,23,52,10,18.116803569254,10.0572810257155
"4805",1622,"THE ROBERT DOLLAR CO.",5,6,15,2,166,"N","S",7,2,23,52,10,18.1653116064371,10.0572810257155
"4806",1622,"HERBERT LUMBER CO.",1,6,15,2,166,"N","S",7,2,23,52,10,18.2949729527044,10.0572810257155
"4807",1622,"NORDIC PLYWOOD, INC.",3,6,15,2,166,"N","S",7,2,23,52,10,18.1719507588336,10.0572810257155
"4808",1622,"DOUGLAS COUNTY LUMBER CO.",9,6,15,2,166,"N","S",7,2,23,52,10,18.0349998806185,10.0572810257155
"4809",1623,"SUN STUDS INC.",4,6,15,2,292,"Y","S",5,2,0,69,6,16.3763916512499,9.95194432780432
"4810",1623,"JOHNSON TIMBER CO.",1,6,15,2,292,"Y","S",5,2,0,69,6,16.5143262519504,9.95194432780432
"4811",1623,"VPP CO., INC.",6,6,15,2,292,"Y","S",5,2,0,69,6,16.168248695508,9.95194432780432
"4812",1623,"PLUMLEY, INC.",3,6,15,2,292,"Y","S",5,2,0,69,6,16.463748473882,9.95194432780432
"4813",1623,"DOUGLAS COUNTY LUMBER CO.",2,6,15,2,292,"Y","S",5,2,0,69,6,16.4880247689755,9.95194432780432
"4814",1623,"HERBERT LUMBER CO.",5,6,15,2,292,"Y","S",5,2,0,69,6,16.3585225804925,9.95194432780432
"4815",1624,"DOUGLAS COUNTY LBR. CO.",3,6,15,2,603,"Y","S",5,2,0,66,6,16.6698105949781,9.99893408668014
"4816",1624,"JOHNSON TIMBER CO.",5,6,15,2,603,"Y","S",5,2,0,66,6,16.5839833212546,9.99893408668014
"4817",1624,"SUN STUDS, INC.",4,6,15,2,603,"Y","S",5,2,0,66,6,16.6039898536215,9.99893408668014
"4818",1624,"HERBERT LUMBER CO.",2,6,15,2,603,"Y","S",5,2,0,66,6,16.6917428227067,9.99893408668014
"4819",1624,"PLUMLEY, INC.",1,6,15,2,603,"Y","S",5,2,0,66,6,16.9412214204031,9.99893408668014
"4820",1624,"ENGLE CONSTRUCTION CORP.",6,6,15,2,603,"Y","S",5,2,0,66,6,16.5242458576662,9.99893408668014
"4821",1625,"JOHNSON TIMBER CO.",9,6,15,2,142,"Y","S",5,2,0,48,10,16.4541549451877,10.0118485622062
"4822",1625,"SUN STUDS, INC.",6,6,15,2,142,"Y","S",5,2,0,48,10,16.7123182275456,10.0118485622062
"4823",1625,"LITTLE RIVER BOX CO.",3,6,15,2,142,"Y","S",5,2,0,48,10,16.8172358375297,10.0118485622062
"4824",1625,"NORDIC PLYWOOD, INC.",5,6,15,2,142,"Y","S",5,2,0,48,10,16.7585917736817,10.0118485622062
"4825",1625,"ENGLE CONSTRUCTION CORP.",7,6,15,2,142,"Y","S",5,2,0,48,10,16.6723668965226,10.0118485622062
"4826",1625,"DOUGLAS COUNTY LUMBER CO.",1,6,15,2,142,"Y","S",5,2,0,48,10,16.8284302775009,10.0118485622062
"4827",1625,"ROSEBURG LUMBER CO.",2,6,15,2,142,"Y","S",5,2,0,48,10,16.8196930278311,10.0118485622062
"4828",1625,"PLUMLEY, INC.",10,6,15,2,142,"Y","S",5,2,0,48,10,16.3741879802034,10.0118485622062
"4829",1625,"SWF PLYWOOD CO.",8,6,15,2,142,"Y","S",5,2,0,48,10,16.6651887853106,10.0118485622062
"4830",1625,"THE ROBERT DOLLAR CO.",4,6,15,2,142,"Y","S",5,2,0,48,10,16.764503363234,10.0118485622062
"4831",1626,"CRATER LOG SALVAGE CO.",3,6,15,2,139,"Y","S",5,2,0,50,7,15.1967019209083,10.0817174164268
"4832",1626,"GLENN A. WAFER",4,6,15,2,139,"Y","S",5,2,0,50,7,15.19100430184,10.0817174164268
"4833",1626,"C&D LUMBER CO.",2,6,15,2,139,"Y","S",5,2,0,50,7,15.1985370855274,10.0817174164268
"4834",1626,"LEONARD, INC.",7,6,15,2,139,"Y","S",5,2,0,50,7,14.9134759707866,10.0817174164268
"4835",1626,"WOODSTOCK LOGGING CO.",6,6,15,2,139,"Y","S",5,2,0,50,7,14.9576771051176,10.0817174164268
"4836",1626,"F.T. JONES & SONS",1,6,15,2,139,"Y","S",5,2,0,50,7,15.2136445531884,10.0817174164268
"4837",1626,"LITTLE RIVER BOX CO.",5,6,15,2,139,"Y","S",5,2,0,50,7,14.9600613295735,10.0817174164268
"4838",1627,"LITTLE RIVER LUMBER CO.",2,6,15,2,269,"N","S",5,2,10,52,4,16.4452063476407,9.97915145645712
"4839",1627,"C & D LUMBER CO.",1,6,15,2,269,"N","S",5,2,10,52,4,16.5201984461557,9.97915145645712
"4840",1627,"ROSEBURG LUMBER CO.",3,6,15,2,269,"N","S",5,2,10,52,4,16.385037882066,9.97915145645712
"4841",1627,"SUPERIOR LOGGING CO.",4,6,15,2,269,"N","S",5,2,10,52,4,16.1445963840108,9.97915145645712
"4842",1628,"LITTLE RIVER LUMBER CO.",8,6,15,2,572,"N","S",7,2,39,57,10,19.0271817535541,10.0213150316493
"4843",1628,"DOUGLAS COUNTY LUMBER CO.",5,6,15,2,572,"N","S",7,2,39,57,10,19.1269519268097,10.0213150316493
"4844",1628,"ENGLE CONSTRUCTION CORP.",3,6,15,2,572,"N","S",7,2,39,57,10,19.2125577053561,10.0213150316493
"4845",1628,"SUN STUDS, INC.",9,6,15,2,572,"N","S",7,2,39,57,10,18.9642426407205,10.0213150316493
"4846",1628,"BOISE CASCADE CORP.",4,6,15,2,572,"N","S",7,2,39,57,10,19.1768524876937,10.0213150316493
"4847",1628,"ROSEBURG LUMBER CO.",2,6,15,2,572,"N","S",7,2,39,57,10,19.298907757097,10.0213150316493
"4848",1628,"HERBERT LUMBER CO.",10,6,15,2,572,"N","S",7,2,39,57,10,18.9627427910925,10.0213150316493
"4849",1628,"NORDIC PLYWOOD, INC.",7,6,15,2,572,"N","S",7,2,39,57,10,19.1002917220996,10.0213150316493
"4850",1628,"THE ROBERT DOLLAR CO.",6,6,15,2,572,"N","S",7,2,39,57,10,19.1004721316501,10.0213150316493
"4851",1628,"SWF PLYWOOD COMPANY",1,6,15,2,572,"N","S",7,2,39,57,10,19.3887879133508,10.0213150316493
"4852",1629,"SUN STUDS, INC.",8,6,15,2,292,"N","S",7,2,52,37,8,18.0054070889392,10.0121625691618
"4853",1629,"NORDIC PLYWOOD, INC.",2,6,15,2,292,"N","S",7,2,52,37,8,18.3660108077526,10.0121625691618
"4854",1629,"SWF PLYWOOD COMPANY",4,6,15,2,292,"N","S",7,2,52,37,8,18.2107737022449,10.0121625691618
"4855",1629,"ROGUE VALLEY PLYWOOD, INC",7,6,15,2,292,"N","S",7,2,52,37,8,18.1145218209739,10.0121625691618
"4856",1629,"THE ROBERT DOLLAR CO.",3,6,15,2,292,"N","S",7,2,52,37,8,18.2791916008244,10.0121625691618
"4857",1629,"ROSEBURG LUMBER CO.",1,6,15,2,292,"N","S",7,2,52,37,8,18.4478177811353,10.0121625691618
"4858",1629,"TIMBER PRODUCTS COMPANY",6,6,15,2,292,"N","S",7,2,52,37,8,18.1450057636572,10.0121625691618
"4859",1629,"PLUMLEY, INC.",5,6,15,2,292,"N","S",7,2,52,37,8,18.2036939508464,10.0121625691618
"4860",1630,"LITTLE RIVER LUMBER CO.",6,6,15,2,275,"N","S",6,2,15,53,11,17.8682637325369,10.0891368994228
"4861",1630,"JOHNSON TIMBER CO.",1,6,15,2,275,"N","S",6,2,15,53,11,17.9432092998591,10.0891368994228
"4862",1630,"PLUMLEY, INC.",3,6,15,2,275,"N","S",6,2,15,53,11,17.9020715734933,10.0891368994228
"4863",1630,"DOUGLAS COUNTY LUMBER CO.",2,6,15,2,275,"N","S",6,2,15,53,11,17.924981799578,10.0891368994228
"4864",1630,"C&D LUMBER CO.",9,6,15,2,275,"N","S",6,2,15,53,11,17.7904933389668,10.0891368994228
"4865",1630,"THE ROBERT DOLLAR CO.",4,6,15,2,275,"N","S",6,2,15,53,11,17.8814985116869,10.0891368994228
"4866",1630,"HANSCOM BROS.",5,6,15,2,275,"N","S",6,2,15,53,11,17.875462068434,10.0891368994228
"4867",1630,"SUN STUDS, INC.",7,6,15,2,275,"N","S",6,2,15,53,11,17.8418349897191,10.0891368994228
"4868",1630,"CARL GILES LOGGING",11,6,15,2,275,"N","S",6,2,15,53,11,17.6548875989075,10.0891368994228
"4869",1630,"HERBERT LUMBER CO.",10,6,15,2,275,"N","S",6,2,15,53,11,17.6849182952511,10.0891368994228
"4870",1630,"NORDIC PLYWOOD, INC.",8,6,15,2,275,"N","S",6,2,15,53,11,17.8226746379902,10.0891368994228
"4871",1631,"PLUMLEY, INC.",5,6,15,2,213,"N","S",7,2,37,46,11,18.4526307626256,10.0479341569012
"4872",1631,"DOUGLAS COUNTY LUMBER CO.",4,6,15,2,213,"N","S",7,2,37,46,11,18.4657878482616,10.0479341569012
"4873",1631,"SUN STUDS, INC.",1,6,15,2,213,"N","S",7,2,37,46,11,18.4952722206275,10.0479341569012
"4874",1631,"LITTLE RIVER LUMBER CO.",7,6,15,2,213,"N","S",7,2,37,46,11,18.4174082953283,10.0479341569012
"4875",1631,"JOHNSON TIMBER CO.",8,6,15,2,213,"N","S",7,2,37,46,11,18.4127381851752,10.0479341569012
"4876",1631,"NORDIC PLYWOOD, INC.",2,6,15,2,213,"N","S",7,2,37,46,11,18.4874594727001,10.0479341569012
"4877",1631,"THE ROBERT DOLLAR CO.",9,6,15,2,213,"N","S",7,2,37,46,11,18.3922451576675,10.0479341569012
"4878",1631,"HANSCOM BROS.",11,6,15,2,213,"N","S",7,2,37,46,11,18.3248115979555,10.0479341569012
"4879",1631,"C & D LUMBER CO.",6,6,15,2,213,"N","S",7,2,37,46,11,18.4355347745674,10.0479341569012
"4880",1631,"HERBERT LUMBER CO.",3,6,15,2,213,"N","S",7,2,37,46,11,18.4759299085576,10.0479341569012
"4881",1631,"ENGLE CONSTRUCTION CORP.",10,6,15,2,213,"N","S",7,2,37,46,11,18.3774484511623,10.0479341569012
"4882",1632,"LITTLE RIVER LUMBER CO.",1,6,15,2,43,"N","S",5,2,0,54,3,16.231685016571,10.021848199121
"4883",1632,"DOUGLAS COUNTY LUMBER",3,6,15,2,43,"N","S",5,2,0,54,3,16.1015515488976,10.021848199121
"4884",1632,"JOHNSON TIMBER CO.",2,6,15,2,43,"N","S",5,2,0,54,3,16.1216812151334,10.021848199121
"4885",1633,"LITTLE RIVER LUMBER CO.",1,6,15,2,140,"Y","S",5,2,0,51,5,16.1936473661276,9.99716002839876
"4886",1633,"SUN STUDS, INC.",4,6,15,2,140,"Y","S",5,2,0,51,5,15.9215794248364,9.99716002839876
"4887",1633,"DOUGLAS COUNTY LUMBER CO.",3,6,15,2,140,"Y","S",5,2,0,51,5,16.0602610085273,9.99716002839876
"4888",1633,"JOHNSON TIMBER CO.",5,6,15,2,140,"Y","S",5,2,0,51,5,15.8642299710007,9.99716002839876
"4889",1633,"HANSCOM BROS.",2,6,15,2,140,"Y","S",5,2,0,51,5,16.0625047138669,9.99716002839876
"4890",1634,"DOUGLAS COUNTY LUMBER CO.",1,6,15,2,118,"Y","S",5,2,0,44,2,15.2782148824789,10.0960481773725
"4891",1634,"SUN STUDS, INC.",2,6,15,2,118,"Y","S",5,2,0,44,2,15.2208768873572,10.0960481773725
"4892",1635,"ROSEBURG LUMBER CO.",5,6,15,2,834,"N","S",7,2,0,42,11,18.5372861976423,10.0541034208433
"4893",1635,"SUPERIOR LOGGING CO.",11,6,15,2,834,"N","S",7,2,0,42,11,18.3191196679404,10.0541034208433
"4894",1635,"DOUGLAS COUNTY LUMBER CO.",6,6,15,2,834,"N","S",7,2,0,42,11,18.5248389371101,10.0541034208433
"4895",1635,"SUN STUDS, INC.",4,6,15,2,834,"N","S",7,2,0,42,11,18.5577660638893,10.0541034208433
"4896",1635,"LITTLE RIVER LUMBER CO.",2,6,15,2,834,"N","S",7,2,0,42,11,18.5789025540429,10.0541034208433
"4897",1635,"LOUISIANA PACIFIC CORP.",10,6,15,2,834,"N","S",7,2,0,42,11,18.3246939352864,10.0541034208433
"4898",1635,"C&D LUMBER CO.",7,6,15,2,834,"N","S",7,2,0,42,11,18.5163781215132,10.0541034208433
"4899",1635,"THE ROBERT DOLLAR COMPANY",1,6,15,2,834,"N","S",7,2,0,42,11,18.6248257606012,10.0541034208433
"4900",1635,"BOISE CASCADE CORP.",8,6,15,2,834,"N","S",7,2,0,42,11,18.4711133680695,10.0541034208433
"4901",1635,"SWF PLYWOOD CO.",3,6,15,2,834,"N","S",7,2,0,42,11,18.5585069008598,10.0541034208433
"4902",1635,"F.T. JONES & SONS",9,6,15,2,834,"N","S",7,2,0,42,11,18.4140850400411,10.0541034208433
"4903",1636,"JOHNSON TIMBER CO.",3,6,15,2,204,"Y","A",5,2,0,49,5,15.8845330089402,10.0374938323839
"4904",1636,"ROSEBURG LUMBER CO.",2,6,15,2,204,"Y","A",5,2,0,49,5,16.2191239963025,10.0374938323839
"4905",1636,"DOUGLAS COUNTY LUMBER CO.",5,6,15,2,204,"Y","A",5,2,0,49,5,15.8818199998283,10.0374938323839
"4906",1636,"LITTLE RIVER LUMBER CO.",1,6,15,2,204,"Y","A",5,2,0,49,5,16.2203660972657,10.0374938323839
"4907",1636,"SUN STUDS, INC.",4,6,15,2,204,"Y","A",5,2,0,49,5,15.8818199998283,10.0374938323839
"4908",1637,"DOUGLAS COUNTY LUMBER CO.",7,6,15,2,135,"N","S",7,2,22,52,12,19.4061750984372,10.0544474328871
"4909",1637,"SWF PLYWOOD COMPANY",3,6,15,2,135,"N","S",7,2,22,52,12,19.6443479344225,10.0544474328871
"4910",1637,"SUN STUDS, INC.",9,6,15,2,135,"N","S",7,2,22,52,12,19.320367184397,10.0544474328871
"4911",1637,"THE ROBERT DOLLAR CO.",6,6,15,2,135,"N","S",7,2,22,52,12,19.4097221844575,10.0544474328871
"4912",1637,"MEDFORD RESOURCES",2,6,15,2,135,"N","S",7,2,22,52,12,19.6505879261443,10.0544474328871
"4913",1637,"BOISE CASCADE CORP.",4,6,15,2,135,"N","S",7,2,22,52,12,19.5721941005139,10.0544474328871
"4914",1637,"JOHNSON TIMBER CO.",11,6,15,2,135,"N","S",7,2,22,52,12,19.2435641244953,10.0544474328871
"4915",1637,"HANSCOM BROS.",10,6,15,2,135,"N","S",7,2,22,52,12,19.2908755988036,10.0544474328871
"4916",1637,"HERBERT LUMBER CO.",12,6,15,2,135,"N","S",7,2,22,52,12,19.1913147533238,10.0544474328871
"4917",1637,"ROSEBURG LUMBER CO.",1,6,15,2,135,"N","S",7,2,22,52,12,19.6757724274564,10.0544474328871
"4918",1637,"CHAMPION INT. CORP.",5,6,15,2,135,"N","S",7,2,22,52,12,19.4256326910842,10.0544474328871
"4919",1637,"ENGLE CONSTRUCTION CORP.",8,6,15,2,135,"N","S",7,2,22,52,12,19.3440884896946,10.0544474328871
"4920",1638,"THE ROBERT DOLLAR CO.",7,6,15,2,448,"N","S",7,2,28,45,11,18.0717233713723,10.0926605842792
"4921",1638,"SUN STUDS, INC.",9,6,15,2,448,"N","S",7,2,28,45,11,18.0015636703872,10.0926605842792
"4922",1638,"PLUMLEY, INC.",4,6,15,2,448,"N","S",7,2,28,45,11,18.14306411124,10.0926605842792
"4923",1638,"C&D LUMBER CO.",5,6,15,2,448,"N","S",7,2,28,45,11,18.1390645037523,10.0926605842792
"4924",1638,"ROSEBURG LUMBER CO.",2,6,15,2,448,"N","S",7,2,28,45,11,18.4811935477527,10.0926605842792
"4925",1638,"LITTLE RIVER LUMBER CO.",11,6,15,2,448,"N","S",7,2,28,45,11,17.9813059462044,10.0926605842792
"4926",1638,"BOISE CASCADE CORP.",1,6,15,2,448,"N","S",7,2,28,45,11,18.6039245420177,10.0926605842792
"4927",1638,"VPP CO.",8,6,15,2,448,"N","S",7,2,28,45,11,18.0484122791303,10.0926605842792
"4928",1638,"JOHNSON TIMBER CO.",6,6,15,2,448,"N","S",7,2,28,45,11,18.0771859870546,10.0926605842792
"4929",1638,"DOUGLAS COUNTY LUMBER CO.",10,6,15,2,448,"N","S",7,2,28,45,11,17.9880610651205,10.0926605842792
"4930",1638,"SWF PLYWOOD CO.",3,6,15,2,448,"N","S",7,2,28,45,11,18.2470166430048,10.0926605842792
"4931",1639,"BOISE CASCADE CORP.",6,6,15,2,170,"N","A",7,2,7,53,9,18.5997842951827,10.0935705777238
"4932",1639,"THE ROBERT DOLLAR CO.",4,6,15,2,170,"N","A",7,2,7,53,9,18.6012045190381,10.0935705777238
"4933",1639,"DOUGLAS COUNTY LUMBER CO.",7,6,15,2,170,"N","A",7,2,7,53,9,18.5997842951827,10.0935705777238
"4934",1639,"C&D LUMBER CO.",9,6,15,2,170,"N","A",7,2,7,53,9,18.5997842951827,10.0935705777238
"4935",1639,"SUN STUDS, INC.",8,6,15,2,170,"N","A",7,2,7,53,9,18.5997842951827,10.0935705777238
"4936",1639,"HERBERT LUMBER CO.",5,6,15,2,170,"N","A",7,2,7,53,9,18.6012045190381,10.0935705777238
"4937",1639,"ROSEBURG LUMBER CO.",1,6,15,2,170,"N","A",7,2,7,53,9,19.2361980234891,10.0935705777238
"4938",1639,"LITTLE RIVER LUMBER CO.",3,6,15,2,170,"N","A",7,2,7,53,9,18.904861279287,10.0935705777238
"4939",1639,"SWF PLYWOOD CO.",2,6,15,2,170,"N","A",7,2,7,53,9,19.2324304465202,10.0935705777238
"4940",1640,"JOHNSON TIMBER CO.",4,6,15,2,456,"N","A",7,2,14,63,5,18.3838291901235,9.90747957380566
"4941",1640,"SUN STUDS, INC.",3,6,15,2,456,"N","A",7,2,14,63,5,18.3838291901235,9.90747957380566
"4942",1640,"THE ROBERT DOLLAR CO.",2,6,15,2,456,"N","A",7,2,14,63,5,18.5672742544582,9.90747957380566
"4943",1640,"C&D LUMBER CO.",1,6,15,2,456,"N","A",7,2,14,63,5,18.5683963631181,9.90747957380566
"4944",1640,"DOUGLAS COUNTY LBR. CO.",5,6,15,2,456,"N","A",7,2,14,63,5,18.3838291901235,9.90747957380566
"4945",1641,"JOHNSON TIMBER CO.",4,6,15,2,132,"N","A",7,2,5,52,12,18.6012848267318,10.0527261880024
"4946",1641,"BOISE CASCADE CORP.",9,6,15,2,132,"N","A",7,2,5,52,12,18.5015330930086,10.0527261880024
"4947",1641,"ENGLE CONSTRUCTION CORP.",6,6,15,2,132,"N","A",7,2,5,52,12,18.5015330930086,10.0527261880024
"4948",1641,"MEDFORD RESOURCE",2,6,15,2,132,"N","A",7,2,5,52,12,18.9745151662389,10.0527261880024
"4949",1641,"DOUGLAS COUNTY LUMBER CO.",7,6,15,2,132,"N","A",7,2,5,52,12,18.5015330930086,10.0527261880024
"4950",1641,"ROSEBURG LUMBER CO.",1,6,15,2,132,"N","A",7,2,5,52,12,18.9774420617615,10.0527261880024
"4951",1641,"SUN STUDS, INC.",11,6,15,2,132,"N","A",7,2,5,52,12,18.5015330930086,10.0527261880024
"4952",1641,"HERBERT LUMBER CO.",8,6,15,2,132,"N","A",7,2,5,52,12,18.5015330930086,10.0527261880024
"4953",1641,"THE ROBERT DOLLAR CO.",10,6,15,2,132,"N","A",7,2,5,52,12,18.5015330930086,10.0527261880024
"4954",1641,"C&D LUMBER CO.",5,6,15,2,132,"N","A",7,2,5,52,12,18.5015330930086,10.0527261880024
"4955",1641,"SWF PLYWOOD CO.",3,6,15,2,132,"N","A",7,2,5,52,12,18.9597507919804,10.0527261880024
"4956",1641,"HANSCOM BROS.",12,6,15,2,132,"N","A",7,2,5,52,12,18.5015330930086,10.0527261880024
"4957",1642,"SUN STUDS, INC.",8,6,15,2,612,"N","A",7,2,36,53,10,18.4443878955257,9.95118187839879
"4958",1642,"DOUGLAS COUNTY LUMBER CO.",10,6,15,2,612,"N","A",7,2,36,53,10,18.4443878955257,9.95118187839879
"4959",1642,"HANSCOM BROS.",5,6,15,2,612,"N","A",7,2,36,53,10,18.4443878955257,9.95118187839879
"4960",1642,"SWF PLYWOOD COMPANY",1,6,15,2,612,"N","A",7,2,36,53,10,19.0367040861254,9.95118187839879
"4961",1642,"SUPERIOR LOGGING COMPANY",4,6,15,2,612,"N","A",7,2,36,53,10,18.4443878955257,9.95118187839879
"4962",1642,"ROSEBURG LUMBER CO.",2,6,15,2,612,"N","A",7,2,36,53,10,19.0330247277402,9.95118187839879
"4963",1642,"C&D LUMBER CO.",6,6,15,2,612,"N","A",7,2,36,53,10,18.4443878955257,9.95118187839879
"4964",1642,"ROGUE VALLEY PLYWOOD, INC",3,6,15,2,612,"N","A",7,2,36,53,10,18.915834442115,9.95118187839879
"4965",1642,"BOISE CASCADE CORPORATION",9,6,15,2,612,"N","A",7,2,36,53,10,18.4443878955257,9.95118187839879
"4966",1642,"CHAMPION INTERNATIONAL CO",7,6,15,2,612,"N","A",7,2,36,53,10,18.4443878955257,9.95118187839879
"4967",1643,"DOUGLAS COUNTY LBR. CO.",4,6,15,2,532,"N","A",7,2,27,54,5,18.6834031750398,10.0873495888487
"4968",1643,"ROSEBURG LUMBER CO.",1,6,15,2,532,"N","A",7,2,27,54,5,19.176342852691,10.0873495888487
"4969",1643,"LITTLE RIVER LBR. CO.",5,6,15,2,532,"N","A",7,2,27,54,5,18.6834031750398,10.0873495888487
"4970",1643,"SWF PLYWOOD CO.",3,6,15,2,532,"N","A",7,2,27,54,5,19.157076907512,10.0873495888487
"4971",1643,"BOISE CASCADE CORP.",2,6,15,2,532,"N","A",7,2,27,54,5,19.1755792995392,10.0873495888487
"4972",1644,"SUN STUDS, INC.",3,6,15,2,146,"N","S",6,2,12,52,9,18.2417986653659,10.0719214540448
"4973",1644,"HERBERT LUMBER CO.",7,6,15,2,146,"N","S",6,2,12,52,9,18.0828619010638,10.0719214540448
"4974",1644,"DOUGLAS CO. LBR. CO.",6,6,15,2,146,"N","S",6,2,12,52,9,18.1069619726976,10.0719214540448
"4975",1644,"BOISE CASCADE CORP.",4,6,15,2,146,"N","S",6,2,12,52,9,18.1926810456195,10.0719214540448
"4976",1644,"PLUMLEY, INC.",5,6,15,2,146,"N","S",6,2,12,52,9,18.1924297970699,10.0719214540448
"4977",1644,"SWF PLYWOOD",1,6,15,2,146,"N","S",6,2,12,52,9,18.568621755061,10.0719214540448
"4978",1644,"JOHNSON TIMBER CO.",9,6,15,2,146,"N","S",6,2,12,52,9,18.0617811845334,10.0719214540448
"4979",1644,"ENGLE CONSTR. CORP.",8,6,15,2,146,"N","S",6,2,12,52,9,18.0708459243618,10.0719214540448
"4980",1644,"ROSEBURG LUMBER CO.",2,6,15,2,146,"N","S",6,2,12,52,9,18.3114064684069,10.0719214540448
"4981",1645,"HERBERT LUMBER CO.",6,6,15,2,249,"N","A",7,2,34,56,6,18.1928429418632,9.94582839302565
"4982",1645,"SUN STUDS, INC.",2,6,15,2,249,"N","A",7,2,34,56,6,18.4144457466918,9.94582839302565
"4983",1645,"JOHNSON TIMBER CO.",1,6,15,2,249,"N","A",7,2,34,56,6,18.414712368581,9.94582839302565
"4984",1645,"C&D LUMBER CO.",4,6,15,2,249,"N","A",7,2,34,56,6,18.1929760564534,9.94582839302565
"4985",1645,"THE ROBERT DOLLAR CO.",3,6,15,2,249,"N","A",7,2,34,56,6,18.3972323669797,9.94582839302565
"4986",1645,"DOUGLAS COUNTY LUMBER CO.",5,6,15,2,249,"N","A",7,2,34,56,6,18.1928429418632,9.94582839302565
"4987",1646,"SUN STUDS, INC.",6,6,15,2,226,"N","S",6,2,15,44,7,17.694941567667,9.90178610589637
"4988",1646,"DOUGLAS COUNTY LUMBER CO.",3,6,15,2,226,"N","S",6,2,15,44,7,17.813686855666,9.90178610589637
"4989",1646,"THE ROBERT DOLLAR CO.",1,6,15,2,226,"N","S",6,2,15,44,7,17.8966038756405,9.90178610589637
"4990",1646,"ENGLE CONSTRUCTION CORP.",2,6,15,2,226,"N","S",6,2,15,44,7,17.8601512637272,9.90178610589637
"4991",1646,"HERBERT LUMBER CO.",4,6,15,2,226,"N","S",6,2,15,44,7,17.8120506154719,9.90178610589637
"4992",1646,"C & D LUMBER CO.",7,6,15,2,226,"N","S",6,2,15,44,7,17.6580627920152,9.90178610589637
"4993",1646,"JOHNSON TIMBER CO.",5,6,15,2,226,"N","S",6,2,15,44,7,17.8039791013092,9.90178610589637
"4994",1647,"C&D LUMBER CO.",4,6,15,2,200,"Y","S",5,2,0,55,5,16.4744853542198,9.94366934216896
"4995",1647,"SUN STUDS, INC.",3,6,15,2,200,"Y","S",5,2,0,55,5,16.4778825477451,9.94366934216896
"4996",1647,"ROGUE VALLEY TREES",2,6,15,2,200,"Y","S",5,2,0,55,5,16.485390800344,9.94366934216896
"4997",1647,"DOUGLAS COUNTY LUMBER CO.",1,6,15,2,200,"Y","S",5,2,0,55,5,16.6878450627073,9.94366934216896
"4998",1647,"JOHNSON LUMBER CO.",5,6,15,2,200,"Y","S",5,2,0,55,5,16.430292759259,9.94366934216896
"4999",1648,"JOHN LADD",3,6,15,2,57,"Y","S",5,2,0,42,7,15.2517182617762,10.0409860657218
"5000",1648,"SUN STUDS, INC.",5,6,15,2,57,"Y","S",5,2,0,42,7,15.135723875537,10.0409860657218
"5001",1648,"SISKIYOU CASCADE FORESTRY",6,6,15,2,57,"Y","S",5,2,0,42,7,15.0960887846459,10.0409860657218
"5002",1648,"C & D LUMBER CO.",2,6,15,2,57,"Y","S",5,2,0,42,7,15.2588986086073,10.0409860657218
"5003",1648,"JOHNSON TIMBER CO.",4,6,15,2,57,"Y","S",5,2,0,42,7,15.1365247896898,10.0409860657218
"5004",1648,"SKEELS LOGGING CO.",7,6,15,2,57,"Y","S",5,2,0,42,7,15.0860348560383,10.0409860657218
"5005",1648,"F.T. JONES & SONS CO.",1,6,15,2,57,"Y","S",5,2,0,42,7,15.2882165329185,10.0409860657218
"5006",1649,"ROSEBURG LUMBER CO",2,6,15,2,753,"N","A",7,2,51,41,9,18.908484138261,7.47986413116503
"5007",1649,"LITTLE RIVER LUMBER CO",3,6,15,2,753,"N","A",7,2,51,41,9,18.8148385649585,7.47986413116503
"5008",1649,"THE ROBERT DOLLAR CO",8,6,15,2,753,"N","A",7,2,51,41,9,18.3641427728921,7.47986413116503
"5009",1649,"C&D LUMBER CO",4,6,15,2,753,"N","A",7,2,51,41,9,18.3641427728921,7.47986413116503
"5010",1649,"SUN STUDS, INC",9,6,15,2,753,"N","A",7,2,51,41,9,18.3641427728921,7.47986413116503
"5011",1649,"BOISE CASCADE CO",5,6,15,2,753,"N","A",7,2,51,41,9,18.3641427728921,7.47986413116503
"5012",1649,"LOUISIANA-PACIFIC CORP",6,6,15,2,753,"N","A",7,2,51,41,9,18.3641427728921,7.47986413116503
"5013",1649,"HERBERT LUMBER CO",7,6,15,2,753,"N","A",7,2,51,41,9,18.3641427728921,7.47986413116503
"5014",1649,"SWF PLYWOOD, INC",1,6,15,2,753,"N","A",7,2,51,41,9,18.9119164929887,7.47986413116503
"5015",1650,"DOUGLAS COUNTY LUMBER CO.",3,6,15,3,700,"N","S",7,2,49,59,11,19.2126684561937,10.0307807781935
"5016",1650,"BOISE-CASCADE CORP.",11,6,15,3,700,"N","S",7,2,49,59,11,18.8467981183113,10.0307807781935
"5017",1650,"CHAMPION INT. CORP.",7,6,15,3,700,"N","S",7,2,49,59,11,19.1273463869564,10.0307807781935
"5018",1650,"NORDIC PLYWOOD, INC.",10,6,15,3,700,"N","S",7,2,49,59,11,18.9682126723944,10.0307807781935
"5019",1650,"SUN STUDS, INC.",4,6,15,3,700,"N","S",7,2,49,59,11,19.2098744240758,10.0307807781935
"5020",1650,"C&D LUMBER CO.",9,6,15,3,700,"N","S",7,2,49,59,11,18.9840497654011,10.0307807781935
"5021",1650,"ROSEBURG LUMBER CO.",2,6,15,3,700,"N","S",7,2,49,59,11,19.2975570319086,10.0307807781935
"5022",1650,"SWF PLYWOOD CO.",1,6,15,3,700,"N","S",7,2,49,59,11,19.3390574985674,10.0307807781935
"5023",1650,"LITTLE RIVER BOX",5,6,15,3,700,"N","S",7,2,49,59,11,19.1494751932036,10.0307807781935
"5024",1650,"ENGLE CONSTRUCTION CORP.",6,6,15,3,700,"N","S",7,2,49,59,11,19.1358733779298,10.0307807781935
"5025",1650,"VPP CO., INC.",8,6,15,3,700,"N","S",7,2,49,59,11,19.0952669810076,10.0307807781935
"5026",1651,"ENGLE CONSTRUCTION CORP.",2,6,15,3,327,"N","S",7,2,26,70,6,18.7659959092329,10.0290623754442
"5027",1651,"VPP CO., INC.",6,6,15,3,327,"N","S",7,2,26,70,6,18.6598999861551,10.0290623754442
"5028",1651,"JOHNSON TIMBER CO.",3,6,15,3,327,"N","S",7,2,26,70,6,18.7186222578935,10.0290623754442
"5029",1651,"NORDIC PLYWOOD, INC.",4,6,15,3,327,"N","S",7,2,26,70,6,18.6634896582405,10.0290623754442
"5030",1651,"SUN STUDS, INC.",1,6,15,3,327,"N","S",7,2,26,70,6,18.8154683835735,10.0290623754442
"5031",1651,"DOUGLAS COUNTY LUMBER CO.",5,6,15,3,327,"N","S",7,2,26,70,6,18.6630581333819,10.0290623754442
"5032",1652,"NORDIC PLYWOOD, INC.",4,6,15,3,16,"N","S",5,2,0,64,5,14.9604464793491,9.95270619632363
"5033",1652,"DIETRICH LOGGING CO., INC",5,6,15,3,16,"N","S",5,2,0,64,5,14.8161644968524,9.95270619632363
"5034",1652,"PETE N. DANCER",1,6,15,3,16,"N","S",5,2,0,64,5,15.1993218387904,9.95270619632363
"5035",1652,"CLAWSON ECHO-D TIMBER CO.",3,6,15,3,16,"N","S",5,2,0,64,5,14.976245953003,9.95270619632363
"5036",1652,"WOODSTOCK LOGGING",2,6,15,3,16,"N","S",5,2,0,64,5,15.0296158547688,9.95270619632363
"5037",1653,"ENGLE CONSTRUCTION CORP.",3,6,15,3,98,"N","S",6,2,0,68,7,17.7454510816532,9.95265859654258
"5038",1653,"DOUGLAS COUNTY LUMBER CO.",7,6,15,3,98,"N","S",6,2,0,68,7,17.6076672341862,9.95265859654258
"5039",1653,"NORDIC PLYWOOD, INC.",6,6,15,3,98,"N","S",6,2,0,68,7,17.7029283219851,9.95265859654258
"5040",1653,"SKEELS LOGGING CO.",4,6,15,3,98,"N","S",6,2,0,68,7,17.7213052073894,9.95265859654258
"5041",1653,"SWF PLYWOOD CO.",2,6,15,3,98,"N","S",6,2,0,68,7,17.8858893891869,9.95265859654258
"5042",1653,"SUN STUDS, INC.",5,6,15,3,98,"N","S",6,2,0,68,7,17.714909210527,9.95265859654258
"5043",1653,"ROSEBURG LUMBER CO.",1,6,15,3,98,"N","S",6,2,0,68,7,17.9704224854617,9.95265859654258
"5044",1654,"DOUGLAS COUNTY LUMBER CO.",3,6,15,3,219,"N","S",7,2,24,59,6,18.4530733911374,9.98718511155769
"5045",1654,"JOHNSON TIMBER CO.",5,6,15,3,219,"N","S",7,2,24,59,6,18.3456586618197,9.98718511155769
"5046",1654,"NORDIC PLYWOOD, INC.",4,6,15,3,219,"N","S",7,2,24,59,6,18.4139410833768,9.98718511155769
"5047",1654,"ENGLE CONSTRUCTION CORP.",6,6,15,3,219,"N","S",7,2,24,59,6,18.3413377081181,9.98718511155769
"5048",1654,"LITTLE RIVER LUMBER CO.",1,6,15,3,219,"N","S",7,2,24,59,6,18.642962323876,9.98718511155769
"5049",1654,"SUN STUDS, INC.",2,6,15,3,219,"N","S",7,2,24,59,6,18.5264478769302,9.98718511155769
"5050",1655,"SUN STUDS, INC.",1,6,15,3,324,"N","S",7,2,27,75,6,18.9009632391866,10.0442489952444
"5051",1655,"EUGENE F. BURRILL LBR. CO",4,6,15,3,324,"N","S",7,2,27,75,6,18.7402211571453,10.0442489952444
"5052",1655,"LITTLE RIVER LUMBER CO.",6,6,15,3,324,"N","S",7,2,27,75,6,18.5147892929966,10.0442489952444
"5053",1655,"ENGLE CONSTRUCTION CORP.",3,6,15,3,324,"N","S",7,2,27,75,6,18.806029535569,10.0442489952444
"5054",1655,"DOUGLAS COUNTY LUMBER CO.",2,6,15,3,324,"N","S",7,2,27,75,6,18.8491492338255,10.0442489952444
"5055",1655,"HERBERT LUMBER CO.",5,6,15,3,324,"N","S",7,2,27,75,6,18.6337941612292,10.0442489952444
"5056",1656,"SWF PLYWOOD CO.",3,6,15,3,194,"N","A",5,2,0,73,7,17.2368856599651,9.98902284064239
"5057",1656,"LITTLE RIVER LUMBER CO.",6,6,15,3,194,"N","A",5,2,0,73,7,17.1184988286452,9.98902284064239
"5058",1656,"BOISE CASCADE CORP.",1,6,15,3,194,"N","A",5,2,0,73,7,17.3495760289806,9.98902284064239
"5059",1656,"ROSEBURG LUMBER CO.",2,6,15,3,194,"N","A",5,2,0,73,7,17.3459503979071,9.98902284064239
"5060",1656,"SUN STUDS, INC.",7,6,15,3,194,"N","A",5,2,0,73,7,17.1184988286452,9.98902284064239
"5061",1656,"NORDIC PLYWOOD, INC.",4,6,15,3,194,"N","A",5,2,0,73,7,17.2336954972182,9.98902284064239
"5062",1656,"DOUGLAS COUNTY LUMBER CO.",5,6,15,3,194,"N","A",5,2,0,73,7,17.1203614897464,9.98902284064239
"5063",1657,"C&D LUMBER CO.",5,6,15,3,350,"N","A",7,2,35,71,7,18.697768772162,9.89459815869021
"5064",1657,"SUN STUDS, INC.",1,6,15,3,350,"N","A",7,2,35,71,7,19.0152292184278,9.89459815869021
"5065",1657,"JOHNSON TIMBER CO.",3,6,15,3,350,"N","A",7,2,35,71,7,18.697768772162,9.89459815869021
"5066",1657,"HERBERT LUMBER CO.",7,6,15,3,350,"N","A",7,2,35,71,7,18.697768772162,9.89459815869021
"5067",1657,"DOUGLAS COUNTY LBR. CO.",2,6,15,3,350,"N","A",7,2,35,71,7,19.0102505403524,9.89459815869021
"5068",1657,"ENGLE CONSTRUCTION CO.",4,6,15,3,350,"N","A",7,2,35,71,7,18.697768772162,9.89459815869021
"5069",1657,"EUGENE F. BURRILL LBR. CO",6,6,15,3,350,"N","A",7,2,35,71,7,18.697768772162,9.89459815869021
"5070",1658,"ROSEBURG LUMBER CO.",1,6,15,3,203,"N","A",6,2,0,66,6,18.1178139651754,9.99975182250619
"5071",1658,"SUN STUDS, INC.",6,6,15,3,203,"N","A",6,2,0,66,6,17.7459204831651,9.99975182250619
"5072",1658,"SWF PLYWOOD COMPANY",2,6,15,3,203,"N","A",6,2,0,66,6,18.1168320260038,9.99975182250619
"5073",1658,"DOUGLAS COUNTY LUMBER CO.",4,6,15,3,203,"N","A",6,2,0,66,6,17.9258063862546,9.99975182250619
"5074",1658,"BOISE CASCADE CORP.",5,6,15,3,203,"N","A",6,2,0,66,6,17.9114330412805,9.99975182250619
"5075",1658,"CHAMPION INTERNATIONAL CO",3,6,15,3,203,"N","A",6,2,0,66,6,18.0879280811317,9.99975182250619
"5076",1659,"NORDIC PLYWOOD, INC.",1,6,15,3,136,"N","S",5,117,0,62,4,16.169957283811,10.5066279653085
"5077",1659,"LITTLE RIVER LUMBER CO.",3,6,15,3,136,"N","S",5,117,0,62,4,16.1054966153818,10.5066279653085
"5078",1659,"SISKIYOU CASCADE FORESTRY",4,6,15,3,136,"N","S",5,117,0,62,4,16.0544953562154,10.5066279653085
"5079",1659,"PETE N. DANCER",2,6,15,3,136,"N","S",5,117,0,62,4,16.153346957971,10.5066279653085
"5080",1660,"SUN STUDS, INC.",5,6,15,3,340,"N","A",7,2,28,71,7,18.5978586783053,10.1152870021497
"5081",1660,"LITTLE RIVER LBR. CO.",6,6,15,3,340,"N","A",7,2,28,71,7,18.5978586783053,10.1152870021497
"5082",1660,"SWF PLYWOOD CO.",3,6,15,3,340,"N","A",7,2,28,71,7,19.0708126410748,10.1152870021497
"5083",1660,"ROSEBURG LUMBER CO.",1,6,15,3,340,"N","A",7,2,28,71,7,19.0898136255652,10.1152870021497
"5084",1660,"CHAMPION INTER. CORP.",7,6,15,3,340,"N","A",7,2,28,71,7,18.5978586783053,10.1152870021497
"5085",1660,"DOUGLAS COUNTY LBR. CO.",4,6,15,3,340,"N","A",7,2,28,71,7,18.5978586783053,10.1152870021497
"5086",1660,"BOISE CASCADE CORP.",2,6,15,3,340,"N","A",7,2,28,71,7,19.0896215499391,10.1152870021497
"5087",1661,"DOUGLAS CO. LBR. CO.",5,6,15,3,346,"N","A",7,2,58,67,6,18.7035525154351,10.1268710750549
"5088",1661,"SWF PLYWOOD COMPANY",6,6,15,3,346,"N","A",7,2,58,67,6,18.7035525154351,10.1268710750549
"5089",1661,"SUN STUDS, INC.",4,6,15,3,346,"N","A",7,2,58,67,6,18.7035525154351,10.1268710750549
"5090",1661,"CHAMPION INT. CORP.",3,6,15,3,346,"N","A",7,2,58,67,6,19.2362473067953,10.1268710750549
"5091",1661,"BOISE CASCADE CORP.",2,6,15,3,346,"N","A",7,2,58,67,6,19.2423315113777,10.1268710750549
"5092",1661,"ROSEBURG LUMBER CO.",1,6,15,3,346,"N","A",7,2,58,67,6,19.2460423252836,10.1268710750549
"5093",1662,"SUN STUDS, INC.",4,6,15,3,1080,"Y","A",6,2,0,88,4,17.3750344599117,9.84638796049556
"5094",1662,"MAZAMA TIMBER PRODUCTS, I",3,6,15,3,1080,"Y","A",6,2,0,88,4,17.3770127865179,9.84638796049556
"5095",1662,"CLAWSON ECHO-D TIMBER CO.",2,6,15,3,1080,"Y","A",6,2,0,88,4,17.4915468911395,9.84638796049556
"5096",1662,"DOUGLAS CO. LBR. CO.",1,6,15,3,1080,"Y","A",6,2,0,88,4,17.4926857840462,9.84638796049556
"5097",1663,"LITTLE RIVER LUMBER CO.",4,6,15,3,33,"Y","A",5,15,0,76,6,15.333655211952,10.1359475704877
"5098",1663,"VREDENBURG LBR.& PHILPOTT",3,6,15,3,33,"Y","A",5,15,0,76,6,15.3396519857763,10.1359475704877
"5099",1663,"DOUGLAS COUNTY LUMBER CO.",6,6,15,3,33,"Y","A",5,15,0,76,6,15.333655211952,10.1359475704877
"5100",1663,"CLAWSON ECHO-D TIMBER",1,6,15,3,33,"Y","A",5,15,0,76,6,15.9977568521198,10.1359475704877
"5101",1663,"SUN STUDS, INC.",2,6,15,3,33,"Y","A",5,15,0,76,6,15.9926684731502,10.1359475704877
"5102",1663,"ROSEBURG LUMBER CO.",5,6,15,3,33,"Y","A",5,15,0,76,6,15.333655211952,10.1359475704877
"5103",1664,"BOISE CASCADE CORP.",4,6,15,3,364,"N","A",7,2,59,62,7,19.1501675682912,10.0739473695649
"5104",1664,"ROSEBURG LUMBER CO.",2,6,15,3,364,"N","A",7,2,59,62,7,19.4304822194344,10.0739473695649
"5105",1664,"SUN STUDS, INC.",7,6,15,3,364,"N","A",7,2,59,62,7,18.7469352425417,10.0739473695649
"5106",1664,"LITTLE RIVER LUMBER CO.",6,6,15,3,364,"N","A",7,2,59,62,7,18.7469352425417,10.0739473695649
"5107",1664,"SWF PLYWOOD CO.",3,6,15,3,364,"N","A",7,2,59,62,7,19.2332345303539,10.0739473695649
"5108",1664,"DOUGLAS CO. LBR. CO.",5,6,15,3,364,"N","A",7,2,59,62,7,18.7469352425417,10.0739473695649
"5109",1664,"CHAMPION INTERNATIONAL",1,6,15,3,364,"N","A",7,2,59,62,7,19.4311377288688,10.0739473695649
"5110",1665,"DOUGLAS CO. LBR. CO.",5,6,15,3,286,"N","A",7,2,35,73,6,18.4322971119372,10.0637764974655
"5111",1665,"CHAMPION INTERNATIONAL",2,6,15,3,286,"N","A",7,2,35,73,6,18.9783638654907,10.0637764974655
"5112",1665,"LITTLE RIVER LBR. CO.",6,6,15,3,286,"N","A",7,2,35,73,6,18.4322971119372,10.0637764974655
"5113",1665,"BOISE CASCADE CORP.",3,6,15,3,286,"N","A",7,2,35,73,6,18.4322971119372,10.0637764974655
"5114",1665,"SUN STUDS, INC.",4,6,15,3,286,"N","A",7,2,35,73,6,18.4322971119372,10.0637764974655
"5115",1665,"ROSEBURG LUMBER CO.",1,6,15,3,286,"N","A",7,2,35,73,6,18.9803971553965,10.0637764974655
"5116",1666,"C&D LUMBER CO.",12,6,15,4,108,"N","S",6,2,0,48,12,17.8431564008331,9.94145748378776
"5117",1666,"GRANT E. FEERO",9,6,15,4,108,"N","S",6,2,0,48,12,18.0293717633876,9.94145748378776
"5118",1666,"HERBERT LUMBER CO.",7,6,15,4,108,"N","S",6,2,0,48,12,18.0455671335284,9.94145748378776
"5119",1666,"NORDIC PLYWOOD",6,6,15,4,108,"N","S",6,2,0,48,12,18.1405616003206,9.94145748378776
"5120",1666,"ROSEBURG LUMBER CO.",5,6,15,4,108,"N","S",6,2,0,48,12,18.146751269516,9.94145748378776
"5121",1666,"DOUGLAS COUNTY LUMBER CO.",4,6,15,4,108,"N","S",6,2,0,48,12,18.1615682467543,9.94145748378776
"5122",1666,"SOUTHERN LOGGING CO. INC.",11,6,15,4,108,"N","S",6,2,0,48,12,17.8523340523601,9.94145748378776
"5123",1666,"VPP CO.",8,6,15,4,108,"N","S",6,2,0,48,12,18.0446630726615,9.94145748378776
"5124",1666,"SUN STUDS, INC.",2,6,15,4,108,"N","S",6,2,0,48,12,18.2344839280319,9.94145748378776
"5125",1666,"ENGLE CONSTRUCTION CORP.",3,6,15,4,108,"N","S",6,2,0,48,12,18.1642469196109,9.94145748378776
"5126",1666,"SWF PLYWOOD CO.",1,6,15,4,108,"N","S",6,2,0,48,12,18.2551734714491,9.94145748378776
"5127",1666,"SKEELS LOGGING CO.",10,6,15,4,108,"N","S",6,2,0,48,12,18.0234868845603,9.94145748378776
"5128",1667,"JOHNSON TIMBER CO.",3,6,15,4,343,"N","S",7,2,15,48,7,18.1669836508072,10.0223366863745
"5129",1667,"SUN STUDS, INC.",2,6,15,4,343,"N","S",7,2,15,48,7,18.1743796137804,10.0223366863745
"5130",1667,"NORDIC PLYWOOD, INC.",4,6,15,4,343,"N","S",7,2,15,48,7,18.1365414550918,10.0223366863745
"5131",1667,"VPP CO., INC.",5,6,15,4,343,"N","S",7,2,15,48,7,18.0162682816182,10.0223366863745
"5132",1667,"SENECA TIMBER CO.",6,6,15,4,343,"N","S",7,2,15,48,7,17.9870395931499,10.0223366863745
"5133",1667,"HERBERT TIMBER CO.",7,6,15,4,343,"N","S",7,2,15,48,7,17.9512478318166,10.0223366863745
"5134",1667,"DOUGLAS COUNTY LUMBER CO.",1,6,15,4,343,"N","S",7,2,15,48,7,18.2073350366183,10.0223366863745
"5135",1668,"ROY HARVEY",5,6,15,4,2,"Y","S",5,205,0,53,5,13.8438258689443,10.6206197783465
"5136",1668,"PETE N. DANCER",1,6,15,4,2,"Y","S",5,205,0,53,5,14.2055235615135,10.6206197783465
"5137",1668,"H. D. SEBASTIAN",4,6,15,4,2,"Y","S",5,205,0,53,5,13.8569403677274,10.6206197783465
"5138",1668,"F. T. JONES & SONS",3,6,15,4,2,"Y","S",5,205,0,53,5,13.890358256453,10.6206197783465
"5139",1668,"WOODSTOCK LOGGING",2,6,15,4,2,"Y","S",5,205,0,53,5,14.1572687990147,10.6206197783465
"5140",1669,"JOHNSON TIMBER CO.",5,6,15,4,404,"N","S",7,2,37,46,6,18.3364755350784,9.95265859654258
"5141",1669,"LITTLE RIVER LUMBER CO.",1,6,15,4,404,"N","S",7,2,37,46,6,18.7995736508163,9.95265859654258
"5142",1669,"HERBERT LUMBER CO.",6,6,15,4,404,"N","S",7,2,37,46,6,18.1747400512567,9.95265859654258
"5143",1669,"DOUGLAS COUNTY LUMBER CO.",3,6,15,4,404,"N","S",7,2,37,46,6,18.4639189530737,9.95265859654258
"5144",1669,"NORDIC PLYWOOD, INC.",4,6,15,4,404,"N","S",7,2,37,46,6,18.4391049707105,9.95265859654258
"5145",1669,"SUN STUDS, INC.",2,6,15,4,404,"N","S",7,2,37,46,6,18.6996777602532,9.95265859654258
"5146",1670,"SUN STUDS, INC.",4,6,15,4,323,"Y","S",5,2,0,43,6,16.6974776509611,9.94073516656279
"5147",1670,"NORDIC PLYWOOD, INC.",2,6,15,4,323,"Y","S",5,2,0,43,6,16.7964606108647,9.94073516656279
"5148",1670,"ROSEBURG LUMBER CO.",3,6,15,4,323,"Y","S",5,2,0,43,6,16.746800839055,9.94073516656279
"5149",1670,"SKEELS LOGGING CO.",1,6,15,4,323,"Y","S",5,2,0,43,6,16.8034812885203,9.94073516656279
"5150",1670,"LITTLE RIVER LUMBER CO.",6,6,15,4,323,"Y","S",5,2,0,43,6,16.5190271645059,9.94073516656279
"5151",1670,"DOUGLAS COUNTY LUMBER CO.",5,6,15,4,323,"Y","S",5,2,0,43,6,16.5324656591588,9.94073516656279
"5152",1671,"VPP COMPANY",6,6,15,4,430,"N","S",6,2,16,48,7,17.6931830833773,9.96735397286454
"5153",1671,"F.T. JONES & SONS",7,6,15,4,430,"N","S",6,2,16,48,7,17.6731806457593,9.96735397286454
"5154",1671,"ENGLE CONSTRUCTION CORP.",5,6,15,4,430,"N","S",6,2,16,48,7,17.7245499167423,9.96735397286454
"5155",1671,"DOUGLAS COUNTY LUMBER CO.",4,6,15,4,430,"N","S",6,2,16,48,7,17.7555482614972,9.96735397286454
"5156",1671,"SUN STUDS, INC.",2,6,15,4,430,"N","S",6,2,16,48,7,17.8542488540828,9.96735397286454
"5157",1671,"NORDIC PLYWOOD, INC.",1,6,15,4,430,"N","S",6,2,16,48,7,17.8924162769501,9.96735397286454
"5158",1671,"LITTLE RIVER LUMBER CO.",3,6,15,4,430,"N","S",6,2,16,48,7,17.8509476482239,9.96735397286454
"5159",1672,"SUN STUDS, INC.",5,6,15,4,187,"N","S",6,2,0,54,5,17.9563445444443,9.92014799342924
"5160",1672,"F.T. JONES & SONS CO.",3,6,15,4,187,"N","S",6,2,0,54,5,18.1049780003953,9.92014799342924
"5161",1672,"ROSEBURG LUMBER CO.",1,6,15,4,187,"N","S",6,2,0,54,5,18.2042093839812,9.92014799342924
"5162",1672,"DOUGLAS COUNTY LUMBER CO.",2,6,15,4,187,"N","S",6,2,0,54,5,18.1421576662276,9.92014799342924
"5163",1672,"LITTLE RIVER LUMBER CO.",4,6,15,4,187,"N","S",6,2,0,54,5,18.0366193336838,9.92014799342924
"5164",1673,"SUN STUDS, INC.",6,6,15,4,387,"N","S",7,2,12,55,6,18.9171998964475,9.98077261524567
"5165",1673,"VPP CO.",4,6,15,4,387,"N","S",7,2,12,55,6,19.0617934607898,9.98077261524567
"5166",1673,"CHAMPION INTERNATIONAL CO",2,6,15,4,387,"N","S",7,2,12,55,6,19.1815913805777,9.98077261524567
"5167",1673,"LITTLE RIVER LUMBER CO.",5,6,15,4,387,"N","S",7,2,12,55,6,18.9995613675411,9.98077261524567
"5168",1673,"ROSEBURG LUMBER CO.",1,6,15,4,387,"N","S",7,2,12,55,6,19.237715091991,9.98077261524567
"5169",1673,"DOUGLAS COUNTY LUMBER CO.",3,6,15,4,387,"N","S",7,2,12,55,6,19.1310509038465,9.98077261524567
"5170",1674,"DOUGLAS COUNTY LUMBER CO.",3,6,15,4,30,"N","A",6,2,0,38,4,17.4585031293057,9.98012446707483
"5171",1674,"ROSEBURG LUMBER CO.",1,6,15,4,30,"N","A",6,2,0,38,4,17.5292045684526,9.98012446707483
"5172",1674,"SUN STUDS, INC.",2,6,15,4,30,"N","A",6,2,0,38,4,17.5289850589336,9.98012446707483
"5173",1674,"LITTLE RIVER LUMBER CO.",4,6,15,4,30,"N","A",6,2,0,38,4,17.3110479520008,9.98012446707483
"5174",1675,"SUN STUDS, INC.",2,6,15,4,198,"Y","S",5,2,0,53,2,14.7541262236394,9.99012385919568
"5175",1675,"LITTLE RIVER LUMBER CO.",1,6,15,4,198,"Y","S",5,2,0,53,2,15.1530032548486,9.99012385919568
"5176",1676,"NORDIC PLYWOOD, INC.",3,6,15,4,368,"N","S",6,2,2,43,6,18.1970793378386,10.1072851722528
"5177",1676,"DOUGLAS COUNTY LUMBER CO.",4,6,15,4,368,"N","S",6,2,2,43,6,18.1767651906501,10.1072851722528
"5178",1676,"LITTLE RIVER LUMBER CO.",6,6,15,4,368,"N","S",6,2,2,43,6,18.1404823322599,10.1072851722528
"5179",1676,"SUN STUDS, INC.",5,6,15,4,368,"N","S",6,2,2,43,6,18.1418577140459,10.1072851722528
"5180",1676,"ENGLE CONSTRUCTION CORP.",2,6,15,4,368,"N","S",6,2,2,43,6,18.2476999857499,10.1072851722528
"5181",1676,"ROSEBURG LUMBER CO.",1,6,15,4,368,"N","S",6,2,2,43,6,18.5761052977718,10.1072851722528
"5182",1677,"DOUGLAS COUNTY LUMBER CO.",3,6,15,4,100,"N","A",6,2,7,45,5,18.1843786221334,9.98377638376493
"5183",1677,"ROSEBURG LUMBER CO.",1,6,15,4,100,"N","A",6,2,7,45,5,18.205681562041,9.98377638376493
"5184",1677,"SUN STUDS, INC.",4,6,15,4,100,"N","A",6,2,7,45,5,17.9843472209342,9.98377638376493
"5185",1677,"ENGLE CONSTRUCTION CORP.",5,6,15,4,100,"N","A",6,2,7,45,5,17.9843472209342,9.98377638376493
"5186",1677,"CHAMPION INT. CORP.",2,6,15,4,100,"N","A",6,2,7,45,5,18.2035715740807,9.98377638376493
"5187",1678,"ROSEBURG LUMBER CO.",1,6,15,4,79,"N","A",5,2,3,45,4,17.145445351423,9.97785263449143
"5188",1678,"NORDIC PLYWOOD, INC.",3,6,15,4,79,"N","A",5,2,3,45,4,17.0850232218003,9.97785263449143
"5189",1678,"SUN STUDS, INC.",4,6,15,4,79,"N","A",5,2,3,45,4,16.9611901180242,9.97785263449143
"5190",1678,"DOUGLAS COUNTY LBR. CO.",2,6,15,4,79,"N","A",5,2,3,45,4,17.1412484905365,9.97785263449143
"5191",1679,"LITTLE RIVER LUMBER CO.",2,6,15,4,55,"Y","S",5,2,0,42,2,15.8108283675737,9.96034036412891
"5192",1679,"DOUGLAS COUNTY LUMBER CO.",1,6,15,4,55,"Y","S",5,2,0,42,2,15.9043329614499,9.96034036412891
"5193",1680,"SUN STUDS, INC.",3,6,15,4,183,"Y","A",5,2,0,46,4,16.2499893282589,9.97673801427572
"5194",1680,"DOUGLAS COUNTY LUMBER CO.",2,6,15,4,183,"Y","A",5,2,0,46,4,16.364810405831,9.97673801427572
"5195",1680,"LITTLE RIVER LUMBER CO.",4,6,15,4,183,"Y","A",5,2,0,46,4,16.2499893282589,9.97673801427572
"5196",1680,"NORDIC PLYWOOD, INC.",1,6,15,4,183,"Y","A",5,2,0,46,4,16.3671127757905,9.97673801427572
"5197",1681,"ROSEBURG LUMBER CO.",1,6,15,4,463,"N","A",7,2,21,42,6,18.75615248024,9.77121251322631
"5198",1681,"NORDIC PLYWOOD, INC",5,6,15,4,463,"N","A",7,2,21,42,6,18.2515316481032,9.77121251322631
"5199",1681,"LITTLE RIVER BOX CO.",3,6,15,4,463,"N","A",7,2,21,42,6,18.3758664156625,9.77121251322631
"5200",1681,"DOUGLAS CO. LUMBER CO.",4,6,15,4,463,"N","A",7,2,21,42,6,18.25406519948,9.77121251322631
"5201",1681,"CHAMPION INTERNATIONAL",2,6,15,4,463,"N","A",7,2,21,42,6,18.7552404385448,9.77121251322631
"5202",1681,"SUN STUDS, INC.",6,6,15,4,463,"N","A",7,2,21,42,6,18.2515316481032,9.77121251322631
"5203",1682,"DOUGLAS COUNTY LBR. CO.",3,6,15,4,117,"Y","A",5,2,0,46,5,16.0240398840491,10.0682813924619
"5204",1682,"SUN STUDS, INC.",4,6,15,4,117,"Y","A",5,2,0,46,5,15.904644971615,10.0682813924619
"5205",1682,"JOHNSON TIMBER CO.",5,6,15,4,117,"Y","A",5,2,0,46,5,15.904644971615,10.0682813924619
"5206",1682,"LITTLE RIVER LUMBER CO.",2,6,15,4,117,"Y","A",5,2,0,46,5,16.0457743893785,10.0682813924619
"5207",1682,"ROSEBURG LUMBER CO.",1,6,15,4,117,"Y","A",5,2,0,46,5,16.0479220827232,10.0682813924619
"5208",1683,"DOUGLAS CO. LBR. CO.",3,6,15,4,154,"Y","A",5,2,2,54,4,16.4708967010502,10.0232242341385
"5209",1683,"LITTLE RIVER LUMBER CO.",4,6,15,4,154,"Y","A",5,2,2,54,4,16.3027129039574,10.0232242341385
"5210",1683,"NORDIC PLYWOOD, INC.",2,6,15,4,154,"Y","A",5,2,2,54,4,16.5714285932585,10.0232242341385
"5211",1683,"ROSEBURG LUMBER CO.",1,6,15,4,154,"Y","A",5,2,2,54,4,16.5736503960156,10.0232242341385
"5212",1684,"LITTLE RIVER LUMBER CO.",6,6,15,4,96,"N","A",7,2,12,38,6,18.415170289246,10.0186003596366
"5213",1684,"TANG FELDT WOOD PRODUCTS",5,6,15,4,96,"N","A",7,2,12,38,6,18.415170289246,10.0186003596366
"5214",1684,"DOUGLAS COUNTY LBR. CO.",3,6,15,4,96,"N","A",7,2,12,38,6,18.415170289246,10.0186003596366
"5215",1684,"CHAMPION INTERNATIONAL",2,6,15,4,96,"N","A",7,2,12,38,6,18.8697980138764,10.0186003596366
"5216",1684,"SUN STUDS, INC.",4,6,15,4,96,"N","A",7,2,12,38,6,18.415170289246,10.0186003596366
"5217",1684,"ROSEBURG LUMBER CO.",1,6,15,4,96,"N","A",7,2,12,38,6,18.8705332589374,10.0186003596366
"5218",1685,"JIM MARIER",3,6,15,5,18,"N","S",5,2,0,46,7,13.7437674795514,9.9362451167743
"5219",1685,"VREDENBURG & PHILPOTT",4,6,15,5,18,"N","S",5,2,0,46,7,13.7324223842298,9.9362451167743
"5220",1685,"F. T. JONES & SONS",1,6,15,5,18,"N","S",5,2,0,46,7,13.9076612062469,9.9362451167743
"5221",1685,"PETE DANCER",7,6,15,5,18,"N","S",5,2,0,46,7,13.4585069886056,9.9362451167743
"5222",1685,"WOODSTOCK LOGGING",2,6,15,5,18,"N","S",5,2,0,46,7,13.7624683667267,9.9362451167743
"5223",1685,"CLAWSON ECHO-D",5,6,15,5,18,"N","S",5,2,0,46,7,13.7133006295457,9.9362451167743
"5224",1685,"ROCK CREEK CUTTERS",6,6,15,5,18,"N","S",5,2,0,46,7,13.5934289425964,9.9362451167743
"5225",1686,"ROSBORO LUMBER CO.",6,6,15,5,181,"N","S",7,2,12,61,12,18.5739038508597,9.94049427816522
"5226",1686,"GOLDEN STATE BLDG. PROD.",3,6,15,5,181,"N","S",7,2,12,61,12,18.6336535481235,9.94049427816522
"5227",1686,"HERBERT LUMBER CO.",11,6,15,5,181,"N","S",7,2,12,61,12,18.3571667644594,9.94049427816522
"5228",1686,"NORDIC PLYWOOD, INC.",8,6,15,5,181,"N","S",7,2,12,61,12,18.509763391047,9.94049427816522
"5229",1686,"C & D LUMBER CO.",12,6,15,5,181,"N","S",7,2,12,61,12,18.3531307595744,9.94049427816522
"5230",1686,"DOUGLAS COUNTY LBR. CO.",5,6,15,5,181,"N","S",7,2,12,61,12,18.6273054065945,9.94049427816522
"5231",1686,"MAZAMA TIMBER PROD., INC.",2,6,15,5,181,"N","S",7,2,12,61,12,18.6753237375194,9.94049427816522
"5232",1686,"SENECA TIMBER COMPANY",1,6,15,5,181,"N","S",7,2,12,61,12,18.6908994658653,9.94049427816522
"5233",1686,"VPP CO., INC.",4,6,15,5,181,"N","S",7,2,12,61,12,18.6336535481235,9.94049427816522
"5234",1686,"JOHNSON TIMBER CO.",7,6,15,5,181,"N","S",7,2,12,61,12,18.5492331369044,9.94049427816522
"5235",1686,"SUN STUDS, INC.",9,6,15,5,181,"N","S",7,2,12,61,12,18.4599351103855,9.94049427816522
"5236",1686,"ENGLE CONSTRUCTION CORP.",10,6,15,5,181,"N","S",7,2,12,61,12,18.4572836104563,9.94049427816522
"5237",1687,"ROSBORO LUMBER CO.",12,6,15,5,195,"N","S",7,2,17,63,12,18.6339282909377,9.93008079680565
"5238",1687,"SUN STUDS, INC.",10,6,15,5,195,"N","S",7,2,17,63,12,18.6945592338025,9.93008079680565
"5239",1687,"MAZAMA TIMBER PROD.",3,6,15,5,195,"N","S",7,2,17,63,12,18.9103374795127,9.93008079680565
"5240",1687,"POPE & TALBOT, INC.",2,6,15,5,195,"N","S",7,2,17,63,12,18.9948816500559,9.93008079680565
"5241",1687,"C&D LUMBER CO.",11,6,15,5,195,"N","S",7,2,17,63,12,18.6652460033007,9.93008079680565
"5242",1687,"HANK WESTBROOK",9,6,15,5,195,"N","S",7,2,17,63,12,18.7136346458597,9.93008079680565
"5243",1687,"NORDIC PLYWOOD, INC.",6,6,15,5,195,"N","S",7,2,17,63,12,18.8512942957035,9.93008079680565
"5244",1687,"VPP CO., INC.",5,6,15,5,195,"N","S",7,2,17,63,12,18.8615625442198,9.93008079680565
"5245",1687,"SENECO TIMBER COMPANY",4,6,15,5,195,"N","S",7,2,17,63,12,18.9016515136578,9.93008079680565
"5246",1687,"ROSEBURG LUMBER CO.",1,6,15,5,195,"N","S",7,2,17,63,12,19.0053988166486,9.93008079680565
"5247",1687,"DOUGLAS COUNTY LBR. CO.",7,6,15,5,195,"N","S",7,2,17,63,12,18.816072620322,9.93008079680565
"5248",1687,"ENGLE CONSTRUCTION CORP.",8,6,15,5,195,"N","S",7,2,17,63,12,18.7204267536011,9.93008079680565
"5249",1688,"SUN STUDS INC.",3,6,15,5,316,"N","S",7,2,26,45,7,18.6520979737987,9.95113420600348
"5250",1688,"NORDIC PLYWOOD INC.",2,6,15,5,316,"N","S",7,2,26,45,7,18.6953368456158,9.95113420600348
"5251",1688,"JOHNSON TIMBER CO.",5,6,15,5,316,"N","S",7,2,26,45,7,18.4796399797831,9.95113420600348
"5252",1688,"C&D LUMBER CO.",6,6,15,5,316,"N","S",7,2,26,45,7,18.4663250125964,9.95113420600348
"5253",1688,"HERBERT LUMBER CO.",4,6,15,5,316,"N","S",7,2,26,45,7,18.488229105971,9.95113420600348
"5254",1688,"DOUGLAS COUNTY LUMBER CO.",1,6,15,5,316,"N","S",7,2,26,45,7,18.7425917644798,9.95113420600348
"5255",1688,"VPP CO., INC.",7,6,15,5,316,"N","S",7,2,26,45,7,18.3547225488878,9.95113420600348
"5256",1689,"SUN STUDS, INC.",5,6,15,5,195,"N","S",5,2,0,55,6,17.2422814649123,9.96758847794265
"5257",1689,"CLAWSON ECHO-D TIMBER CO.",2,6,15,5,195,"N","S",5,2,0,55,6,17.3982958940666,9.96758847794265
"5258",1689,"DOUGLAS COUNTY LUMBER CO.",3,6,15,5,195,"N","S",5,2,0,55,6,17.3151254080175,9.96758847794265
"5259",1689,"HARLAN D. SEBASTIAN",6,6,15,5,195,"N","S",5,2,0,55,6,17.1912431122883,9.96758847794265
"5260",1689,"NORDIC PLYWOOD, INC.",4,6,15,5,195,"N","S",5,2,0,55,6,17.256441341845,9.96758847794265
"5261",1689,"SENECA TIMBER CO.",1,6,15,5,195,"N","S",5,2,0,55,6,17.7099641206823,9.96758847794265
"5262",1690,"NORDIC PLYWOOD, INC.",2,6,15,5,300,"N","S",6,2,0,55,4,17.9435477611528,9.92593374136596
"5263",1690,"DOUGLAS COUNTY LUMBER CO.",4,6,15,5,300,"N","S",6,2,0,55,4,17.6359203414104,9.92593374136596
"5264",1690,"ROSEBURG LUMBER CO.",3,6,15,5,300,"N","S",6,2,0,55,4,17.8858868285456,9.92593374136596
"5265",1690,"LITTLE RIVER LUMBER CO.",1,6,15,5,300,"N","S",6,2,0,55,4,17.9514847884504,9.92593374136596
"5266",1691,"ROGER M. JONES",2,6,15,5,50,"Y","S",5,2,0,48,2,14.1605934732011,9.97548257970728
"5267",1691,"CLAWSON ECHO-D TIMBER CO.",1,6,15,5,50,"Y","S",5,2,0,48,2,14.5939207964276,9.97548257970728
"5268",1692,"LITTLE RIVER LUMBER CO.",1,6,15,5,109,"N","S",5,2,0,59,6,17.10260188558,9.93066488054092
"5269",1692,"ROSEBURG LUMBER CO.",4,6,15,5,109,"N","S",5,2,0,59,6,16.8257619176175,9.93066488054092
"5270",1692,"SUN STUDS, INC.",5,6,15,5,109,"N","S",5,2,0,59,6,16.7696288567978,9.93066488054092
"5271",1692,"WOODSTOCK LOGGING CO.",3,6,15,5,109,"N","S",5,2,0,59,6,16.939297378567,9.93066488054092
"5272",1692,"DOUGLAS COUNTY LUMBER CO.",2,6,15,5,109,"N","S",5,2,0,59,6,16.956329701702,9.93066488054092
"5273",1692,"ENGLE CONSTRUCTION CORP.",6,6,15,5,109,"N","S",5,2,0,59,6,16.7475999092123,9.93066488054092
"5274",1693,"LITTLE RIVER LUMBER CO.",2,6,15,5,70,"Y","A",5,205,0,49,3,15.0677019345607,10.5754877024946
"5275",1693,"MT. SCOTT LOGGING",3,6,15,5,70,"Y","A",5,205,0,49,3,14.8351590012221,10.5754877024946
"5276",1693,"ARCHIE D. CLAWSON",1,6,15,5,70,"Y","A",5,205,0,49,3,15.0739715475743,10.5754877024946
"5277",1694,"DOUGLAS COUNTY LUMBER CO.",4,6,15,5,79,"N","S",5,2,0,44,6,15.3900319210281,10.1603366363155
"5278",1694,"LITTLE RIVER LUMBER CO.",6,6,15,5,79,"N","S",5,2,0,44,6,14.6501269183919,10.1603366363155
"5279",1694,"ROSEBURG LUMBER CO.",2,6,15,5,79,"N","S",5,2,0,44,6,15.9307571302205,10.1603366363155
"5280",1694,"FIBREBOARD CORPORATION",1,6,15,5,79,"N","S",5,2,0,44,6,16.2321053543199,10.1603366363155
"5281",1694,"WESTLOG, INC.",5,6,15,5,79,"N","S",5,2,0,44,6,15.1848952531371,10.1603366363155
"5282",1694,"SUN STUDS, INC.",3,6,15,5,79,"N","S",5,2,0,44,6,15.5247992352176,10.1603366363155
"5283",1695,"ENGLE CONSTRUCTION CORP.",4,6,15,5,290,"N","A",7,2,19,60,6,18.2266480790464,9.86573376292421
"5284",1695,"JOHNSON TIMBER CO.",5,6,15,5,290,"N","A",7,2,19,60,6,18.2266480790464,9.86573376292421
"5285",1695,"DOUGLAS COUNTY LUMBER CO.",1,6,15,5,290,"N","A",7,2,19,60,6,18.7209505079463,9.86573376292421
"5286",1695,"NORDIC PLYWOOD, INC.",2,6,15,5,290,"N","A",7,2,19,60,6,18.7197648158487,9.86573376292421
"5287",1695,"SUN STUDS, INC.",3,6,15,5,290,"N","A",7,2,19,60,6,18.2266480790464,9.86573376292421
"5288",1695,"C&D LUMBER CO.",6,6,15,5,290,"N","A",7,2,19,60,6,18.2266480790464,9.86573376292421
"5289",1696,"BOHEMIA, INC.",1,6,15,5,270,"N","A",7,2,18,27,5,19.2834989665689,10.0091980069582
"5290",1696,"DOUGLAS COUNTY LUMBER",5,6,15,5,270,"N","A",7,2,18,27,5,18.6580514082296,10.0091980069582
"5291",1696,"SUN STUDS, INC.",4,6,15,5,270,"N","A",7,2,18,27,5,18.6580514082296,10.0091980069582
"5292",1696,"CHAMPION INTERNATIONAL",2,6,15,5,270,"N","A",7,2,18,27,5,19.2831148990358,10.0091980069582
"5293",1696,"ROSEBURG LUMBER CO.",3,6,15,5,270,"N","A",7,2,18,27,5,19.1309283748027,10.0091980069582
"5294",1697,"SUN STUDS, INC.",4,6,15,5,263,"N","A",7,2,19,18,4,18.4169036195908,10.0348227853661
"5295",1697,"LITTLE RIVER LUMBER CO.",3,6,15,5,263,"N","A",7,2,19,18,4,18.4172398307949,10.0348227853661
"5296",1697,"ROSEBURG LUMBER CO.",1,6,15,5,263,"N","A",7,2,19,18,4,18.8569789229829,10.0348227853661
"5297",1697,"DOUGLAS COUNTY LBR. CO.",2,6,15,5,263,"N","A",7,2,19,18,4,18.8526384696857,10.0348227853661
"5298",1698,"ELLINGSON LUMBER CO.",1,6,16,1,3041,"N","A",7,15,60,28,3,18.752644977637,10.359011860517
"5299",1698,"HARRIS PINE MILLS",2,6,16,1,3041,"N","A",7,15,60,28,3,18.7465274432484,10.359011860517
"5300",1698,"HOFF-RONDE VALLEY LUMBER",3,6,16,1,3041,"N","A",7,15,60,28,3,18.7207801512041,10.359011860517
"5301",1699,"ELLINGSON LUMBER CO.",1,6,16,1,19150,"Y","S",7,122,0,45,1,17.2996694603408,10.2446274500877
"5302",1700,"BOISE CASCADE CORPORATION",2,6,16,1,13450,"Y","S",7,122,0,55,2,17.2112765496292,10.2446274500877
"5303",1700,"ELLINGSON LUMBER CO.",1,6,16,1,13450,"Y","S",7,122,0,55,2,17.4171286038334,10.2446274500877
"5304",1701,"BOISE CASCADE CORPORATION",2,6,16,1,6080,"Y","A",6,122,0,45,2,16.6625978010837,10.2245923120262
"5305",1701,"ELLINGSON LUMBER CO.",1,6,16,1,6080,"Y","A",6,122,0,45,2,16.6676611030402,10.2245923120262
"5306",1702,"ELLINGSON LUMBER CO.",1,6,16,1,1123,"N","S",6,93,51,30,2,17.6157077482102,10.2971499485251
"5307",1702,"BOISE CASCADE CORPORATION",2,6,16,1,1123,"N","S",6,93,51,30,2,17.6059036379344,10.2971499485251
"5308",1703,"BOISE CASCADE CORPORATION",2,6,16,1,2500,"N","A",7,122,67,21,2,17.8281568762019,10.3602159545818
"5309",1703,"ELLINGSON LUMBER CO.",1,6,16,1,2500,"N","A",7,122,67,21,2,17.8344129250195,10.3602159545818
"5310",1704,"HOFF-RONDE VALLEY",2,6,16,1,3437,"N","S",7,15,129,31,2,18.1490255521774,10.318341777941
"5311",1704,"ELLINGSON LUMBER CO.",1,6,16,1,3437,"N","S",7,15,129,31,2,18.2573921065407,10.318341777941
"5312",1705,"COLUMBIA HELICOPTERS, INC",1,6,16,2,2850,"N","S",7,122,33,37,2,17.9437991154058,10.3163585029049
"5313",1705,"BOISE CASCADE CORPORATION",2,6,16,2,2850,"N","S",7,122,33,37,2,17.7243525092002,10.3163585029049
"5314",1706,"BOISE CASCADE CORPORATION",1,6,16,2,1950,"N","A",7,15,38,39,1,17.8273101177163,10.2938390228342
"5315",1707,"JOSEPH FOREST PROD.",1,6,16,2,160,"Y","S",5,108,0,34,2,13.9651152059436,9.96397098791564
"5316",1707,"WOODY CONTRACTING",2,6,16,2,160,"Y","S",5,108,0,34,2,13.8040703678217,9.96397098791564
"5317",1708,"WOODY CONTRACTING, INC.",1,6,16,2,240,"Y","S",5,108,0,34,1,13.8012544204161,9.96397098791564
"5318",1710,"BOISE CASCADE CORPORATION",1,6,16,2,199,"Y","A",5,108,0,30,1,14.1254114540047,9.96397098791564
"5319",1711,"COLUMBIA HELICOPTERS, INC",1,6,16,2,2500,"N","A",7,15,235,39,1,16.935264146364,10.3380906623876
"5320",1712,"JOSEPH FOREST PRODUCTS",1,6,16,3,400,"Y","A",5,122,0,43,6,13.6771216725149,10.237707254104
"5321",1712,"BILL RICKERT",3,6,16,3,400,"Y","A",5,122,0,43,6,13.6222412931018,10.237707254104
"5322",1712,"WOODY CONSTRUCTION CO.",6,6,16,3,400,"Y","A",5,122,0,43,6,12.6896863609435,10.237707254104
"5323",1712,"PAT WORTMAN",4,6,16,3,400,"Y","A",5,122,0,43,6,12.9782273827951,10.237707254104
"5324",1712,"STARNER LUMBER CO.",5,6,16,3,400,"Y","A",5,122,0,43,6,12.690425948965,10.237707254104
"5325",1712,"ORRIN KIRKEBY",2,6,16,3,400,"Y","A",5,122,0,43,6,13.6591607952591,10.237707254104
"5326",1713,"COLUMBIA HELICOPTERS, INC",1,6,16,5,3817,"N","A",8,15,17,42,1,18.1004727249703,10.3131438652628
"5327",1714,"BOISE CASCADE CORPORATION",1,6,16,5,1300,"N","A",7,108,0,30,2,16.1526902957228,9.96397098791564
"5328",1714,"JOSEPH FOREST PRODUCTS",2,6,16,5,1300,"N","A",7,108,0,30,2,16.1524197800023,9.96397098791564
"5329",1715,"JIMBOB LOGGING",1,6,16,6,178,"Y","S",5,122,0,43,1,12.2489405457573,10.1100951352102
"5330",1716,"BOISE CASCADE CORPORATION",2,6,16,6,1310,"N","S",7,70,50,18,2,17.155502524182,10.1872369019602
"5331",1716,"HOFF-RONDE VALLEY LUMBER",1,6,16,6,1310,"N","S",7,70,50,18,2,17.320530272888,10.1872369019602
"5332",1718,"BOISE CASCADE CORPORATION",1,6,16,6,1800,"Y","A",7,15,11,40,1,17.1979667488072,10.4201958394603
"5333",1719,"COLUMBIA HELICOPTERS, INC",2,6,16,6,9260,"Y","A",7,122,2,35,2,15.9879300163815,10.1435275515101
"5334",1719,"BOISE CASCADE CORPORATION",1,6,16,6,9260,"Y","A",7,122,2,35,2,15.9916817261027,10.1435275515101
"5335",1721,"BOISE CASCADE CORPORATION",1,6,16,6,775,"Y","A",5,122,0,37,1,14.82969721463,10.1072443900501
"5336",1723,"HOFF-RONDE VALLEY LBR. CO",2,6,16,6,1260,"N","S",6,15,9,32,2,16.5007287478168,10.2478216606401
"5337",1723,"BOISE CASCADE CORPORATION",1,6,16,6,1260,"N","S",6,15,9,32,2,16.5649457950491,10.2478216606401
"5338",1724,"FOREST RECOVERY, INC.",2,6,16,6,438,"Y","A",7,108,0,41,2,12.8346813049525,8.59433940059289
"5339",1724,"CRISSTAD ENTERPRISES, INC",1,6,16,6,438,"Y","A",7,108,0,41,2,12.8739020181058,8.59433940059289
"5340",1725,"HOFF-RONDE VALLEY LBR. CO",2,6,16,6,750,"N","S",6,122,0,35,3,16.6451882471882,10.240780880541
"5341",1725,"BOISE CASCADE CORPORATION",3,6,16,6,750,"N","S",6,122,0,35,3,16.5398014947963,10.240780880541
"5342",1725,"LOUISIANA-PACIFIC CORPORA",1,6,16,6,750,"N","S",6,122,0,35,3,16.6783683659271,10.240780880541
"5343",1726,"CRISSTAD ENTERPRISES, INC",1,6,16,6,514,"Y","A",7,108,0,82,2,14.7423455037141,8.59433940059289
"5344",1726,"FOREST RECOVERY, INC.",2,6,16,6,514,"Y","A",7,108,0,82,2,14.7228009076411,8.59433940059289
"5345",1728,"HOFF-RONDE VALLEY LUMBER",3,6,16,6,500,"Y","S",6,15,0,25,3,16.6487239020205,10.3041745971912
"5346",1728,"BOISE CASCADE CORPORATION",1,6,16,6,500,"Y","S",6,15,0,25,3,16.7582639067274,10.3041745971912
"5347",1728,"TOMCO INC.",2,6,16,6,500,"Y","S",6,15,0,25,3,16.7525538351696,10.3041745971912
"5348",1729,"HOFF-RONDE VALLEY LBR. CO",2,6,16,6,109,"N","S",5,122,0,17,2,15.1375596882661,10.204554644598
"5349",1729,"BOISE CASCADE CORPORATION",1,6,16,6,109,"N","S",5,122,0,17,2,15.1533654434163,10.204554644598
"5350",1730,"BOISE CASCADE CORPORATION",1,6,16,6,2210,"Y","A",5,122,0,27,1,14.903971495576,10.0427276196276
"5351",1731,"BOISE CASCADE CORPORATION",1,6,16,6,12228,"Y","A",6,122,9,23,1,17.0372462893983,10.1125727465993
"5352",1732,"BOISE CASCADE CORPORATION",1,6,16,6,1200,"Y","A",5,122,0,44,1,16.6875769005162,10.3248588176613
"5353",1733,"ELLINGSON LUMBER CO.",1,6,16,7,2502,"N","A",7,15,0,65,1,18.6476465810163,10.3922822682313
"5354",1734,"HOFF-RONDE VALLEY LUMBER",2,6,16,8,1920,"N","A",6,15,0,17,2,17.6086148831357,10.2805188919817
"5355",1734,"BOISE CASCADE CORPORATION",1,6,16,8,1920,"N","A",6,15,0,17,2,17.6088851534077,10.2805188919817
"5356",1735,"HOFF-RONDE VALLEY LBR. CO",1,6,16,8,1525,"N","A",7,15,0,23,2,17.6589763112953,10.2504050470189
"5357",1735,"BOISE CASCADE CORPORATION",2,6,16,8,1525,"N","A",7,15,0,23,2,17.6565615919213,10.2504050470189
"5358",1736,"BOISE CASCADE CORPORATION",1,6,16,8,235,"N","S",5,108,0,26,1,15.3039101420213,10.0263244624952
"5359",1737,"HOFF-RONDE VALLEY LBR. CO",2,6,16,8,1988,"N","A",6,15,0,25,2,17.3248236562299,10.3477245551448
"5360",1737,"BOISE CASCADE CORPORATION",1,6,16,8,1988,"N","A",6,15,0,25,2,17.3249582757281,10.3477245551448
"5361",1738,"BOISE CASCADE CORPORATION",1,6,16,8,628,"N","S",6,15,0,34,3,17.2391378315926,10.357075935826
"5362",1738,"HOFF-RONDE VALLEY LBR. CO",3,6,16,8,628,"N","S",6,15,0,34,3,17.0210782207687,10.357075935826
"5363",1738,"ELLINGSON LUMBER CO.",2,6,16,8,628,"N","S",6,15,0,34,3,17.0846611587061,10.357075935826
"5364",1739,"ELLINGSON LUMBER CO.",2,6,16,8,2066,"N","S",7,15,0,31,2,17.5715742489712,10.3172184050613
"5365",1739,"HOFF-RONDE VALLEY LUMBER",1,6,16,8,2066,"N","S",7,15,0,31,2,17.5718079773845,10.3172184050613
"5366",1740,"BOISE CASCADE CORPORATION",1,6,16,8,280,"Y","A",5,15,0,17,1,15.8108868331514,10.4755117510231
"5367",1741,"BOISE CASCADE CORPORATION",2,6,16,9,19300,"Y","S",6,122,0,41,2,15.8873230724796,10.0717524423403
"5368",1741,"ELLINGSON LUMBER CO.",1,6,16,9,19300,"Y","S",6,122,0,41,2,16.3256950149365,10.0717524423403
"5369",1742,"ELLINGSON LUMBER CO.",1,6,16,9,2382,"Y","A",6,122,0,58,1,17.6300662586661,10.310518101369
"5370",1743,"BOISE CASCADE CORP.",3,6,17,3,414,"N","S",7,2,26,30,4,17.6422327226012,9.13895177588853
"5371",1743,"ALL AMERICAN PLYWOOD CO.",1,6,17,3,414,"N","S",7,2,26,30,4,17.9106514696826,9.13895177588853
"5372",1743,"CANYON LUMBER CO.",2,6,17,3,414,"N","S",7,2,26,30,4,17.8741208556352,9.13895177588853
"5373",1743,"S. F. HILL LUMBER CO. INC",4,6,17,3,414,"N","S",7,2,26,30,4,17.6355454593787,9.13895177588853
"5374",1744,"BUSE TIMBER & SALES, INC.",2,6,17,3,394,"N","S",7,2,9,28,2,18.1182504491517,9.13421498158669
"5375",1744,"BOISE CASCADE CORP.",1,6,17,3,394,"N","S",7,2,9,28,2,18.1610080539463,9.13421498158669
"5376",1745,"IVAN DOWNS",1,6,17,3,3,"Y","S",5,263,0,15,1,13.2804263940515,10.3184738565279
"5377",1746,"IVAN DOWNS",1,6,17,3,59,"Y","S",5,2,0,26,1,15.8900526167558,9.11151401766929
"5378",1747,"BOISE CASCADE CORP.",2,6,17,3,1037,"N","S",8,2,29,11,2,18.2259557819772,9.40927319457533
"5379",1747,"ALPINE VENEERS INC.",1,6,17,3,1037,"N","S",8,2,29,11,2,18.4159184220775,9.40927319457533
"5380",1748,"BOISE CASCADE CORP.",2,6,17,3,73,"Y","A",5,2,0,36,2,15.6126720764813,9.25941620962278
"5381",1748,"ALPINE VENEERS INC.",1,6,17,3,73,"Y","A",5,2,0,36,2,15.6667174858357,9.25941620962278
"5382",1749,"ALL-AMERICAN PLYWOOD CO.",1,6,17,4,2501,"N","S",8,17,61,33,2,18.3967588842557,10.3223294576859
"5383",1749,"BOISE CASCADE CORP.",2,6,17,4,2501,"N","S",8,17,61,33,2,18.2212244219513,10.3223294576859
"5384",1750,"BOISE CASCADE CORPORATION",1,6,17,4,630,"N","S",6,17,0,26,3,17.1273629327485,10.3569170871608
"5385",1750,"THE PACK RIVER CORP",3,6,17,4,630,"N","S",6,17,0,26,3,17.0033521647,10.3569170871608
"5386",1750,"LOUISIANA-PACIFIC CORP",2,6,17,4,630,"N","S",6,17,0,26,3,17.1110429331715,10.3569170871608
"5387",1751,"W.R.W. LOGGING CO.",1,6,17,5,555,"Y","S",5,122,0,15,1,12.6417759366989,9.82244017368281
"5388",1752,"W.R.W. LOGGING CO.",2,6,17,5,324,"Y","S",5,15,0,33,2,13.6805106590406,10.2103102685153
"5389",1752,"JACK HOLLIDAY",1,6,17,5,324,"Y","S",5,15,0,33,2,13.8875511803366,10.2103102685153
"5390",1756,"THE PACK RIVER COMPANY",3,6,17,5,17,"N","S",5,108,0,26,3,13.6544023975695,9.96397098791564
"5391",1756,"GENE FLAGG",2,6,17,5,17,"N","S",5,108,0,26,3,13.7937760658183,9.96397098791564
"5392",1756,"CUSTOM CUT LOG HOMES",1,6,17,5,17,"N","S",5,108,0,26,3,13.9148761398618,9.96397098791564
"5393",1759,"THE PACK RIVER COMPANY",1,6,17,6,25,"N","S",5,15,0,30,2,14.0444580338761,10.2130656478371
"5394",1759,"RAYMOND A. THAYER",2,6,17,6,25,"N","S",5,15,0,30,2,13.8098948191786,10.2130656478371
"5395",1761,"THE PACK RIVER COMPANY",1,6,17,6,185,"N","S",5,15,0,33,1,16.6340198548465,10.3004499481525
"5396",1762,"THE PACK RIVER COMPANY",1,6,17,6,1280,"N","S",7,15,11,31,1,17.3611932022945,10.293906702439
"5397",1765,"MURRAY PACIFIC CORPORATIO",1,6,17,7,3,"N","D",5,15,0,13,1,13.1752688714992,10.4032016715474
"5398",1766,"PAN PACIFIC TRADING COMPA",1,6,17,7,6,"N","D",5,15,0,22,1,14.5610656365103,10.465300924015
"5399",1767,"BOISE CASCADE CORPORATION",1,6,17,8,1312,"N","S",7,17,52,27,2,17.9880268478987,10.3056806467739
"5400",1767,"LAYMAN LUMBER COMPANY",2,6,17,8,1312,"N","S",7,17,52,27,2,17.9819044271232,10.3056806467739
"5401",1768,"LAYMAN LUMBER COMPANY",1,6,17,8,314,"N","A",6,17,8,33,2,17.1057056129144,10.2082848208435
"5402",1768,"BOISE CASCADE CORPORATION",2,6,17,8,314,"N","A",6,17,8,33,2,17.1051094899314,10.2082848208435
"5403",1769,"WEST COMPANY CONST.",1,6,17,8,23,"N","D",5,17,0,41,1,14.4933867279256,10.1587497337318
"5404",1770,"LAYMAN LUMBER COMPANY",2,6,17,8,522,"N","S",7,17,13,23,2,17.7357655871179,10.3226583077004
"5405",1770,"BOISE CASCADE CORP.",1,6,17,8,522,"N","S",7,17,13,23,2,17.7762684879409,10.3226583077004
"5406",1771,"BOISE CASCADE CORPORATION",1,6,17,8,1401,"N","A",7,17,19,36,1,18.6134261168474,10.4403025087634
"5407",1772,"JEFFERSON LOGGING CO. INC",1,6,17,8,1140,"Y","D",5,17,0,28,1,13.0176026818185,10.021848199121
"5408",1774,"BOISE CASCADE CORP.",2,6,17,9,396,"N","A",6,122,5,24,2,17.4648692539159,10.3827915489792
"5409",1774,"LAYMAN LUMBER CO., INC.",1,6,17,9,396,"N","A",6,122,5,24,2,17.4662986609555,10.3827915489792
"5410",1775,"MAZAMA TIMBER",3,6,18,1,424,"Y","S",5,205,0,60,4,16.2951801851234,10.6124834756504
"5411",1775,"MCDOUGAL BROS.",4,6,18,1,424,"Y","S",5,205,0,60,4,16.236713893288,10.6124834756504
"5412",1775,"YOUNG & MORGAN",2,6,18,1,424,"Y","S",5,205,0,60,4,16.29537116453,10.6124834756504
"5413",1775,"T.E. RICHARDS LOGGING",1,6,18,1,424,"Y","S",5,205,0,60,4,16.3062601047355,10.6124834756504
"5414",1776,"GOLDEN STATE",6,6,18,1,171,"N","S",7,2,2,50,12,18.7790437622914,9.88700241627627
"5415",1776,"ZIP-O-LOG VENEER",5,6,18,1,171,"N","S",7,2,2,50,12,18.7821208166105,9.88700241627627
"5416",1776,"ROSBORO LMBR.",7,6,18,1,171,"N","S",7,2,2,50,12,18.7701009356992,9.88700241627627
"5417",1776,"MAZAMA TIMBER",3,6,18,1,171,"N","S",7,2,2,50,12,18.8968124332248,9.88700241627627
"5418",1776,"CAMAC VENEER",8,6,18,1,171,"N","S",7,2,2,50,12,18.7494001477378,9.88700241627627
"5419",1776,"TANGFELDT",4,6,18,1,171,"N","S",7,2,2,50,12,18.8936418704884,9.88700241627627
"5420",1776,"CHAMPION INTERNATIONAL",1,6,18,1,171,"N","S",7,2,2,50,12,19.0311585618656,9.88700241627627
"5421",1776,"V.P.P. CO.",12,6,18,1,171,"N","S",7,2,2,50,12,18.6864001428869,9.88700241627627
"5422",1776,"BOHEMIA",11,6,18,1,171,"N","S",7,2,2,50,12,18.6893634663944,9.88700241627627
"5423",1776,"SWF PLY",9,6,18,1,171,"N","S",7,2,2,50,12,18.7297377364118,9.88700241627627
"5424",1776,"HILLS CREEK",2,6,18,1,171,"N","S",7,2,2,50,12,18.9276820643834,9.88700241627627
"5425",1776,"CABAX MILLS",10,6,18,1,171,"N","S",7,2,2,50,12,18.710121269419,9.88700241627627
"5426",1777,"WILLAMETTE IND.",6,6,18,1,360,"N","S",7,2,21,53,12,19.3752340377918,9.73056171738254
"5427",1777,"BOHEMIA INC.",3,6,18,1,360,"N","S",7,2,21,53,12,19.474909494995,9.73056171738254
"5428",1777,"TOMCO, INC.",2,6,18,1,360,"N","S",7,2,21,53,12,19.4761492476073,9.73056171738254
"5429",1777,"MAZAMA TIMBER PROD.",8,6,18,1,360,"N","S",7,2,21,53,12,19.3514485750889,9.73056171738254
"5430",1777,"HILLS CREEK LUMBER",11,6,18,1,360,"N","S",7,2,21,53,12,19.2869931060203,9.73056171738254
"5431",1777,"ROSBORO LUMBER",9,6,18,1,360,"N","S",7,2,21,53,12,19.3376696320587,9.73056171738254
"5432",1777,"ZIP-O-LOG VENEER",10,6,18,1,360,"N","S",7,2,21,53,12,19.3198668217253,9.73056171738254
"5433",1777,"YOUNG & MORGAN",5,6,18,1,360,"N","S",7,2,21,53,12,19.3989019740269,9.73056171738254
"5434",1777,"CUDDEBACK LUMBER",12,6,18,1,360,"N","S",7,2,21,53,12,19.27642115125,9.73056171738254
"5435",1777,"CAMAC VENEER",1,6,18,1,360,"N","S",7,2,21,53,12,19.5164302721625,9.73056171738254
"5436",1777,"CABAX MILLS",4,6,18,1,360,"N","S",7,2,21,53,12,19.4210739928489,9.73056171738254
"5437",1777,"SWF PLYWOOD",7,6,18,1,360,"N","S",7,2,21,53,12,19.3645208819424,9.73056171738254
"5438",1778,"EDWARD HINES",6,6,18,1,136,"N","A",7,2,6,65,12,18.4312259473387,9.84855606900991
"5439",1778,"BOHEMIA",5,6,18,1,136,"N","A",7,2,6,65,12,18.6084880597516,9.84855606900991
"5440",1778,"MAZAMA TIMBER PROD.",8,6,18,1,136,"N","A",7,2,6,65,12,18.3444485171665,9.84855606900991
"5441",1778,"WILLAMETTE IND., INC.",12,6,18,1,136,"N","A",7,2,6,65,12,18.3101435188924,9.84855606900991
"5442",1778,"ROSBORO LUMBER CO.",4,6,18,1,136,"N","A",7,2,6,65,12,18.8984249623893,9.84855606900991
"5443",1778,"CLARK & POWELL",7,6,18,1,136,"N","A",7,2,6,65,12,18.4031286024124,9.84855606900991
"5444",1778,"CABAX MILLS",1,6,18,1,136,"N","A",7,2,6,65,12,19.0301207190942,9.84855606900991
"5445",1778,"TOMCO, INC.",2,6,18,1,136,"N","A",7,2,6,65,12,19.0285973246339,9.84855606900991
"5446",1778,"VPP CO.",9,6,18,1,136,"N","A",7,2,6,65,12,18.3444485171665,9.84855606900991
"5447",1778,"SWF PLY",3,6,18,1,136,"N","A",7,2,6,65,12,19.02171318385,9.84855606900991
"5448",1778,"CAMAC VENEER",10,6,18,1,136,"N","A",7,2,6,65,12,18.3101435188924,9.84855606900991
"5449",1778,"SENECA TIMBER",11,6,18,1,136,"N","A",7,2,6,65,12,18.3101435188924,9.84855606900991
"5450",1779,"VPP COMPANY",7,6,18,1,480,"N","S",7,2,19,41,9,19.0135207304021,9.97785263449143
"5451",1779,"TOMCO, INC.",3,6,18,1,480,"N","S",7,2,19,41,9,19.3495405529863,9.97785263449143
"5452",1779,"SWF PLYWOOD COMPANY",2,6,18,1,480,"N","S",7,2,19,41,9,19.4195566717129,9.97785263449143
"5453",1779,"MAZAMA TIMBER PRODUCTS",9,6,18,1,480,"N","S",7,2,19,41,9,18.8009859803216,9.97785263449143
"5454",1779,"ROSBORO LUMBER",4,6,18,1,480,"N","S",7,2,19,41,9,19.2538020182948,9.97785263449143
"5455",1779,"SENECA TIMBER COMPANY",6,6,18,1,480,"N","S",7,2,19,41,9,19.1258271450558,9.97785263449143
"5456",1779,"ZIP-O-LOG VENEER",8,6,18,1,480,"N","S",7,2,19,41,9,18.9210705030127,9.97785263449143
"5457",1779,"WILLAMETTE INDUSTRIES",1,6,18,1,480,"N","S",7,2,19,41,9,19.4808054639844,9.97785263449143
"5458",1779,"BOHEMIA INC.",5,6,18,1,480,"N","S",7,2,19,41,9,19.2493041746748,9.97785263449143
"5459",1780,"WILLAMETTE IND.",9,6,18,1,162,"Y","S",6,2,0,45,12,17.8373543173823,10.1140725746029
"5460",1780,"TOMCO",5,6,18,1,162,"Y","S",6,2,0,45,12,17.9110111184295,10.1140725746029
"5461",1780,"MAZAMA",10,6,18,1,162,"Y","S",6,2,0,45,12,17.7775496424877,10.1140725746029
"5462",1780,"ZIP-O-LOG MILLS",2,6,18,1,162,"Y","S",6,2,0,45,12,17.9882580225754,10.1140725746029
"5463",1780,"ZIP-O-LOG VENEER",3,6,18,1,162,"Y","S",6,2,0,45,12,17.9450903376899,10.1140725746029
"5464",1780,"TANGFELDT",4,6,18,1,162,"Y","S",6,2,0,45,12,17.9256743340191,10.1140725746029
"5465",1780,"YOUNG & MORGAN",12,6,18,1,162,"Y","S",6,2,0,45,12,17.6178057471677,10.1140725746029
"5466",1780,"TRIANGLE VENEER",7,6,18,1,162,"Y","S",6,2,0,45,12,17.8805018301591,10.1140725746029
"5467",1780,"SWF PLYWOOD",8,6,18,1,162,"Y","S",6,2,0,45,12,17.8394970315001,10.1140725746029
"5468",1780,"BOHEMIA, INC.",1,6,18,1,162,"Y","S",6,2,0,45,12,18.0703201084569,10.1140725746029
"5469",1780,"CUDDEBACK",6,6,18,1,162,"Y","S",6,2,0,45,12,17.8936545975147,10.1140725746029
"5470",1780,"VPP CO.",11,6,18,1,162,"Y","S",6,2,0,45,12,17.6804901727255,10.1140725746029
"5471",1781,"WILLAMETTE INDUSTRIES INC",1,6,18,1,88,"Y","S",5,2,3,49,3,16.6378829982544,10.1140320682738
"5472",1781,"MAZAMA TIMBER PRODUCTS",3,6,18,1,88,"Y","S",5,2,3,49,3,16.433220210165,10.1140320682738
"5473",1781,"SWF PLYWOOD",2,6,18,1,88,"Y","S",5,2,3,49,3,16.4998102692058,10.1140320682738
"5474",1782,"CUDDEBACK LUMBER CO., INC",1,6,18,1,61,"Y","S",5,2,0,32,4,17.0316093303893,9.78981480804755
"5475",1782,"MAZAMA TIMBER PRODUCTS",3,6,18,1,61,"Y","S",5,2,0,32,4,16.7593319780593,9.78981480804755
"5476",1782,"ROSBORO LUMBER CO.",2,6,18,1,61,"Y","S",5,2,0,32,4,17.0277512187365,9.78981480804755
"5477",1782,"YOUNG AND MORGAN",4,6,18,1,61,"Y","S",5,2,0,32,4,16.7332093955723,9.78981480804755
"5478",1783,"GOLDEN STATE",3,6,18,1,144,"Y","A",6,2,9,53,8,17.7599242743228,9.84490459510383
"5479",1783,"TANGFELDT WOOD PRODUCTS",8,6,18,1,144,"Y","A",6,2,9,53,8,17.6275817277517,9.84490459510383
"5480",1783,"MAZAMA TIMBER PRODUCTS",1,6,18,1,144,"Y","A",6,2,9,53,8,17.8675050490292,9.84490459510383
"5481",1783,"CRAWFORD LOGGING",6,6,18,1,144,"Y","A",6,2,9,53,8,17.6923632761776,9.84490459510383
"5482",1783,"THE MURPHY CO.",2,6,18,1,144,"Y","A",6,2,9,53,8,17.7675626036075,9.84490459510383
"5483",1783,"ZIP O LOG MILLS",5,6,18,1,144,"Y","A",6,2,9,53,8,17.7346293287981,9.84490459510383
"5484",1783,"ROSBORO LUMBER",4,6,18,1,144,"Y","A",6,2,9,53,8,17.7488262564596,9.84490459510383
"5485",1783,"CUDDEBACK LUMBER",7,6,18,1,144,"Y","A",6,2,9,53,8,17.6616512063784,9.84490459510383
"5486",1784,"TRIANGLE VENEER",1,6,18,1,367,"Y","S",5,2,0,60,4,16.460917329996,10.1049988037232
"5487",1784,"JOHN LADD",3,6,18,1,367,"Y","S",5,2,0,60,4,16.2529040403753,10.1049988037232
"5488",1784,"CRAWFORD LOGGING",4,6,18,1,367,"Y","S",5,2,0,60,4,15.8893583588064,10.1049988037232
"5489",1784,"ROSBORO LUMBER",2,6,18,1,367,"Y","S",5,2,0,60,4,16.459297755526,10.1049988037232
"5490",1785,"TRIANGLE VENEER",1,6,18,1,83,"Y","S",5,2,3,61,1,16.1517615415348,9.84580547219504
"5491",1786,"VPP COMPANY",2,6,18,1,425,"N","A",7,2,21,53,11,18.8510420211676,9.75504554717585
"5492",1786,"SENECA SAWMILL",7,6,18,1,425,"N","A",7,2,21,53,11,18.3695695382488,9.75504554717585
"5493",1786,"ROSBORO LUMBER",3,6,18,1,425,"N","A",7,2,21,53,11,18.4711960858133,9.75504554717585
"5494",1786,"ZIP-O-LOG VENEER",11,6,18,1,425,"N","A",7,2,21,53,11,18.3695695382488,9.75504554717585
"5495",1786,"CABAX MILLS",1,6,18,1,425,"N","A",7,2,21,53,11,18.8665280698932,9.75504554717585
"5496",1786,"SWF PLYWOOD",8,6,18,1,425,"N","A",7,2,21,53,11,18.3695695382488,9.75504554717585
"5497",1786,"BOHEMIA INC.",4,6,18,1,425,"N","A",7,2,21,53,11,18.3695695382488,9.75504554717585
"5498",1786,"MAZAMA TMBR. PROD.",5,6,18,1,425,"N","A",7,2,21,53,11,18.3695695382488,9.75504554717585
"5499",1786,"THE MURPHY CO.",6,6,18,1,425,"N","A",7,2,21,53,11,18.3695695382488,9.75504554717585
"5500",1786,"TOMCO INC.",9,6,18,1,425,"N","A",7,2,21,53,11,18.3695695382488,9.75504554717585
"5501",1786,"YOUNG & MORGAN",10,6,18,1,425,"N","A",7,2,21,53,11,18.3695695382488,9.75504554717585
"5502",1787,"NORTHWEST WOOD PROD.",6,6,18,1,436,"N","A",7,205,30,42,7,17.9975148980298,10.6419904348169
"5503",1787,"SENECA TIMBER CO.",7,6,18,1,436,"N","A",7,205,30,42,7,17.9975148980298,10.6419904348169
"5504",1787,"MAZAMA TIMBER PROD. CO.",5,6,18,1,436,"N","A",7,205,30,42,7,17.9975148980298,10.6419904348169
"5505",1787,"ROSBORO LUMBER CO.",2,6,18,1,436,"N","A",7,205,30,42,7,18.4522036355245,10.6419904348169
"5506",1787,"THE MURPHY CO.",1,6,18,1,436,"N","A",7,205,30,42,7,18.456704043129,10.6419904348169
"5507",1787,"ALL-AMERICAN PLYWOOD",4,6,18,1,436,"N","A",7,205,30,42,7,17.9975148980298,10.6419904348169
"5508",1787,"GEM LUMBER CO.",3,6,18,1,436,"N","A",7,205,30,42,7,18.0896456989782,10.6419904348169
"5509",1788,"SWF PLYWOOD",8,6,18,1,62,"Y","S",6,2,0,41,12,17.6832033388901,9.87919485996708
"5510",1788,"ROSBORO LUMBER",1,6,18,1,62,"Y","S",6,2,0,41,12,17.9396711708901,9.87919485996708
"5511",1788,"MAZAMA TIMBER",6,6,18,1,62,"Y","S",6,2,0,41,12,17.7244167110508,9.87919485996708
"5512",1788,"THEMURPHY CO.",7,6,18,1,62,"Y","S",6,2,0,41,12,17.7083690924312,9.87919485996708
"5513",1788,"TOMCO, INC.",2,6,18,1,62,"Y","S",6,2,0,41,12,17.9054186268204,9.87919485996708
"5514",1788,"ZIP-O-LOG VENEER",12,6,18,1,62,"Y","S",6,2,0,41,12,17.4387548898934,9.87919485996708
"5515",1788,"YOUNG & MORGAN",9,6,18,1,62,"Y","S",6,2,0,41,12,17.5807582849694,9.87919485996708
"5516",1788,"BOHEMIA INC.",5,6,18,1,62,"Y","S",6,2,0,41,12,17.8171164645113,9.87919485996708
"5517",1788,"CLARK & POWELL",10,6,18,1,62,"Y","S",6,2,0,41,12,17.4977656191565,9.87919485996708
"5518",1788,"SENECA TIMBER",3,6,18,1,62,"Y","S",6,2,0,41,12,17.8627041118667,9.87919485996708
"5519",1788,"WILLAMETTE INDUSTRIES",4,6,18,1,62,"Y","S",6,2,0,41,12,17.8430633958252,9.87919485996708
"5520",1788,"RICHARDS LOGGING",11,6,18,1,62,"Y","S",6,2,0,41,12,17.4689933778061,9.87919485996708
"5521",1789,"ELWOOD MCCLURE",2,6,18,1,195,"Y","A",5,2,0,50,2,15.9176683703128,10.1400210569691
"5522",1789,"ROSBORO LUMBER",1,6,18,1,195,"Y","A",5,2,0,50,2,15.9690165887096,10.1400210569691
"5523",1790,"SCOTSMAN TIMBER",3,6,18,3,200,"N","S",7,2,0,32,6,18.4206707439024,10.0925778165255
"5524",1790,"BOISE CASCADE",4,6,18,3,200,"N","S",7,2,0,32,6,18.2797863105513,10.0925778165255
"5525",1790,"CHAMPION INTERNATIONAL",6,6,18,3,200,"N","S",7,2,0,32,6,17.9941962686201,10.0925778165255
"5526",1790,"TOMCO, INC.",1,6,18,3,200,"N","S",7,2,0,32,6,18.7135190004107,10.0925778165255
"5527",1790,"EVERGREEN HELICOPTER",5,6,18,3,200,"N","S",7,2,0,32,6,17.99960441233,10.0925778165255
"5528",1790,"SENECA TIMBER",2,6,18,3,200,"N","S",7,2,0,32,6,18.5680018696617,10.0925778165255
"5529",1791,"AMERICAN CAN CO.",5,6,18,3,100,"N","S",6,2,5,46,8,17.9344761855019,9.80802236071806
"5530",1791,"FRANK LUMBER CO.",2,6,18,3,100,"N","S",6,2,5,46,8,18.1823397949752,9.80802236071806
"5531",1791,"MOUNTAIN FIR CO.",7,6,18,3,100,"N","S",6,2,5,46,8,17.8627600185863,9.80802236071806
"5532",1791,"WILLAMETTE IND. INC.",1,6,18,3,100,"N","S",6,2,5,46,8,18.3559331342906,9.80802236071806
"5533",1791,"TOMCO, INC.",3,6,18,3,100,"N","S",6,2,5,46,8,18.1409932958263,9.80802236071806
"5534",1791,"SENECA TBR. CO.",4,6,18,3,100,"N","S",6,2,5,46,8,18.0467491860161,9.80802236071806
"5535",1791,"CHAMPION INTER. CORP.",6,6,18,3,100,"N","S",6,2,5,46,8,17.8634690638325,9.80802236071806
"5536",1791,"VPP CO.",8,6,18,3,100,"N","S",6,2,5,46,8,17.7680956841484,9.80802236071806
"5537",1792,"WILLAMETTE IND.",1,6,18,3,70,"N","S",6,2,0,44,5,18.1618491323127,9.73896662036768
"5538",1792,"AMERICAN CAN",5,6,18,3,70,"N","S",6,2,0,44,5,17.734944037876,9.73896662036768
"5539",1792,"SENECA TIMBER",3,6,18,3,70,"N","S",6,2,0,44,5,17.8095116278235,9.73896662036768
"5540",1792,"MOUNTAIN FIR LUMBER CO.",4,6,18,3,70,"N","S",6,2,0,44,5,17.7380025715904,9.73896662036768
"5541",1792,"TOMCO, INC.",2,6,18,3,70,"N","S",6,2,0,44,5,17.8304799674262,9.73896662036768
"5542",1793,"WILLAMETTE INDUSTRIES,INC",1,6,18,3,55,"N","S",5,2,0,25,3,16.7699988729837,9.73145290361031
"5543",1793,"CLEAR LUMBER CO.",3,6,18,3,55,"N","S",5,2,0,25,3,16.4011354647821,9.73145290361031
"5544",1793,"SENECA TIMBER CO.",2,6,18,3,55,"N","S",5,2,0,25,3,16.6935611657238,9.73145290361031
"5545",1794,"WILLAMETTE INDUSTRIES",1,6,18,3,320,"N","S",8,2,20,32,5,19.7500149950982,9.73103711553744
"5546",1794,"YOUNG & MORGAN",4,6,18,3,320,"N","S",8,2,20,32,5,19.521132340057,9.73103711553744
"5547",1794,"SENECA TIMBER COMPANY",5,6,18,3,320,"N","S",8,2,20,32,5,19.5003843856048,9.73103711553744
"5548",1794,"TOMCO, INC.",2,6,18,3,320,"N","S",8,2,20,32,5,19.6469392666212,9.73103711553744
"5549",1794,"VPP COMPANY",3,6,18,3,320,"N","S",8,2,20,32,5,19.6081259163257,9.73103711553744
"5550",1795,"TOMCO, INC.",1,6,18,3,75,"N","S",6,2,2,34,4,18.0539410340416,9.74284920657331
"5551",1795,"VPP CO.",4,6,18,3,75,"N","S",6,2,2,34,4,17.7193703347205,9.74284920657331
"5552",1795,"WILLAMETTE INDUSTRIES, IN",2,6,18,3,75,"N","S",6,2,2,34,4,17.9855267501422,9.74284920657331
"5553",1795,"AMERICAN CAN CO.",3,6,18,3,75,"N","S",6,2,2,34,4,17.8351944312103,9.74284920657331
"5554",1796,"VPP CO.",5,6,18,3,160,"N","S",7,2,6,34,5,18.2672649606891,9.76376560936099
"5555",1796,"CLARK & POWELL LBR. CO.",4,6,18,3,160,"N","S",7,2,6,34,5,18.3124516734779,9.76376560936099
"5556",1796,"TOMCO, INC.",1,6,18,3,160,"N","S",7,2,6,34,5,18.7895662348077,9.76376560936099
"5557",1796,"AMERICAN CAN CO.",3,6,18,3,160,"N","S",7,2,6,34,5,18.4760955830934,9.76376560936099
"5558",1796,"WILLAMETTE INDUSTRIES, IN",2,6,18,3,160,"N","S",7,2,6,34,5,18.7257264423414,9.76376560936099
"5559",1797,"CHAMPION INTERNATIONAL",4,6,18,3,70,"N","S",6,2,0,35,6,17.4400354740147,9.86708287064233
"5560",1797,"SIMPSON TIMBER",3,6,18,3,70,"N","S",6,2,0,35,6,17.6284245772514,9.86708287064233
"5561",1797,"TOMCO, INC.",6,6,18,3,70,"N","S",6,2,0,35,6,17.431717163488,9.86708287064233
"5562",1797,"WILLAMETTE IND.",1,6,18,3,70,"N","S",6,2,0,35,6,17.6567290518762,9.86708287064233
"5563",1797,"YOUNG & MORGAN",2,6,18,3,70,"N","S",6,2,0,35,6,17.6474486881632,9.86708287064233
"5564",1797,"VPP CO.",5,6,18,3,70,"N","S",6,2,0,35,6,17.4361111713249,9.86708287064233
"5565",1798,"YOUNG & MORGAN",3,6,18,3,32,"Y","S",5,2,0,32,3,16.3525652200977,9.73654709778048
"5566",1798,"CLEAR LUMBER COMPANY",2,6,18,3,32,"Y","S",5,2,0,32,3,16.4989961716139,9.73654709778048
"5567",1798,"WILLAMETTE INDUSTRIES, IN",1,6,18,3,32,"Y","S",5,2,0,32,3,16.6992257656623,9.73654709778048
"5568",1799,"TOMCO, INC.",3,6,18,3,200,"N","S",7,2,11,60,7,18.8668673615323,9.8193447844237
"5569",1799,"CHAMPION INTERN:L. CORP.",4,6,18,3,200,"N","S",7,2,11,60,7,18.8438226920593,9.8193447844237
"5570",1799,"SIMPSON TIMBER CO.",2,6,18,3,200,"N","S",7,2,11,60,7,18.9388153916073,9.8193447844237
"5571",1799,"YOUNG & MORGAN",6,6,18,3,200,"N","S",7,2,11,60,7,18.8103016598125,9.8193447844237
"5572",1799,"VPP CO.",7,6,18,3,200,"N","S",7,2,11,60,7,18.706244574513,9.8193447844237
"5573",1799,"WILLAMETTE IND.,INC",1,6,18,3,200,"N","S",7,2,11,60,7,18.9961856289516,9.8193447844237
"5574",1799,"CONE LUMBER CO.",5,6,18,3,200,"N","S",7,2,11,60,7,18.8330009686335,9.8193447844237
"5575",1800,"TOMCO, INC.",2,6,18,3,13,"Y","S",5,205,0,21,2,14.6219864238312,10.5821300468932
"5576",1800,"CLEAR LUMBER COMPANY",1,6,18,3,13,"Y","S",5,205,0,21,2,14.6302645652754,10.5821300468932
"5577",1801,"CLEAR LUMBER COMPANY",1,6,18,3,5,"Y","S",5,2,0,35,1,13.5624424500285,9.7380231128086
"5578",1802,"CLEAR LUMBER COMPANY",2,6,18,3,49,"Y","S",5,2,0,38,2,15.4871455023885,9.80714183674944
"5579",1802,"WILLAMETTE INDUSTRIES, IN",1,6,18,3,49,"Y","S",5,2,0,38,2,15.7386403363572,9.80714183674944
"5580",1803,"CLEAR LUMBER CO.",5,6,18,3,330,"N","S",6,205,21,16,5,17.6424722837264,10.5408048481354
"5581",1803,"SENECA TIMBER",4,6,18,3,330,"N","S",6,205,21,16,5,17.723035462086,10.5408048481354
"5582",1803,"TOMCO, INC.",2,6,18,3,330,"N","S",6,205,21,16,5,17.7705470747844,10.5408048481354
"5583",1803,"ROSBORO LUMBER CO.",3,6,18,3,330,"N","S",6,205,21,16,5,17.7399916383145,10.5408048481354
"5584",1803,"WILLAMETTE INDUSTRIES",1,6,18,3,330,"N","S",6,205,21,16,5,17.870421050941,10.5408048481354
"5585",1804,"ALL AMERICAN PLYWOOD CO.",3,6,18,3,325,"N","S",7,2,28,41,6,18.2808760006613,9.89141497130186
"5586",1804,"FRANK LUMBER CO., INC.",2,6,18,3,325,"N","S",7,2,28,41,6,18.4395810034528,9.89141497130186
"5587",1804,"WILLAMETTE IND., INC.",1,6,18,3,325,"N","S",7,2,28,41,6,18.5645455623567,9.89141497130186
"5588",1804,"SENECA TIMBER CO.",4,6,18,3,325,"N","S",7,2,28,41,6,18.2637508724137,9.89141497130186
"5589",1804,"CHAMPION INTER. CORP.",6,6,18,3,325,"N","S",7,2,28,41,6,18.0967550690189,9.89141497130186
"5590",1804,"VPP COMPANY, INC.",5,6,18,3,325,"N","S",7,2,28,41,6,18.1103330698015,9.89141497130186
"5591",1805,"WILLAMETTE INDUSTRIES",1,6,18,3,60,"N","S",6,2,4,28,5,18.5021141764274,9.73246195548403
"5592",1805,"CHAMPION INTERNATIONAL",4,6,18,3,60,"N","S",6,2,4,28,5,18.4183831064036,9.73246195548403
"5593",1805,"TOMCO, INC.",2,6,18,3,60,"N","S",6,2,4,28,5,18.46267549053,9.73246195548403
"5594",1805,"SENECA TIMBER",5,6,18,3,60,"N","S",6,2,4,28,5,18.3249195624621,9.73246195548403
"5595",1805,"TRIANGLE VENEER",3,6,18,3,60,"N","S",6,2,4,28,5,18.4600947076623,9.73246195548403
"5596",1806,"CLEAR LUMBER COMPANY",1,6,18,3,630,"Y","S",5,2,0,32,1,15.6618481705513,10.1531561827897
"5597",1807,"CLEAR LUMBER COMPANY",1,6,18,3,550,"Y","S",5,2,0,26,1,15.2700895398208,9.82520163413758
"5598",1808,"RON BRAY",2,6,18,3,11,"N","A",5,2,0,27,2,12.5766011837574,10.1266711030504
"5599",1808,"HUP-HO LOGGING",1,6,18,3,11,"N","A",5,2,0,27,2,12.6038415470039,10.1266711030504
"5600",1809,"WILLAMETTE INDUSTRIES, IN",1,6,18,3,100,"N","A",7,2,18,16,4,18.6338596123104,9.75597313724758
"5601",1809,"CHAMPION INTERN'L",4,6,18,3,100,"N","A",7,2,18,16,4,18.3902091652571,9.75597313724758
"5602",1809,"NORTHWEST WOOD PRODUCTS",2,6,18,3,100,"N","A",7,2,18,16,4,18.6300547284076,9.75597313724758
"5603",1809,"TOMCO, INC.",3,6,18,3,100,"N","A",7,2,18,16,4,18.5507488964779,9.75597313724758
"5604",1810,"WILLAMETTE INDUSTRIES, IN",4,6,18,3,325,"N","A",7,2,29,39,5,18.3790646842458,9.69953369561506
"5605",1810,"CHAMPION INTERNATIONAL CO",3,6,18,3,325,"N","A",7,2,29,39,5,18.6214805219921,9.69953369561506
"5606",1810,"TOMCO, INC.",1,6,18,3,325,"N","A",7,2,29,39,5,18.8158126479207,9.69953369561506
"5607",1810,"SENECA TIMBER CO.",2,6,18,3,325,"N","A",7,2,29,39,5,18.8055512312202,9.69953369561506
"5608",1810,"YOUNG & MORGAN, INC.",5,6,18,3,325,"N","A",7,2,29,39,5,18.3790646842458,9.69953369561506
"5609",1811,"JAMES BRACHER",3,6,18,3,100,"Y","A",5,2,0,59,4,16.0758768480219,9.64147322683293
"5610",1811,"YOUNG & MORGAN",4,6,18,3,100,"Y","A",5,2,0,59,4,15.9887383916483,9.64147322683293
"5611",1811,"MEILE SHAKE INC.",1,6,18,3,100,"Y","A",5,2,0,59,4,16.170365468392,9.64147322683293
"5612",1811,"DALE KLOUCEK",2,6,18,3,100,"Y","A",5,2,0,59,4,16.1512015528553,9.64147322683293
"5613",1812,"NORTHWEST WOOD PROD.CO.",6,6,18,3,125,"N","A",7,2,5,27,7,18.2207763103921,9.86806760730487
"5614",1812,"CLEAR LUMBER CO.",7,6,18,3,125,"N","A",7,2,5,27,7,18.2207763103921,9.86806760730487
"5615",1812,"CHAMPION INTERN'L.CORP.",2,6,18,3,125,"N","A",7,2,5,27,7,18.6167926091755,9.86806760730487
"5616",1812,"SENECA SAWMILL",3,6,18,3,125,"N","A",7,2,5,27,7,18.4960414311309,9.86806760730487
"5617",1812,"WILLAMETTE INDUSTRIES, IN",1,6,18,3,125,"N","A",7,2,5,27,7,18.6199110388992,9.86806760730487
"5618",1812,"ALL AMERICAN PLY CO.",5,6,18,3,125,"N","A",7,2,5,27,7,18.2207763103921,9.86806760730487
"5619",1812,"TOMCO, INC.",4,6,18,3,125,"N","A",7,2,5,27,7,18.2423468259482,9.86806760730487
"5620",1813,"TOMCO, INC.",4,6,18,3,63,"N","A",6,2,0,32,4,17.4031543109973,9.69621735037821
"5621",1813,"CHAMPION INTER. CORP.",1,6,18,3,63,"N","A",6,2,0,32,4,17.9333567799715,9.69621735037821
"5622",1813,"SIMPSON TBR. CO.",2,6,18,3,63,"N","A",6,2,0,32,4,17.9297688524213,9.69621735037821
"5623",1813,"WILLAMETTE IND. INC.",3,6,18,3,63,"N","A",6,2,0,32,4,17.4031543109973,9.69621735037821
"5624",1814,"CLEAR LUMBER CO.",1,6,18,3,40,"N","A",5,2,0,38,3,16.4752629736587,9.74572201363806
"5625",1814,"NORTHWEST WOOD PROD. CO.",3,6,18,3,40,"N","A",5,2,0,38,3,16.4099821225243,9.74572201363806
"5626",1814,"TOMCO, INC.",2,6,18,3,40,"N","A",5,2,0,38,3,16.4715479076142,9.74572201363806
"5627",1815,"FRANK LUMBER CO., INC.",5,6,18,3,250,"N","A",7,2,5,43,6,18.5641653139607,9.73778709675841
"5628",1815,"WILLAMETTE INDUSTRIES, IN",2,6,18,3,250,"N","A",7,2,5,43,6,19.1973516433533,9.73778709675841
"5629",1815,"VPP COMPANY",6,6,18,3,250,"N","A",7,2,5,43,6,18.5641653139607,9.73778709675841
"5630",1815,"CHAMPION INTERNATIONAL",4,6,18,3,250,"N","A",7,2,5,43,6,18.5641653139607,9.73778709675841
"5631",1815,"SENECA TIMBER CO.",1,6,18,3,250,"N","A",7,2,5,43,6,19.2000615824902,9.73778709675841
"5632",1815,"TOMCO, INC.",3,6,18,3,250,"N","A",7,2,5,43,6,19.119796079592,9.73778709675841
"5633",1816,"CHAMPION INTERN'L",3,6,18,3,30,"N","A",5,2,3,33,3,16.8390797638428,9.74870333873526
"5634",1816,"WILLAMETTE IND., INC.",2,6,18,3,30,"N","A",5,2,3,33,3,17.1037281001323,9.74870333873526
"5635",1816,"TOMCO, INC.",1,6,18,3,30,"N","A",5,2,3,33,3,17.1068953057596,9.74870333873526
"5636",1817,"TOMCO, INC.",2,6,18,3,270,"Y","A",5,2,0,49,2,15.8387044474055,9.82487715195422
"5637",1817,"CLEAR LUMBER COMPANY",1,6,18,3,270,"Y","A",5,2,0,49,2,15.8429269585747,9.82487715195422
"5638",1818,"CLEAR LUMBER COMPANY",1,6,18,3,250,"Y","A",5,2,0,32,2,16.6231725826116,9.70959935937071
"5639",1818,"TOMCO, INC.",2,6,18,3,250,"Y","A",5,2,0,32,2,16.6231526682614,9.70959935937071
"5640",1819,"YOUNG & MORGAN, INC.",2,6,18,4,2,"N","S",5,205,0,48,2,14.453435684024,10.4748342633472
"5641",1819,"FRERES LUMBER COMPANY",1,6,18,4,2,"N","S",5,205,0,48,2,14.6932841371284,10.4748342633472
"5642",1820,"CEDAR LUMBER",8,6,18,4,530,"N","S",8,2,63,45,10,19.7847013771202,9.72202562615406
"5643",1820,"OREGON FIR SUPPLY",9,6,18,4,530,"N","S",8,2,63,45,10,19.7611902952978,9.72202562615406
"5644",1820,"YOUNG & MORGAN",1,6,18,4,530,"N","S",8,2,63,45,10,20.2486001572117,9.72202562615406
"5645",1820,"BUGABOO TIMBER",2,6,18,4,530,"N","S",8,2,63,45,10,20.2476448599033,9.72202562615406
"5646",1820,"BRAZIER TIMBER CO.",4,6,18,4,530,"N","S",8,2,63,45,10,20.129484238284,9.72202562615406
"5647",1820,"SWF PLYWOOD",6,6,18,4,530,"N","S",8,2,63,45,10,20.0283871582083,9.72202562615406
"5648",1820,"TOMCO, INC.",3,6,18,4,530,"N","S",8,2,63,45,10,20.2403779611228,9.72202562615406
"5649",1820,"FRANK LUMBER CO.",10,6,18,4,530,"N","S",8,2,63,45,10,19.6795081436987,9.72202562615406
"5650",1820,"BOISE CASCADE",7,6,18,4,530,"N","S",8,2,63,45,10,19.972699267319,9.72202562615406
"5651",1820,"SENECA TIMBER CO.",5,6,18,4,530,"N","S",8,2,63,45,10,20.0390407359982,9.72202562615406
"5652",1821,"VPP CO.",5,6,18,4,615,"N","S",8,2,29,36,7,19.1714461492897,9.92813138344889
"5653",1821,"FRERES VENEER",7,6,18,4,615,"N","S",8,2,29,36,7,18.9457689715017,9.92813138344889
"5654",1821,"CEDAR LUMBER",4,6,18,4,615,"N","S",8,2,29,36,7,19.27642115125,9.92813138344889
"5655",1821,"OREGON FIR SUPPLY",2,6,18,4,615,"N","S",8,2,29,36,7,19.3399701752299,9.92813138344889
"5656",1821,"YOUNG & MORGAN",1,6,18,4,615,"N","S",8,2,29,36,7,19.3891790321492,9.92813138344889
"5657",1821,"CHAMPION INTERNATIONAL",6,6,18,4,615,"N","S",8,2,29,36,7,18.9571437046478,9.92813138344889
"5658",1821,"FRANK LUMBER",3,6,18,4,615,"N","S",8,2,29,36,7,19.3030679931145,9.92813138344889
"5659",1822,"CEDAR LUMBER",4,6,18,4,384,"N","S",7,205,21,35,7,18.9429613086521,10.6042804301216
"5660",1822,"YOUNG & MORGAN INC.",2,6,18,4,384,"N","S",7,205,21,35,7,19.1541076920541,10.6042804301216
"5661",1822,"FRERES VENEER",6,6,18,4,384,"N","S",7,205,21,35,7,18.6154248207449,10.6042804301216
"5662",1822,"OREGON FIR SUPPLY",3,6,18,4,384,"N","S",7,205,21,35,7,18.9646896615086,10.6042804301216
"5663",1822,"CHAMPION INTERNATIONAL",7,6,18,4,384,"N","S",7,205,21,35,7,18.414881963476,10.6042804301216
"5664",1822,"FRANK LUMBER CO.",1,6,18,4,384,"N","S",7,205,21,35,7,19.1678415653998,10.6042804301216
"5665",1822,"VPP COMPANY",5,6,18,4,384,"N","S",7,205,21,35,7,18.7471805637622,10.6042804301216
"5666",1823,"OREGON FIR SUPPLY",4,6,18,4,355,"N","S",7,2,9,40,5,18.8528208885933,9.7161333532141
"5667",1823,"YOUNG & MORGAN, INC.",2,6,18,4,355,"N","S",7,2,9,40,5,19.0336422899585,9.7161333532141
"5668",1823,"CHAMPION INTERNATIONAL",5,6,18,4,355,"N","S",7,2,9,40,5,18.7264838836115,9.7161333532141
"5669",1823,"CEDAR LUMBER, INC.",1,6,18,4,355,"N","S",7,2,9,40,5,19.1200634431947,9.7161333532141
"5670",1823,"FRERES VENEER",3,6,18,4,355,"N","S",7,2,9,40,5,18.9090042841664,9.7161333532141
"5671",1824,"SHINY ROCK MINING CORP.",3,6,18,4,120,"Y","S",5,2,0,57,3,15.5343381580301,9.76589076452168
"5672",1824,"YOUNG & MORGAN, INC.",2,6,18,4,120,"Y","S",5,2,0,57,3,15.648908488313,9.76589076452168
"5673",1824,"FRERES VENEER COMPANY",1,6,18,4,120,"Y","S",5,2,0,57,3,15.7476556880581,9.76589076452168
"5674",1825,"YOUNG & MORGAN, INC.",1,6,18,4,66,"Y","S",5,2,0,49,1,13.8806257877734,9.93056755693987
"5675",1826,"CHAMPION INTERNATIONAL",2,6,18,4,26,"N","S",5,2,0,27,5,16.667424422797,9.87282213822524
"5676",1826,"NORTHWEST WOOD PRODUCTS",3,6,18,4,26,"N","S",5,2,0,27,5,16.548311906529,9.87282213822524
"5677",1826,"OREGON FIR SUPPLY CO. INC",5,6,18,4,26,"N","S",5,2,0,27,5,16.1142984507099,9.87282213822524
"5678",1826,"FRERES VENEER COMPANY",4,6,18,4,26,"N","S",5,2,0,27,5,16.4789747450601,9.87282213822524
"5679",1826,"CEDAR LUMBER, INC.",1,6,18,4,26,"N","S",5,2,0,27,5,16.7836609239322,9.87282213822524
"5680",1827,"YOUNG & MORGAN, INC.",5,6,18,4,433,"N","A",7,205,50,55,8,18.9711116223107,10.6131230506009
"5681",1827,"FRERES LUMBER CO., INC.",1,6,18,4,433,"N","A",7,205,50,55,8,19.2064982593536,10.6131230506009
"5682",1827,"NORTHWEST WOOD PRODUCTS,",3,6,18,4,433,"N","A",7,205,50,55,8,19.0151119515732,10.6131230506009
"5683",1827,"FRANK LUMBER CO., INC.",2,6,18,4,433,"N","A",7,205,50,55,8,19.2062247737783,10.6131230506009
"5684",1827,"TOMCO, INC.",6,6,18,4,433,"N","A",7,205,50,55,8,18.9463331063768,10.6131230506009
"5685",1827,"OREGON FIR SUPPLY CO., IN",8,6,18,4,433,"N","A",7,205,50,55,8,18.5063372034557,10.6131230506009
"5686",1827,"FRERES VENEER COMPANY",4,6,18,4,433,"N","A",7,205,50,55,8,18.9736240344927,10.6131230506009
"5687",1827,"CEDAR LUMBER CO., INC.",7,6,18,4,433,"N","A",7,205,50,55,8,18.5063372034557,10.6131230506009
"5688",1828,"YOUNG & MORGAN",2,6,18,4,327,"N","A",8,2,12,55,8,19.4228871193861,9.63704498307677
"5689",1828,"TOMCO, INC.",3,6,18,4,327,"N","A",8,2,12,55,8,19.4134827862193,9.63704498307677
"5690",1828,"BOISE CASCADE",4,6,18,4,327,"N","A",8,2,12,55,8,19.1857689791666,9.63704498307677
"5691",1828,"CHAMPION INTERNATIONAL",6,6,18,4,327,"N","A",8,2,12,55,8,18.8865797105848,9.63704498307677
"5692",1828,"FRERES VENEER",1,6,18,4,327,"N","A",8,2,12,55,8,19.4239503189536,9.63704498307677
"5693",1828,"SENECA SAWMILL",8,6,18,4,327,"N","A",8,2,12,55,8,18.8865797105848,9.63704498307677
"5694",1828,"FRANK LUMBER",7,6,18,4,327,"N","A",8,2,12,55,8,18.8865797105848,9.63704498307677
"5695",1828,"CEDAR LUMBER",5,6,18,4,327,"N","A",8,2,12,55,8,19.1231770845995,9.63704498307677
"5696",1829,"CHAMPION INTERNATIONAL",6,6,18,4,251,"N","A",7,2,12,55,8,18.6531819752894,9.63847979712322
"5697",1829,"BOISE CASCADE CORP.",4,6,18,4,251,"N","A",7,2,12,55,8,18.6531819752894,9.63847979712322
"5698",1829,"FRERES VENEER",3,6,18,4,251,"N","A",7,2,12,55,8,18.6922532513511,9.63847979712322
"5699",1829,"SENECA SAWMILL",7,6,18,4,251,"N","A",7,2,12,55,8,18.6531819752894,9.63847979712322
"5700",1829,"FRANK LUMBER",2,6,18,4,251,"N","A",7,2,12,55,8,19.3304808572609,9.63847979712322
"5701",1829,"CEDAR LUMBER",5,6,18,4,251,"N","A",7,2,12,55,8,18.6531819752894,9.63847979712322
"5702",1829,"YOUNG & MORGAN INC.",1,6,18,4,251,"N","A",7,2,12,55,8,19.3408862032723,9.63847979712322
"5703",1829,"TOMCO INC.",8,6,18,4,251,"N","A",7,2,12,55,8,18.6531819752894,9.63847979712322
"5704",1830,"OREGON FIR SUPPLY CO. INC",2,6,18,4,276,"N","A",6,205,12,31,4,17.797059626041,10.7403020829085
"5705",1830,"FRERES VENEER COMPANY",4,6,18,4,276,"N","A",6,205,12,31,4,17.1886821949847,10.7403020829085
"5706",1830,"CEDAR LUMBER, INC.",1,6,18,4,276,"N","A",6,205,12,31,4,17.8026410358792,10.7403020829085
"5707",1830,"NORTHWEST WOOD PROD., INC",3,6,18,4,276,"N","A",6,205,12,31,4,17.1971852731376,10.7403020829085
"5708",1831,"OREGON FIR SUPPLY CO.",3,6,18,4,51,"Y","A",5,2,0,42,3,16.6269274884527,9.72202562615406
"5709",1831,"SIMPSON TIMBER COMPANY",2,6,18,4,51,"Y","A",5,2,0,42,3,17.0246204509768,9.72202562615406
"5710",1831,"NORTHWEST WOOD PRODUCTS,I",1,6,18,4,51,"Y","A",5,2,0,42,3,17.0560320166307,9.72202562615406
"5711",1832,"NORTHWEST WOOD PRODUCTS,I",2,6,18,4,356,"Y","A",5,205,0,41,3,17.0911447166511,10.673827228926
"5712",1832,"OREGON FIR SUPPLY CO.",3,6,18,4,356,"Y","A",5,205,0,41,3,16.5959025056951,10.673827228926
"5713",1832,"FRERES VENEER COMPANY",1,6,18,4,356,"Y","A",5,205,0,41,3,17.1146752140613,10.673827228926
"5714",1833,"CEDAR LUMBER, INC.",4,6,18,4,340,"Y","A",5,2,0,36,4,15.4895182410477,9.6964633831018
"5715",1833,"NORTHWEST WOOD PRODUCTS,I",1,6,18,4,340,"Y","A",5,2,0,36,4,16.1699287995983,9.6964633831018
"5716",1833,"OREGON FIR SUPPLY CO.",3,6,18,4,340,"Y","A",5,2,0,36,4,15.526331084687,9.6964633831018
"5717",1833,"FRERES VENEER COMPANY",2,6,18,4,340,"Y","A",5,2,0,36,4,16.1162940290117,9.6964633831018
"5718",1834,"OREGON FIR SUPPLY CO., IN",2,6,18,4,139,"Y","A",5,2,0,41,3,15.3638982580311,9.91095956737483
"5719",1834,"NORTHWEST WOOD PRODUCTS,",1,6,18,4,139,"Y","A",5,2,0,41,3,15.4170050044441,9.91095956737483
"5720",1834,"CEDAR LUMBER, INC.",3,6,18,4,139,"Y","A",5,2,0,41,3,15.30393271513,9.91095956737483
"5721",1835,"OREGON FIR SUPPLY CO, INC",3,6,18,4,80,"Y","A",5,2,0,51,3,14.436791098861,9.9137843580135
"5722",1835,"CEDAR LUMBER, INC.",2,6,18,4,80,"Y","A",5,2,0,51,3,14.4635086874497,9.9137843580135
"5723",1835,"NORTHWEST WOOD PRODUCTS,I",1,6,18,4,80,"Y","A",5,2,0,51,3,14.5169780287114,9.9137843580135
"5724",1836,"DI PAOLO",4,6,18,5,224,"Y","S",6,2,0,13,11,18.0527873940644,9.71577147142487
"5725",1836,"GOLDEN STATE BLDG. PROD.",8,6,18,5,224,"Y","S",6,2,0,13,11,17.9223780466667,9.71577147142487
"5726",1836,"ZIP-O-LOG VENEER",9,6,18,5,224,"Y","S",6,2,0,13,11,17.8924495177293,9.71577147142487
"5727",1836,"LANE PLYWOOD",7,6,18,5,224,"Y","S",6,2,0,13,11,17.9315367000992,9.71577147142487
"5728",1836,"MAZAMA TIMBER PRODUCTS",1,6,18,5,224,"Y","S",6,2,0,13,11,18.1514291159543,9.71577147142487
"5729",1836,"TANGFELT WOOD PRODUCTS",5,6,18,5,224,"Y","S",6,2,0,13,11,18.0127831798203,9.71577147142487
"5730",1836,"VPP COMPANY",6,6,18,5,224,"Y","S",6,2,0,13,11,17.9902869828985,9.71577147142487
"5731",1836,"HILLS CREEK LUMBER CO.",10,6,18,5,224,"Y","S",6,2,0,13,11,17.8721826745149,9.71577147142487
"5732",1836,"ROSBORO LUMBER",3,6,18,5,224,"Y","S",6,2,0,13,11,18.0803135317525,9.71577147142487
"5733",1836,"STAR LUMBER COMPANY",11,6,18,5,224,"Y","S",6,2,0,13,11,17.7190194207271,9.71577147142487
"5734",1836,"CUDDEBACK LUMBER CO.",2,6,18,5,224,"Y","S",6,2,0,13,11,18.0970550361907,9.71577147142487
"5735",1837,"SENECA TIMBER",9,6,18,5,258,"Y","S",6,2,0,14,12,18.1202335428184,9.71836206840944
"5736",1837,"TANGFELDT WOOD PROD.",5,6,18,5,258,"Y","S",6,2,0,14,12,18.2937867038598,9.71836206840944
"5737",1837,"VPP CO.",10,6,18,5,258,"Y","S",6,2,0,14,12,18.0775662966098,9.71836206840944
"5738",1837,"ZIP-O-LOG MILLS",1,6,18,5,258,"Y","S",6,2,0,14,12,18.3782605980683,9.71836206840944
"5739",1837,"CUDDEBACK",3,6,18,5,258,"Y","S",6,2,0,14,12,18.3302055567106,9.71836206840944
"5740",1837,"MAZAMA",2,6,18,5,258,"Y","S",6,2,0,14,12,18.3716028884037,9.71836206840944
"5741",1837,"LANE PLYWOOD",6,6,18,5,258,"Y","S",6,2,0,14,12,18.2023344175327,9.71836206840944
"5742",1837,"THE MURPHY CO.",8,6,18,5,258,"Y","S",6,2,0,14,12,18.1331946522951,9.71836206840944
"5743",1837,"HILLS CREEK",7,6,18,5,258,"Y","S",6,2,0,14,12,18.162048606427,9.71836206840944
"5744",1837,"GOLDEN STATE BLDG.",11,6,18,5,258,"Y","S",6,2,0,14,12,18.0229561009992,9.71836206840944
"5745",1837,"ROSBORO",4,6,18,5,258,"Y","S",6,2,0,14,12,18.3289568258174,9.71836206840944
"5746",1837,"STAR LBR.",12,6,18,5,258,"Y","S",6,2,0,14,12,17.9244924695891,9.71836206840944
"5747",1838,"LANE PLYWOOD COMPANY",8,6,18,5,216,"Y","S",6,2,0,44,9,16.4040892988232,10.0933638337342
"5748",1838,"CONE LUMBER COMPANY",5,6,18,5,216,"Y","S",6,2,0,44,9,16.77615385099,10.0933638337342
"5749",1838,"THE MURPHY COMPANY",3,6,18,5,216,"Y","S",6,2,0,44,9,16.8904393351082,10.0933638337342
"5750",1838,"SUN STUDS INC.",7,6,18,5,216,"Y","S",6,2,0,44,9,16.458399110492,10.0933638337342
"5751",1838,"SENECA TIMBER COMPANY",1,6,18,5,216,"Y","S",6,2,0,44,9,16.9847124082176,10.0933638337342
"5752",1838,"ALL-AMERICAN PLYWOOD CO.",4,6,18,5,216,"Y","S",6,2,0,44,9,16.7929841517215,10.0933638337342
"5753",1838,"MAZAMA TIMBER PRODUCTS",2,6,18,5,216,"Y","S",6,2,0,44,9,16.9271035763124,10.0933638337342
"5754",1838,"VPP COMPANY",6,6,18,5,216,"Y","S",6,2,0,44,9,16.4649240766552,10.0933638337342
"5755",1838,"STAR LUMBER COMPANY",9,6,18,5,216,"Y","S",6,2,0,44,9,16.1778012623787,10.0933638337342
"5756",1839,"ROGER M. JONES",2,6,18,5,123,"Y","S",5,25,0,47,3,15.5292075797309,10.1696905933108
"5757",1839,"MCDOUGAL BROS",3,6,18,5,123,"Y","S",5,25,0,47,3,15.3888444951675,10.1696905933108
"5758",1839,"ALL-AMERICAN PLYWOOD",1,6,18,5,123,"Y","S",5,25,0,47,3,16.0444964724241,10.1696905933108
"5759",1840,"ZIP-O-LOG MILLS",5,6,18,5,82,"Y","S",6,2,0,17,10,17.3775391123303,9.75260652157649
"5760",1840,"HILLS CREEK LUMBER",7,6,18,5,82,"Y","S",6,2,0,17,10,17.3628206873712,9.75260652157649
"5761",1840,"TANGFELDT WOOD PRODUCTS",3,6,18,5,82,"Y","S",6,2,0,17,10,17.4617590907693,9.75260652157649
"5762",1840,"J. FREDERICK SCHMIDT",6,6,18,5,82,"Y","S",6,2,0,17,10,17.3698466790432,9.75260652157649
"5763",1840,"LANE PLYWOOD INC.",10,6,18,5,82,"Y","S",6,2,0,17,10,17.0993723038718,9.75260652157649
"5764",1840,"MAZAMA TIMBER PRODUCTS",1,6,18,5,82,"Y","S",6,2,0,17,10,17.5400708132836,9.75260652157649
"5765",1840,"ROSBORO LUMBER CO.",2,6,18,5,82,"Y","S",6,2,0,17,10,17.4955258411397,9.75260652157649
"5766",1840,"CUDDEBACK LBR. CO., INC.",4,6,18,5,82,"Y","S",6,2,0,17,10,17.3840906882224,9.75260652157649
"5767",1840,"DIPAOLO LOGGING CO.",9,6,18,5,82,"Y","S",6,2,0,17,10,17.2820149154271,9.75260652157649
"5768",1840,"ALL-AMERICAN PLYWOOD",8,6,18,5,82,"Y","S",6,2,0,17,10,17.311369424225,9.75260652157649
"5769",1841,"CONE LUMBER",6,6,18,5,846,"Y","S",6,2,0,43,6,16.499227082051,9.72202562615406
"5770",1841,"MAZAMA TIMBER PROD.",4,6,18,5,846,"Y","S",6,2,0,43,6,16.7201905738837,9.72202562615406
"5771",1841,"ALL-AMERICAN PLYWOOD",2,6,18,5,846,"Y","S",6,2,0,43,6,16.8905714381285,9.72202562615406
"5772",1841,"VPP CO.",3,6,18,5,846,"Y","S",6,2,0,43,6,16.858708309154,9.72202562615406
"5773",1841,"SENECA TIMBER",1,6,18,5,846,"Y","S",6,2,0,43,6,17.323263740646,9.72202562615406
"5774",1841,"LANE PLYWOOD",5,6,18,5,846,"Y","S",6,2,0,43,6,16.5599698309506,9.72202562615406
"5775",1842,"MAZAMA TIMBER PRODUCTS",3,6,18,5,181,"Y","S",6,2,0,45,4,17.4981203990646,9.93503466803426
"5776",1842,"THE MURPHY COMPANY",1,6,18,5,181,"Y","S",6,2,0,45,4,17.7514844375482,9.93503466803426
"5777",1842,"SENECA SAWMILL",2,6,18,5,181,"Y","S",6,2,0,45,4,17.6291221798228,9.93503466803426
"5778",1842,"ALL-AMERICAN PLYWOOD",4,6,18,5,181,"Y","S",6,2,0,45,4,17.4330658538242,9.93503466803426
"5779",1843,"HILLS CREEK LUMBER CO.",3,6,18,5,135,"Y","S",6,2,0,22,6,17.9429755335196,9.76669370101813
"5780",1843,"MAZAMA TIMBER PRODUCTS",1,6,18,5,135,"Y","S",6,2,0,22,6,18.0568761587013,9.76669370101813
"5781",1843,"CUDDEBACK LUMBER",5,6,18,5,135,"Y","S",6,2,0,22,6,17.9095767481111,9.76669370101813
"5782",1843,"ROSBORO LUMBER COMPANY",2,6,18,5,135,"Y","S",6,2,0,22,6,17.9745045726708,9.76669370101813
"5783",1843,"MURPHY COMPANY",6,6,18,5,135,"Y","S",6,2,0,22,6,17.8303013207555,9.76669370101813
"5784",1843,"SENECA TIMBER",4,6,18,5,135,"Y","S",6,2,0,22,6,17.9332444448415,9.76669370101813
"5785",1844,"WILLAMETTE IND.",1,6,18,5,567,"N","S",8,2,35,42,12,19.4471824489729,9.74665828850311
"5786",1844,"SENECA TIMBER CO.",9,6,18,5,567,"N","S",8,2,35,42,12,19.207916449309,9.74665828850311
"5787",1844,"POPE & TALBOT",3,6,18,5,567,"N","S",8,2,35,42,12,19.3746117099113,9.74665828850311
"5788",1844,"EDWARD HINES LUMBER",2,6,18,5,567,"N","S",8,2,35,42,12,19.404070715524,9.74665828850311
"5789",1844,"ALL-AMERICAN PLYWOOD",5,6,18,5,567,"N","S",8,2,35,42,12,19.3030630275753,9.74665828850311
"5790",1844,"CONE LUMBER",8,6,18,5,567,"N","S",8,2,35,42,12,19.2427988088091,9.74665828850311
"5791",1844,"VPP CO.",12,6,18,5,567,"N","S",8,2,35,42,12,19.1869677853403,9.74665828850311
"5792",1844,"SWF PLYWOOD",4,6,18,5,567,"N","S",8,2,35,42,12,19.3388545018197,9.74665828850311
"5793",1844,"CAMAC VENEER",11,6,18,5,567,"N","S",8,2,35,42,12,19.1999689228323,9.74665828850311
"5794",1844,"CABAX MILLS",6,6,18,5,567,"N","S",8,2,35,42,12,19.2957093844779,9.74665828850311
"5795",1844,"THE MURPHY CO.",7,6,18,5,567,"N","S",8,2,35,42,12,19.2462210445503,9.74665828850311
"5796",1844,"BOHEMIA INC.",10,6,18,5,567,"N","S",8,2,35,42,12,19.2015063289896,9.74665828850311
"5797",1845,"MCDOUGAL BROS. LOGGING",2,6,18,5,65,"Y","S",5,2,0,27,4,14.7636061115781,9.75632076181655
"5798",1845,"THE MURPHY COMPANY",1,6,18,5,65,"Y","S",5,2,0,27,4,14.9444224747183,9.75632076181655
"5799",1845,"ROGER M. JONES",3,6,18,5,65,"Y","S",5,2,0,27,4,14.7018532918701,9.75632076181655
"5800",1845,"JOHN W. SCHICKLING",4,6,18,5,65,"Y","S",5,2,0,27,4,14.3817443982013,9.75632076181655
"5801",1846,"ALL-AMERICAN PLYWOOD",3,6,18,5,82,"Y","S",5,2,0,22,5,16.8197812750383,9.85287823470959
"5802",1846,"MAZAMA TIMBER",5,6,18,5,82,"Y","S",5,2,0,22,5,16.715673118038,9.85287823470959
"5803",1846,"GEM LUMBER CO.",2,6,18,5,82,"Y","S",5,2,0,22,5,16.9721151561059,9.85287823470959
"5804",1846,"LANE PLYWOOD INC.",4,6,18,5,82,"Y","S",5,2,0,22,5,16.7769360253243,9.85287823470959
"5805",1846,"CUDDEBACK LUMBER",1,6,18,5,82,"Y","S",5,2,0,22,5,16.9879276986501,9.85287823470959
"5806",1847,"MAZAMA TBR. PROD.",2,6,18,5,284,"N","S",7,2,14,26,6,18.7391504749429,9.69763121260851
"5807",1847,"TANGFELDT WOOD PRODUCTS",1,6,18,5,284,"N","S",7,2,14,26,6,18.8110525186129,9.69763121260851
"5808",1847,"CUDDEBACK LUMBER CO.",3,6,18,5,284,"N","S",7,2,14,26,6,18.7227308500705,9.69763121260851
"5809",1847,"LANE PLYWOOD",6,6,18,5,284,"N","S",7,2,14,26,6,18.5528846308309,9.69763121260851
"5810",1847,"GEM LUMBER S",5,6,18,5,284,"N","S",7,2,14,26,6,18.5925714211147,9.69763121260851
"5811",1847,"VPP CO.",4,6,18,5,284,"N","S",7,2,14,26,6,18.6277997858862,9.69763121260851
"5812",1848,"SWF PLYWOOD",2,6,18,5,511,"N","S",7,2,25,22,11,19.4339874726247,9.73625163316022
"5813",1848,"ROSBORO LUMBER",6,6,18,5,511,"N","S",7,2,25,22,11,19.2169191172034,9.73625163316022
"5814",1848,"MAZAMA TIMBER PROD.",9,6,18,5,511,"N","S",7,2,25,22,11,19.1776966901637,9.73625163316022
"5815",1848,"CAMAC VENEER",1,6,18,5,511,"N","S",7,2,25,22,11,19.5285834097785,9.73625163316022
"5816",1848,"SENECA TIMBER",4,6,18,5,511,"N","S",7,2,25,22,11,19.2832731864925,9.73625163316022
"5817",1848,"ZIP-O-LOG VENEER",10,6,18,5,511,"N","S",7,2,25,22,11,19.0075842411989,9.73625163316022
"5818",1848,"GEM LUMBER",8,6,18,5,511,"N","S",7,2,25,22,11,19.1859322836305,9.73625163316022
"5819",1848,"BOHEMIA INC.",5,6,18,5,511,"N","S",7,2,25,22,11,19.2642308760852,9.73625163316022
"5820",1848,"POPE & TALBOT",3,6,18,5,511,"N","S",7,2,25,22,11,19.4051477473198,9.73625163316022
"5821",1848,"VPP CO.",7,6,18,5,511,"N","S",7,2,25,22,11,19.1881043467632,9.73625163316022
"5822",1848,"EDWARD HINES",11,6,18,5,511,"N","S",7,2,25,22,11,18.9591948783651,9.73625163316022
"5823",1849,"POPE & TALBOT, INC.",1,6,18,5,218,"Y","S",6,2,0,34,12,18.092657117106,9.65969476565407
"5824",1849,"CABAX MILLS",2,6,18,5,218,"Y","S",6,2,0,34,12,17.9903761749721,9.65969476565407
"5825",1849,"BOHEMIA, INC.",9,6,18,5,218,"Y","S",6,2,0,34,12,17.7964176289602,9.65969476565407
"5826",1849,"SWF PLYWOOD",5,6,18,5,218,"Y","S",6,2,0,34,12,17.9123603129024,9.65969476565407
"5827",1849,"MAZAMA TIMBER PRODUCTS",4,6,18,5,218,"Y","S",6,2,0,34,12,17.9151477561132,9.65969476565407
"5828",1849,"SUN STUDS",8,6,18,5,218,"Y","S",6,2,0,34,12,17.8062449236777,9.65969476565407
"5829",1849,"THE MURPHY COMPANY",11,6,18,5,218,"Y","S",6,2,0,34,12,17.6797310113735,9.65969476565407
"5830",1849,"ROSBORO LUMBER",3,6,18,5,218,"Y","S",6,2,0,34,12,17.946121152052,9.65969476565407
"5831",1849,"CAMAC VENEER",12,6,18,5,218,"Y","S",6,2,0,34,12,17.5779796356268,9.65969476565407
"5832",1849,"ALL AMERICAN PLYWOOD",6,6,18,5,218,"Y","S",6,2,0,34,12,17.9017120552439,9.65969476565407
"5833",1849,"HINES LUMBER COMPANY",7,6,18,5,218,"Y","S",6,2,0,34,12,17.9014801478042,9.65969476565407
"5834",1849,"ZIP-O-LOG VENEER",10,6,18,5,218,"Y","S",6,2,0,34,12,17.7936227566163,9.65969476565407
"5835",1850,"VPP CO.",12,6,18,5,242,"N","A",7,2,12,23,12,18.212582196843,9.80714183674944
"5836",1850,"CAMAC VENEER",2,6,18,5,242,"N","A",7,2,12,23,12,18.94187225578,9.80714183674944
"5837",1850,"BOHEMIA INC.",7,6,18,5,242,"N","A",7,2,12,23,12,18.212582196843,9.80714183674944
"5838",1850,"ZIP-O-LOG VENEER",6,6,18,5,242,"N","A",7,2,12,23,12,18.2301653088389,9.80714183674944
"5839",1850,"EDWARD HINES LUMBER",9,6,18,5,242,"N","A",7,2,12,23,12,18.212582196843,9.80714183674944
"5840",1850,"MAZAMA TIMBER PROD.",5,6,18,5,242,"N","A",7,2,12,23,12,18.2739517882038,9.80714183674944
"5841",1850,"ROSBORO LUMBER",4,6,18,5,242,"N","A",7,2,12,23,12,18.7880513844546,9.80714183674944
"5842",1850,"CUDDEBACK LUMBER",8,6,18,5,242,"N","A",7,2,12,23,12,18.212582196843,9.80714183674944
"5843",1850,"SWF PLYWOOD",10,6,18,5,242,"N","A",7,2,12,23,12,18.212582196843,9.80714183674944
"5844",1850,"WILLAMETTE IND.",11,6,18,5,242,"N","A",7,2,12,23,12,18.212582196843,9.80714183674944
"5845",1850,"SENECA SAWMILL",3,6,18,5,242,"N","A",7,2,12,23,12,18.8926717720121,9.80714183674944
"5846",1850,"POPE & TALBOT, INC.",1,6,18,5,242,"N","A",7,2,12,23,12,18.9420177292832,9.80714183674944
"5847",1851,"ZIP-O-LOG VENEER",4,6,18,5,412,"Y","A",6,2,0,26,8,17.0395450539786,9.72166587078383
"5848",1851,"EDWARD HINES LBR. CO.",2,6,18,5,412,"Y","A",6,2,0,26,8,17.0961134555501,9.72166587078383
"5849",1851,"SWF PLYWOOD",8,6,18,5,412,"Y","A",6,2,0,26,8,17.0030732025694,9.72166587078383
"5850",1851,"CUDDEBACK LBR. CO.",7,6,18,5,412,"Y","A",6,2,0,26,8,17.0030732025694,9.72166587078383
"5851",1851,"THE MURPHY CO.",3,6,18,5,412,"Y","A",6,2,0,26,8,17.042949613493,9.72166587078383
"5852",1851,"MAZAMA TIMBER PROD.",5,6,18,5,412,"Y","A",6,2,0,26,8,17.0049575721417,9.72166587078383
"5853",1851,"ALL-AMERICAN PLY",6,6,18,5,412,"Y","A",6,2,0,26,8,17.0030732025694,9.72166587078383
"5854",1851,"POPE & TALBOT, INC.",1,6,18,5,412,"Y","A",6,2,0,26,8,17.0994922430028,9.72166587078383
"5855",1852,"CONE LUMBER COMPANY",3,6,18,5,294,"Y","A",6,2,0,40,7,17.8970737858216,9.7161333532141
"5856",1852,"POPE AND TALBOT, INC.",5,6,18,5,294,"Y","A",6,2,0,40,7,17.3628437287131,9.7161333532141
"5857",1852,"VPP COMPANY",7,6,18,5,294,"Y","A",6,2,0,40,7,17.3628437287131,9.7161333532141
"5858",1852,"ALL-AMERICAN PLYWOOD",1,6,18,5,294,"Y","A",6,2,0,40,7,17.9842263910073,9.7161333532141
"5859",1852,"EDWARD HINES LUMBER CO.",2,6,18,5,294,"Y","A",6,2,0,40,7,17.983028131591,9.7161333532141
"5860",1852,"SENECA TIMBER COMPANY",6,6,18,5,294,"Y","A",6,2,0,40,7,17.3628437287131,9.7161333532141
"5861",1852,"MAZAMA TIMBER PRODUCTS",4,6,18,5,294,"Y","A",6,2,0,40,7,17.3660585460837,9.7161333532141
"5862",1853,"V.P.P. COMPANY",5,6,18,5,237,"Y","S",6,2,0,27,7,17.2101766571602,9.64504060535268
"5863",1853,"THE MURPHY COMPANY",4,6,18,5,237,"Y","S",6,2,0,27,7,17.3155633428447,9.64504060535268
"5864",1853,"POPE & TALBOT, INC",6,6,18,5,237,"Y","S",6,2,0,27,7,17.1496489113445,9.64504060535268
"5865",1853,"MAZAMA TBR. PRODUCTS",7,6,18,5,237,"Y","S",6,2,0,27,7,16.8366278872414,9.64504060535268
"5866",1853,"CONE LUMBER COMPANY",1,6,18,5,237,"Y","S",6,2,0,27,7,17.706252724079,9.64504060535268
"5867",1853,"EDWARD HINES LBR. CO.",2,6,18,5,237,"Y","S",6,2,0,27,7,17.6826240597105,9.64504060535268
"5868",1853,"ALL-AMERICAN PLYWOOD",3,6,18,5,237,"Y","S",6,2,0,27,7,17.3718352852175,9.64504060535268
"5869",1854,"GEORGIA PACIFIC CORP.",1,6,18,5,50,"Y","S",6,2,0,27,11,17.6518073595308,9.75237392286637
"5870",1854,"ROSBORO LUMBER CO.",3,6,18,5,50,"Y","S",6,2,0,27,11,17.5657555358296,9.75237392286637
"5871",1854,"ZIP-O-LOG VENEER INC.",10,6,18,5,50,"Y","S",6,2,0,27,11,17.3321474907259,9.75237392286637
"5872",1854,"MAZAMA TIMBER PRODUCTS IN",8,6,18,5,50,"Y","S",6,2,0,27,11,17.453649196625,9.75237392286637
"5873",1854,"POPE & TALBOT INC.",5,6,18,5,50,"Y","S",6,2,0,27,11,17.5111421649007,9.75237392286637
"5874",1854,"WILLAMETTE IND. INC.",2,6,18,5,50,"Y","S",6,2,0,27,11,17.5840326397304,9.75237392286637
"5875",1854,"TANGFELDT WOOD PRODUCTS",7,6,18,5,50,"Y","S",6,2,0,27,11,17.4748067095365,9.75237392286637
"5876",1854,"CAMAC VENEER INC.",9,6,18,5,50,"Y","S",6,2,0,27,11,17.3950354195932,9.75237392286637
"5877",1854,"SWF PLYWOOD INC.",11,6,18,5,50,"Y","S",6,2,0,27,11,17.3069751218366,9.75237392286637
"5878",1854,"MURPHY CO.",4,6,18,5,50,"Y","S",6,2,0,27,11,17.5113283857965,9.75237392286637
"5879",1854,"BOHEMIA INC.",6,6,18,5,50,"Y","S",6,2,0,27,11,17.4812749045722,9.75237392286637
"5880",1855,"TANGFELDT WOOD PROD.",9,6,18,5,298,"Y","A",7,2,0,12,10,18.1017102543372,9.68632607289947
"5881",1855,"SENECA SAWMILL",8,6,18,5,298,"Y","A",7,2,0,12,10,18.1017102543372,9.68632607289947
"5882",1855,"TRIANGLE VENEER",4,6,18,5,298,"Y","A",7,2,0,12,10,18.1752110589764,9.68632607289947
"5883",1855,"VPP CO.",10,6,18,5,298,"Y","A",7,2,0,12,10,18.1017102543372,9.68632607289947
"5884",1855,"LANE PLYWOOD",7,6,18,5,298,"Y","A",7,2,0,12,10,18.1017102543372,9.68632607289947
"5885",1855,"THE MURPHY CO.",3,6,18,5,298,"Y","A",7,2,0,12,10,18.5287608581474,9.68632607289947
"5886",1855,"CUDDEBACK LUMBER CO.",1,6,18,5,298,"Y","A",7,2,0,12,10,18.5548068347089,9.68632607289947
"5887",1855,"MAZAMA TIMBER PROD.",2,6,18,5,298,"Y","A",7,2,0,12,10,18.5511272582288,9.68632607289947
"5888",1855,"GOLDEN STATE BLDG. PROD.",6,6,18,5,298,"Y","A",7,2,0,12,10,18.1017102543372,9.68632607289947
"5889",1855,"EUGENE STUD & VENEER",5,6,18,5,298,"Y","A",7,2,0,12,10,18.1017102543372,9.68632607289947
"5890",1856,"S.W.F. PLYWOOD CO.",1,6,18,5,227,"N","A",7,2,13,32,11,18.7691704802909,9.7544653661431
"5891",1856,"POPE & TALBOT INC.",3,6,18,5,227,"N","A",7,2,13,32,11,18.753636806071,9.7544653661431
"5892",1856,"MURPHY CO.",8,6,18,5,227,"N","A",7,2,13,32,11,18.5025574611096,9.7544653661431
"5893",1856,"MAZAMA TIMBER",7,6,18,5,227,"N","A",7,2,13,32,11,18.5025574611096,9.7544653661431
"5894",1856,"ROSBORO LUMBER CO.",5,6,18,5,227,"N","A",7,2,13,32,11,18.5025574611096,9.7544653661431
"5895",1856,"ZIP-O-LOG VENEER",11,6,18,5,227,"N","A",7,2,13,32,11,18.5025574611096,9.7544653661431
"5896",1856,"BOHEMIA",9,6,18,5,227,"N","A",7,2,13,32,11,18.5025574611096,9.7544653661431
"5897",1856,"CAMAC VENEER",2,6,18,5,227,"N","A",7,2,13,32,11,18.7684362275083,9.7544653661431
"5898",1856,"TRIANGLE VENEER",4,6,18,5,227,"N","A",7,2,13,32,11,18.7346341821077,9.7544653661431
"5899",1856,"SENECA SAWMILL",6,6,18,5,227,"N","A",7,2,13,32,11,18.5025574611096,9.7544653661431
"5900",1856,"WILLAMETTE INC.",10,6,18,5,227,"N","A",7,2,13,32,11,18.5025574611096,9.7544653661431
"5901",1857,"THE MURPHY CO.",10,6,18,5,531,"N","A",8,2,34,34,12,18.9774335804076,9.73477299914839
"5902",1857,"GEM LUMBER CO.",8,6,18,5,531,"N","A",8,2,34,34,12,18.9774335804076,9.73477299914839
"5903",1857,"CAMAC VENEER",7,6,18,5,531,"N","A",8,2,34,34,12,18.9774335804076,9.73477299914839
"5904",1857,"POPE & TALBOT",4,6,18,5,531,"N","A",8,2,34,34,12,19.0732959920866,9.73477299914839
"5905",1857,"ZIP-O-LOG VENEER",12,6,18,5,531,"N","A",8,2,34,34,12,18.9774335804076,9.73477299914839
"5906",1857,"ALL-AMERICAN PLYWOOD",5,6,18,5,531,"N","A",8,2,34,34,12,18.9774335804076,9.73477299914839
"5907",1857,"MAZAMA TIMBER PRODUCTS",9,6,18,5,531,"N","A",8,2,34,34,12,18.9774335804076,9.73477299914839
"5908",1857,"WILLAMETTE IND.",2,6,18,5,531,"N","A",8,2,34,34,12,19.3419021002949,9.73477299914839
"5909",1857,"ROSBORO LUMBER CO.",3,6,18,5,531,"N","A",8,2,34,34,12,19.3269037660847,9.73477299914839
"5910",1857,"SENECA TIMBER COMPANY",1,6,18,5,531,"N","A",8,2,34,34,12,19.3445256709112,9.73477299914839
"5911",1857,"BOHEMIA INC.",6,6,18,5,531,"N","A",8,2,34,34,12,18.9774335804076,9.73477299914839
"5912",1857,"SWF PLYWOOD",11,6,18,5,531,"N","A",8,2,34,34,12,18.9774335804076,9.73477299914839
"5913",1858,"LADD, JOHN",2,6,18,5,258,"Y","A",5,2,0,25,4,15.1360216235363,10.1443138387026
"5914",1858,"MCDOUGAL BROS. LOGGING",1,6,18,5,258,"Y","A",5,2,0,25,4,15.4012365517704,10.1443138387026
"5915",1858,"GEM LUMBER",3,6,18,5,258,"Y","A",5,2,0,25,4,15.1183920596568,10.1443138387026
"5916",1858,"ROBERTS LOGGING",4,6,18,5,258,"Y","A",5,2,0,25,4,15.1183920596568,10.1443138387026
"5917",1859,"CRAWFORD LOGGING",6,6,18,5,202,"Y","A",5,2,0,22,6,14.9505576314064,10.1566169993406
"5918",1859,"GEM LUMBER",3,6,18,5,202,"Y","A",5,2,0,22,6,14.9590069794858,10.1566169993406
"5919",1859,"ROGER M. JONES",1,6,18,5,202,"Y","A",5,2,0,22,6,15.0879977193074,10.1566169993406
"5920",1859,"ROBERTS LOGGING",5,6,18,5,202,"Y","A",5,2,0,22,6,14.9513287108272,10.1566169993406
"5921",1859,"MCDOUGAL BROS. LOGGING",4,6,18,5,202,"Y","A",5,2,0,22,6,14.9551752146146,10.1566169993406
"5922",1859,"JOHN LADD",2,6,18,5,202,"Y","A",5,2,0,22,6,15.0846304482147,10.1566169993406
"5923",1860,"L.V. DZANKICH COMPANY, IN",7,6,18,6,244,"Y","S",5,2,0,51,9,16.5518890310533,10.0924536520488
"5924",1860,"J.F. SCHMIDT",3,6,18,6,244,"Y","S",5,2,0,51,9,16.657333789161,10.0924536520488
"5925",1860,"STAR LUMBER COMPANY",9,6,18,6,244,"Y","S",5,2,0,51,9,16.284745038358,10.0924536520488
"5926",1860,"GEM LUMBER COMPANY",6,6,18,6,244,"Y","S",5,2,0,51,9,16.613218630997,10.0924536520488
"5927",1860,"MERIDIAN LOGGING COMPANY",4,6,18,6,244,"Y","S",5,2,0,51,9,16.6517194110003,10.0924536520488
"5928",1860,"MAZAMA TIMBER PRODUCTS, I",2,6,18,6,244,"Y","S",5,2,0,51,9,16.6727505827409,10.0924536520488
"5929",1860,"RICHARDS LOGGING COMPANY",8,6,18,6,244,"Y","S",5,2,0,51,9,16.4763154010693,10.0924536520488
"5930",1860,"JOHN LADD",1,6,18,6,244,"Y","S",5,2,0,51,9,16.6769683056958,10.0924536520488
"5931",1860,"LANE PLYWOOD, INC.",5,6,18,6,244,"Y","S",5,2,0,51,9,16.6491355819746,10.0924536520488
"5932",1861,"BOHEMIA INC.",5,6,18,6,333,"N","S",7,2,14,10,12,19.0995134596643,9.72376262158944
"5933",1861,"MAZAMA TIMBER PROD.",3,6,18,6,333,"N","S",7,2,14,10,12,19.1887753656419,9.72376262158944
"5934",1861,"SWF PLYWOOD",7,6,18,6,333,"N","S",7,2,14,10,12,19.0667232141673,9.72376262158944
"5935",1861,"ROSBORO LUMBER CO.",11,6,18,6,333,"N","S",7,2,14,10,12,18.957861013001,9.72376262158944
"5936",1861,"SIMPSON TIMBER CO.",6,6,18,6,333,"N","S",7,2,14,10,12,19.0769434801566,9.72376262158944
"5937",1861,"WILLAMETTE INDUSTRIES",8,6,18,6,333,"N","S",7,2,14,10,12,19.0069412448584,9.72376262158944
"5938",1861,"CAMAC VENEER",2,6,18,6,333,"N","S",7,2,14,10,12,19.1953226544142,9.72376262158944
"5939",1861,"POPE & TALBOT INC.",1,6,18,6,333,"N","S",7,2,14,10,12,19.3079030533292,9.72376262158944
"5940",1861,"STAR LUMBER CO.",12,6,18,6,333,"N","S",7,2,14,10,12,18.8826364503687,9.72376262158944
"5941",1861,"CABAX MILLS",4,6,18,6,333,"N","S",7,2,14,10,12,19.1443450053223,9.72376262158944
"5942",1861,"THE MURPHY COMPANY",10,6,18,6,333,"N","S",7,2,14,10,12,18.9877969050624,9.72376262158944
"5943",1861,"SENECA TIMBER",9,6,18,6,333,"N","S",7,2,14,10,12,19.0013169048256,9.72376262158944
"5944",1862,"BOHEMIA, INC.",1,6,18,6,278,"N","S",7,2,2,35,12,18.8515016593228,9.72034565935827
"5945",1862,"SENECA TIMBER CO.",6,6,18,6,278,"N","S",7,2,2,35,12,18.7817793888819,9.72034565935827
"5946",1862,"ALL AMERICAN PLYWOOD",7,6,18,6,278,"N","S",7,2,2,35,12,18.7806706872043,9.72034565935827
"5947",1862,"THE MURPHY CO.",10,6,18,6,278,"N","S",7,2,2,35,12,18.6473700018131,9.72034565935827
"5948",1862,"GREGORY LUMBER CO.",8,6,18,6,278,"N","S",7,2,2,35,12,18.7515947047961,9.72034565935827
"5949",1862,"ROSBORO LUMBER COMPANY",9,6,18,6,278,"N","S",7,2,2,35,12,18.6536874936109,9.72034565935827
"5950",1862,"POPE & TALBOT, INC.",5,6,18,6,278,"N","S",7,2,2,35,12,18.7907880681794,9.72034565935827
"5951",1862,"WILLAMETTE IND., INC.",3,6,18,6,278,"N","S",7,2,2,35,12,18.8093563607074,9.72034565935827
"5952",1862,"ZIP-O-LOG VENEER, INC.",11,6,18,6,278,"N","S",7,2,2,35,12,18.6410123454388,9.72034565935827
"5953",1862,"SWF PLYWOOD CO.",2,6,18,6,278,"N","S",7,2,2,35,12,18.833566252664,9.72034565935827
"5954",1862,"MAZAMA TIMBER PRODUCTS",12,6,18,6,278,"N","S",7,2,2,35,12,18.6245069102213,9.72034565935827
"5955",1862,"CABAX MILLS",4,6,18,6,278,"N","S",7,2,2,35,12,18.7927993187475,9.72034565935827
"5956",1863,"TRIANGLE VENEER",4,6,18,6,411,"N","S",8,2,29,42,7,19.421883049772,9.73406247747719
"5957",1863,"MAZAMA TIMBER PRODUCTS",1,6,18,6,411,"N","S",8,2,29,42,7,19.6902952107317,9.73406247747719
"5958",1863,"GOLDEN STATE BLDG. PROD.",7,6,18,6,411,"N","S",8,2,29,42,7,19.2345719055734,9.73406247747719
"5959",1863,"VPP COMPANY",6,6,18,6,411,"N","S",8,2,29,42,7,19.3216840158037,9.73406247747719
"5960",1863,"TANGFELDT WOOD PRODUCTS",3,6,18,6,411,"N","S",8,2,29,42,7,19.6574467259344,9.73406247747719
"5961",1863,"LANE PLYWOOD",2,6,18,6,411,"N","S",8,2,29,42,7,19.6668528978095,9.73406247747719
"5962",1863,"CUDDEBACK LUMBER",5,6,18,6,411,"N","S",8,2,29,42,7,19.355122543971,9.73406247747719
"5963",1864,"MAZAMA TIMBER PROD., INC.",1,6,18,6,282,"N","A",7,2,2,32,8,18.8119360357991,9.73636982948445
"5964",1864,"THE MURPHY COMPANY",4,6,18,6,282,"N","A",7,2,2,32,8,18.7792890178039,9.73636982948445
"5965",1864,"ROSBORO LUMBER COMPANY",2,6,18,6,282,"N","A",7,2,2,32,8,18.8104134103097,9.73636982948445
"5966",1864,"VPP COMPANY",8,6,18,6,282,"N","A",7,2,2,32,8,18.4153525744342,9.73636982948445
"5967",1864,"CUDDEBACK LUMBER COMPANY",5,6,18,6,282,"N","A",7,2,2,32,8,18.4153525744342,9.73636982948445
"5968",1864,"GEM LUMBER COMPANY",6,6,18,6,282,"N","A",7,2,2,32,8,18.4153525744342,9.73636982948445
"5969",1864,"SENECA TIMBER COMPANY",7,6,18,6,282,"N","A",7,2,2,32,8,18.4153525744342,9.73636982948445
"5970",1864,"LANE PLYWOOD, INC.",3,6,18,6,282,"N","A",7,2,2,32,8,18.8102440865005,9.73636982948445
"5971",1865,"LARRY LILLEGREN CO., INC.",5,6,18,6,97,"Y","A",5,2,0,41,9,17.0060498692917,9.67041992002422
"5972",1865,"TRIANGLE VENEER, INC.",8,6,18,6,97,"Y","A",5,2,0,41,9,16.9637720546377,9.67041992002422
"5973",1865,"CRAWFORD LOGGING CO.",6,6,18,6,97,"Y","A",5,2,0,41,9,16.9637720546377,9.67041992002422
"5974",1865,"DIPAOLO LOGGING COMPANY",2,6,18,6,97,"Y","A",5,2,0,41,9,17.3062905359744,9.67041992002422
"5975",1865,"LANE PLYWOOD INC.",3,6,18,6,97,"Y","A",5,2,0,41,9,17.2267087642543,9.67041992002422
"5976",1865,"HILLS CREEK LUMBER COMPAN",7,6,18,6,97,"Y","A",5,2,0,41,9,16.9637720546377,9.67041992002422
"5977",1865,"VPP COMPANY",9,6,18,6,97,"Y","A",5,2,0,41,9,16.9637720546377,9.67041992002422
"5978",1865,"TANGFELDT WOOD PRODUCTS",1,6,18,6,97,"Y","A",5,2,0,41,9,17.3064429098221,9.67041992002422
"5979",1865,"MAZAMA TIMBER PRODUCTS, I",4,6,18,6,97,"Y","A",5,2,0,41,9,17.1548867897557,9.67041992002422
"5980",1866,"ZIP-O-LOG VENEER",6,6,18,6,246,"N","A",8,2,11,31,12,19.296633114337,9.68731961495834
"5981",1866,"ZIP-O-LOG MILLS",1,6,18,6,246,"N","A",8,2,11,31,12,19.7222776851814,9.68731961495834
"5982",1866,"EDWARD HINES",11,6,18,6,246,"N","A",8,2,11,31,12,19.2383870615621,9.68731961495834
"5983",1866,"CABAX MILLS",3,6,18,6,246,"N","A",8,2,11,31,12,19.7098199994384,9.68731961495834
"5984",1866,"HILLS CREEK LBR.",10,6,18,6,246,"N","A",8,2,11,31,12,19.2383870615621,9.68731961495834
"5985",1866,"CUDDEBACK",8,6,18,6,246,"N","A",8,2,11,31,12,19.2383870615621,9.68731961495834
"5986",1866,"CAMAC VENEER",7,6,18,6,246,"N","A",8,2,11,31,12,19.2383870615621,9.68731961495834
"5987",1866,"MAZAMA TIMBER",4,6,18,6,246,"N","A",8,2,11,31,12,19.3696945867469,9.68731961495834
"5988",1866,"BOHEMIA INC.",5,6,18,6,246,"N","A",8,2,11,31,12,19.296633114337,9.68731961495834
"5989",1866,"GOLDEN STATE BLDG. PROD.",9,6,18,6,246,"N","A",8,2,11,31,12,19.2383870615621,9.68731961495834
"5990",1866,"POPE & TALBOT, INC.",12,6,18,6,246,"N","A",8,2,11,31,12,19.2383870615621,9.68731961495834
"5991",1866,"TRIANGLE VENEER",2,6,18,6,246,"N","A",8,2,11,31,12,19.7204188972047,9.68731961495834
"5992",1867,"MERIDIAN LOGGING CO.",2,6,18,6,94,"Y","A",5,2,0,38,4,16.5756036590962,9.7161333532141
"5993",1867,"SWF PLYWOOD COMPANY",3,6,18,6,94,"Y","A",5,2,0,38,4,16.4324182424763,9.7161333532141
"5994",1867,"ZIP-O-LOG VENEER",1,6,18,6,94,"Y","A",5,2,0,38,4,16.5950323160728,9.7161333532141
"5995",1867,"DIPAOLO LOGGING COMPANY",4,6,18,6,94,"Y","A",5,2,0,38,4,16.2967499917278,9.7161333532141
"5996",1868,"MAZAMA TIMBER PRODUCTS,IN",2,6,18,6,147,"Y","S",5,2,0,42,3,16.6000766394049,10.1508553140745
"5997",1868,"MERIDIAN LOGGING COMPANY",1,6,18,6,147,"Y","S",5,2,0,42,3,16.683291839455,10.1508553140745
"5998",1868,"ZIP-O-LOG VENEER, INC.",3,6,18,6,147,"Y","S",5,2,0,42,3,16.4411084283596,10.1508553140745
"5999",1869,"SENECA TIMBER",1,6,18,6,410,"N","A",7,205,17,22,6,19.1464557987385,10.635037804379
"6000",1869,"BOHEMIA, INC.",6,6,18,6,410,"N","A",7,205,17,22,6,18.5009123568591,10.635037804379
"6001",1869,"ROSBORO LUMBER",2,6,18,6,410,"N","A",7,205,17,22,6,19.142868145712,10.635037804379
"6002",1869,"WILLAMETTE INDUSTRIES",4,6,18,6,410,"N","A",7,205,17,22,6,18.5232662127268,10.635037804379
"6003",1869,"CLARK & POWELL",5,6,18,6,410,"N","A",7,205,17,22,6,18.5030272573648,10.635037804379
"6004",1869,"POPE & TALBOT, INC.",3,6,18,6,410,"N","A",7,205,17,22,6,18.6456881571963,10.635037804379
"6005",1870,"ROSBORO LUMBER COMPANY",1,6,18,6,100,"Y","S",5,2,0,51,4,16.6290294688711,9.72202562615406
"6006",1870,"TRIANGLE VENEER, INC.",3,6,18,6,100,"Y","S",5,2,0,51,4,16.5046850620377,9.72202562615406
"6007",1870,"JOHN LADD",2,6,18,6,100,"Y","S",5,2,0,51,4,16.5402225112622,9.72202562615406
"6008",1870,"CRAWFORD LOGGING",4,6,18,6,100,"Y","S",5,2,0,51,4,16.46432866723,9.72202562615406
"6009",1872,"ZIP-O-LOG VENEER",10,6,18,6,178,"N","A",7,2,23,44,10,18.3760703324338,9.80211905814784
"6010",1872,"GOLDEN STATE BUILD. PROD.",3,6,18,6,178,"N","A",7,2,23,44,10,18.5850945769859,9.80211905814784
"6011",1872,"SWF PLYWOOD CO.",9,6,18,6,178,"N","A",7,2,23,44,10,18.3760703324338,9.80211905814784
"6012",1872,"TANGFELDT WOOD PROD.",4,6,18,6,178,"N","A",7,2,23,44,10,18.547050805346,9.80211905814784
"6013",1872,"POPE & TALBOT LBR. CO.",7,6,18,6,178,"N","A",7,2,23,44,10,18.3760703324338,9.80211905814784
"6014",1872,"BOHEMIA, INC.",8,6,18,6,178,"N","A",7,2,23,44,10,18.3760703324338,9.80211905814784
"6015",1872,"VPP, CO.",2,6,18,6,178,"N","A",7,2,23,44,10,18.5962310944506,9.80211905814784
"6016",1872,"MAZAMA LBR. CO.",6,6,18,6,178,"N","A",7,2,23,44,10,18.3760703324338,9.80211905814784
"6017",1872,"GEM LBR. CO.",5,6,18,6,178,"N","A",7,2,23,44,10,18.376208344805,9.80211905814784
"6018",1872,"CAMAC VENEER",1,6,18,6,178,"N","A",7,2,23,44,10,18.5999158759671,9.80211905814784
"6019",1873,"MAZAMA TBR. PRO.",6,6,18,6,356,"N","A",7,2,23,31,9,18.8209168714054,9.6824667466029
"6020",1873,"LANE PLYWOOD CO.",4,6,18,6,356,"N","A",7,2,23,31,9,19.0680881282366,9.6824667466029
"6021",1873,"CUDDEBACK LBR. CO.",2,6,18,6,356,"N","A",7,2,23,31,9,19.2300902489177,9.6824667466029
"6022",1873,"MURPHY CO.",7,6,18,6,356,"N","A",7,2,23,31,9,18.8209168714054,9.6824667466029
"6023",1873,"STAR LBR. CO.",3,6,18,6,356,"N","A",7,2,23,31,9,19.1462859180925,9.6824667466029
"6024",1873,"SENECA SAWMILL",8,6,18,6,356,"N","A",7,2,23,31,9,18.8209168714054,9.6824667466029
"6025",1873,"GOLDEN STATE BLDG. PRODUC",1,6,18,6,356,"N","A",7,2,23,31,9,19.231024566051,9.6824667466029
"6026",1873,"GEM LBR. CO.",5,6,18,6,356,"N","A",7,2,23,31,9,18.9565780304114,9.6824667466029
"6027",1873,"VPP COMPANY",9,6,18,6,356,"N","A",7,2,23,31,9,18.8209168714054,9.6824667466029
"6028",1875,"SWF PLYWOOD",6,6,18,6,323,"N","A",8,2,8,50,12,19.2021258485453,9.77911409769637
"6029",1875,"MAZAMA TIMBER PROD.",10,6,18,6,323,"N","A",8,2,8,50,12,19.0998233161717,9.77911409769637
"6030",1875,"TRIANGLE VENEER",7,6,18,6,323,"N","A",8,2,8,50,12,19.1640389834943,9.77911409769637
"6031",1875,"TANGFELDT WOOD PROD.",2,6,18,6,323,"N","A",8,2,8,50,12,19.6173152889939,9.77911409769637
"6032",1875,"BOHEMIA INC.",1,6,18,6,323,"N","A",8,2,8,50,12,19.6174799796501,9.77911409769637
"6033",1875,"POPE & TALBOT, INC.",5,6,18,6,323,"N","A",8,2,8,50,12,19.2218869459262,9.77911409769637
"6034",1875,"ZIP-O-LOG MILLS",8,6,18,6,323,"N","A",8,2,8,50,12,19.1536186674754,9.77911409769637
"6035",1875,"THE MURPHY CO.",12,6,18,6,323,"N","A",8,2,8,50,12,19.0998233161717,9.77911409769637
"6036",1875,"GEM LUMBER CO.",9,6,18,6,323,"N","A",8,2,8,50,12,19.1025278181219,9.77911409769637
"6037",1875,"ZIP-O-LOG VENEER",4,6,18,6,323,"N","A",8,2,8,50,12,19.6035505378503,9.77911409769637
"6038",1875,"CAMAC VENEER",3,6,18,6,323,"N","A",8,2,8,50,12,19.6072175203753,9.77911409769637
"6039",1875,"HILLS CREEK LUMBER",11,6,18,6,323,"N","A",8,2,8,50,12,19.0998233161717,9.77911409769637
"6040",1876,"THE MURPHY COMPANY",1,6,18,6,2,"N","A",5,205,0,26,1,14.384906931088,10.5583096187744
"6041",1877,"JOHN LADD",1,6,18,6,40,"Y","D",5,205,0,50,1,15.0118241049227,10.7353526524079
"6042",1878,"SENECA TIMBER",4,6,18,7,323,"Y","S",7,205,0,62,12,18.6134887914705,10.4726575532764
"6043",1878,"GREGORY LUMBER",6,6,18,7,323,"Y","S",7,205,0,62,12,18.5195165197149,10.4726575532764
"6044",1878,"CABAX MILLS",8,6,18,7,323,"Y","S",7,205,0,62,12,18.4861500817457,10.4726575532764
"6045",1878,"SWF PLYWOOD",7,6,18,7,323,"Y","S",7,205,0,62,12,18.5152269956743,10.4726575532764
"6046",1878,"TOMCO, INC.",3,6,18,7,323,"Y","S",7,205,0,62,12,18.661770298141,10.4726575532764
"6047",1878,"MAZAMA TIMBER PROD.",10,6,18,7,323,"Y","S",7,205,0,62,12,18.4523731906849,10.4726575532764
"6048",1878,"BOHEMIA INC.",2,6,18,7,323,"Y","S",7,205,0,62,12,18.668501297979,10.4726575532764
"6049",1878,"ROSBORO LUMBER",1,6,18,7,323,"Y","S",7,205,0,62,12,18.7257986745222,10.4726575532764
"6050",1878,"WILLAMETTE IND.",5,6,18,7,323,"Y","S",7,205,0,62,12,18.6103295573827,10.4726575532764
"6051",1878,"YOUNG & MORGAN",12,6,18,7,323,"Y","S",7,205,0,62,12,18.2319808889935,10.4726575532764
"6052",1878,"THE MURPHY CO.",9,6,18,7,323,"Y","S",7,205,0,62,12,18.4648507276968,10.4726575532764
"6053",1878,"STAR LUMBER",11,6,18,7,323,"Y","S",7,205,0,62,12,18.3002968289397,10.4726575532764
"6054",1879,"J. FREDICK SCHMIDT",12,6,18,7,18,"Y","S",5,2,0,50,12,16.8048433987577,9.83734775003158
"6055",1879,"TANGFELDT WOOD PRODUCTS",6,6,18,7,18,"Y","S",5,2,0,50,12,16.9857640445795,9.83734775003158
"6056",1879,"THE MURPHY COMPANY",9,6,18,7,18,"Y","S",5,2,0,50,12,16.8715224526523,9.83734775003158
"6057",1879,"LANE PLYWOOD",8,6,18,7,18,"Y","S",5,2,0,50,12,16.972524596043,9.83734775003158
"6058",1879,"CHAMPION INTERNATIONAL",11,6,18,7,18,"Y","S",5,2,0,50,12,16.8256396975088,9.83734775003158
"6059",1879,"SENECA TIMBER COMPANY",10,6,18,7,18,"Y","S",5,2,0,50,12,16.8466423107401,9.83734775003158
"6060",1879,"BOHEMIA DBA COBURG VENEER",4,6,18,7,18,"Y","S",5,2,0,50,12,17.0000917884084,9.83734775003158
"6061",1879,"ROSBORO LUMBER COMPANY",1,6,18,7,18,"Y","S",5,2,0,50,12,17.1583147637815,9.83734775003158
"6062",1879,"CUDDEBACK LUMBER COMPANY",2,6,18,7,18,"Y","S",5,2,0,50,12,17.0863680202576,9.83734775003158
"6063",1879,"CRAWFORD LOGGING",3,6,18,7,18,"Y","S",5,2,0,50,12,17.0410191374022,9.83734775003158
"6064",1879,"SWF PLYWOOD",7,6,18,7,18,"Y","S",5,2,0,50,12,16.9725616161302,9.83734775003158
"6065",1879,"MAZAMA TIMBER PRODUCTS",5,6,18,7,18,"Y","S",5,2,0,50,12,16.9956160322507,9.83734775003158
"6066",1880,"WILLAMETTE INDUSTRIES, IN",1,6,18,7,211,"Y","S",5,2,0,43,8,17.2519740487589,9.96688479766592
"6067",1880,"MAZAMA TIMBER PRODUCTS, I",8,6,18,7,211,"Y","S",5,2,0,43,8,16.5297224037517,9.96688479766592
"6068",1880,"VPP COMPANY",7,6,18,7,211,"Y","S",5,2,0,43,8,16.578669332678,9.96688479766592
"6069",1880,"CLARK & POWELL LUMBER CO.",5,6,18,7,211,"Y","S",5,2,0,43,8,16.829831977746,9.96688479766592
"6070",1880,"SWF PLYWOOD",4,6,18,7,211,"Y","S",5,2,0,43,8,17.0350365714141,9.96688479766592
"6071",1880,"TOMCO, INC.",3,6,18,7,211,"Y","S",5,2,0,43,8,17.1245747412015,9.96688479766592
"6072",1880,"BOHEMIA, INC.",2,6,18,7,211,"Y","S",5,2,0,43,8,17.1370361076145,9.96688479766592
"6073",1880,"ZIP-O-LOG VENEER INC.",6,6,18,7,211,"Y","S",5,2,0,43,8,16.7028532885411,9.96688479766592
"6074",1881,"CRAWFORD LOGGING COMPANY",1,6,18,7,365,"Y","A",5,205,0,53,3,16.173360050062,10.636095801977
"6075",1881,"YOUNG & MORGAN, INC.",2,6,18,7,365,"Y","A",5,205,0,53,3,16.1709916603118,10.636095801977
"6076",1881,"ELWOOD MCCLURE",3,6,18,7,365,"Y","A",5,205,0,53,3,15.9837868133446,10.636095801977
"6077",1882,"WILLAMETTE INDUSTRIES, IN",1,6,18,7,86,"Y","S",6,2,0,40,8,18.1684241147967,9.69621735037821
"6078",1882,"TANGFELDT WOOD PROD.",4,6,18,7,86,"Y","S",6,2,0,40,8,18.0306917112158,9.69621735037821
"6079",1882,"MAZAMA TBR. PROD.",6,6,18,7,86,"Y","S",6,2,0,40,8,17.895672182812,9.69621735037821
"6080",1882,"SWF PLYWOOD",3,6,18,7,86,"Y","S",6,2,0,40,8,18.0905215580263,9.69621735037821
"6081",1882,"TOMCO, INC.",5,6,18,7,86,"Y","S",6,2,0,40,8,17.970558640851,9.69621735037821
"6082",1882,"BOHEMIA INC.",2,6,18,7,86,"Y","S",6,2,0,40,8,18.1152980015434,9.69621735037821
"6083",1882,"YOUNG & MORGAN, INC.",7,6,18,7,86,"Y","S",6,2,0,40,8,17.8682781532461,9.69621735037821
"6084",1882,"VPP COMPANY",8,6,18,7,86,"Y","S",6,2,0,40,8,17.7060735353661,9.69621735037821
"6085",1883,"ZIP-O-LOG VENEER",6,6,18,7,85,"Y","S",5,2,0,42,7,16.8307905243606,10.1139915603039
"6086",1883,"WILLAMETTE INDUSTRIES, IN",1,6,18,7,85,"Y","S",5,2,0,42,7,17.3474379119347,10.1139915603039
"6087",1883,"YOUNG & MORGAN, INC.",4,6,18,7,85,"Y","S",5,2,0,42,7,17.0137264281362,10.1139915603039
"6088",1883,"CRAWFORD LOGGING CO.",5,6,18,7,85,"Y","S",5,2,0,42,7,16.8560632217897,10.1139915603039
"6089",1883,"SWF PLYWOOD",2,6,18,7,85,"Y","S",5,2,0,42,7,17.1578704699019,10.1139915603039
"6090",1883,"ZIP-O-LOG MILLS",3,6,18,7,85,"Y","S",5,2,0,42,7,17.0831308316713,10.1139915603039
"6091",1883,"VPP CO.",7,6,18,7,85,"Y","S",5,2,0,42,7,16.6121087326644,10.1139915603039
"6092",1884,"CABAX MILLS",8,6,18,7,350,"N","S",7,2,11,63,12,19.5068381245974,9.86692729722433
"6093",1884,"GEM LUMBER",11,6,18,7,350,"N","S",7,2,11,63,12,19.4541790570519,9.86692729722433
"6094",1884,"SENECA TIMBER",5,6,18,7,350,"N","S",7,2,11,63,12,19.6445746979622,9.86692729722433
"6095",1884,"TOMCO, INC.",2,6,18,7,350,"N","S",7,2,11,63,12,19.7257005139418,9.86692729722433
"6096",1884,"CAMAC VENEER",6,6,18,7,350,"N","S",7,2,11,63,12,19.6439431027987,9.86692729722433
"6097",1884,"THE MURPHY CO.",9,6,18,7,350,"N","S",7,2,11,63,12,19.5026340389263,9.86692729722433
"6098",1884,"WILLAMETTE INDUSTRIES",7,6,18,7,350,"N","S",7,2,11,63,12,19.5719841495987,9.86692729722433
"6099",1884,"CONE LUMBER",10,6,18,7,350,"N","S",7,2,11,63,12,19.478601932311,9.86692729722433
"6100",1884,"ROSBORO LUMBER CO.",4,6,18,7,350,"N","S",7,2,11,63,12,19.6593198674448,9.86692729722433
"6101",1884,"MAZAMA TIMBER PROD.",12,6,18,7,350,"N","S",7,2,11,63,12,19.4200349701725,9.86692729722433
"6102",1884,"BOHEMIA, INC.",3,6,18,7,350,"N","S",7,2,11,63,12,19.6624584519539,9.86692729722433
"6103",1884,"SWF PLYWOOD",1,6,18,7,350,"N","S",7,2,11,63,12,19.7366711959795,9.86692729722433
"6104",1885,"GEM LUMBER CO.",5,6,18,7,801,"Y","S",5,2,0,42,6,15.3874397309814,10.1533509285497
"6105",1885,"TRIANGLE VENEER",4,6,18,7,801,"Y","S",5,2,0,42,6,15.4809185117367,10.1533509285497
"6106",1885,"NORTHWEST WOOD",3,6,18,7,801,"Y","S",5,2,0,42,6,15.5116452979225,10.1533509285497
"6107",1885,"MAZAMA TIMBER PRODUCTS, I",2,6,18,7,801,"Y","S",5,2,0,42,6,15.7698607041162,10.1533509285497
"6108",1885,"ALL AMERICAN PLYWOOD",1,6,18,7,801,"Y","S",5,2,0,42,6,15.7719408896207,10.1533509285497
"6109",1885,"ELWOOD MCCLURE",6,6,18,7,801,"Y","S",5,2,0,42,6,15.2053810172163,10.1533509285497
"6110",1886,"MAZAMA TIMBER PRODUCTS, I",7,6,18,7,942,"Y","S",5,2,0,45,8,16.3421356003877,10.1069588680528
"6111",1886,"ELWOOD MCCLURE",8,6,18,7,942,"Y","S",5,2,0,45,8,16.275202813224,10.1069588680528
"6112",1886,"TRIANGLE VENEER",6,6,18,7,942,"Y","S",5,2,0,45,8,16.3457259218758,10.1069588680528
"6113",1886,"ROSBORO LUMBER CO.",1,6,18,7,942,"Y","S",5,2,0,45,8,16.9912997426034,10.1069588680528
"6114",1886,"ALL AMERICAN PLYWOOD",4,6,18,7,942,"Y","S",5,2,0,45,8,16.7903771493795,10.1069588680528
"6115",1886,"THE MURPHY CO.",3,6,18,7,942,"Y","S",5,2,0,45,8,16.8905488063323,10.1069588680528
"6116",1886,"GEM LUMBER CO.",2,6,18,7,942,"Y","S",5,2,0,45,8,16.913966824603,10.1069588680528
"6117",1886,"NORTHWEST WOOD PRODUCTS",5,6,18,7,942,"Y","S",5,2,0,45,8,16.3634866816181,10.1069588680528
"6118",1887,"MAZAMA TIMBER PRODUCTS",1,6,18,7,600,"Y","S",5,205,0,67,2,16.7739022697721,10.7149731700442
"6119",1887,"GEM LUMBER COMPANY",2,6,18,7,600,"Y","S",5,205,0,67,2,16.7714598803388,10.7149731700442
"6120",1888,"HORSE CREEK LOGGING",2,6,18,7,440,"Y","A",5,15,0,60,2,15.3124962009268,10.2679917675892
"6121",1888,"GEM LUMBER COMPANY",1,6,18,7,440,"Y","A",5,15,0,60,2,15.3128318502435,10.2679917675892
"6122",1889,"CAMAC VENEER",6,6,18,7,229,"Y","A",7,2,0,63,12,18.1619721892279,9.89606003670733
"6123",1889,"CHAMPION INTERNATIONAL",7,6,18,7,229,"Y","A",7,2,0,63,12,18.1619721892279,9.89606003670733
"6124",1889,"BARKER-WILLAMETTE",2,6,18,7,229,"Y","A",7,2,0,63,12,18.8091732963313,9.89606003670733
"6125",1889,"EUGENE STUD & VENEER",9,6,18,7,229,"Y","A",7,2,0,63,12,18.1619721892279,9.89606003670733
"6126",1889,"TOMCO, INC.",1,6,18,7,229,"Y","A",7,2,0,63,12,18.8125174052244,9.89606003670733
"6127",1889,"MAZAMA TIMBER PROD.",11,6,18,7,229,"Y","A",7,2,0,63,12,18.1619721892279,9.89606003670733
"6128",1889,"CLARK & POWELL",8,6,18,7,229,"Y","A",7,2,0,63,12,18.1619721892279,9.89606003670733
"6129",1889,"WILLAMETTE INDUSTRIES",4,6,18,7,229,"Y","A",7,2,0,63,12,18.1625522957352,9.89606003670733
"6130",1889,"GOLDEN STATE BLDG. PROD.",10,6,18,7,229,"Y","A",7,2,0,63,12,18.1619721892279,9.89606003670733
"6131",1889,"BOHEMIA, INC.",5,6,18,7,229,"Y","A",7,2,0,63,12,18.1619721892279,9.89606003670733
"6132",1889,"MURPHY CO.",12,6,18,7,229,"Y","A",7,2,0,63,12,18.1619721892279,9.89606003670733
"6133",1889,"CUDDEBACK",3,6,18,7,229,"Y","A",7,2,0,63,12,18.784000760411,9.89606003670733
"6134",1891,"NORTHWEST WOOD PRODUCTS,",1,6,18,7,245,"Y","A",5,205,0,64,1,14.2284145951694,10.7339153386301
"6135",1892,"CRAWFORD LOGGING COMPANY",1,6,18,7,441,"Y","A",5,15,0,64,4,15.7357629145072,10.3180445373225
"6136",1892,"NORTHWEST WOOD PRODUCTS",2,6,18,7,441,"Y","A",5,15,0,64,4,15.7332681156,10.3180445373225
"6137",1892,"BUD DIERKER LOGGING",4,6,18,7,441,"Y","A",5,15,0,64,4,15.0803037296531,10.3180445373225
"6138",1892,"VPP COMPANY",3,6,18,7,441,"Y","A",5,15,0,64,4,15.6390399752811,10.3180445373225
"6139",1893,"C.F. RICHARDS",3,6,18,7,35,"N","A",5,2,0,48,7,16.0912628497973,10.152766577455
"6140",1893,"ROSBORO LUMBER CO.",6,6,18,7,35,"N","A",5,2,0,48,7,15.7467478712444,10.152766577455
"6141",1893,"ELWOOD MCCLURE",4,6,18,7,35,"N","A",5,2,0,48,7,15.7721119231797,10.152766577455
"6142",1893,"VPP COMPANY",7,6,18,7,35,"N","A",5,2,0,48,7,15.7467478712444,10.152766577455
"6143",1893,"TOMCO, INC.",2,6,18,7,35,"N","A",5,2,0,48,7,16.2882805218992,10.152766577455
"6144",1893,"SENECA TIMBER CO.",1,6,18,7,35,"N","A",5,2,0,48,7,16.2916488780604,10.152766577455
"6145",1893,"NORTHWEST WOOD PRODUCTS,",5,6,18,7,35,"N","A",5,2,0,48,7,15.7467478712444,10.152766577455
"6146",1894,"THE MURPHY CO.",9,6,18,7,125,"N","A",6,2,0,61,11,17.8194415988247,10.1489795075141
"6147",1894,"LANE PLYWOOD",3,6,18,7,125,"N","A",6,2,0,61,11,17.8264227853231,10.1489795075141
"6148",1894,"GEM LUMBER CO.",8,6,18,7,125,"N","A",6,2,0,61,11,17.8194415988247,10.1489795075141
"6149",1894,"TOMCO, INC.",4,6,18,7,125,"N","A",6,2,0,61,11,17.8264227853231,10.1489795075141
"6150",1894,"VPP COMPANY INC.",5,6,18,7,125,"N","A",6,2,0,61,11,17.8264227853231,10.1489795075141
"6151",1894,"GOLDEN STATE BLDG. PRODUC",7,6,18,7,125,"N","A",6,2,0,61,11,17.8194415988247,10.1489795075141
"6152",1894,"NORTHWEST WOOD PRODUCTS",10,6,18,7,125,"N","A",6,2,0,61,11,17.8194415988247,10.1489795075141
"6153",1894,"ROSBORO LUMBER CO.",1,6,18,7,125,"N","A",6,2,0,61,11,18.6029789671408,10.1489795075141
"6154",1894,"SENECA TIMBER",11,6,18,7,125,"N","A",6,2,0,61,11,17.8194415988247,10.1489795075141
"6155",1894,"TANGFELDT WOOD PRODUCTS",2,6,18,7,125,"N","A",6,2,0,61,11,18.5998072018498,10.1489795075141
"6156",1894,"MAZAMA TIMBER PRODUCTS",6,6,18,7,125,"N","A",6,2,0,61,11,17.8227928328099,10.1489795075141
"6157",1895,"ALL AMERICAN PLYWOOD CO.",8,6,18,7,251,"N","A",7,2,18,60,12,18.8458791959109,9.85108838373692
"6158",1895,"TANGFELDT WOOD PRODUCTS",4,6,18,7,251,"N","A",7,2,18,60,12,18.9625165433922,9.85108838373692
"6159",1895,"TRIANGLE VENEER, INC.",6,6,18,7,251,"N","A",7,2,18,60,12,18.8881561800093,9.85108838373692
"6160",1895,"CUDDEBACK LUMBER CO.",9,6,18,7,251,"N","A",7,2,18,60,12,18.8458791959109,9.85108838373692
"6161",1895,"EUGENE STUD & VENEER, INC",10,6,18,7,251,"N","A",7,2,18,60,12,18.8458791959109,9.85108838373692
"6162",1895,"ZIP-O-LOG MILLS, INC.",1,6,18,7,251,"N","A",7,2,18,60,12,19.4298277381457,9.85108838373692
"6163",1895,"LANE PLYWOOD, INC.",12,6,18,7,251,"N","A",7,2,18,60,12,18.8458791959109,9.85108838373692
"6164",1895,"ROSBORO LUMBER CO.",2,6,18,7,251,"N","A",7,2,18,60,12,19.4270169120665,9.85108838373692
"6165",1895,"GOLDEN STATE BLDG. PROD.",5,6,18,7,251,"N","A",7,2,18,60,12,18.935275256526,9.85108838373692
"6166",1895,"TOMCO, INC.",7,6,18,7,251,"N","A",7,2,18,60,12,18.8637370331191,9.85108838373692
"6167",1895,"GEM LUMBER CO.",11,6,18,7,251,"N","A",7,2,18,60,12,18.8458791959109,9.85108838373692
"6168",1895,"MAZAMA TIMBER PRODUCTS",3,6,18,7,251,"N","A",7,2,18,60,12,19.4013574853348,9.85108838373692
"6169",1896,"LANE PLYWOOD",8,6,18,7,234,"N","A",7,2,6,68,9,18.1590743921965,10.1506600816497
"6170",1896,"SENECA TIMBER CO.",1,6,18,7,234,"N","A",7,2,6,68,9,19.0580757567388,10.1506600816497
"6171",1896,"ROSBORO LUMBER CO.",9,6,18,7,234,"N","A",7,2,6,68,9,18.1590743921965,10.1506600816497
"6172",1896,"TANGFELDT WOOD PROD.",3,6,18,7,234,"N","A",7,2,6,68,9,19.0133150843105,10.1506600816497
"6173",1896,"ALL AMERICAN PLYWOOD",7,6,18,7,234,"N","A",7,2,6,68,9,18.1590743921965,10.1506600816497
"6174",1896,"THE MURPHY CO.",5,6,18,7,234,"N","A",7,2,6,68,9,18.1992195267203,10.1506600816497
"6175",1896,"VPP CO.",6,6,18,7,234,"N","A",7,2,6,68,9,18.1992195267203,10.1506600816497
"6176",1896,"TOMCO, INC.",2,6,18,7,234,"N","A",7,2,6,68,9,19.054421279411,10.1506600816497
"6177",1896,"GEM LUMBER CO.",4,6,18,7,234,"N","A",7,2,6,68,9,18.2413710469517,10.1506600816497
"6178",1897,"STAR LUMBER CO.",1,6,18,7,230,"Y","D",5,2,0,45,1,16.1486442544471,9.84823907830565
"6179",1898,"STAR LUMBER",6,6,18,8,135,"N","S",6,2,0,15,9,17.288239452701,9.72280465241068
"6180",1898,"CUDDEBACK LUMBER",3,6,18,8,135,"N","S",6,2,0,15,9,17.5006103782529,9.72280465241068
"6181",1898,"DI PAOLO LOGGING",4,6,18,8,135,"N","S",6,2,0,15,9,17.4746145913766,9.72280465241068
"6182",1898,"MAZAMA",2,6,18,8,135,"N","S",6,2,0,15,9,17.5060446424221,9.72280465241068
"6183",1898,"GEM LUMBER",5,6,18,8,135,"N","S",6,2,0,15,9,17.4380589519689,9.72280465241068
"6184",1898,"VPP CO.",8,6,18,8,135,"N","S",6,2,0,15,9,17.2002241588613,9.72280465241068
"6185",1898,"GOLDEN STATE",1,6,18,8,135,"N","S",6,2,0,15,9,17.5852679093453,9.72280465241068
"6186",1898,"LANE PLYWOOD",9,6,18,8,135,"N","S",6,2,0,15,9,17.1999631922463,9.72280465241068
"6187",1898,"T. E. RICHARDS",7,6,18,8,135,"N","S",6,2,0,15,9,17.2589989346369,9.72280465241068
"6188",1899,"VPP CO.",7,6,18,8,208,"N","S",6,81,0,13,10,17.7284491441204,10.2684084053287
"6189",1899,"SENECA TIMBER",1,6,18,8,208,"N","S",6,81,0,13,10,18.0059740637622,10.2684084053287
"6190",1899,"STAR LUMBER",8,6,18,8,208,"N","S",6,81,0,13,10,17.7282253240708,10.2684084053287
"6191",1899,"ROSBORO LUMBER CO.",2,6,18,8,208,"N","S",6,81,0,13,10,18.0056772901135,10.2684084053287
"6192",1899,"ALL AMERICAN PLYWOOD",3,6,18,8,208,"N","S",6,81,0,13,10,17.9301772203763,10.2684084053287
"6193",1899,"GEM LUMBER",6,6,18,8,208,"N","S",6,81,0,13,10,17.8074864208757,10.2684084053287
"6194",1899,"CUDDEBACK LUMBER CO.",5,6,18,8,208,"N","S",6,81,0,13,10,17.8342655381701,10.2684084053287
"6195",1899,"CLARK & POWELL LUMBER",4,6,18,8,208,"N","S",6,81,0,13,10,17.8833708201489,10.2684084053287
"6196",1899,"DI PAOLO LOGGING CO.",9,6,18,8,208,"N","S",6,81,0,13,10,17.5613798005906,10.2684084053287
"6197",1899,"MAZAMA TIMBER PRODUCTS",10,6,18,8,208,"N","S",6,81,0,13,10,17.4550159274604,10.2684084053287
"6198",1900,"LARRY H. LILLEGREN CO.",4,6,18,8,155,"Y","S",5,205,0,21,6,14.3295310726268,10.6210834134984
"6199",1900,"T.E. RICHARDS LOGGING CO.",3,6,18,8,155,"Y","S",5,205,0,21,6,14.332350062047,10.6210834134984
"6200",1900,"ROGER JONES",6,6,18,8,155,"Y","S",5,205,0,21,6,14.161027482087,10.6210834134984
"6201",1900,"MCDOUGAL BROS. LOGGING",5,6,18,8,155,"Y","S",5,205,0,21,6,14.3223281603327,10.6210834134984
"6202",1900,"CARTERS, INC.",1,6,18,8,155,"Y","S",5,205,0,21,6,14.4598875741548,10.6210834134984
"6203",1900,"ROBERTS LOGGING CO.",2,6,18,8,155,"Y","S",5,205,0,21,6,14.3534064532529,10.6210834134984
"6204",1901,"LANE PLYWOOD",5,6,18,8,517,"N","S",8,2,6,22,9,19.4381494970359,9.74712609741171
"6205",1901,"VPP CO.",8,6,18,8,517,"N","S",8,2,6,22,9,19.2609513998438,9.74712609741171
"6206",1901,"MAZAMA TIMBER PROD.",2,6,18,8,517,"N","S",8,2,6,22,9,19.6007313813185,9.74712609741171
"6207",1901,"ROSBORO LUMBER",6,6,18,8,517,"N","S",8,2,6,22,9,19.434346431604,9.74712609741171
"6208",1901,"TANGFELDT WOOD PROD.",3,6,18,8,517,"N","S",8,2,6,22,9,19.5963340088333,9.74712609741171
"6209",1901,"CUDDEBACK LUMBER",1,6,18,8,517,"N","S",8,2,6,22,9,19.6640782790801,9.74712609741171
"6210",1901,"MURPHY CO.",7,6,18,8,517,"N","S",8,2,6,22,9,19.4228496776823,9.74712609741171
"6211",1901,"SENECA TIMBER",4,6,18,8,517,"N","S",8,2,6,22,9,19.5478672078811,9.74712609741171
"6212",1901,"STAR LUMBER",9,6,18,8,517,"N","S",8,2,6,22,9,19.2311192837601,9.74712609741171
"6213",1902,"CUDDEBACK LBR.",11,6,18,8,230,"N","S",8,2,0,17,12,19.6571563621762,9.73884873059448
"6214",1902,"CABAX MILLS",1,6,18,8,230,"N","S",8,2,0,17,12,19.9000546169676,9.73884873059448
"6215",1902,"ZIP-O-LOG VENEER",8,6,18,8,230,"N","S",8,2,0,17,12,19.7652506200966,9.73884873059448
"6216",1902,"EDWARD HINES LBR.",6,6,18,8,230,"N","S",8,2,0,17,12,19.7830296882616,9.73884873059448
"6217",1902,"CAMAC VENEER",2,6,18,8,230,"N","S",8,2,0,17,12,19.8467447060206,9.73884873059448
"6218",1902,"ROSBORO LBR.",12,6,18,8,230,"N","S",8,2,0,17,12,19.632549096243,9.73884873059448
"6219",1902,"ZIP-O-LOG MILLS",10,6,18,8,230,"N","S",8,2,0,17,12,19.731092482234,9.73884873059448
"6220",1902,"TANGFELDT WOOD PROD.",4,6,18,8,230,"N","S",8,2,0,17,12,19.8034579270468,9.73884873059448
"6221",1902,"MAZAMA TIMBER",7,6,18,8,230,"N","S",8,2,0,17,12,19.7780960917219,9.73884873059448
"6222",1902,"SWF PLYWOOD",5,6,18,8,230,"N","S",8,2,0,17,12,19.7870223665099,9.73884873059448
"6223",1902,"WILLAMETTE IND.",9,6,18,8,230,"N","S",8,2,0,17,12,19.7524017001571,9.73884873059448
"6224",1902,"BOHEMIA INC DBA COBURG VE",3,6,18,8,230,"N","S",8,2,0,17,12,19.8310714423649,9.73884873059448
"6225",1903,"CAMAC VENEER",6,6,18,8,207,"N","S",7,2,16,24,12,19.0904569381891,9.7540590390442
"6226",1903,"CABAX MILLS",9,6,18,8,207,"N","S",7,2,16,24,12,19.0682006531198,9.7540590390442
"6227",1903,"ALL-AMERICAN PLYWOOD",5,6,18,8,207,"N","S",7,2,16,24,12,19.094600251898,9.7540590390442
"6228",1903,"BOHEMIA, INC.DBA COBURG V",1,6,18,8,207,"N","S",7,2,16,24,12,19.1960860225493,9.7540590390442
"6229",1903,"EDWARD HINES LUMBER CO.,",7,6,18,8,207,"N","S",7,2,16,24,12,19.0898712410597,9.7540590390442
"6230",1903,"POPE & TALBOT, INC.",10,6,18,8,207,"N","S",7,2,16,24,12,19.039209976189,9.7540590390442
"6231",1903,"TANGFELDT WOOD PROD.",12,6,18,8,207,"N","S",7,2,16,24,12,19.0037384672369,9.7540590390442
"6232",1903,"TRIANGLE VENEER, INC.",11,6,18,8,207,"N","S",7,2,16,24,12,19.0047248586867,9.7540590390442
"6233",1903,"SWF PLYWOOD CO.",3,6,18,8,207,"N","S",7,2,16,24,12,19.1202691353022,9.7540590390442
"6234",1903,"MAZAMA TIMBER PRODUCTS",2,6,18,8,207,"N","S",7,2,16,24,12,19.1555723734406,9.7540590390442
"6235",1903,"AMERICAN CAN CO.",4,6,18,8,207,"N","S",7,2,16,24,12,19.1034926995969,9.7540590390442
"6236",1903,"WILLAMETTE INDUSTRIES, IN",8,6,18,8,207,"N","S",7,2,16,24,12,19.0743050857237,9.7540590390442
"6237",1904,"ROSBORO LUMBER CO.",2,6,18,8,232,"N","S",6,2,18,17,6,18.2217943445756,9.72202562615406
"6238",1904,"LANE PLYWOOD, INC.",6,6,18,8,232,"N","S",6,2,18,17,6,17.7399817620736,9.72202562615406
"6239",1904,"CUDDEBACK LUMBER CO.",4,6,18,8,232,"N","S",6,2,18,17,6,17.9940599235412,9.72202562615406
"6240",1904,"SENECA TIMBER CO.",5,6,18,8,232,"N","S",6,2,18,17,6,17.8123213032658,9.72202562615406
"6241",1904,"MAZAMA TIMBER PRODUCTS",1,6,18,8,232,"N","S",6,2,18,17,6,18.3836463590408,9.72202562615406
"6242",1904,"THE MURPHY CO.",3,6,18,8,232,"N","S",6,2,18,17,6,18.1720437282015,9.72202562615406
"6243",1905,"MCDOUGAL BROS. LOGGING",3,6,18,8,2458,"Y","S",5,2,0,22,5,17.1520769697712,9.81060442505607
"6244",1905,"THE MURPHY CO.",2,6,18,8,2458,"Y","S",5,2,0,22,5,17.3197878566951,9.81060442505607
"6245",1905,"ROSBORO LUMBER CO.",1,6,18,8,2458,"Y","S",5,2,0,22,5,17.3979566989567,9.81060442505607
"6246",1905,"LANE PLYWOOD INC.",4,6,18,8,2458,"Y","S",5,2,0,22,5,17.1335545655094,9.81060442505607
"6247",1905,"MAZAMA TIMBER PROD.",5,6,18,8,2458,"Y","S",5,2,0,22,5,17.1119916608479,9.81060442505607
"6248",1906,"ROBERTS LOGGING CO.",5,6,18,8,1405,"Y","S",5,2,0,27,5,14.2819139641775,10.0874327904462
"6249",1906,"CARTER'S INC.",1,6,18,8,1405,"Y","S",5,2,0,27,5,14.6906667464799,10.0874327904462
"6250",1906,"ROGER M. JONES",2,6,18,8,1405,"Y","S",5,2,0,27,5,14.6520002196349,10.0874327904462
"6251",1906,"CONE LUMBER CO.",4,6,18,8,1405,"Y","S",5,2,0,27,5,14.3465210888894,10.0874327904462
"6252",1906,"ALL AMERCIAN PLYWOOD",3,6,18,8,1405,"Y","S",5,2,0,27,5,14.432451412519,10.0874327904462
"6253",1907,"ROBERTS LOGGING CO.",2,6,18,8,1255,"Y","S",5,2,0,17,2,16.0530780817622,9.83531577243279
"6254",1907,"CUDDEBACK LUMBER CO.",1,6,18,8,1255,"Y","S",5,2,0,17,2,16.1110579442942,9.83531577243279
"6255",1908,"CARTER'S, INC.",4,6,18,8,742,"Y","S",5,2,0,23,5,14.8592899619463,10.0272084795259
"6256",1908,"MCDOUGAL BROS. LOGGING CO",3,6,18,8,742,"Y","S",5,2,0,23,5,14.8744564341699,10.0272084795259
"6257",1908,"CONE LUMBER CO.",1,6,18,8,742,"Y","S",5,2,0,23,5,15.1458507798144,10.0272084795259
"6258",1908,"ALL AMERICAN PLYWOOD",2,6,18,8,742,"Y","S",5,2,0,23,5,15.0996392943229,10.0272084795259
"6259",1908,"ROGER M JONES",5,6,18,8,742,"Y","S",5,2,0,23,5,14.8387776992365,10.0272084795259
"6260",1909,"ALL AMERICAN PLYWOOD",2,6,18,8,1824,"Y","S",5,2,0,26,6,16.8244314777203,9.91990209380422
"6261",1909,"V.P.P. CO.",5,6,18,8,1824,"Y","S",5,2,0,26,6,16.2936803996662,9.91990209380422
"6262",1909,"SENECA TIMBER",3,6,18,8,1824,"Y","S",5,2,0,26,6,16.6595951831591,9.91990209380422
"6263",1909,"MAZAMA TIMBER PRODUCTS",1,6,18,8,1824,"Y","S",5,2,0,26,6,16.8907464708436,9.91990209380422
"6264",1909,"MCDOUGAL BROS. LOGGING",4,6,18,8,1824,"Y","S",5,2,0,26,6,16.3439826356155,9.91990209380422
"6265",1909,"CONE LUMBER CO.",6,6,18,8,1824,"Y","S",5,2,0,26,6,16.2895239241255,9.91990209380422
"6266",1910,"MAZAMA TIMBER PRODUCTS",1,6,18,8,678,"N","S",8,2,25,12,6,19.5841527521683,9.86339445896968
"6267",1910,"VPP COMPANY",4,6,18,8,678,"N","S",8,2,25,12,6,19.5182484872729,9.86339445896968
"6268",1910,"GEM LUMBER",3,6,18,8,678,"N","S",8,2,25,12,6,19.5230366830751,9.86339445896968
"6269",1910,"ROSBORO LUMBER",2,6,18,8,678,"N","S",8,2,25,12,6,19.5819760834372,9.86339445896968
"6270",1910,"SENECA TIMBER",5,6,18,8,678,"N","S",8,2,25,12,6,19.4993759987801,9.86339445896968
"6271",1910,"LANE PLYWOOD",6,6,18,8,678,"N","S",8,2,25,12,6,19.3390269618669,9.86339445896968
"6272",1911,"ROGER M. JONES",4,6,18,8,9,"N","S",5,2,0,17,9,14.6680901596519,9.63449637852784
"6273",1911,"LANE CEDAR PRODUCTS",9,6,18,8,9,"N","S",5,2,0,17,9,13.6538030638696,9.63449637852784
"6274",1911,"L.V. DZANKICH CO., INC.",8,6,18,8,9,"N","S",5,2,0,17,9,13.9704866113627,9.63449637852784
"6275",1911,"JOHN LADD",6,6,18,8,9,"N","S",5,2,0,17,9,14.1402644016313,9.63449637852784
"6276",1911,"JOHN W. SCHICKLING",5,6,18,8,9,"N","S",5,2,0,17,9,14.2117734553076,9.63449637852784
"6277",1911,"MEILE SHAKE, INC.",1,6,18,8,9,"N","S",5,2,0,17,9,14.8995809573565,9.63449637852784
"6278",1911,"LEE A. BLACK",7,6,18,8,9,"N","S",5,2,0,17,9,14.1116740611814,9.63449637852784
"6279",1911,"SUNDANCE LUMBER CO.",3,6,18,8,9,"N","S",5,2,0,17,9,14.7782343926056,9.63449637852784
"6280",1911,"OREGON CEDAR PROD., INC.",2,6,18,8,9,"N","S",5,2,0,17,9,14.8730716591828,9.63449637852784
"6281",1912,"LEE A. BLACK",8,6,18,8,3,"N","S",5,2,0,21,10,13.7422084148892,9.63449637852784
"6282",1912,"JOHN LADD",7,6,18,8,3,"N","S",5,2,0,21,10,13.7708478640581,9.63449637852784
"6283",1912,"OREGON CEDAR PROD., INC.",2,6,18,8,3,"N","S",5,2,0,21,10,14.5135308456272,9.63449637852784
"6284",1912,"SUNDANCE LUMBER CO.",3,6,18,8,3,"N","S",5,2,0,21,10,14.242880657016,9.63449637852784
"6285",1912,"L.V. DZANKICH CO., INC.",9,6,18,8,3,"N","S",5,2,0,21,10,13.6932864252189,9.63449637852784
"6286",1912,"LANE CEDAR PRODUCTS",10,6,18,8,3,"N","S",5,2,0,21,10,13.2833250950769,9.63449637852784
"6287",1912,"MEILE SHAKE, INC.",1,6,18,8,3,"N","S",5,2,0,21,10,14.531064814435,9.63449637852784
"6288",1912,"ROGER JONES",5,6,18,8,3,"N","S",5,2,0,21,10,14.1406184645064,9.63449637852784
"6289",1912,"JOHN W. SCHICKLING",6,6,18,8,3,"N","S",5,2,0,21,10,13.8684160520592,9.63449637852784
"6290",1912,"LARRY HICKSON",4,6,18,8,3,"N","S",5,2,0,21,10,14.1702155628465,9.63449637852784
"6291",1913,"SWF PLYWOOD CO.",6,6,18,8,2038,"N","S",7,2,0,14,11,18.9622396256478,9.7366652591891
"6292",1913,"EDWARD HINES LBR. CO.",5,6,18,8,2038,"N","S",7,2,0,14,11,18.998005091403,9.7366652591891
"6293",1913,"CAMAC VENEER, INC.",3,6,18,8,2038,"N","S",7,2,0,14,11,19.0986543864311,9.7366652591891
"6294",1913,"TRIANGLE VENEER, INC.",11,6,18,8,2038,"N","S",7,2,0,14,11,18.6809767171331,9.7366652591891
"6295",1913,"BOHEMIA INC., DBA COBURG",8,6,18,8,2038,"N","S",7,2,0,14,11,18.9533927049353,9.7366652591891
"6296",1913,"MAZAMA TIMBER PRODS., INC",2,6,18,8,2038,"N","S",7,2,0,14,11,19.0989193418192,9.7366652591891
"6297",1913,"CUDDEBACK LBR. CO., INC.",9,6,18,8,2038,"N","S",7,2,0,14,11,18.8189439807298,9.7366652591891
"6298",1913,"CABAX MILLS",1,6,18,8,2038,"N","S",7,2,0,14,11,19.1100136594432,9.7366652591891
"6299",1913,"ZIP-O-LOG VENEER, INC.",10,6,18,8,2038,"N","S",7,2,0,14,11,18.7739777892097,9.7366652591891
"6300",1913,"TANGFELDT WOOD PRODS.",4,6,18,8,2038,"N","S",7,2,0,14,11,19.0958533453176,9.7366652591891
"6301",1913,"POPE & TALBOT, INC.",7,6,18,8,2038,"N","S",7,2,0,14,11,18.9593331855035,9.7366652591891
"6302",1914,"MCDOUGAL BROS. LOGGING",2,6,18,8,520,"Y","S",5,2,0,7,4,16.2563399205113,9.72070588990972
"6303",1914,"MAZAMA TIMBER PRODUCTS, I",1,6,18,8,520,"Y","S",5,2,0,7,4,16.3520731030588,9.72070588990972
"6304",1914,"EDWARD HINES LBR. CO.",3,6,18,8,520,"Y","S",5,2,0,7,4,16.1650479367874,9.72070588990972
"6305",1914,"ROBERTS LOGGING CO.",4,6,18,8,520,"Y","S",5,2,0,7,4,15.8279251516056,9.72070588990972
"6306",1915,"JOHN LADD",4,6,18,8,37,"N","S",5,2,0,2,5,15.1867115856365,9.76238471155813
"6307",1915,"THE MURPHY CO.",1,6,18,8,37,"N","S",5,2,0,2,5,15.4187452702737,9.76238471155813
"6308",1915,"ROGER M. JONES",2,6,18,8,37,"N","S",5,2,0,2,5,15.2917507363893,9.76238471155813
"6309",1915,"ROBERTS LOGGING CO.",5,6,18,8,37,"N","S",5,2,0,2,5,14.9480893961957,9.76238471155813
"6310",1915,"MCDOUGAL BROS. LOGGING",3,6,18,8,37,"N","S",5,2,0,2,5,15.2709997701719,9.76238471155813
"6311",1916,"CUDDEBACK LUMBER",5,6,18,8,425,"N","A",8,2,6,21,12,19.8298956606918,9.7279429800212
"6312",1916,"CAMAC VENEER",6,6,18,8,425,"N","A",8,2,6,21,12,19.8248228817159,9.7279429800212
"6313",1916,"ZIP-O-LOG MILLS",7,6,18,8,425,"N","A",8,2,6,21,12,19.7888124073562,9.7279429800212
"6314",1916,"ROSBORO LUMBER CO.",10,6,18,8,425,"N","A",8,2,6,21,12,19.7220567180684,9.7279429800212
"6315",1916,"BOHEMIA INC.",2,6,18,8,425,"N","A",8,2,6,21,12,19.9023346018423,9.7279429800212
"6316",1916,"HILLS CREEK LBR. CO.",11,6,18,8,425,"N","A",8,2,6,21,12,19.7103983985615,9.7279429800212
"6317",1916,"SWF PLYWOOD",1,6,18,8,425,"N","A",8,2,6,21,12,19.9051756492008,9.7279429800212
"6318",1916,"TANGFELDT WOOD PROD.",8,6,18,8,425,"N","A",8,2,6,21,12,19.7408569369491,9.7279429800212
"6319",1916,"MAZAMA TIMBER PROD.",12,6,18,8,425,"N","A",8,2,6,21,12,19.6849159397914,9.7279429800212
"6320",1916,"CABAX MILLS",4,6,18,8,425,"N","A",8,2,6,21,12,19.8367331593065,9.7279429800212
"6321",1916,"POPE & TALBOT, INC.",3,6,18,8,425,"N","A",8,2,6,21,12,19.8728414942028,9.7279429800212
"6322",1916,"ZIP-O-LOG VENEER",9,6,18,8,425,"N","A",8,2,6,21,12,19.7287529891154,9.7279429800212
"6323",1917,"MAZAMA TIMBER PRODUCTS,IN",6,6,18,8,1738,"Y","S",5,2,0,24,9,15.9883069599657,9.89767066721456
"6324",1917,"MCDOUGAL BROS. LOGGING CO",4,6,18,8,1738,"Y","S",5,2,0,24,9,16.0991075118765,9.89767066721456
"6325",1917,"ROSBORO LUMBER CO.",7,6,18,8,1738,"Y","S",5,2,0,24,9,15.86758732626,9.89767066721456
"6326",1917,"EDWARD HINES LUMBER CO.",9,6,18,8,1738,"Y","S",5,2,0,24,9,15.6375130613133,9.89767066721456
"6327",1917,"GEM LUMBER CO.",5,6,18,8,1738,"Y","S",5,2,0,24,9,16.0417511797039,9.89767066721456
"6328",1917,"VPP CO.",2,6,18,8,1738,"Y","S",5,2,0,24,9,16.468155865734,9.89767066721456
"6329",1917,"ZIP-O-LOG VENEER, INC.",8,6,18,8,1738,"Y","S",5,2,0,24,9,15.726514217065,9.89767066721456
"6330",1917,"SWF PLYWOOD CO.",1,6,18,8,1738,"Y","S",5,2,0,24,9,16.6720388084772,9.89767066721456
"6331",1917,"ALL AMERICAN PLYWOOD",3,6,18,8,1738,"Y","S",5,2,0,24,9,16.1232175118063,9.89767066721456
"6332",1918,"GOLDEN STATE BLDG. PRODS.",6,6,18,8,214,"N","S",7,2,10,26,12,19.2779829648505,9.73849497786395
"6333",1918,"ROSBORO LBR. CO.",3,6,18,8,214,"N","S",7,2,10,26,12,19.3431141707864,9.73849497786395
"6334",1918,"CUDDEBACK LBR. CO.",8,6,18,8,214,"N","S",7,2,10,26,12,19.219119487793,9.73849497786395
"6335",1918,"ZIP-O-LOG VENEER, INC.",11,6,18,8,214,"N","S",7,2,10,26,12,19.1271927164825,9.73849497786395
"6336",1918,"EDWARD HINES LBR. CO.",9,6,18,8,214,"N","S",7,2,10,26,12,19.1568989081596,9.73849497786395
"6337",1918,"BOHEMIA INC.",2,6,18,8,214,"N","S",7,2,10,26,12,19.3842916076467,9.73849497786395
"6338",1918,"THE MURPHY CO.",12,6,18,8,214,"N","S",7,2,10,26,12,19.1242949535372,9.73849497786395
"6339",1918,"WILLAMETTE IND., INC.",10,6,18,8,214,"N","S",7,2,10,26,12,19.1409780028636,9.73849497786395
"6340",1918,"CAMAC VENEER",4,6,18,8,214,"N","S",7,2,10,26,12,19.33176353803,9.73849497786395
"6341",1918,"MAZAMA TIMBER PRODS., INC",7,6,18,8,214,"N","S",7,2,10,26,12,19.2244225184527,9.73849497786395
"6342",1918,"POPE & TALBOT, INC.",1,6,18,8,214,"N","S",7,2,10,26,12,19.388821335303,9.73849497786395
"6343",1918,"SWF PLYWOOD CO.",5,6,18,8,214,"N","S",7,2,10,26,12,19.3291283991529,9.73849497786395
"6344",1919,"WILLAMETTE IND., INC.",11,6,18,8,719,"N","A",7,2,10,19,12,18.5634928125682,9.77769754647783
"6345",1919,"CUDDEBACK LBR. CO.",6,6,18,8,719,"N","A",7,2,10,19,12,18.5634928125682,9.77769754647783
"6346",1919,"POPE & TALBOT, INC.",2,6,18,8,719,"N","A",7,2,10,19,12,19.0554437597465,9.77769754647783
"6347",1919,"VPP CO.",10,6,18,8,719,"N","A",7,2,10,19,12,18.5634928125682,9.77769754647783
"6348",1919,"MAZAMA TBR. PRODS. INC.",5,6,18,8,719,"N","A",7,2,10,19,12,18.6958283370134,9.77769754647783
"6349",1919,"BOHEMIA INC.",1,6,18,8,719,"N","A",7,2,10,19,12,19.0562120531134,9.77769754647783
"6350",1919,"SWF PLYWOOD CO.",9,6,18,8,719,"N","A",7,2,10,19,12,18.5634928125682,9.77769754647783
"6351",1919,"GOLDEN ST. BLDG. PRODS. I",7,6,18,8,719,"N","A",7,2,10,19,12,18.5634928125682,9.77769754647783
"6352",1919,"ZIP-O-LOG VENEER, INC.",12,6,18,8,719,"N","A",7,2,10,19,12,18.5634928125682,9.77769754647783
"6353",1919,"CAMAC VENEER",3,6,18,8,719,"N","A",7,2,10,19,12,19.0106455904492,9.77769754647783
"6354",1919,"ROSBORO LBR. CO.",4,6,18,8,719,"N","A",7,2,10,19,12,18.800297989092,9.77769754647783
"6355",1919,"THE MURPHY CO.",8,6,18,8,719,"N","A",7,2,10,19,12,18.5634928125682,9.77769754647783
"6356",1920,"SCOTSMAN TIMBER",6,6,18,8,318,"N","S",7,2,4,18,8,18.6200224658111,10.1556849242411
"6357",1920,"VPP CO.",8,6,18,8,318,"N","S",7,2,4,18,8,18.5103962115912,10.1556849242411
"6358",1920,"SWF PLYWOOD",3,6,18,8,318,"N","S",7,2,4,18,8,18.8484225405249,10.1556849242411
"6359",1920,"BOHEMIA INC.",4,6,18,8,318,"N","S",7,2,4,18,8,18.7598992062416,10.1556849242411
"6360",1920,"POPE & TALBOT",7,6,18,8,318,"N","S",7,2,4,18,8,18.5843205450388,10.1556849242411
"6361",1920,"THE MURPHY CO.",5,6,18,8,318,"N","S",7,2,4,18,8,18.6624222756984,10.1556849242411
"6362",1920,"MAZAMA TIMBER PROD.",2,6,18,8,318,"N","S",7,2,4,18,8,18.9550959331514,10.1556849242411
"6363",1920,"ZIP-O-LOG VENEER",1,6,18,8,318,"N","S",7,2,4,18,8,19.028046154882,10.1556849242411
"6364",1921,"CUDDEBACK LBR.",3,6,18,8,248,"N","A",7,2,5,24,10,19.0117985212008,9.69640188059556
"6365",1921,"TANGFELDT WOOD PROD.",2,6,18,8,248,"N","A",7,2,5,24,10,19.4017684635587,9.69640188059556
"6366",1921,"THE MURPHY CO.",7,6,18,8,248,"N","A",7,2,5,24,10,18.9580655299036,9.69640188059556
"6367",1921,"VPP CO.",10,6,18,8,248,"N","A",7,2,5,24,10,18.9580655299036,9.69640188059556
"6368",1921,"GOLDEN STATE BLDG. PROD.",5,6,18,8,248,"N","A",7,2,5,24,10,18.9580655299036,9.69640188059556
"6369",1921,"EUGENE STUD & VENEER",4,6,18,8,248,"N","A",7,2,5,24,10,18.9580655299036,9.69640188059556
"6370",1921,"SENECA SAWMILL",8,6,18,8,248,"N","A",7,2,5,24,10,18.9580655299036,9.69640188059556
"6371",1921,"TRIANGLE VENEER",9,6,18,8,248,"N","A",7,2,5,24,10,18.9580655299036,9.69640188059556
"6372",1921,"MAZAMA TIMBER PROD.",1,6,18,8,248,"N","A",7,2,5,24,10,19.4037721862833,9.69640188059556
"6373",1921,"LANE PLYWOOD",6,6,18,8,248,"N","A",7,2,5,24,10,18.9580655299036,9.69640188059556
"6374",1922,"SUNDANCE LUMBER CO.",3,6,18,8,22,"Y","A",5,2,0,18,4,15.2536428151493,9.71226651255514
"6375",1922,"MEILE SHAKE, INC.",1,6,18,8,22,"Y","A",5,2,0,18,4,15.4898556735644,9.71226651255514
"6376",1922,"VPP CO.",4,6,18,8,22,"Y","A",5,2,0,18,4,13.8156105529646,9.71226651255514
"6377",1922,"OREGON CEDAR PROD., INC.",2,6,18,8,22,"Y","A",5,2,0,18,4,15.4823301926365,9.71226651255514
"6378",1923,"THE MURPHY CO.",5,6,18,8,84,"N","A",6,2,8,19,10,17.4063884637887,9.74665828850311
"6379",1923,"MERIDIAN LOGGING CO.",2,6,18,8,84,"N","A",6,2,8,19,10,17.7365071797915,9.74665828850311
"6380",1923,"SENECA TIMBER CO.",6,6,18,8,84,"N","A",6,2,8,19,10,17.4063884637887,9.74665828850311
"6381",1923,"BOHEMIA, INC.",3,6,18,8,84,"N","A",6,2,8,19,10,17.4076230216404,9.74665828850311
"6382",1923,"CONE LUMBER CO.",4,6,18,8,84,"N","A",6,2,8,19,10,17.4063884637887,9.74665828850311
"6383",1923,"TRIANGLE VENEER, INC.",8,6,18,8,84,"N","A",6,2,8,19,10,17.4063884637887,9.74665828850311
"6384",1923,"ZIP-O-LOG VENEER, INC.",10,6,18,8,84,"N","A",6,2,8,19,10,17.4063884637887,9.74665828850311
"6385",1923,"ALL-AMERICAN PLYWOOD CO.",1,6,18,8,84,"N","A",6,2,8,19,10,17.739278322899,9.74665828850311
"6386",1923,"VPP CO.",9,6,18,8,84,"N","A",6,2,8,19,10,17.4063884637887,9.74665828850311
"6387",1923,"SWF PLYWOOD CO.",7,6,18,8,84,"N","A",6,2,8,19,10,17.4063884637887,9.74665828850311
"6388",1924,"TIMBER ASSOCIATES",1,6,20,1,1030,"N","S",7,122,0,52,7,18.838201555819,10.3040406162833
"6389",1924,"HANSCOM BROTHERS",4,6,20,1,1030,"N","S",7,122,0,52,7,18.3338398978761,10.3040406162833
"6390",1924,"MODOC LUMBER COMPANY",2,6,20,1,1030,"N","S",7,122,0,52,7,18.5606165842499,10.3040406162833
"6391",1924,"LOVENESS LOGGING",7,6,20,1,1030,"N","S",7,122,0,52,7,18.204823085939,10.3040406162833
"6392",1924,"ENGLE CONSTRUCTION",6,6,20,1,1030,"N","S",7,122,0,52,7,18.2788429484843,10.3040406162833
"6393",1924,"DOUBLE DEE LUMBER",5,6,20,1,1030,"N","S",7,122,0,52,7,18.3010939575152,10.3040406162833
"6394",1924,"ALPINE VENEER",3,6,20,1,1030,"N","S",7,122,0,52,7,18.4362843716977,10.3040406162833
"6395",1925,"LEE SMITH LOGGING",2,6,20,1,705,"N","S",6,108,0,13,2,16.5952300457568,9.94208307029549
"6396",1925,"ENGLE CONSTRUCTION CORP.",1,6,20,1,705,"N","S",6,108,0,13,2,16.7628138521138,9.94208307029549
"6397",1926,"GEORGIA PACIFIC CORP.",1,6,20,1,5760,"Y","S",7,108,0,29,2,13.3999951140026,8.08363720314155
"6398",1926,"MACAULEY BROS.",2,6,20,1,5760,"Y","S",7,108,0,29,2,13.2096413855114,8.08363720314155
"6399",1927,"THOMAS LUMBER CO.",3,6,20,1,2342,"N","S",7,15,18,38,5,19.2101666660747,10.264129617036
"6400",1927,"MODOC LUMBER CO.",5,6,20,1,2342,"N","S",7,15,18,38,5,18.9358752104121,10.264129617036
"6401",1927,"DG SHELTER PROD. CO.",4,6,20,1,2342,"N","S",7,15,18,38,5,19.0302631466249,10.264129617036
"6402",1927,"WEYERHAUSER CO.",2,6,20,1,2342,"N","S",7,15,18,38,5,19.2391663462217,10.264129617036
"6403",1927,"BOISE CASCADE CORP.",1,6,20,1,2342,"N","S",7,15,18,38,5,19.3347125263202,10.264129617036
"6404",1928,"WESTERN POLE",1,6,20,1,250,"N","A",5,108,0,29,1,14.5872817480135,9.9876908238182
"6405",1929,"LAKESIDE",4,6,20,1,1249,"N","A",7,108,0,52,4,17.9732539295992,9.81553027377699
"6406",1929,"WM. P. WAMPLER",1,6,20,1,1249,"N","A",7,108,0,52,4,18.2596266234508,9.81553027377699
"6407",1929,"ALPINE VENEER COMPANY",2,6,20,1,1249,"N","A",7,108,0,52,4,18.2589097699602,9.81553027377699
"6408",1929,"MODOC LUMBER COMPANY",3,6,20,1,1249,"N","A",7,108,0,52,4,18.0074898688131,9.81553027377699
"6409",1930,"WESTERN POLE",1,6,20,1,552,"N","A",5,108,0,41,2,12.8103886123835,8.08363720314155
"6410",1930,"GEORGIA PACIFIC",2,6,20,1,552,"N","A",5,108,0,41,2,12.8049091466189,8.08363720314155
"6411",1931,"ENGLE CONSTRUCTION",1,6,20,1,437,"N","A",5,108,5,31,1,15.9532210077681,9.9876908238182
"6412",1932,"MC GREW BROS.",6,6,20,1,1760,"N","A",8,108,0,54,6,19.4764092265268,9.9876908238182
"6413",1932,"DG SHELTER PRODUCTS",2,6,20,1,1760,"N","A",8,108,0,54,6,19.8822822097648,9.9876908238182
"6414",1932,"THOMAS LUMBER CO.",5,6,20,1,1760,"N","A",8,108,0,54,6,19.4764092265268,9.9876908238182
"6415",1932,"MODOC LUMBER CO.",4,6,20,1,1760,"N","A",8,108,0,54,6,19.5318316446455,9.9876908238182
"6416",1932,"BOISE CASCADE CORP.",3,6,20,1,1760,"N","A",8,108,0,54,6,19.5850925240258,9.9876908238182
"6417",1932,"WEYERHAUSER CO.",1,6,20,1,1760,"N","A",8,108,0,54,6,19.8827102562233,9.9876908238182
"6418",1933,"EDWARD W. LAKE",1,6,20,2,200,"Y","S",5,122,0,35,2,13.859527443381,9.97450503977141
"6419",1933,"B.J. WILLIAMS CONST.",2,6,20,2,200,"Y","S",5,122,0,35,2,13.762900607692,9.97450503977141
"6420",1934,"LITTLE RIVER BOX COMPANY",1,6,20,2,75,"Y","S",5,108,0,39,1,12.8431784352065,9.77599503202085
"6421",1935,"LAKESIDE CORPORATION",7,6,20,2,924,"N","S",7,15,0,34,7,18.3671417720227,10.1794512320337
"6422",1935,"ALPINE VENEER, INC.",3,6,20,2,924,"N","S",7,15,0,34,7,18.6676337863126,10.1794512320337
"6423",1935,"MODOC LUMBER COMPANY",1,6,20,2,924,"N","S",7,15,0,34,7,18.7820330320422,10.1794512320337
"6424",1935,"WILLIAM P. WAMPLER",5,6,20,2,924,"N","S",7,15,0,34,7,18.5763006296822,10.1794512320337
"6425",1935,"HANSCOM BROTHERS",4,6,20,2,924,"N","S",7,15,0,34,7,18.60170479268,10.1794512320337
"6426",1935,"TIMBER ASSOCIATES",2,6,20,2,924,"N","S",7,15,0,34,7,18.7479529324736,10.1794512320337
"6427",1935,"LOVENESS LOGGING",6,6,20,2,924,"N","S",7,15,0,34,7,18.3843994664222,10.1794512320337
"6428",1936,"LAKESIDE CORP.",6,6,20,2,2397,"N","A",7,15,0,15,7,18.9456003788858,10.2611969612316
"6429",1936,"LOVENESS LOGGING",7,6,20,2,2397,"N","A",7,15,0,15,7,18.9287024403856,10.2611969612316
"6430",1936,"THOMAS LUMBER COMPANY",2,6,20,2,2397,"N","A",7,15,0,15,7,19.2684210778623,10.2611969612316
"6431",1936,"HANSCOM BROTHERS",5,6,20,2,2397,"N","A",7,15,0,15,7,19.1343861486262,10.2611969612316
"6432",1936,"MODOC LUMBER COMPANY",4,6,20,2,2397,"N","A",7,15,0,15,7,19.1838202963323,10.2611969612316
"6433",1936,"TIMBER ASSOCIATES",1,6,20,2,2397,"N","A",7,15,0,15,7,19.4561849545779,10.2611969612316
"6434",1936,"D G SHELTER PRODUCTS CO.",3,6,20,2,2397,"N","A",7,15,0,15,7,19.26756737694,10.2611969612316
"6435",1937,"WM. P. WAMPLER",5,6,20,2,2297,"N","A",7,108,0,17,7,18.3803502952703,9.9876908238182
"6436",1937,"WEYERHAEUSER CO.",6,6,20,2,2297,"N","A",7,108,0,17,7,18.363647851646,9.9876908238182
"6437",1937,"BOISE CASCADE CORP.",2,6,20,2,2297,"N","A",7,108,0,17,7,18.9519487903019,9.9876908238182
"6438",1937,"THOMAS LUMBER CO.",3,6,20,2,2297,"N","A",7,108,0,17,7,18.776445673954,9.9876908238182
"6439",1937,"MODOC LUMBER CO.",4,6,20,2,2297,"N","A",7,108,0,17,7,18.4184783203972,9.9876908238182
"6440",1937,"LOVENESS LOGGING",7,6,20,2,2297,"N","A",7,108,0,17,7,18.363647851646,9.9876908238182
"6441",1937,"DG SHELTER PRODUCTS CO.",1,6,20,2,2297,"N","A",7,108,0,17,7,18.9521692131561,9.9876908238182
"6442",1938,"BOISE CASCADE CORP.",6,6,20,2,2240,"N","S",6,122,0,24,7,17.2172411307881,10.221504824784
"6443",1938,"D G SHELTER PRODUCTS CO.",1,6,20,2,2240,"N","S",6,122,0,24,7,17.6291530750109,10.221504824784
"6444",1938,"THOMAS LUMBER CO.",3,6,20,2,2240,"N","S",6,122,0,24,7,17.3856064760882,10.221504824784
"6445",1938,"MODOC LUMBER CO.",4,6,20,2,2240,"N","S",6,122,0,24,7,17.3010490880602,10.221504824784
"6446",1938,"WEYCO",2,6,20,2,2240,"N","S",6,122,0,24,7,17.5649958101881,10.221504824784
"6447",1938,"HANSCOM BROTHERS",7,6,20,2,2240,"N","S",6,122,0,24,7,17.1187275312662,10.221504824784
"6448",1938,"LOVENESS LOGGING",5,6,20,2,2240,"N","S",6,122,0,24,7,17.2299531663765,10.221504824784
"6449",1939,"CHILOQUIN FOREST",5,6,20,2,3222,"N","A",7,108,0,43,7,18.8386447477432,9.9885178017207
"6450",1939,"DG SHELTER PROD",2,6,20,2,3222,"N","A",7,108,0,43,7,19.2622479296306,9.9885178017207
"6451",1939,"MODOC LBR. CO.",4,6,20,2,3222,"N","A",7,108,0,43,7,18.8640708543481,9.9885178017207
"6452",1939,"BOISE CASCADE CORP.",1,6,20,2,3222,"N","A",7,108,0,43,7,19.2627564210166,9.9885178017207
"6453",1939,"WEYERHAEUSER CO.",7,6,20,2,3222,"N","A",7,108,0,43,7,18.8386447477432,9.9885178017207
"6454",1939,"ALPINE VENEER",6,6,20,2,3222,"N","A",7,108,0,43,7,18.8386447477432,9.9885178017207
"6455",1939,"THOMAS LBR. CO.",3,6,20,2,3222,"N","A",7,108,0,43,7,19.0243462260623,9.9885178017207
"6456",1940,"HANSCOM BROS.",3,6,20,2,7040,"N","S",7,108,0,40,8,18.4257737525384,9.92034466960255
"6457",1940,"MODOC LUMBER COMPANY",1,6,20,2,7040,"N","S",7,108,0,40,8,18.6281825992766,9.92034466960255
"6458",1940,"NEWMAN & CREBBIN",2,6,20,2,7040,"N","S",7,108,0,40,8,18.5731442870788,9.92034466960255
"6459",1940,"ALPINE VENEERS, INC.",4,6,20,2,7040,"N","S",7,108,0,40,8,18.2970702616634,9.92034466960255
"6460",1940,"BILL WAMPLER",7,6,20,2,7040,"N","S",7,108,0,40,8,18.1987189940357,9.92034466960255
"6461",1940,"LAKESIDE CORP.",8,6,20,2,7040,"N","S",7,108,0,40,8,18.1316350755594,9.92034466960255
"6462",1940,"LOVENESS LOGGING",6,6,20,2,7040,"N","S",7,108,0,40,8,18.219787801573,9.92034466960255
"6463",1940,"ENGLE CONSTRUCTION",5,6,20,2,7040,"N","S",7,108,0,40,8,18.2253687759402,9.92034466960255
"6464",1941,"DOUBLE DEE LUMBER CO.",1,6,20,3,425,"Y","S",5,15,0,21,7,16.624919277405,10.2375640645566
"6465",1941,"BEN WATTS LOGGING",2,6,20,3,425,"Y","S",5,15,0,21,7,16.5722906039564,10.2375640645566
"6466",1941,"LAKESIDE CORP.",7,6,20,3,425,"Y","S",5,15,0,21,7,16.3574471411167,10.2375640645566
"6467",1941,"MODOC LUMBER CO.",3,6,20,3,425,"Y","S",5,15,0,21,7,16.4982429510822,10.2375640645566
"6468",1941,"ALPINE VENEERS",6,6,20,3,425,"Y","S",5,15,0,21,7,16.3933267811326,10.2375640645566
"6469",1941,"CASCADE LBR. & SALVAGE",4,6,20,3,425,"Y","S",5,15,0,21,7,16.4502693764896,10.2375640645566
"6470",1941,"WM. WAMPLER",5,6,20,3,425,"Y","S",5,15,0,21,7,16.4365493820769,10.2375640645566
"6471",1942,"TIMBER ASSOCIATES",6,6,20,3,586,"N","S",7,15,0,34,10,18.0397833625879,10.2461548458203
"6472",1942,"D. G. SHELTER",2,6,20,3,586,"N","S",7,15,0,34,10,18.2226577624223,10.2461548458203
"6473",1942,"LAKESIDE CORP.",10,6,20,3,586,"N","S",7,15,0,34,10,17.8269299288121,10.2461548458203
"6474",1942,"DOUBLE DEE LBR. CO.",4,6,20,3,586,"N","S",7,15,0,34,10,18.1407908997471,10.2461548458203
"6475",1942,"COLUMBIA PLYWOOD",1,6,20,3,586,"N","S",7,15,0,34,10,18.3131200318587,10.2461548458203
"6476",1942,"LOUISIANA PACIFIC",8,6,20,3,586,"N","S",7,15,0,34,10,18.0088705482844,10.2461548458203
"6477",1942,"THOMAS LBR. CO.",3,6,20,3,586,"N","S",7,15,0,34,10,18.1913254395859,10.2461548458203
"6478",1942,"SWF PLYWOOD",9,6,20,3,586,"N","S",7,15,0,34,10,17.8734124114698,10.2461548458203
"6479",1942,"HANSCOM BROS.",5,6,20,3,586,"N","S",7,15,0,34,10,18.0998444267284,10.2461548458203
"6480",1942,"MODOC LBR.",7,6,20,3,586,"N","S",7,15,0,34,10,18.0101528415017,10.2461548458203
"6481",1943,"KOGAP MFG. CO.",7,6,20,3,353,"N","A",6,15,11,20,9,17.4253873883298,10.3403544237838
"6482",1943,"COLUMBIA PLYWOOD",6,6,20,3,353,"N","A",6,15,11,20,9,17.4253873883298,10.3403544237838
"6483",1943,"SWF PLYWOOD",4,6,20,3,353,"N","A",6,15,11,20,9,17.5253769867777,10.3403544237838
"6484",1943,"BOISE CASCADE CORP.",2,6,20,3,353,"N","A",6,15,11,20,9,17.7803157488314,10.3403544237838
"6485",1943,"DUANE BURTON",8,6,20,3,353,"N","A",6,15,11,20,9,17.4253873883298,10.3403544237838
"6486",1943,"MODOC LUMBER CO.",5,6,20,3,353,"N","A",6,15,11,20,9,17.4621346991811,10.3403544237838
"6487",1943,"MEDFORD RESOURCE CORP.",9,6,20,3,353,"N","A",6,15,11,20,9,17.4253873883298,10.3403544237838
"6488",1943,"DG SHELTER PROD. CO.",1,6,20,3,353,"N","A",6,15,11,20,9,17.7824714581481,10.3403544237838
"6489",1943,"THOMAS LBR. CO.",3,6,20,3,353,"N","A",6,15,11,20,9,17.6252793293537,10.3403544237838
"6490",1944,"CASCADE LUMBER & SALVAGE",1,6,20,3,90,"Y","A",5,15,0,34,2,14.2874373367719,10.1128972243957
"6491",1944,"LAKESIDE CORP.",2,6,20,3,90,"Y","A",5,15,0,34,2,14.2647245730025,10.1128972243957
"6492",1945,"KOGAP MFG.",1,6,20,3,607,"N","S",7,15,0,38,8,18.7590629411514,10.2085428330453
"6493",1945,"ALPINE VENEER",3,6,20,3,607,"N","S",7,15,0,38,8,18.6407030291797,10.2085428330453
"6494",1945,"LAKESIDE CORP.",6,6,20,3,607,"N","S",7,15,0,38,8,18.4856221526698,10.2085428330453
"6495",1945,"MODOC LUMBER",4,6,20,3,607,"N","S",7,15,0,38,8,18.5697880128508,10.2085428330453
"6496",1945,"JOHN WOOD TRUCKING",8,6,20,3,607,"N","S",7,15,0,38,8,18.4174254512317,10.2085428330453
"6497",1945,"E. BURRILL LBR.",2,6,20,3,607,"N","S",7,15,0,38,8,18.6819032029619,10.2085428330453
"6498",1945,"HANSCOM BROS.",5,6,20,3,607,"N","S",7,15,0,38,8,18.5080174013659,10.2085428330453
"6499",1945,"LOVENESS LOG.",7,6,20,3,607,"N","S",7,15,0,38,8,18.4414143103393,10.2085428330453
"6500",1946,"TIMBER PRODUCTS",6,6,20,3,584,"N","S",7,15,0,34,12,18.2334905545774,10.232251585714
"6501",1946,"LOUISIANA PACIFIC CORP.",11,6,20,3,584,"N","S",7,15,0,34,12,18.0276537112773,10.232251585714
"6502",1946,"SWF PLYWOOD",1,6,20,3,584,"N","S",7,15,0,34,12,18.5361744945275,10.232251585714
"6503",1946,"KOGAP MFG.",4,6,20,3,584,"N","S",7,15,0,34,12,18.2578029265326,10.232251585714
"6504",1946,"D. G. SHELTER PRODUCTS",7,6,20,3,584,"N","S",7,15,0,34,12,18.2240178398877,10.232251585714
"6505",1946,"JOHN WOOD TRUCKING",12,6,20,3,584,"N","S",7,15,0,34,12,17.9803524150164,10.232251585714
"6506",1946,"ROGUE VALLEY PLYWOOD",2,6,20,3,584,"N","S",7,15,0,34,12,18.4156682021288,10.232251585714
"6507",1946,"LAKESIDE CORP.",10,6,20,3,584,"N","S",7,15,0,34,12,18.0701596831165,10.232251585714
"6508",1946,"HANSCOM BROS.",5,6,20,3,584,"N","S",7,15,0,34,12,18.2477549087988,10.232251585714
"6509",1946,"MODOC LUMBER CO.",8,6,20,3,584,"N","S",7,15,0,34,12,18.1987552005652,10.232251585714
"6510",1946,"THOMAS LUMBER COMPANY",3,6,20,3,584,"N","S",7,15,0,34,12,18.3387518836107,10.232251585714
"6511",1946,"COLUMBIA PLYWOOD CORP.",9,6,20,3,584,"N","S",7,15,0,34,12,18.0981697934389,10.232251585714
"6512",1947,"GIENGER ENTERPRISES",2,6,20,3,164,"Y","A",5,108,0,17,2,15.6400598500153,9.9876908238182
"6513",1947,"D. G. SHELTER PRODUCTS",1,6,20,3,164,"Y","A",5,108,0,17,2,15.6480920217126,9.9876908238182
"6514",1948,"VAAGEN BROS. LBR.",1,6,21,1,1240,"N","S",7,70,36,12,3,17.8705181336069,10.290958397272
"6515",1948,"MATNEY LBR. CO.",3,6,21,1,1240,"N","S",7,70,36,12,3,17.5517958852254,10.290958397272
"6516",1948,"CEDAR RIDGE LOGGING & LBR",2,6,21,1,1240,"N","S",7,70,36,12,3,17.8073516304515,10.290958397272
"6517",1949,"ARDEN LUMBER COMPANY",1,6,21,1,1285,"N","A",7,17,83,37,2,17.9618449219563,10.4584066138126
"6518",1949,"LOUISIANA-PACIFIC CORP",2,6,21,1,1285,"N","A",7,17,83,37,2,17.9583579414895,10.4584066138126
"6519",1950,"MATNEY LUMBER CO.",1,6,21,2,750,"N","S",6,17,52,25,3,16.9865187929605,10.3524909626588
"6520",1950,"BRAUNER LUMBER CO.",2,6,21,2,750,"N","S",6,17,52,25,3,16.664961936871,10.3524909626588
"6521",1950,"VAAGEN BROS., INC.",3,6,21,2,750,"N","S",6,17,52,25,3,16.5101580087992,10.3524909626588
"6522",1951,"ARDEN LUMBER COMPANY",1,6,21,2,1600,"N","A",7,19,83,27,1,17.5654568890266,10.4264689940721
"6523",1952,"JOHN CHOPOT LUMBER CO.",3,6,21,2,630,"N","A",7,93,53,28,3,17.653962370224,10.229512549151
"6524",1952,"BOISE CASCADE CORP.",1,6,21,2,630,"N","A",7,93,53,28,3,17.676248690022,10.229512549151
"6525",1952,"MATNEY LUMBER CO.",2,6,21,2,630,"N","A",7,93,53,28,3,17.673130174513,10.229512549151
"6526",1953,"IDAHO VENEER CO., INC.",1,6,21,3,1010,"N","A",6,17,185,23,1,17.0827612226715,10.3090859850895
"6527",1954,"LITTLE WOOD SPECIALTY",7,6,21,3,21,"Y","S",5,17,0,29,7,13.2769368249956,9.2750038853019
"6528",1954,"BUTCHER WOOD PRES.",3,6,21,3,21,"Y","S",5,17,0,29,7,13.927373884443,9.2750038853019
"6529",1954,"MICHAEL A. FUHER",1,6,21,3,21,"Y","S",5,17,0,29,7,14.043585927844,9.2750038853019
"6530",1954,"MERRIT BROS. LUMBER CO.",2,6,21,3,21,"Y","S",5,17,0,29,7,13.9915708874537,9.2750038853019
"6531",1954,"HOWARD FISDLER",5,6,21,3,21,"Y","S",5,17,0,29,7,13.463353962327,9.2750038853019
"6532",1954,"WALDO HENDERSHOTT",4,6,21,3,21,"Y","S",5,17,0,29,7,13.4805831275153,9.2750038853019
"6533",1954,"DAN EDMISTON",6,6,21,3,21,"Y","S",5,17,0,29,7,13.4257809942422,9.2750038853019
"6534",1955,"MICHAEL A. FUHER",2,6,21,3,27,"Y","S",5,17,0,27,4,14.9828245646272,10.1255905626751
"6535",1955,"WASHINGTON ENTERPRISES",4,6,21,3,27,"Y","S",5,17,0,27,4,14.8410143748117,10.1255905626751
"6536",1955,"NORBERT KRIZENSKY",1,6,21,3,27,"Y","S",5,17,0,27,4,15.1830042896204,10.1255905626751
"6537",1955,"MERRITT BROS. LMBR. CO.",3,6,21,3,27,"Y","S",5,17,0,27,4,14.850417755873,10.1255905626751
"6538",1956,"BRAND S CORP",2,6,21,3,446,"N","A",7,70,28,32,2,18.2259314821464,10.3805909188971
"6539",1956,"LOUISIANA-PACIFIC CORP",1,6,21,3,446,"N","A",7,70,28,32,2,18.2320352330457,10.3805909188971
"6540",1957,"BRAND S CORP.",2,6,21,3,645,"N","A",7,17,26,25,2,18.12656602633,10.348525875764
"6541",1957,"LOUISIANA-PACIFIC CORP.",1,6,21,3,645,"N","A",7,17,26,25,2,18.1344642636622,10.348525875764
"6542",1958,"SAN POIL LUMBER CO.",1,6,21,4,590,"N","A",6,93,43,18,3,17.296504463153,10.1778943977879
"6543",1958,"J & J LOGGING",2,6,21,4,590,"N","A",6,93,43,18,3,17.2955499267234,10.1778943977879
"6544",1958,"ARDEN LUMBER CO.",3,6,21,4,590,"N","A",6,93,43,18,3,17.2936381160887,10.1778943977879
"6545",1959,"BOISE CASCADE",3,6,21,4,535,"N","A",6,93,43,16,3,17.5915259646413,10.1648128158904
"6546",1959,"SAN POIL LUMBER CO.",1,6,21,4,535,"N","A",6,93,43,16,3,17.6801127612187,10.1648128158904
"6547",1959,"LANDRETH TIMBER CO., INC.",2,6,21,4,535,"N","A",6,93,43,16,3,17.6778032574282,10.1648128158904
"6548",1960,"LANDRETH TIMBER CO.",2,6,21,4,633,"N","A",6,122,33,21,2,17.8058455434514,10.5944573643483
"6549",1960,"SAN POIL LUMBER CO., INC.",1,6,21,4,633,"N","A",6,122,33,21,2,17.8062855923446,10.5944573643483
"6550",1961,"ARDEN LUMBER COMPANY",2,6,21,5,1083,"N","S",7,93,80,8,2,18.0616859684267,10.1786541319175
"6551",1961,"LOUISIANA-PACIFIC CORP.",1,6,21,5,1083,"N","S",7,93,80,8,2,18.2757243336584,10.1786541319175
"6552",1963,"LOUISIANA-PACIFIC CORP.",1,6,21,5,272,"N","A",5,19,19,10,1,16.2838032911102,10.4656714685773
"6553",1965,"HUBERT REED",3,6,21,5,160,"Y","S",5,93,0,27,4,12.9007187022139,9.30574145673943
"6554",1965,"VALERIE VANDYKE",4,6,21,5,160,"Y","S",5,93,0,27,4,12.6638138982037,9.30574145673943
"6555",1965,"BARRY DUMAW",1,6,21,5,160,"Y","S",5,93,0,27,4,13.3847276418718,9.30574145673943
"6556",1965,"JERRY EVANS",2,6,21,5,160,"Y","S",5,93,0,27,4,13.2621253197795,9.30574145673943
"6557",1966,"ALFORD LUMBER COMPANY",2,8,1,1,1693,"N","S",5,1,21,9,3,15.8897494643771,8.17272910486547
"6558",1966,"J. O. DICKERSON, JR.",1,8,1,1,1693,"N","S",5,1,21,9,3,15.9039267071092,8.17272910486547
"6559",1966,"TENN. RIVER PULP & PAPER",3,8,1,1,1693,"N","S",5,1,21,9,3,15.6507604582669,8.17272910486547
"6560",1969,"SOMERVILLE LBR. CO.",2,8,1,2,2366,"N","S",6,1,2,28,2,15.501211304882,8.17272910486547
"6561",1969,"J. O. DICKERSON, JR.",1,8,1,2,2366,"N","S",6,1,2,28,2,15.698921704649,8.17272910486547
"6562",1971,"TIDWELL & HILL LOGGING",1,8,1,2,1050,"N","S",5,1,0,19,1,15.5768319535049,8.17272910486547
"6563",1972,"FLEMING LUMBER COMPANY",2,8,1,3,1748,"N","S",5,1,0,35,2,15.9161235201075,8.33302993974291
"6564",1972,"DIXON LUMBER COMPANY, INC",1,8,1,3,1748,"N","S",5,1,0,35,2,15.9620849089542,8.33302993974291
"6565",1973,"DIXON LUMBER COMPANY, INC",1,8,1,3,8,"N","S",5,1,0,42,1,13.0044803367476,8.33302993974291
"6566",1974,"ADAMS & SONS",2,8,1,3,3163,"N","S",7,1,2,29,4,18.0310850529061,8.33302993974291
"6567",1974,"DIXON LUMBER COMPANY, INC",1,8,1,3,3163,"N","S",7,1,2,29,4,18.1102525965094,8.33302993974291
"6568",1974,"CONTAINER CORP.",3,8,1,3,3163,"N","S",7,1,2,29,4,17.9878341460866,8.33302993974291
"6569",1974,"HARRIGAN LBR. CO.",4,8,1,3,3163,"N","S",7,1,2,29,4,17.8299862112978,8.33302993974291
"6570",1975,"DIXON LBR. CO., INC.",1,8,1,3,5,"Y","S",5,1,0,32,1,13.186276703148,8.33302993974291
"6571",1976,"DIXON LUMBER COMPANY, INC",1,8,1,3,8,"N","S",5,1,0,38,2,13.4313175851316,8.33302993974291
"6572",1976,"FLEMING LBR. CO.",2,8,1,3,8,"N","S",5,1,0,38,2,13.2844822268808,8.33302993974291
"6573",1977,"DIXON LUMBER COMPANY",1,8,1,3,40,"N","S",5,1,0,14,1,14.1749491794257,8.33302993974291
"6574",1978,"ALA. ELEC. COOP., INC.",1,8,1,3,15,"N","S",5,1,0,46,1,12.9940730833394,8.33302993974291
"6575",1979,"KORNEGAY LBR. CO.",4,8,1,4,1599,"N","S",6,1,0,20,7,17.3632670188935,8.24617155985756
"6576",1979,"SEAMAN LBR. CO.",7,8,1,4,1599,"N","S",6,1,0,20,7,17.1210887120718,8.24617155985756
"6577",1979,"BELCHER LBR. CO.",6,8,1,4,1599,"N","S",6,1,0,20,7,17.2307575467232,8.24617155985756
"6578",1979,"CAHABA VENEER",3,8,1,4,1599,"N","S",6,1,0,20,7,17.378089555962,8.24617155985756
"6579",1979,"SCOTCH LUMBER CO.",2,8,1,4,1599,"N","S",6,1,0,20,7,17.4566046366894,8.24617155985756
"6580",1979,"OLON BELCHER LBR. CO. INC",1,8,1,4,1599,"N","S",6,1,0,20,7,17.4569163084942,8.24617155985756
"6581",1979,"NEWTON LBR. C.",5,8,1,4,1599,"N","S",6,1,0,20,7,17.2446473083157,8.24617155985756
"6582",1980,"BELCHER LUMBER CO.",2,8,1,4,14,"N","S",5,1,0,31,3,13.3320828273047,8.24617155985756
"6583",1980,"GRIFFIN WOOD CO., INC.",3,8,1,4,14,"N","S",5,1,0,31,3,13.2707833825226,8.24617155985756
"6584",1980,"RAYMOND FREEMAN, JR.",1,8,1,4,14,"N","S",5,1,0,31,3,13.3629538423223,8.24617155985756
"6585",1981,"GULF STATES PAPER CO.",4,8,1,4,946,"N","S",5,1,0,21,5,15.7674872681695,8.24617155985756
"6586",1981,"HAMMERMILL PAPER CO.",3,8,1,4,946,"N","S",5,1,0,21,5,15.9350858573838,8.24617155985756
"6587",1981,"OLON BELCHER LBR. CO.",2,8,1,4,946,"N","S",5,1,0,21,5,16.1348031009746,8.24617155985756
"6588",1981,"BELCHER LUMBER CO.",1,8,1,4,946,"N","S",5,1,0,21,5,16.156209983067,8.24617155985756
"6589",1981,"MCMILLAN BLOEDEL",5,8,1,4,946,"N","S",5,1,0,21,5,15.7146584851844,8.24617155985756
"6590",1982,"GEORGIA PACIFIC",3,8,1,4,1678,"N","S",6,1,0,28,8,17.1699197801077,8.24617155985756
"6591",1982,"BELCHER LUMBER CO.",2,8,1,4,1678,"N","S",6,1,0,28,8,17.1727517678665,8.24617155985756
"6592",1982,"MACMILLAN BLOEDEL, INC.",6,8,1,4,1678,"N","S",6,1,0,28,8,16.9924888100853,8.24617155985756
"6593",1982,"HAMMERMILL PAPER CO.",5,8,1,4,1678,"N","S",6,1,0,28,8,17.0311652003903,8.24617155985756
"6594",1982,"FREEMAN FOR. PROD CO INC.",8,8,1,4,1678,"N","S",6,1,0,28,8,16.8390622578445,8.24617155985756
"6595",1982,"SUMTER PLYWOOD CORP.",4,8,1,4,1678,"N","S",6,1,0,28,8,17.1272389998471,8.24617155985756
"6596",1982,"SCOTCH LBR. CO.",7,8,1,4,1678,"N","S",6,1,0,28,8,16.9810151415342,8.24617155985756
"6597",1982,"OLON BELCHER LBR. CO. INC",1,8,1,4,1678,"N","S",6,1,0,28,8,17.2579594099088,8.24617155985756
"6598",1983,"RAYMOND FREEMAN, JR.",2,8,1,4,943,"N","S",5,1,0,29,3,14.6017837165137,8.24617155985756
"6599",1983,"BELCHER LUMBER COMPANY",3,8,1,4,943,"N","S",5,1,0,29,3,14.5855377578597,8.24617155985756
"6600",1983,"GRIFFIN WOOD CO. INC.",1,8,1,4,943,"N","S",5,1,0,29,3,14.6488213393543,8.24617155985756
"6601",1984,"UNION CAMP CORPORATION",1,8,1,4,1687,"N","S",7,1,0,31,6,17.883274977331,8.24617155985756
"6602",1984,"HAMMERMILL PAPER CO.",4,8,1,4,1687,"N","S",7,1,0,31,6,17.8250100677477,8.24617155985756
"6603",1984,"BELCHER LUMBER COMPANY",2,8,1,4,1687,"N","S",7,1,0,31,6,17.8686194463626,8.24617155985756
"6604",1984,"MCMILLAN BLOEDEL, INC.",5,8,1,4,1687,"N","S",7,1,0,31,6,17.6781248079348,8.24617155985756
"6605",1984,"GULF STATES PAPER CO.",6,8,1,4,1687,"N","S",7,1,0,31,6,17.6406676303708,8.24617155985756
"6606",1984,"OLON BELCHER LBR. CO. INC",3,8,1,4,1687,"N","S",7,1,0,31,6,17.8285978474494,8.24617155985756
"6607",1985,"BELCHER LBR. CO.",2,8,1,4,712,"N","S",6,1,0,12,3,16.7710690123037,8.24617155985756
"6608",1985,"OLON BELCHER LBR. CO.",3,8,1,4,712,"N","S",6,1,0,12,3,16.6766387494824,8.24617155985756
"6609",1985,"CAHABA VENEER, INC.",1,8,1,4,712,"N","S",6,1,0,12,3,16.8106426514462,8.24617155985756
"6610",1986,"OLON BELCHER LBR. CO. INC",1,8,1,4,2809,"N","S",6,1,0,34,1,17.108216453518,8.24617155985756
"6611",1987,"OLON BELCHER LBR. CO.,INC",1,8,1,4,954,"N","S",6,1,0,17,2,16.8324115840638,8.24617155985756
"6612",1987,"SHERER TIMBER CO.",2,8,1,4,954,"N","S",6,1,0,17,2,16.5984208292759,8.24617155985756
"6613",1988,"GRIFFIN WOOD COMPANY, INC",1,8,1,4,28,"Y","S",5,1,0,20,1,14.2951550642467,8.24617155985756
"6614",1989,"HAMMERMILL PAPER COMPANY",1,8,1,4,934,"N","S",5,1,0,21,1,15.2801770012705,8.24617155985756
"6615",1990,"HAMMERMILL PAPER COMPANY",1,8,1,4,2674,"N","S",5,1,0,22,4,16.4066523408208,8.24617155985756
"6616",1990,"OLON BELCHER LUMBER CO.",2,8,1,4,2674,"N","S",5,1,0,22,4,16.338769595302,8.24617155985756
"6617",1990,"GULF STATES PAPER CORP.",4,8,1,4,2674,"N","S",5,1,0,22,4,16.3171104306939,8.24617155985756
"6618",1990,"GRIFFIN WOOD CO., INC.",3,8,1,4,2674,"N","S",5,1,0,22,4,16.3257600154241,8.24617155985756
"6619",1991,"GRIFFIN WOOD CO., INC.",2,8,1,4,2851,"N","S",6,1,0,17,2,16.5468019122951,8.24617155985756
"6620",1991,"BELCHER LUMBER COMPANY",1,8,1,4,2851,"N","S",6,1,0,17,2,16.9597433506366,8.24617155985756
"6621",1993,"STOVALL LOGGING COMPANY",1,8,1,5,958,"N","S",6,1,1,16,1,15.0711268803423,8.33302993974291
"6622",1994,"WILLIAMSON LUMBER COMPANY",1,8,1,5,530,"N","S",5,1,1,22,1,14.2161600897745,8.33302993974291
"6623",1995,"THOMAS WOOD PRODUCTS, INC",1,8,1,6,878,"N","S",5,1,0,26,1,14.5097071876598,8.33302993974291
"6624",1996,"THOMAS WOOD PRODUCTS",3,8,1,6,1134,"N","S",6,1,0,25,3,16.2929645052271,8.33302993974291
"6625",1996,"CHARLES SONS",1,8,1,6,1134,"N","S",6,1,0,25,3,16.4179142765981,8.33302993974291
"6626",1996,"WILLIAMSON LUMBER COMPANY",2,8,1,6,1134,"N","S",6,1,0,25,3,16.3216895061866,8.33302993974291
"6627",1999,"KIMBERLY-CLARK",2,8,1,6,213,"N","S",5,1,0,24,3,15.4867958737245,8.33302993974291
"6628",1999,"GEORGIA-PACIFIC",3,8,1,6,213,"N","S",5,1,0,24,3,15.3760312981638,8.33302993974291
"6629",1999,"THOMAS WOOD PRODUCTS CO.",1,8,1,6,213,"N","S",5,1,0,24,3,15.5384755288853,8.33302993974291
"6630",2000,"BROWDER VENEER WORKS",2,8,1,8,375,"N","S",5,1,0,14,2,14.4450787568813,8.30474226964077
"6631",2000,"LANGLEY PULPWOOD COMPANY",1,8,1,8,375,"N","S",5,1,0,14,2,14.6046040795714,8.30474226964077
"6632",2001,"SISTRUNK BROTHERS, INC.",1,8,1,8,850,"N","S",5,1,0,12,1,15.4017441197965,8.30474226964077
"6633",2003,"LONG BROS. TIE CO.",1,8,2,1,438,"N","S",5,4,4,23,1,13.8626803624407,9.62496341786911
"6634",2004,"BAKER TRADING CO., INC.",1,8,2,1,16,"N","S",5,602,0,42,3,13.2221725126238,11.4178342611889
"6635",2004,"MOORE & WHITE LBR. CO.,IN",3,8,2,1,16,"N","S",5,602,0,42,3,12.7938593104323,11.4178342611889
"6636",2004,"VENEER TIMBER INC.",2,8,2,1,16,"N","S",5,602,0,42,3,13.1715306133304,11.4178342611889
"6637",2005,"HOMER GREGORY & CO.",1,8,2,1,950,"N","S",5,4,16,6,1,14.3439876734631,9.61052489564042
"6638",2007,"JACKSON CO. LBR. CO.",1,8,2,3,524,"N","S",5,170,0,7,3,14.1261725576857,9.88205960512251
"6639",2007,"MELVIN MARKS",3,8,2,3,524,"N","S",5,170,0,7,3,13.7197735870976,9.88205960512251
"6640",2007,"CHANEY LBR. CO.",2,8,2,3,524,"N","S",5,170,0,7,3,13.9712245865534,9.88205960512251
"6641",2008,"MELVIN MARKS",2,8,2,3,864,"N","S",5,4,0,16,3,15.0966041128943,9.56226404648943
"6642",2008,"OSBORNE LUMBER CO.",1,8,2,3,864,"N","S",5,4,0,16,3,15.3214338056646,9.56226404648943
"6643",2008,"JACKSON CO. LBR. CO.",3,8,2,3,864,"N","S",5,4,0,16,3,15.0333895218918,9.56226404648943
"6644",2010,"BENNETT MULLINS",1,8,2,3,110,"N","S",5,170,0,29,1,13.1001791162684,9.7398503509463
"6645",2011,"EAST KY. POWER COOP.INC.",1,8,2,4,475,"N","D",5,1,0,7,1,12.4816378543907,7.92768504561578
"6646",2012,"WAYNE ARTHUR",2,8,2,4,272,"N","S",5,1,0,5,2,13.5523441718832,8.15075647027555
"6647",2012,"ONNIE MEADORS",1,8,2,4,272,"N","S",5,1,0,5,2,13.7723942668906,8.15075647027555
"6648",2013,"WAYNE ARTHUR",1,8,2,4,226,"N","S",5,1,0,11,1,13.4128245844815,7.94058382710424
"6649",2014,"FELDMAN LBR. CO.",3,8,2,4,527,"N","S",5,1,0,2,4,13.1494414352394,8.0381891799732
"6650",2014,"CLELL TURNER",1,8,2,4,527,"N","S",5,1,0,2,4,13.3577200440774,8.0381891799732
"6651",2014,"WAYNE ARTHUR",2,8,2,4,527,"N","S",5,1,0,2,4,13.2287070096446,8.0381891799732
"6652",2014,"BINDER & WILSON",4,8,2,4,527,"N","S",5,1,0,2,4,12.9771341164435,8.0381891799732
"6653",2015,"CHANEY LUMBER CO., INC.",1,8,2,4,515,"N","S",5,1,0,6,1,14.4369705262732,7.95085485771999
"6654",2016,"CHANEY LBR. CO.",1,8,2,5,23,"N","S",5,170,0,9,2,13.0239299252588,9.77149782807318
"6655",2016,"EUGENE TUCKER",2,8,2,5,23,"N","S",5,170,0,9,2,12.9091701569433,9.77149782807318
"6656",2017,"CHANEY LBR. CO.",1,8,2,5,214,"N","S",5,1,10,6,1,15.2398586053726,8.11701408773731
"6657",2019,"CLELL TURNER",1,8,2,5,425,"N","S",5,1,16,5,1,15.4114201742547,8.11701408773731
"6658",2020,"GLEASON FOSTER",1,8,2,6,620,"N","S",5,4,0,20,1,14.4713483176876,9.68682296731963
"6659",2022,"JESS G. BROOKS",1,8,2,6,276,"N","S",5,170,0,9,1,14.5932520718157,9.94410152542138
"6660",2023,"BOBBY SUMNER",1,8,2,6,601,"N","S",5,4,0,17,1,13.6108746782058,9.80967125633184
"6661",2026,"FRED COLLETT",2,8,2,8,223,"N","S",5,4,0,32,2,12.9102042755237,9.5162797606988
"6662",2026,"ALVIN HOWARD",1,8,2,8,223,"N","S",5,4,0,32,2,13.134884657958,9.5162797606988
"6663",2027,"S. LEON MILLER & SONS",1,8,3,1,108,"N","S",5,1,0,21,1,13.6217850222826,8.22577079934873
"6664",2028,"GUESS BROTHERS",4,8,3,1,176,"N","S",5,1,0,38,4,14.2976280175935,8.19422930481982
"6665",2028,"J. P. SMITH LBR. CO.",1,8,3,1,176,"N","S",5,1,0,38,4,14.6484196808994,8.19422930481982
"6666",2028,"S. LEON MILLER & SONS",2,8,3,1,176,"N","S",5,1,0,38,4,14.5800477346109,8.19422930481982
"6667",2028,"GEORGIA KRAFT CO.",3,8,3,1,176,"N","S",5,1,0,38,4,14.4660111638027,8.19422930481982
"6668",2029,"GEORGIA KRAFT CO.",1,8,3,1,174,"N","S",5,1,0,23,1,14.3540486202968,8.17272910486547
"6669",2030,"CALVIN LONG",4,8,3,2,189,"N","S",5,160,0,28,4,14.3886014334477,10.0912525999485
"6670",2030,"COLLINS BROTHERS",2,8,3,2,189,"N","S",5,160,0,28,4,14.6219641021535,10.0912525999485
"6671",2030,"TREELAND TIMBER CO.",3,8,3,2,189,"N","S",5,160,0,28,4,14.5596279057118,10.0912525999485
"6672",2030,"BEMIS HARDWOODS LBR. CO.",1,8,3,2,189,"N","S",5,160,0,28,4,14.6291850053316,10.0912525999485
"6673",2031,"FITCO",5,8,3,2,32,"N","S",5,160,0,17,5,13.0410448562267,10.0838071066594
"6674",2031,"GARLAND LUMBER CO.",4,8,3,2,32,"N","S",5,160,0,17,5,13.204437251631,10.0838071066594
"6675",2031,"ALFRED DAVENPORT",3,8,3,2,32,"N","S",5,160,0,17,5,13.4863382121881,10.0838071066594
"6676",2031,"TREELAND TIMBER CO.",2,8,3,2,32,"N","S",5,160,0,17,5,13.6305054035411,10.0838071066594
"6677",2031,"ROGER COCHRAN",1,8,3,2,32,"N","S",5,160,0,17,5,13.634588022084,10.0838071066594
"6678",2032,"CALVIN LONG",1,8,3,2,307,"N","S",5,160,1,30,2,15.1730226552586,10.0719214540448
"6679",2032,"EDWARD MUNDY",2,8,3,2,307,"N","S",5,160,1,30,2,14.9025514892921,10.0719214540448
"6680",2033,"BEMIS HARDWOODS",1,8,3,2,324,"N","S",5,4,16,24,1,15.2966522645245,9.79951496215315
"6681",2034,"FITCO, INC.",4,8,3,2,125,"N","S",5,160,0,25,5,14.9939741513742,10.0949753044463
"6682",2034,"BEMIS HARDWOODS",5,8,3,2,125,"N","S",5,160,0,25,5,14.8772060640583,10.0949753044463
"6683",2034,"TREELAND TIMBER COMPANY",1,8,3,2,125,"N","S",5,160,0,25,5,15.1523677956817,10.0949753044463
"6684",2034,"J. D. HEAD",3,8,3,2,125,"N","S",5,160,0,25,5,15.0253344114682,10.0949753044463
"6685",2034,"BOBBY GOOCH",2,8,3,2,125,"N","S",5,160,0,25,5,15.1265424345836,10.0949753044463
"6686",2035,"ALFRED DAVENPORT",3,8,3,2,91,"N","S",5,625,0,26,3,14.9170518861383,9.93124862332152
"6687",2035,"W.C HENNESSEE LBR. CO.",2,8,3,2,91,"N","S",5,625,0,26,3,15.0870549041666,9.93124862332152
"6688",2035,"BEMIS HARDWOODS",1,8,3,2,91,"N","S",5,625,0,26,3,15.155049994908,9.93124862332152
"6689",2036,"TREELAND TBR. CO.",2,8,3,3,100,"N","S",5,160,0,13,2,14.8072174345326,9.97789905004994
"6690",2036,"J. D. HEAD",1,8,3,3,100,"N","S",5,160,0,13,2,14.8781294534085,9.97789905004994
"6691",2037,"ROBERT J. BURNETT",3,8,3,3,94,"N","S",5,160,0,60,4,15.0638629570396,10.1901691246543
"6692",2037,"BEMIS HARDWOOD",2,8,3,3,94,"N","S",5,160,0,60,4,15.1385445141413,10.1901691246543
"6693",2037,"TREELAND TIMBER COMPANY",1,8,3,3,94,"N","S",5,160,0,60,4,15.1953780610038,10.1901691246543
"6694",2037,"HOGAN LBR. CO.",4,8,3,3,94,"N","S",5,160,0,60,4,14.9928416013438,10.1901691246543
"6695",2038,"EDWARD MUNDY",2,8,3,4,135,"N","S",5,160,0,13,5,14.7306646441013,10.0947275548373
"6696",2038,"FITCO, INC.",3,8,3,4,135,"N","S",5,160,0,13,5,14.7151006065356,10.0947275548373
"6697",2038,"SPIVA LUMBER CO.",5,8,3,4,135,"N","S",5,160,0,13,5,14.4877404902688,10.0947275548373
"6698",2038,"TREELAND TIMBER COMPANY",1,8,3,4,135,"N","S",5,160,0,13,5,14.8446298501038,10.0947275548373
"6699",2038,"ROY ROSE",4,8,3,4,135,"N","S",5,160,0,13,5,14.5228002599534,10.0947275548373
"6700",2039,"ROBERT OWENBY",2,8,3,5,171,"N","S",5,1,14,30,2,14.3559534288658,8.05864371221562
"6701",2039,"THRIFT BROS. LBR. CO.",1,8,3,5,171,"N","S",5,1,14,30,2,14.6352903894576,8.05864371221562
"6702",2040,"JAMES B. SMITH",1,8,3,5,95,"N","S",5,1,0,23,1,13.918675264597,8.05864371221562
"6703",2041,"CURTIS KEENER",1,8,3,5,20,"N","S",5,1,0,24,1,13.019665979166,8.05864371221562
"6704",2042,"TREELAND TIMBER COMPANY",1,8,3,6,114,"N","S",5,1,0,10,1,14.1764182312518,8.0381891799732
"6705",2043,"GEORGIA-PACIFIC CORP.",6,8,3,6,171,"N","S",5,1,0,15,7,15.0385722054914,8.02322468471667
"6706",2043,"THRIFT BROTHERS LBR. CO.",4,8,3,6,171,"N","S",5,1,0,15,7,15.1548925407708,8.02322468471667
"6707",2043,"JAMES LITTLETON",2,8,3,6,171,"N","S",5,1,0,15,7,15.2533826230235,8.02322468471667
"6708",2043,"BURKE & CANUP",5,8,3,6,171,"N","S",5,1,0,15,7,15.1178796841464,8.02322468471667
"6709",2043,"TREELAND TIMBER COMPANY",1,8,3,6,171,"N","S",5,1,0,15,7,15.3303762182584,8.02322468471667
"6710",2043,"MIZE LUMBER CO.",3,8,3,6,171,"N","S",5,1,0,15,7,15.2022328275183,8.02322468471667
"6711",2043,"CHURCH LUMBER COMPANY",7,8,3,6,171,"N","S",5,1,0,15,7,14.9855612586792,8.02322468471667
"6712",2044,"LEE & BOBBY BURKE",6,8,3,6,174,"N","S",5,170,0,11,6,14.3072756789915,9.92054130710196
"6713",2044,"CHURCH LBR. CO.",5,8,3,6,174,"N","S",5,170,0,11,6,14.6502319507893,9.92054130710196
"6714",2044,"GA. - PACIFIC",1,8,3,6,174,"N","S",5,170,0,11,6,14.9547528227183,9.92054130710196
"6715",2044,"MT. YONAH LBR.",3,8,3,6,174,"N","S",5,170,0,11,6,14.7391740441678,9.92054130710196
"6716",2044,"TREELAND TBR. CO.",2,8,3,6,174,"N","S",5,170,0,11,6,14.8091326327748,9.92054130710196
"6717",2044,"THRIFT LBR.",4,8,3,6,174,"N","S",5,170,0,11,6,14.700764596053,9.92054130710196
"6718",2045,"TREELAND TIMBER CO.",1,8,3,6,159,"N","S",5,170,0,15,2,14.6060339644029,10.017931686927
"6719",2045,"GEORGIA PACIFIC CORP.",2,8,3,6,159,"N","S",5,170,0,15,2,14.3532277407186,10.017931686927
"6720",2046,"THRIFT BROS. LBR C.",3,8,3,6,183,"N","S",5,1,0,10,3,15.4839718108478,8.02322468471667
"6721",2046,"TREELAND TBR. CO.",2,8,3,6,183,"N","S",5,1,0,10,3,15.5905052808596,8.02322468471667
"6722",2046,"GEORGIA-PACIFIC CORP.",1,8,3,6,183,"N","S",5,1,0,10,3,15.7343431097558,8.02322468471667
"6723",2047,"F. G. LAKE LUMBER CO.",7,8,3,9,1266,"N","S",6,1,31,22,7,17.2020449278496,8.25608813381491
"6724",2047,"GREENSBORO LUMBER CO.",2,8,3,9,1266,"N","S",6,1,31,22,7,17.5660405545169,8.25608813381491
"6725",2047,"SOUTHLAND TIMBER CO.",5,8,3,9,1266,"N","S",6,1,31,22,7,17.441510088041,8.25608813381491
"6726",2047,"WILLIAMS BROTHERS",4,8,3,9,1266,"N","S",6,1,31,22,7,17.4871904438821,8.25608813381491
"6727",2047,"GEORGIA TIMBER LANDS",6,8,3,9,1266,"N","S",6,1,31,22,7,17.3529781407885,8.25608813381491
"6728",2047,"HALLMAN WOOD PRODUCTS",3,8,3,9,1266,"N","S",6,1,31,22,7,17.5367111121646,8.25608813381491
"6729",2047,"GEORGIA-PACIFIC CORP.",1,8,3,9,1266,"N","S",6,1,31,22,7,17.63199355718,8.25608813381491
"6730",2048,"GREENSBORO LBR. CO.",1,8,3,9,100,"N","D",5,1,0,12,1,13.3155028753674,0
"6731",2049,"HALLMAN WOOD PROD. INC.",1,8,3,9,346,"N","S",5,1,9,10,3,16.5139938080472,8.25608813381491
"6732",2049,"GREENSBORO LBR. CO.",2,8,3,9,346,"N","S",5,1,9,10,3,16.4327409756582,8.25608813381491
"6733",2049,"F. G. LAKE LBR. CO.",3,8,3,9,346,"N","S",5,1,9,10,3,16.4179359121799,8.25608813381491
"6734",2051,"GEORGIA-PACIFIC",1,8,3,9,544,"N","S",5,1,17,11,2,16.5354034896204,8.25608813381491
"6735",2051,"TREELAND TIMBER",2,8,3,9,544,"N","S",5,1,17,11,2,16.0601338556704,8.25608813381491
"6736",2052,"HALLMAN WOOD PRODUCTS",2,8,3,9,174,"N","S",5,4,6,11,2,15.856631791005,9.91768627193594
"6737",2052,"GREENSBORO LUMBER COMPANY",1,8,3,9,174,"N","S",5,4,6,11,2,15.9095156593139,9.91768627193594
"6738",2053,"FRANK G. LAKE LBR. CO.",1,8,3,9,506,"N","S",5,1,0,13,2,16.6240887568965,8.25608813381491
"6739",2053,"HALLMAN WOOD PROD.",2,8,3,9,506,"N","S",5,1,0,13,2,16.543848889402,8.25608813381491
"6740",2054,"GREENSBORO LUMBER CO.",2,8,3,9,510,"N","S",6,1,20,19,4,17.2281907260326,8.25608813381491
"6741",2054,"GEORGIA-PACIFIC CORP.",3,8,3,9,510,"N","S",6,1,20,19,4,17.1312146824369,8.25608813381491
"6742",2054,"F.G. LAKE LUMBER CO.",4,8,3,9,510,"N","S",6,1,20,19,4,17.0340388024334,8.25608813381491
"6743",2054,"WILLIAMS BROTHERS LBR. CO",1,8,3,9,510,"N","S",6,1,20,19,4,17.2707351600967,8.25608813381491
"6744",2055,"HALLMAN WOOD PRODUCTS",3,8,3,9,112,"N","S",5,4,0,8,4,15.3856236878301,9.94855651590371
"6745",2055,"GREENSBORO LBR. CO.",2,8,3,9,112,"N","S",5,4,0,8,4,15.4009418024941,9.94855651590371
"6746",2055,"FRANK G. LAKE",4,8,3,9,112,"N","S",5,4,0,8,4,15.2622116348078,9.94855651590371
"6747",2055,"PUTNAM LUMBER CO.",1,8,3,9,112,"N","S",5,4,0,8,4,15.4201771055195,9.94855651590371
"6748",2056,"GEORGIA KRAFT COMPANY",1,8,3,9,131,"N","S",5,1,0,10,2,14.4023873646264,8.25608813381491
"6749",2056,"OWENS-ILLINOIS, INC.",2,8,3,9,131,"N","S",5,1,0,10,2,14.309250855226,8.25608813381491
"6750",2057,"GREENSBORO LBR. CO.",3,8,3,9,334,"N","S",5,1,14,18,4,16.2712811794626,8.25608813381491
"6751",2057,"TREELAND LBR. CO.",4,8,3,9,334,"N","S",5,1,14,18,4,16.2292523363231,8.25608813381491
"6752",2057,"HALLMAN WOOD PRODUCTS, IN",1,8,3,9,334,"N","S",5,1,14,18,4,16.3866184511167,8.25608813381491
"6753",2057,"FRANK G. LAKE LBR. CO.",2,8,3,9,334,"N","S",5,1,14,18,4,16.3311840179224,8.25608813381491
"6754",2058,"HALLMAN WOOD PROD.",3,8,3,9,550,"N","S",6,1,16,11,3,17.4440983270197,8.25608813381491
"6755",2058,"FRANK G. LAKE LBR. CO.",2,8,3,9,550,"N","S",6,1,16,11,3,17.4613637670652,8.25608813381491
"6756",2058,"GREENSBORO LBR. CO.",1,8,3,9,550,"N","S",6,1,16,11,3,17.571256033422,8.25608813381491
"6757",2059,"TREELAND TBR. CO.",3,8,3,9,129,"N","S",5,1,10,12,3,15.6082362269377,8.21527695893663
"6758",2059,"GREENSBORO LBR. CO.",1,8,3,9,129,"N","S",5,1,10,12,3,15.7673343298905,8.21527695893663
"6759",2059,"HALLMAN WOOD PROD.",2,8,3,9,129,"N","S",5,1,10,12,3,15.7138506981578,8.21527695893663
"6760",2060,"OWENS-ILLINOIS, INC.",1,8,3,9,84,"N","S",5,1,0,14,1,13.9128187404313,8.25608813381491
"6761",2061,"TREELAND TIMBER CO.",1,8,3,9,98,"N","S",5,170,0,11,2,14.5778805835652,10.1583623020118
"6762",2061,"GREENSBORO LBR. CO.",2,8,3,9,98,"N","S",5,170,0,11,2,14.1568210712257,10.1583623020118
"6763",2062,"WILLIAMS BROS. LBR.CO.",4,8,3,9,1219,"N","S",5,1,0,22,4,16.5942692691147,8.24407127029579
"6764",2062,"GREENSBORO LBR. CO.",2,8,3,9,1219,"N","S",5,1,0,22,4,16.7532542261058,8.24407127029579
"6765",2062,"HALLMAN WOOD PRODUCTS",1,8,3,9,1219,"N","S",5,1,0,22,4,16.800101395581,8.24407127029579
"6766",2062,"F. G. LAKE LBR. CO.",3,8,3,9,1219,"N","S",5,1,0,22,4,16.6194089759211,8.24407127029579
"6767",2063,"GREENSBORO LBR. CO.",1,8,3,9,161,"N","S",5,4,3,11,2,16.321410792244,9.7473014693468
"6768",2063,"UNION POINT LBR.",2,8,3,9,161,"N","S",5,4,3,11,2,16.1693959003217,9.7473014693468
"6769",2064,"S. LEON MILLER & SONS",1,8,3,12,256,"N","S",5,1,0,26,2,15.0214490291007,8.0481491016652
"6770",2064,"JIMMY REED",2,8,3,12,256,"N","S",5,1,0,26,2,14.7441064696196,8.0481491016652
"6771",2065,"HOWELL BRANNON",1,8,3,12,40,"N","S",5,160,0,13,2,14.6838707560809,10.0888046183099
"6772",2065,"JIMMY REED",2,8,3,12,40,"N","S",5,160,0,13,2,14.2723656224547,10.0888046183099
"6773",2066,"RALPH HICKEY",1,8,3,12,112,"N","S",5,625,0,30,2,15.1493899432155,10.3048777026023
"6774",2066,"BEMIS HARDWOODS",2,8,3,12,112,"N","S",5,625,0,30,2,15.0927902350781,10.3048777026023
"6775",2067,"EAST BRAINERD LBR. CO.",1,8,4,1,548,"N","S",6,1,51,26,2,16.436598471781,8.29429960885724
"6776",2067,"VEACH-MAY-WILSON",2,8,4,1,548,"N","S",6,1,51,26,2,16.4265172646065,8.29429960885724
"6777",2068,"BENTON DAVIS",2,8,4,1,191,"N","S",5,1,39,32,3,16.0668543552188,8.29429960885724
"6778",2068,"TELLICO LUMBER CO.",3,8,4,1,191,"N","S",5,1,39,32,3,16.0240051670225,8.29429960885724
"6779",2068,"JESS BROOKS LBR. CO.",1,8,4,1,191,"N","S",5,1,39,32,3,16.1598193827913,8.29429960885724
"6780",2070,"TELLICO LUMBER CO.",2,8,4,1,209,"N","S",5,1,0,15,7,15.3368625526602,8.07121853996986
"6781",2070,"COCKBURN LUMBER CO.",3,8,4,1,209,"N","S",5,1,0,15,7,15.3264532236493,8.07121853996986
"6782",2070,"VEACH-MAY-WILSON, INC.",7,8,4,1,209,"N","S",5,1,0,15,7,15.0163454441707,8.07121853996986
"6783",2070,"CONASAUGA RIVER LBR. CO.",4,8,4,1,209,"N","S",5,1,0,15,7,15.3014260207707,8.07121853996986
"6784",2070,"R. W. WEST",1,8,4,1,209,"N","S",5,1,0,15,7,15.5557100305762,8.07121853996986
"6785",2070,"DAVIS SAWMILL",5,8,4,1,209,"N","S",5,1,0,15,7,15.1840100249422,8.07121853996986
"6786",2070,"SUTTON LUMBER CO.",6,8,4,1,209,"N","S",5,1,0,15,7,15.1134137724682,8.07121853996986
"6787",2071,"BENTON DAVIS",1,8,4,1,324,"N","S",5,1,27,30,3,16.1084718907751,8.05547514175727
"6788",2071,"TELLICO LUMBER, INC.",2,8,4,1,324,"N","S",5,1,27,30,3,16.0645886449604,8.05547514175727
"6789",2071,"VEACH-MAY-WILSON, INC.",3,8,4,1,324,"N","S",5,1,27,30,3,15.9089428954279,8.05547514175727
"6790",2076,"E. D. CLINE-RUDOLPH EVANS",3,8,4,3,611,"N","S",6,1,26,22,3,15.7945296494254,8.24301946898925
"6791",2076,"SERVICE LUMBER CO",2,8,4,3,611,"N","S",6,1,26,22,3,15.8770475149249,8.24301946898925
"6792",2076,"EAST BRAINERD LBR.CO.,INC",1,8,4,3,611,"N","S",6,1,26,22,3,15.9147148977157,8.24301946898925
"6793",2078,"JESSIE O'NEAL",1,8,4,3,265,"N","S",5,1,0,30,1,14.2701987523906,8.24301946898925
"6794",2079,"COCKBURN LUMBER CO.",1,8,4,3,95,"N","S",5,1,0,22,1,13.4754398546208,8.24301946898925
"6795",2080,"VEACH-MAY-WILSON, INC.",2,8,4,3,82,"N","S",5,1,0,36,2,14.2481439109419,8.07121853996986
"6796",2080,"FRANK PATTERSON",1,8,4,3,82,"N","S",5,1,0,36,2,14.8518572958949,8.07121853996986
"6797",2081,"DONALD WEST",3,8,4,3,47,"N","S",5,1,0,31,3,12.8456871841291,8.24301946898925
"6798",2081,"JESSIE O'NEAL",1,8,4,3,47,"N","S",5,1,0,31,3,13.2713004901787,8.24301946898925
"6799",2081,"W. D. CLINE",2,8,4,3,47,"N","S",5,1,0,31,3,12.8819846500684,8.24301946898925
"6800",2083,"SUTTON LUMBER CO.",1,8,4,3,48,"N","S",5,1,0,23,2,13.0211055453301,8.24301946898925
"6801",2083,"WAYNE COOPER",2,8,4,3,48,"N","S",5,1,0,23,2,12.6830829208014,8.24301946898925
"6802",2085,"RUDOLPH EVANS",1,8,4,3,119,"N","S",5,1,0,26,1,12.4163335710134,8.21635833238616
"6803",2086,"WAYNE COOPER",1,8,4,3,40,"N","S",5,1,0,31,1,12.3456258704732,8.24301946898925
"6804",2087,"JESS BROOKS",1,8,4,4,235,"N","S",5,4,0,15,1,13.7843552319566,10.0564661171332
"6805",2088,"JESS BROOKS",2,8,4,4,88,"N","S",5,1,11,25,2,14.6150697012178,8.06777619577889
"6806",2088,"DONALD WEST",1,8,4,4,88,"N","S",5,1,11,25,2,14.710626681807,8.06777619577889
"6807",2091,"MCCLOUD LBR. CO., INC.",1,8,4,5,158,"N","S",5,4,0,26,2,13.8915888021424,9.94779147809265
"6808",2091,"JAMES EDWARDS",2,8,4,5,158,"N","S",5,4,0,26,2,13.8887628784382,9.94779147809265
"6809",2093,"EDDIE FIELDS",1,8,4,5,684,"N","S",6,1,55,22,1,15.0990321633966,8.2495751500002
"6810",2095,"WILLIAM D. CRESS",1,8,4,6,204,"N","S",5,1,0,34,2,14.652758082498,8.2495751500002
"6811",2095,"MEAD PAPER",2,8,4,6,204,"N","S",5,1,0,34,2,14.6264407741806,8.2495751500002
"6812",2096,"JERRY HENSLEY",1,8,4,6,60,"N","S",5,4,0,13,1,12.345838935722,8.2495751500002
"6813",2097,"MEAD PAPER CO..",1,8,4,6,102,"N","S",5,4,0,20,1,13.9289285249998,8.2495751500002
"6814",2098,"CARROLL HENSLEY",1,8,4,6,62,"N","S",5,4,0,20,2,13.0818559167464,8.07899825868515
"6815",2098,"MEAD PAPER",2,8,4,6,62,"N","S",5,4,0,20,2,12.8622964719855,8.07899825868515
"6816",2099,"MARVIN MCCONNELL",2,8,4,6,96,"N","S",5,4,0,28,2,13.288181159699,8.1958853913148
"6817",2099,"CARROLL HENSLEY",1,8,4,6,96,"N","S",5,4,0,28,2,13.3132332926482,8.1958853913148
"6818",2100,"STEWART & RUTHERFORD",1,8,4,6,291,"N","S",6,1,7,30,1,15.7671045234879,8.1958853913148
"6819",2102,"REX LUMBER COMPANY",1,8,5,1,31,"Y","D",5,1,0,35,1,14.0446600375303,8.5336569174469
"6820",2103,"BUCKEYE CELLULOSE CORP.",1,8,5,1,449,"N","S",5,1,0,36,4,16.3841703310047,8.5336569174469
"6821",2103,"GEORGIA TIMBERLANDS, INC",3,8,5,1,449,"N","S",5,1,0,36,4,16.0957426742841,8.5336569174469
"6822",2103,"REX LUMBER COMPANY",2,8,5,1,449,"N","S",5,1,0,36,4,16.1893040663144,8.5336569174469
"6823",2103,"COASTAL LUMBER COMPANY",4,8,5,1,449,"N","S",5,1,0,36,4,16.0525432827181,8.5336569174469
"6824",2104,"COASTAL LUMBER COMPANY",3,8,5,1,756,"N","S",5,1,0,37,4,15.0682735264596,8.5336569174469
"6825",2104,"INTERNATIONAL PAPER CO.",2,8,5,1,756,"N","S",5,1,0,37,4,15.1974755609229,8.5336569174469
"6826",2104,"BUCKEYE CELLULOSE CORP.",1,8,5,1,756,"N","S",5,1,0,37,4,15.3313300787132,8.5336569174469
"6827",2104,"LAYNE & SHULER PULPWOOD C",4,8,5,1,756,"N","S",5,1,0,37,4,14.751415664122,8.5336569174469
"6828",2105,"VAIDEN E. SMALLEY",3,8,5,1,16028,"N","S",1,1,0,10,3,14.3193115667933,7.71912984090673
"6829",2105,"REICHHOLD CHEMICALS, INC.",2,8,5,1,16028,"N","S",1,1,0,10,3,15.3903570256288,7.71912984090673
"6830",2105,"HERCULES INCORPORATED",1,8,5,1,16028,"N","S",1,1,0,10,3,15.4027028614511,7.71912984090673
"6831",2106,"LAYNE & SHULER",1,8,5,1,68,"Y","S",5,1,0,35,2,13.5471081002444,8.5336569174469
"6832",2106,"REX LUMBER CO.",2,8,5,1,68,"Y","S",5,1,0,35,2,13.4588070421888,8.5336569174469
"6833",2107,"REX LUMBER COMPANY",1,8,5,1,15,"Y","S",5,1,0,38,2,14.3490756686998,8.5336569174469
"6834",2107,"LAYNE & SHULER PULPWOOD",2,8,5,1,15,"Y","S",5,1,0,38,2,13.8418369571494,8.5336569174469
"6835",2108,"LAYNE & SHULER PULPWOOD",1,8,5,1,1500,"Y","S",5,1,0,25,1,13.7442293559593,8.56350409427949
"6836",2109,"LAYNE & SHULER PULPWOOD",2,8,5,1,750,"Y","S",5,1,0,31,3,14.576316386998,8.56350409427949
"6837",2109,"LAIRD TIMBER COMPANY",1,8,5,1,750,"Y","S",5,1,0,31,3,15.043688050987,8.56350409427949
"6838",2109,"REX LUMBER COMPANY",3,8,5,1,750,"Y","S",5,1,0,31,3,14.410217665711,8.56350409427949
"6839",2110,"COLEMAN TIMBER CO.",3,8,5,1,450,"Y","S",5,1,0,34,6,14.5357864059125,8.56350409427949
"6840",2110,"COASTAL LUMBER CO.",6,8,5,1,450,"Y","S",5,1,0,34,6,13.8264504980026,8.56350409427949
"6841",2110,"FRANK R. SMITH TIMBER CO.",1,8,5,1,450,"Y","S",5,1,0,34,6,14.7908246302879,8.56350409427949
"6842",2110,"BALFOUR PULPWOOD CO.",4,8,5,1,450,"Y","S",5,1,0,34,6,14.2534428562099,8.56350409427949
"6843",2110,"LAYNE AND SHULER PULPWOOD",2,8,5,1,450,"Y","S",5,1,0,34,6,14.5758489880645,8.56350409427949
"6844",2110,"REX LUMBER COMPANY",5,8,5,1,450,"Y","S",5,1,0,34,6,13.9699469112687,8.56350409427949
"6845",2111,"H. C. HODGES LUMBER CO. I",1,8,5,1,200,"Y","S",5,1,0,32,4,14.0680187179084,8.56350409427949
"6846",2111,"LAYNE & SHULER PULPWOOD",4,8,5,1,200,"Y","S",5,1,0,32,4,13.2699209417619,8.56350409427949
"6847",2111,"BALFOUR PULPWOOD CO., INC",2,8,5,1,200,"Y","S",5,1,0,32,4,13.7966844537142,8.56350409427949
"6848",2111,"COASTAL LUMBER COMPANY",3,8,5,1,200,"Y","S",5,1,0,32,4,13.4301421515552,8.56350409427949
"6849",2113,"LAYNE & SHULER PULPWOOD",1,8,5,1,855,"N","S",6,1,0,37,2,16.8199651314223,8.56350409427949
"6850",2113,"REX LUMBER COMPANY",2,8,5,1,855,"N","S",6,1,0,37,2,16.5669714001482,8.56350409427949
"6851",2114,"BALFOUR PULPWOOD CO., INC",3,8,5,1,924,"N","S",6,1,17,35,3,16.622727130561,8.56350409427949
"6852",2114,"COASTAL LUMBER CO.",2,8,5,1,924,"N","S",6,1,17,35,3,16.8126118939245,8.56350409427949
"6853",2114,"REX LUMBER COMPANY",1,8,5,1,924,"N","S",6,1,17,35,3,16.9391983955623,8.56350409427949
"6854",2115,"COASTAL LUMBER CO.",3,8,5,1,429,"N","S",5,1,0,24,5,16.1920057463929,8.5336569174469
"6855",2115,"REX LUMBER COMPANY",2,8,5,1,429,"N","S",5,1,0,24,5,16.201977134939,8.5336569174469
"6856",2115,"BUCKEYE CELLULOSE CORP.",4,8,5,1,429,"N","S",5,1,0,24,5,16.1615721032861,8.5336569174469
"6857",2115,"INTERNATIONAL PAPER CO.",1,8,5,1,429,"N","S",5,1,0,24,5,16.3292475894202,8.5336569174469
"6858",2115,"BALFOUR LUMBER CO., INC.",5,8,5,1,429,"N","S",5,1,0,24,5,16.074780968939,8.5336569174469
"6859",2116,"LAIRD TIMBER COMPANY",1,8,5,1,300,"Y","S",5,1,0,29,1,13.5613922023506,8.56350409427949
"6860",2117,"REX LUMBER COMPANY",1,8,5,1,25,"Y","D",5,1,0,34,1,14.2174895967876,8.5336569174469
"6861",2119,"ST. REGIS PAPER CO.",1,8,5,2,2094,"N","S",6,1,0,34,2,15.2064924155862,8.648045999835
"6862",2119,"ALFORD TIMBER INC.",2,8,5,2,2094,"N","S",6,1,0,34,2,15.2018049190842,8.648045999835
"6863",2120,"OCALA LUMBER SALES CO.",1,8,5,2,3323,"N","S",6,1,0,27,1,15.8822182421226,8.648045999835
"6864",2121,"FLORIDA TIMBER PRODUCTS C",1,8,5,2,3400,"N","S",6,1,0,29,1,16.0276237477942,8.65014941866486
"6865",2122,"ALFORD TIMBER INC.",2,8,5,2,1220,"N","S",5,1,0,25,2,15.0224952220835,8.648045999835
"6866",2122,"NATIONAL PULPWOOD CORP.",1,8,5,2,1220,"N","S",5,1,0,25,2,15.0232104082178,8.648045999835
"6867",2123,"ALFORD TIMBER, INC",1,8,5,2,4480,"N","S",6,1,0,35,2,15.9681038111549,8.648045999835
"6868",2123,"ST. REGIS PAPER CO.",2,8,5,2,4480,"N","S",6,1,0,35,2,15.9562764765748,8.648045999835
"6869",2124,"ALFORD TIMBER, INC.",1,8,5,2,3520,"N","S",6,1,0,31,1,15.9938076915861,8.648045999835
"6870",2125,"L. C. SHAVE",1,8,5,4,1451,"N","S",5,1,0,19,1,15.7121404227609,8.79830371848498
"6871",2126,"CARTER TIMBER COMPANY, IN",1,8,5,4,1270,"N","S",5,1,0,18,1,14.4905996686025,8.79830371848498
"6872",2127,"HERCULES INCORPORATED",2,8,5,4,724,"N","S",1,1,0,24,2,14.0912465593977,7.650168700845
"6873",2127,"REICHHOLD CHEMICALS, INC.",1,8,5,4,724,"N","S",1,1,0,24,2,14.1029425991608,7.650168700845
"6874",2129,"OWENS-ILLINOIS, INC",1,8,5,4,635,"N","S",5,1,0,10,2,14.797251894901,8.79830371848498
"6875",2129,"CARTER TIMBER COMPANY, IN",2,8,5,4,635,"N","S",5,1,0,10,2,14.6488978274387,8.79830371848498
"6876",2130,"OWENS-ILLINOIS, INC.",1,8,5,4,1034,"N","S",5,1,0,12,1,16.094867964839,8.79830371848498
"6877",2131,"L. C. SHAVE",4,8,5,4,1919,"N","S",6,1,0,17,5,17.1299110850798,8.79830371848498
"6878",2131,"LAMAR HANCOCK",5,8,5,4,1919,"N","S",6,1,0,17,5,17.099364057528,8.79830371848498
"6879",2131,"OWENS-ILLINOIS, INC.",3,8,5,4,1919,"N","S",6,1,0,17,5,17.1531467185533,8.79830371848498
"6880",2131,"ST. REGIS ALLIED OPERATIO",2,8,5,4,1919,"N","S",6,1,0,17,5,17.2075943702574,8.79830371848498
"6881",2131,"DANIELS LUMBER, INC",1,8,5,4,1919,"N","S",6,1,0,17,5,17.3340089924811,8.79830371848498
"6882",2132,"L. C. SHAVE",1,8,5,4,1919,"N","S",6,1,0,18,1,16.3448498759379,8.79830371848498
"6883",2133,"DANIELS LUMBER, INC.",1,8,5,4,1799,"N","S",6,1,0,12,1,17.0629836355548,8.82128980513611
"6884",2135,"ST. REGIS ALLIED OPERATIO",4,8,5,4,2427,"N","S",6,1,0,15,4,16.772460474273,8.82128980513611
"6885",2135,"DANIELS LUMBER, INC.",2,8,5,4,2427,"N","S",6,1,0,15,4,16.8379012180255,8.82128980513611
"6886",2135,"SOUTHERN WOOD PIEDMONT CO",1,8,5,4,2427,"N","S",6,1,0,15,4,16.9065575567668,8.82128980513611
"6887",2135,"LAMAR HANCOCK",3,8,5,4,2427,"N","S",6,1,0,15,4,16.8341353370828,8.82128980513611
"6888",2136,"OWENS- ILLINOIS INC.",3,8,5,4,1673,"N","S",6,1,0,30,3,16.9612090544186,8.79830371848498
"6889",2136,"DANIELS LUMBER",2,8,5,4,1673,"N","S",6,1,0,30,3,17.0238747284667,8.79830371848498
"6890",2136,"SOUTHERN WOOD",1,8,5,4,1673,"N","S",6,1,0,30,3,17.0421045212264,8.79830371848498
"6891",2137,"OWENS-ILLINOIS, INC.",1,8,5,4,1021,"N","S",5,1,0,20,1,15.1192566584661,8.79830371848498
"6892",2139,"NATIONAL PULPWOOD",1,8,5,5,4891,"N","S",5,1,0,29,1,14.9101148252348,8.648045999835
"6893",2140,"ST. REGIS PAPER CO.",1,8,5,5,5886,"N","S",6,1,0,27,1,15.3210147142128,8.648045999835
"6894",2141,"FLORIDA TBR. PRODUCT., CO",1,8,5,5,4792,"N","S",5,1,0,47,1,13.9517881762568,8.648045999835
"6895",2144,"NATIONAL PULPWOOD CORP.",1,8,5,5,6225,"N","S",5,1,0,36,1,15.1977627605578,8.648045999835
"6896",2145,"GEORGIA TIMBERLANDS INC",3,8,5,6,1325,"N","S",6,1,0,28,4,16.4156767658193,8.5336569174469
"6897",2145,"REX LUMBER CO.",1,8,5,6,1325,"N","S",6,1,0,28,4,16.5980496110572,8.5336569174469
"6898",2145,"EDWIN T. CULBREATH, INC",4,8,5,6,1325,"N","S",6,1,0,28,4,16.4102576734318,8.5336569174469
"6899",2145,"A. B. TAFF AND SONS INC.",2,8,5,6,1325,"N","S",6,1,0,28,4,16.4292574055757,8.5336569174469
"6900",2146,"COASTAL LUMBER COMPANY",1,8,5,6,191,"N","S",5,1,0,53,3,15.9087933658326,8.5336569174469
"6901",2146,"EDWIN T. CULBREATH, INC.",2,8,5,6,191,"N","S",5,1,0,53,3,15.8915463065093,8.5336569174469
"6902",2146,"VALLEY SAUCHIP MILL, INC.",3,8,5,6,191,"N","S",5,1,0,53,3,15.6602577186115,8.5336569174469
"6903",2147,"LAYNE & SHULER PULPWOOD",2,8,5,6,165,"N","S",5,1,0,47,3,15.3882844860268,8.5336569174469
"6904",2147,"EDWIN T. CULBREATH, INC.",1,8,5,6,165,"N","S",5,1,0,47,3,15.6040147344717,8.5336569174469
"6905",2147,"H. C. HODGES LUMBER CO.",3,8,5,6,165,"N","S",5,1,0,47,3,15.345428959167,8.5336569174469
"6906",2148,"REX LUMBER CO.",2,8,5,6,136,"Y","S",5,1,0,41,2,14.2026080087143,8.45019832259196
"6907",2148,"LAYNE & SHULER",1,8,5,6,136,"Y","S",5,1,0,41,2,14.3851332522387,8.45019832259196
"6908",2149,"REX LUMBER CO.",1,8,5,6,212,"Y","S",5,1,0,50,3,14.7917291984183,8.45019832259196
"6909",2149,"COASTAL LUMBER CO.",3,8,5,6,212,"Y","S",5,1,0,50,3,14.5136452800353,8.45019832259196
"6910",2149,"LAYNE & SHULER",2,8,5,6,212,"Y","S",5,1,0,50,3,14.7228009076411,8.45019832259196
"6911",2150,"GEORGIA TIMBERLANDS INC.",4,8,5,6,644,"N","S",5,1,0,25,7,15.1935370845399,8.56350409427949
"6912",2150,"A. B. TAFF & SONS, INC.",5,8,5,6,644,"N","S",5,1,0,25,7,15.0973953400317,8.56350409427949
"6913",2150,"COASTAL LUMBER COMPANY",1,8,5,6,644,"N","S",5,1,0,25,7,15.3323067271483,8.56350409427949
"6914",2150,"EDWIN T. CULBREATH, INC.",7,8,5,6,644,"N","S",5,1,0,25,7,14.9497045749094,8.56350409427949
"6915",2150,"BRUNSWICK PULP LANDS CO.",6,8,5,6,644,"N","S",5,1,0,25,7,15.0377554070777,8.56350409427949
"6916",2150,"REX LUMBER CO.",3,8,5,6,644,"N","S",5,1,0,25,7,15.2303923759361,8.56350409427949
"6917",2150,"BALFOUR PULPWOOD CO., INC",2,8,5,6,644,"N","S",5,1,0,25,7,15.2505950832536,8.56350409427949
"6918",2151,"EDWIN T. CULBREATH, INC.",1,8,5,6,4000,"N","S",6,1,0,38,2,15.7035043253223,8.56350409427949
"6919",2151,"LAYNE & SHULER PULPWOOD",2,8,5,6,4000,"N","S",6,1,0,38,2,15.5596197381184,8.56350409427949
"6920",2152,"DEL-COOK TIMBER CO.",2,8,5,6,1000,"N","S",5,1,0,28,5,16.35291477671,8.56350409427949
"6921",2152,"LAYNE & SHULER PULPWOOD",5,8,5,6,1000,"N","S",5,1,0,28,5,16.0779818431147,8.56350409427949
"6922",2152,"W. L. SHERROD LUMBER CO.",4,8,5,6,1000,"N","S",5,1,0,28,5,16.2321116000455,8.56350409427949
"6923",2152,"BALFOUR LUMBER CO., INC.",1,8,5,6,1000,"N","S",5,1,0,28,5,16.3592112924123,8.56350409427949
"6924",2152,"REX LUMBER COMPANY",3,8,5,6,1000,"N","S",5,1,0,28,5,16.2816806869625,8.56350409427949
"6925",2153,"HERCULES INCORPORATED",2,8,5,6,68444,"N","S",1,1,0,40,2,15.1074942396129,7.74109909003537
"6926",2153,"REICHHOLD CHEMICALS, INC.",1,8,5,6,68444,"N","S",1,1,0,40,2,16.3226678166871,7.74109909003537
"6927",2154,"A. B. TAFF & SONS, INC",1,8,5,6,884,"N","S",5,1,0,21,2,15.6944411136499,8.5336569174469
"6928",2154,"GEORGIA TIMBERLAND INC",2,8,5,6,884,"N","S",5,1,0,21,2,15.58002249524,8.5336569174469
"6929",2155,"W. E. PARKS LBR. CO.",1,8,6,1,919,"N","S",6,1,0,16,4,17.2578952114248,8.30375241556341
"6930",2155,"DOBSON PULPWOOD CO.",2,8,6,1,919,"N","S",6,1,0,16,4,17.0952490563124,8.30375241556341
"6931",2155,"TULLOS LBR. CO.",3,8,6,1,919,"N","S",6,1,0,16,4,17.0824873571842,8.30375241556341
"6932",2155,"CARROLL W. MAXWELL",4,8,6,1,919,"N","S",6,1,0,16,4,16.9740559127492,8.30375241556341
"6933",2156,"W. E. PARKS LBR. CO.",2,8,6,1,2085,"N","S",6,1,0,17,4,17.2119399240178,8.34426735626264
"6934",2156,"CARROLL W. MAXWELL",1,8,6,1,2085,"N","S",6,1,0,17,4,17.2911578057087,8.34426735626264
"6935",2156,"DOBSON PULPWOOD, INC.",3,8,6,1,2085,"N","S",6,1,0,17,4,17.1624109456641,8.34426735626264
"6936",2156,"TULLOS LBR. CO.",4,8,6,1,2085,"N","S",6,1,0,17,4,16.9634633640949,8.34426735626264
"6937",2158,"J. K. MARTIN P/W CO.",1,8,6,1,1113,"N","S",5,1,0,6,4,14.6909792953182,8.34426735626264
"6938",2158,"PINEVILLE KRAFT CORP.",4,8,6,1,1113,"N","S",5,1,0,6,4,14.2943729571808,8.34426735626264
"6939",2158,"FILES TIMBER CO.",3,8,6,1,1113,"N","S",5,1,0,6,4,14.2953531257207,8.34426735626264
"6940",2158,"COLFAX CREOSOTING CO.",2,8,6,1,1113,"N","S",5,1,0,6,4,14.4099417655851,8.34426735626264
"6941",2159,"PINEVILLE KRAFT CORP.",2,8,6,1,1505,"N","S",6,1,0,9,2,16.5692361089808,8.34426735626264
"6942",2159,"CROWN ZELLERBACH",1,8,6,1,1505,"N","S",6,1,0,9,2,16.5974329605713,8.34426735626264
"6943",2160,"PINEVILLE KRAFT",4,8,6,1,560,"N","S",5,1,0,2,4,13.9630896924085,8.34426735626264
"6944",2160,"LA.-PACIFIC CORP.",2,8,6,1,560,"N","S",5,1,0,2,4,14.5110548631239,8.34426735626264
"6945",2160,"INTERNATIONAL PAPER",3,8,6,1,560,"N","S",5,1,0,2,4,14.3832214916141,8.34426735626264
"6946",2160,"DODSON P/W CO., INC.",1,8,6,1,560,"N","S",5,1,0,2,4,14.5874370330427,8.34426735626264
"6947",2161,"VANCOUVER PLYWOOD",2,8,6,1,2529,"N","S",7,1,25,12,4,17.8772932397159,8.34426735626264
"6948",2161,"CROWN ZELLERBACH",3,8,6,1,2529,"N","S",7,1,25,12,4,17.83543458124,8.34426735626264
"6949",2161,"WILLAMETTE INDUSTRIES",1,8,6,1,2529,"N","S",7,1,25,12,4,18.0908573348089,8.34426735626264
"6950",2161,"LOUISIANA-PACIFIC",4,8,6,1,2529,"N","S",7,1,25,12,4,17.7661421084398,8.34426735626264
"6951",2162,"CARROLL W. MAXWELL LBR.",3,8,6,1,893,"N","S",6,1,0,15,3,16.9061998580622,8.34426735626264
"6952",2162,"COHN-DANZY AGENCY, INC.",1,8,6,1,893,"N","S",6,1,0,15,3,16.9834627043391,8.34426735626264
"6953",2162,"TULLOS LBR. CO.",2,8,6,1,893,"N","S",6,1,0,15,3,16.9614629396165,8.34426735626264
"6954",2163,"WILLAMETTE INDUSTRIES, IN",3,8,6,1,311,"N","S",5,1,0,20,3,15.9550587049602,8.34426735626264
"6955",2163,"CROWN ZELLERBACH CORP.",1,8,6,1,311,"N","S",5,1,0,20,3,16.1762821028527,8.34426735626264
"6956",2163,"LOUISIANA-PACIFIC CORP.",2,8,6,1,311,"N","S",5,1,0,20,3,16.1071661408656,8.34426735626264
"6957",2164,"TULLOS LBR. CO.",1,8,6,1,11516,"N","S",5,170,0,29,2,16.3233143069337,10.2606023997032
"6958",2164,"CARROLL W. MAXWELL",2,8,6,1,11516,"N","S",5,170,0,29,2,16.3204489754605,10.2606023997032
"6959",2165,"LAWTON FOREST PRODUCTS",1,8,6,2,785,"N","S",6,1,0,18,3,17.021458415617,8.34426735626264
"6960",2165,"LEESVILLE LBR. CO.",2,8,6,2,785,"N","S",6,1,0,18,3,17.0171443089197,8.34426735626264
"6961",2165,"PINEVILLE KRAFT CORP.",3,8,6,2,785,"N","S",6,1,0,18,3,16.8302140839063,8.34426735626264
"6962",2166,"BOISE SOUTHERN CO.",2,8,6,2,3000,"N","S",6,1,0,8,2,15.6012687219965,8.34426735626264
"6963",2166,"PINEVILLE KRAFT CORP.",1,8,6,2,3000,"N","S",6,1,0,8,2,15.8118014422946,8.34426735626264
"6964",2167,"MAYO ARNOLD",2,8,6,2,1240,"N","S",6,1,0,44,2,17.151630748988,8.34426735626264
"6965",2167,"LEESVILLE LBR. CO., LTD.",1,8,6,2,1240,"N","S",6,1,0,44,2,17.2284212040475,8.34426735626264
"6966",2168,"BOISE SOUTHERN CO.",3,8,6,2,1920,"N","S",7,1,0,19,4,18.3867112589348,8.34426735626264
"6967",2168,"CROWN ZELLERBACH CORP.",2,8,6,2,1920,"N","S",7,1,0,19,4,18.3959412302622,8.34426735626264
"6968",2168,"OWENS-ILLINOIS, INC.",1,8,6,2,1920,"N","S",7,1,0,19,4,18.5833782949964,8.34426735626264
"6969",2168,"PINEVILLE KRAFT CORP.",4,8,6,2,1920,"N","S",7,1,0,19,4,18.1455651679653,8.34426735626264
"6970",2169,"LEESVILLE LBR. CO., LTD.",1,8,6,2,55,"N","S",5,1,0,20,5,15.947402224645,8.34426735626264
"6971",2169,"LA.-PACIFIC CORP.",2,8,6,2,55,"N","S",5,1,0,20,5,15.8471275191487,8.34426735626264
"6972",2169,"VANCOUVER PLYWOOD CO.",4,8,6,2,55,"N","S",5,1,0,20,5,15.7026044491271,8.34426735626264
"6973",2169,"BOISE SOUTHERN",5,8,6,2,55,"N","S",5,1,0,20,5,15.6882771927038,8.34426735626264
"6974",2169,"CROWN ZELLERBACH CORP.",3,8,6,2,55,"N","S",5,1,0,20,5,15.7907731079341,8.34426735626264
"6975",2170,"LEESVILLE LBR. CO.",1,8,6,2,953,"N","S",6,1,0,38,2,17.284538099871,8.34426735626264
"6976",2170,"MAYO ARNOLD",2,8,6,2,953,"N","S",6,1,0,38,2,17.209149513221,8.34426735626264
"6977",2171,"DOBSON PULPWOOD CO.",1,8,6,3,1453,"N","S",6,1,0,38,1,16.6409045871742,8.34426735626264
"6978",2172,"BILL POWELL",1,8,6,3,15,"Y","D",5,1,0,35,1,13.7122057057596,8.34426735626264
"6979",2173,"LEESVILLE LUMBER CO., LTD",2,8,6,3,1303,"N","S",6,1,0,30,2,16.4091686178239,8.34426735626264
"6980",2173,"DOBSON PULPWOOD CO., INC.",1,8,6,3,1303,"N","S",6,1,0,30,2,16.4148739767716,8.34426735626264
"6981",2174,"LEESVILLE LBR. CO.",1,8,6,3,10,"Y","D",5,1,0,39,1,12.8133677768203,8.34426735626264
"6982",2175,"DOBSON PULPWOOD CO.",3,8,6,3,1687,"N","S",7,1,0,38,3,17.7447052032627,8.34426735626264
"6983",2175,"LAWTON FOREST PRODUCTS",2,8,6,3,1687,"N","S",7,1,0,38,3,17.8443816020753,8.34426735626264
"6984",2175,"LEESVILLE LUMBER CO., LTD",1,8,6,3,1687,"N","S",7,1,0,38,3,17.9770117267704,8.34426735626264
"6985",2176,"CROWN ZELLERBACH CORP.",1,8,6,3,1127,"N","S",6,1,0,35,1,16.1121955797186,8.34426735626264
"6986",2177,"LEESVILLE LBR. CO., LTD.",1,8,6,3,28,"Y","D",5,1,0,46,1,13.3823031667442,8.34426735626264
"6987",2178,"LEESVILLE LBR. CO., LTD.",1,8,6,3,23,"Y","D",5,1,0,54,1,13.6257788134203,8.34426735626264
"6988",2179,"BILL POWELL",1,8,6,3,15,"Y","S",5,170,0,28,1,13.2466620291464,10.1242683146611
"6989",2180,"LEESVILLE LBR. CO.",4,8,6,3,1219,"N","S",6,1,0,28,4,16.6639384538562,8.34426735626264
"6990",2180,"CONTINENTAL FOREST IND.",3,8,6,3,1219,"N","S",6,1,0,28,4,16.6710861687513,8.34426735626264
"6991",2180,"CROWN ZELLERBACH",1,8,6,3,1219,"N","S",6,1,0,28,4,16.8644885312216,8.34426735626264
"6992",2180,"OWENS-ILLINOIS, INC.",2,8,6,3,1219,"N","S",6,1,0,28,4,16.7318276394156,8.34426735626264
"6993",2181,"LEESVILLE LBR. CO., LTD.",3,8,6,3,1202,"N","S",5,1,0,28,7,15.8652606386038,8.34426735626264
"6994",2181,"DOBSON PULPWOOD, INC.",4,8,6,3,1202,"N","S",5,1,0,28,7,15.8210291488344,8.34426735626264
"6995",2181,"VANCOUVER PLYWOOD, INC.",7,8,6,3,1202,"N","S",5,1,0,28,7,15.7824552083006,8.34426735626264
"6996",2181,"OWENS-ILLINOIS, INC.",2,8,6,3,1202,"N","S",5,1,0,28,7,15.9402112752997,8.34426735626264
"6997",2181,"CONTINENTAL GROUP, INC.",1,8,6,3,1202,"N","S",5,1,0,28,7,16.0741214016326,8.34426735626264
"6998",2181,"CROWN ZELLERBACH CORP.",6,8,6,3,1202,"N","S",5,1,0,28,7,15.7983393218272,8.34426735626264
"6999",2181,"INTERNATIONAL PAPER CO.",5,8,6,3,1202,"N","S",5,1,0,28,7,15.8046577942828,8.34426735626264
"7000",2182,"DOBSON PULPWOOD CO.",2,8,6,4,130,"N","S",5,1,0,7,2,12.9302532686703,8.34426735626264
"7001",2182,"BURNS FOREST PRODUCTS",1,8,6,4,130,"N","S",5,1,0,7,2,13.2412764410052,8.34426735626264
"7002",2183,"LOUISIANA-PACIFIC",4,8,6,4,1192,"N","S",6,1,0,23,5,16.6227405332332,8.34426735626264
"7003",2183,"J. K. MARTIN P/W CO.",2,8,6,4,1192,"N","S",6,1,0,23,5,16.7172132114472,8.34426735626264
"7004",2183,"WILLAMETTE INDUSTRIES",1,8,6,4,1192,"N","S",6,1,0,23,5,16.8453581303484,8.34426735626264
"7005",2183,"MARTIN TIMBER CO.",5,8,6,4,1192,"N","S",6,1,0,23,5,16.5232520447525,8.34426735626264
"7006",2183,"CROWN ZELLERBACH",3,8,6,4,1192,"N","S",6,1,0,23,5,16.6957075053692,8.34426735626264
"7007",2184,"CROWN-ZELLERBACH",2,8,6,4,2438,"N","S",6,1,0,30,4,17.3517345721557,8.34426735626264
"7008",2184,"MARTIN TIMBER CO., INC.",4,8,6,4,2438,"N","S",6,1,0,30,4,17.0276076188399,8.34426735626264
"7009",2184,"LOUISIANA-PACIFIC CORP.",3,8,6,4,2438,"N","S",6,1,0,30,4,17.096959223285,8.34426735626264
"7010",2184,"WILLAMETTE INDUSTRIES, IN",1,8,6,4,2438,"N","S",6,1,0,30,4,17.4154739313825,8.34426735626264
"7011",2185,"CROWN ZELLERBACH",3,8,6,4,590,"N","S",5,1,0,17,5,14.5453637540125,8.34426735626264
"7012",2185,"INTERNATIONAL PAPER CO.",4,8,6,4,590,"N","S",5,1,0,17,5,14.5115894368939,8.34426735626264
"7013",2185,"LOUISIANA-PACIFIC CORP.",1,8,6,4,590,"N","S",5,1,0,17,5,14.7049031568751,8.34426735626264
"7014",2185,"DOBSON PULPWOOD CO., INC.",5,8,6,4,590,"N","S",5,1,0,17,5,14.2168853119684,8.34426735626264
"7015",2185,"J. K. MARTIN PULPWOOD",2,8,6,4,590,"N","S",5,1,0,17,5,14.6018556891423,8.34426735626264
"7016",2186,"WILLAMETTE INDUSTRIES",3,8,6,4,3355,"N","S",7,1,0,16,4,17.5591004737934,8.34426735626264
"7017",2186,"CROWN ZELLERBACH CORP.",4,8,6,4,3355,"N","S",7,1,0,16,4,17.336190862988,8.34426735626264
"7018",2186,"J. K. MARTIN P/W CO.",1,8,6,4,3355,"N","S",7,1,0,16,4,17.7538572353259,8.34426735626264
"7019",2186,"LOUISIANA-PACIFIC CORP.",2,8,6,4,3355,"N","S",7,1,0,16,4,17.6515270825186,8.34426735626264
"7020",2187,"WOODARD-WALKER LBR.",3,8,6,4,2856,"N","S",7,1,0,11,3,17.9815732747137,8.34426735626264
"7021",2187,"ALMOND BROS. LBR.",2,8,6,4,2856,"N","S",7,1,0,11,3,18.1528141614591,8.34426735626264
"7022",2187,"W.E. PARKS LBR. CO.",1,8,6,4,2856,"N","S",7,1,0,11,3,18.2678728854702,8.34426735626264
"7023",2188,"TULLOS LUMBER COMPANY",2,8,6,4,1259,"N","S",5,170,19,14,4,16.2456309780574,10.2390307863392
"7024",2188,"WILLAMETTE INDUSTRIES",4,8,6,4,1259,"N","S",5,170,19,14,4,16.1627607472936,10.2390307863392
"7025",2188,"W.E. PARKS LBR. CO., INC.",1,8,6,4,1259,"N","S",5,170,19,14,4,16.2501696821474,10.2390307863392
"7026",2188,"ALMOND BROS. LBR. CO.",3,8,6,4,1259,"N","S",5,170,19,14,4,16.2310148774485,10.2390307863392
"7027",2189,"W. E. PARKS LBR. CO.",1,8,6,4,1052,"N","S",5,1,0,8,4,16.6213043393851,8.34426735626264
"7028",2189,"WILLAMETTE INDUSTRIES",3,8,6,4,1052,"N","S",5,1,0,8,4,16.3570399503682,8.34426735626264
"7029",2189,"CROWN ZELLERBACH CORP.",2,8,6,4,1052,"N","S",5,1,0,8,4,16.5208034277868,8.34426735626264
"7030",2189,"LOUISIANA-PACIFIC CORP.",4,8,6,4,1052,"N","S",5,1,0,8,4,16.3129763439328,8.34426735626264
"7031",2190,"GETTY OIL COMPANY",1,8,6,4,6,"N","D",5,1,0,14,1,13.1202511482181,8.34426735626264
"7032",2191,"LOUISIANA-PACIFIC CORP.",2,8,6,4,363,"N","S",5,1,0,10,3,14.8917606664737,8.34426735626264
"7033",2191,"J. K. MARTIN P/W CO.",3,8,6,4,363,"N","S",5,1,0,10,3,14.7116345002432,8.34426735626264
"7034",2191,"CROWN ZELLERBACH CORP.",1,8,6,4,363,"N","S",5,1,0,10,3,15.0094984788401,8.34426735626264
"7035",2192,"TULLOS LBR. CO.",2,8,6,4,722,"N","S",5,170,0,16,2,16.1021695004081,10.1194856356895
"7036",2192,"W. E. PARKS LBR. CO.",1,8,6,4,722,"N","S",5,170,0,16,2,16.2863811617204,10.1194856356895
"7037",2193,"ALMOND BROS LBR. CO.",1,8,6,4,818,"N","S",5,170,0,16,4,16.2773340804952,10.1164191387739
"7038",2193,"WOODARD-WALKER LBR. CO.",3,8,6,4,818,"N","S",5,170,0,16,4,15.978474553664,10.1164191387739
"7039",2193,"G. W. CONLAY TBR. CO.",2,8,6,4,818,"N","S",5,170,0,16,4,16.2680489627195,10.1164191387739
"7040",2193,"W. E. PARKS LBR. CO.",4,8,6,4,818,"N","S",5,170,0,16,4,15.9300681260467,10.1164191387739
"7041",2194,"FILES TIMBER COMPANY",2,8,6,4,378,"N","S",5,1,0,17,4,14.8646384415335,8.34426735626264
"7042",2194,"J. K. MARTIN P/W CO., INC",1,8,6,4,378,"N","S",5,1,0,17,4,14.9770131351806,8.34426735626264
"7043",2194,"CROWN ZELLERBACH CORP.",4,8,6,4,378,"N","S",5,1,0,17,4,14.7505327554104,8.34426735626264
"7044",2194,"INTERNATIONAL PAPER CO.",3,8,6,4,378,"N","S",5,1,0,17,4,14.7807742944344,8.34426735626264
"7045",2195,"CROWN ZELLERBACH CORP.",1,8,6,4,35,"N","S",5,170,0,13,4,15.0880806355385,10.1037718097043
"7046",2195,"W. E. PARKS LBR. CO.",2,8,6,4,35,"N","S",5,170,0,13,4,15.0569941528202,10.1037718097043
"7047",2195,"WILLAMETTE INDUSTRIES",3,8,6,4,35,"N","S",5,170,0,13,4,14.9777834825415,10.1037718097043
"7048",2195,"LOUSIANA-PACIFIC CORP.",4,8,6,4,35,"N","S",5,170,0,13,4,14.9663989911978,10.1037718097043
"7049",2196,"BODCAW COMPANY",1,8,6,4,7,"N","D",5,1,0,14,1,13.0008508960024,8.34426735626264
"7050",2197,"WILLAMETTE INDUSTRIES",2,8,6,4,1044,"N","S",6,1,0,18,4,17.3289631620735,8.34426735626264
"7051",2197,"W. E. PARKS LBR. CO.",3,8,6,4,1044,"N","S",6,1,0,18,4,17.2919659882838,8.34426735626264
"7052",2197,"LOUISIANA-PACIFIC CORP.",4,8,6,4,1044,"N","S",6,1,0,18,4,17.159904333423,8.34426735626264
"7053",2197,"CROWN ZELLERBACH CORP.",1,8,6,4,1044,"N","S",6,1,0,18,4,17.3581106222074,8.34426735626264
"7054",2198,"SKELLY OIL COMPANY",1,8,6,4,6,"N","D",5,1,0,13,1,13.0864460022175,8.34426735626264
"7055",2199,"LOUISIANA-PACIFIC CORP.",4,8,6,4,3459,"N","S",6,1,0,25,5,17.2344293504056,8.34426735626264
"7056",2199,"WILLAMETTE INDUSTRIES",2,8,6,4,3459,"N","S",6,1,0,25,5,17.4720588990318,8.34426735626264
"7057",2199,"MARTIN TIMBER CO.",3,8,6,4,3459,"N","S",6,1,0,25,5,17.3485266789973,8.34426735626264
"7058",2199,"PINEVILLE KRAFT CORP.",5,8,6,4,3459,"N","S",6,1,0,25,5,17.221357745836,8.34426735626264
"7059",2199,"CROWN ZELLERBACH CORP.",1,8,6,4,3459,"N","S",6,1,0,25,5,17.5371762461851,8.34426735626264
"7060",2200,"LEESVILLE LBR. CO., LTD.",1,8,6,5,1806,"N","S",5,1,0,33,2,16.2209482243564,8.34426735626264
"7061",2200,"MAYO ARNOLD",2,8,6,5,1806,"N","S",5,1,0,33,2,16.0495209420292,8.34426735626264
"7062",2201,"JOE D. HALL",2,8,6,5,3,"Y","S",5,1,0,18,2,13.047930737167,8.34426735626264
"7063",2201,"LEESVILLE LUMBER CO., LTD",1,8,6,5,3,"Y","S",5,1,0,18,2,13.1636684552211,8.34426735626264
"7064",2202,"RONNIE INGALLS",1,8,6,5,5,"Y","S",5,1,0,20,1,13.4784981754906,8.34426735626264
"7065",2203,"OWENS-ILLINOIS",2,8,6,5,2801,"N","S",6,1,0,29,3,17.1456754896125,8.34426735626264
"7066",2203,"COLFAX CRESOSOTING CO.",1,8,6,5,2801,"N","S",6,1,0,29,3,17.2231316632644,8.34426735626264
"7067",2203,"LEESVILLE LBR. CO.",3,8,6,5,2801,"N","S",6,1,0,29,3,17.0107411445541,8.34426735626264
"7068",2204,"LEESVILLE LBR. CO.",2,8,6,5,1657,"N","S",5,1,0,25,3,16.5516633559244,8.34426735626264
"7069",2204,"BOISE SOUTHERN COMPANY",1,8,6,5,1657,"N","S",5,1,0,25,3,16.6804675231163,8.34426735626264
"7070",2204,"VANCOUVER PLYWOOD CO.",3,8,6,5,1657,"N","S",5,1,0,25,3,16.3364736249256,8.34426735626264
"7071",2205,"RAY DANZY",2,8,6,5,1658,"N","S",6,1,0,28,2,16.5103194789753,8.34426735626264
"7072",2205,"LEESVILLE LBR. CO LTD.",1,8,6,5,1658,"N","S",6,1,0,28,2,16.3089164037101,8.34426735626264
"7073",2206,"LEESVILLE LBR. CO., LTD.",1,8,6,5,5,"Y","S",5,1,0,20,2,13.4291125125733,8.30375241556341
"7074",2206,"JOE D. HALL",2,8,6,5,5,"Y","S",5,1,0,20,2,13.340534587092,8.30375241556341
"7075",2207,"LEESVILLE LBR. CO., LTD.",1,8,6,5,5,"Y","S",5,1,0,20,1,13.1068435657463,8.30375241556341
"7076",2208,"LEESVILLE LBR. CO., LTD.",2,8,6,5,3,"Y","S",5,170,0,20,3,12.8226087237183,10.0230467875938
"7077",2208,"K. C. ROBINSON",1,8,6,5,3,"Y","S",5,170,0,20,3,13.3439056473516,10.0230467875938
"7078",2208,"JOE D. HALL",3,8,6,5,3,"Y","S",5,170,0,20,3,12.5467858764086,10.0230467875938
"7079",2209,"K. C. ROBINSON",2,8,6,5,1,"Y","S",5,1,0,20,3,12.6031896718317,8.30375241556341
"7080",2209,"JOE D. HALL",1,8,6,5,1,"Y","S",5,1,0,20,3,13.0022726811462,8.30375241556341
"7081",2209,"LEESVILLE LBR. CO., LTD.",3,8,6,5,1,"Y","S",5,1,0,20,3,12.4587749990859,8.30375241556341
"7082",2210,"LEESVILLE LUMBER CO., LTD",1,8,6,5,2,"Y","S",5,1,0,20,1,12.5496623499203,8.30375241556341
"7083",2211,"C. A. REED LBR. CO.",2,8,6,8,2917,"N","S",7,1,0,23,2,17.4277146971185,8.34426735626264
"7084",2211,"SANTIAM SOUTHERN CO.",1,8,6,8,2917,"N","S",7,1,0,23,2,17.7011379029389,8.34426735626264
"7085",2212,"WOODARD-WALKER LBR. CO.",4,8,6,8,1280,"N","S",5,170,0,19,4,14.8191144879421,10.1409284085512
"7086",2212,"SANTIAM SOUTHERN CO.",2,8,6,8,1280,"N","S",5,170,0,19,4,14.9607907604207,10.1409284085512
"7087",2212,"CONTINENTAL FOREST IND.",1,8,6,8,1280,"N","S",5,170,0,19,4,15.000281582449,10.1409284085512
"7088",2212,"C. A. REED LBR. CO.",3,8,6,8,1280,"N","S",5,170,0,19,4,14.8858687662044,10.1409284085512
"7089",2213,"SCOTCH PLYWOOD CO.",1,8,7,1,523,"N","S",6,1,20,17,2,16.9030227417929,8.36310917603352
"7090",2213,"HANKINS LUMBER CO.",2,8,7,1,523,"N","S",6,1,20,17,2,16.8774364353755,8.36310917603352
"7091",2214,"W N JONES",1,8,7,1,130,"N","S",5,1,0,7,1,12.8649181943931,8.36310917603352
"7092",2215,"INTERNATIONAL PAPER CO.",8,8,7,1,588,"N","S",6,1,37,11,9,17.3160052511556,8.36310917603352
"7093",2215,"WEYERHAEUSER CO.",2,8,7,1,588,"N","S",6,1,37,11,9,17.4929897756197,8.36310917603352
"7094",2215,"SCOTCH PLYWOOD CO.",9,8,7,1,588,"N","S",6,1,37,11,9,17.2997273816576,8.36310917603352
"7095",2215,"BAY SPRINGS FOREST PRODUC",4,8,7,1,588,"N","S",6,1,37,11,9,17.4361869179207,8.36310917603352
"7096",2215,"HANKINS LUMBER CO.",3,8,7,1,588,"N","S",6,1,37,11,9,17.4637999698216,8.36310917603352
"7097",2215,"MOLPUS LUMBER CO.",1,8,7,1,588,"N","S",6,1,37,11,9,17.5048118231034,8.36310917603352
"7098",2215,"SUMTER PLYWOOD",6,8,7,1,588,"N","S",6,1,37,11,9,17.3512354526249,8.36310917603352
"7099",2215,"JACK BATTE & SONS",5,8,7,1,588,"N","S",6,1,37,11,9,17.415503496296,8.36310917603352
"7100",2215,"W E PARKS LUMBER CO.",7,8,7,1,588,"N","S",6,1,37,11,9,17.3341827796473,8.36310917603352
"7101",2216,"JUNIOR HARRISON",1,8,7,1,15,"Y","S",5,1,0,35,1,13.9831413993482,8.36310917603352
"7102",2217,"JAMES CUSHMAN",1,8,7,1,15,"Y","S",5,1,0,31,4,14.06041560106,8.36310917603352
"7103",2217,"JUNIOR HARRISON",2,8,7,1,15,"Y","S",5,1,0,31,4,13.89015410096,8.36310917603352
"7104",2217,"W. E. WICKER",3,8,7,1,15,"Y","S",5,1,0,31,4,13.8690513248923,8.36310917603352
"7105",2217,"T. K. LONG",4,8,7,1,15,"Y","S",5,1,0,31,4,13.823825889568,8.36310917603352
"7106",2218,"W.E. WICKER",2,8,7,1,15,"Y","S",5,1,0,26,2,13.8761351797807,8.36310917603352
"7107",2218,"JUNIOR HARRISON",1,8,7,1,15,"Y","S",5,1,0,26,2,14.044636180956,8.36310917603352
"7108",2219,"JUNIOR HARRISON",1,8,7,1,15,"Y","S",5,1,0,22,1,13.9142240309003,8.36310917603352
"7109",2220,"MAPUS LUMBER",1,8,7,1,915,"N","S",6,1,14,7,1,17.4725148025356,8.36310917603352
"7110",2221,"D.T. STOGNER,JR.",1,8,7,1,3,"N","S",5,1,0,15,1,12.9600256079667,8.36310917603352
"7111",2223,"CENTRAL BY-PRODUCTS,LTD.",1,8,7,1,14,"N","D",5,1,0,5,1,13.1570913208576,8.36310917603352
"7112",2224,"W.C. WICKER",1,8,7,1,6,"N","S",5,1,0,13,1,12.8199060193704,8.36310917603352
"7113",2225,"BAY SPRINGS FOREST REED.",1,8,7,1,610,"N","S",6,1,6,12,1,16.4166750067523,8.36310917603352
"7114",2226,"MOLPUS LUMBER CO.",1,8,7,1,790,"N","S",6,1,13,16,1,17.5638513457726,8.36310917603352
"7115",2228,"WEYERHAEUSER",2,8,7,1,632,"N","S",6,1,12,16,4,17.1685095003533,8.36310917603352
"7116",2228,"HANKINS LUMBER CO.",1,8,7,1,632,"N","S",6,1,12,16,4,17.2627977945737,8.36310917603352
"7117",2228,"MOLPUS LUMBER CO.",3,8,7,1,632,"N","S",6,1,12,16,4,17.087206700726,8.36310917603352
"7118",2228,"BAY SPRINGS",4,8,7,1,632,"N","S",6,1,12,16,4,17.0669902528834,8.36310917603352
"7119",2229,"JACK BATTE & SONS, INC",1,8,7,1,15,"Y","S",5,1,0,19,1,13.1290211650684,8.36310917603352
"7120",2230,"BAY SPRINGS FOREST PRODUC",1,8,7,1,100,"N","S",5,1,0,16,1,15.5215015138912,8.27154837475551
"7121",2231,"WOOD TREATING INC,",5,8,7,2,129,"N","S",5,1,0,14,5,14.3837349000281,8.36310917603352
"7122",2231,"DAVIS TIMBER CO.",3,8,7,2,129,"N","S",5,1,0,14,5,14.5464832480642,8.36310917603352
"7123",2231,"INTERNATIONAL PAPER CO.",2,8,7,2,129,"N","S",5,1,0,14,5,14.5530946314193,8.36310917603352
"7124",2231,"MASONITE CORP.",1,8,7,2,129,"N","S",5,1,0,14,5,14.6190544512258,8.36310917603352
"7125",2231,"LEAF RIVER FOREST PRODUCT",4,8,7,2,129,"N","S",5,1,0,14,5,14.4525856755679,8.36310917603352
"7126",2232,"GULF LUMBER CO, INC",5,8,7,2,252,"N","S",5,1,0,25,5,15.6711475486677,8.36310917603352
"7127",2232,"SOUTHERN TIMBER CO., INC",1,8,7,2,252,"N","S",5,1,0,25,5,15.9422602137387,8.36310917603352
"7128",2232,"MASONITE CORP.",4,8,7,2,252,"N","S",5,1,0,25,5,15.7214498382842,8.36310917603352
"7129",2232,"DELTA INDUSTRIES, INC.",3,8,7,2,252,"N","S",5,1,0,25,5,15.7680021446251,8.36310917603352
"7130",2232,"INTERNATIONAL PAPER CO.",2,8,7,2,252,"N","S",5,1,0,25,5,15.841514666127,8.36310917603352
"7131",2233,"TIMCO, INC.",5,8,7,2,646,"N","S",5,1,0,26,6,16.4269374441442,8.36310917603352
"7132",2233,"INTERNATIONAL PAPER CO.",1,8,7,2,646,"N","S",5,1,0,26,6,16.6399242988262,8.36310917603352
"7133",2233,"CROWN ZELLERBACH CORP.",3,8,7,2,646,"N","S",5,1,0,26,6,16.470770766237,8.36310917603352
"7134",2233,"DELTA INDUSTRIES, INC.",2,8,7,2,646,"N","S",5,1,0,26,6,16.5551119441266,8.36310917603352
"7135",2233,"LEAF RIVER FOREST PRODUCT",4,8,7,2,646,"N","S",5,1,0,26,6,16.4600361237729,8.36310917603352
"7136",2233,"MASONITE CORP.",6,8,7,2,646,"N","S",5,1,0,26,6,16.3091555833622,8.36310917603352
"7137",2234,"PERCY C. O'NEAL, INC",1,8,7,2,276,"N","S",5,1,0,20,1,16.2281887502551,8.36310917603352
"7138",2235,"GULF LUMBER CO.",3,8,7,2,517,"N","S",6,1,0,10,4,16.8468033929426,8.27154837475551
"7139",2235,"PERCY O'NEAL",1,8,7,2,517,"N","S",6,1,0,10,4,16.992513836676,8.27154837475551
"7140",2235,"MASONITE CORP",4,8,7,2,517,"N","S",6,1,0,10,4,16.8377906976707,8.27154837475551
"7141",2235,"DAVIS TIMBER CO.",2,8,7,2,517,"N","S",6,1,0,10,4,16.9090498915212,8.27154837475551
"7142",2236,"W A GATES, JR.",3,8,7,2,493,"N","S",5,1,0,12,5,16.6690886550314,8.36310917603352
"7143",2236,"JOE N. MILES",1,8,7,2,493,"N","S",5,1,0,12,5,16.7202997719478,8.36310917603352
"7144",2236,"SOUTHERN TIMBER",4,8,7,2,493,"N","S",5,1,0,12,5,16.6369286102732,8.36310917603352
"7145",2236,"ARNOLD B. SMITH",5,8,7,2,493,"N","S",5,1,0,12,5,16.6171722241443,8.36310917603352
"7146",2236,"TIMCO",2,8,7,2,493,"N","S",5,1,0,12,5,16.7091549549307,8.36310917603352
"7147",2237,"MASONITE CORP",1,8,7,2,500,"N","S",5,1,0,20,7,16.5875731418175,8.36310917603352
"7148",2237,"DAVIS TIMBER CO.",7,8,7,2,500,"N","S",5,1,0,20,7,16.3261377471294,8.36310917603352
"7149",2237,"INTERNATIONAL PAPER",5,8,7,2,500,"N","S",5,1,0,20,7,16.5248879446326,8.36310917603352
"7150",2237,"CROWN ZELLERBACH",6,8,7,2,500,"N","S",5,1,0,20,7,16.4949561880681,8.36310917603352
"7151",2237,"TIMCO",4,8,7,2,500,"N","S",5,1,0,20,7,16.5337412944437,8.36310917603352
"7152",2237,"LEAF RIVER FOREST PRODUCT",3,8,7,2,500,"N","S",5,1,0,20,7,16.5417070480712,8.36310917603352
"7153",2237,"ARNOLD B SMITH",2,8,7,2,500,"N","S",5,1,0,20,7,16.5451341052959,8.36310917603352
"7154",2238,"T O KELLEY",1,8,7,3,5,"N","D",5,1,0,17,1,12.2307750141705,8.36310917603352
"7155",2239,"CONWAY POLE & PILING CO.",4,8,7,3,2868,"N","S",6,1,0,15,4,16.7797375100368,8.36310917603352
"7156",2239,"JIMMY L. MARTON LOGGING",1,8,7,3,2868,"N","S",6,1,0,15,4,16.8612939146808,8.36310917603352
"7157",2239,"WALLEY TIMBER CO.",3,8,7,3,2868,"N","S",6,1,0,15,4,16.7809500019446,8.36310917603352
"7158",2239,"GULF LBR. CO.",2,8,7,3,2868,"N","S",6,1,0,15,4,16.7975978608813,8.36310917603352
"7159",2240,"CONWAY POLE & PILING CO.",4,8,7,3,1780,"N","S",5,1,14,14,4,16.0882061780513,8.36310917603352
"7160",2240,"DAVIS TIMBER CO.",1,8,7,3,1780,"N","S",5,1,14,14,4,16.2951282458187,8.36310917603352
"7161",2240,"WALLEY TIMBER CO.",3,8,7,3,1780,"N","S",5,1,14,14,4,16.1628762637998,8.36310917603352
"7162",2240,"GULF LUMBER CO.",2,8,7,3,1780,"N","S",5,1,14,14,4,16.1958179763181,8.36310917603352
"7163",2241,"DELTA INDUSTRIES",1,8,7,3,680,"N","S",6,1,0,16,4,16.8537819748942,8.36310917603352
"7164",2241,"ALLEN TIMBER CO.",3,8,7,3,680,"N","S",6,1,0,16,4,16.7140321268602,8.36310917603352
"7165",2241,"WALLEY TIMBER CO.",2,8,7,3,680,"N","S",6,1,0,16,4,16.7748244601349,8.36310917603352
"7166",2241,"INTERNATIONAL PAPER CO.",4,8,7,3,680,"N","S",6,1,0,16,4,16.4474526340939,8.36310917603352
"7167",2242,"CONWAY POLE & PILING CO.",2,8,7,3,1542,"N","S",6,1,13,9,2,16.9594998923274,8.36310917603352
"7168",2242,"GULF LBR. CO., INC.",1,8,7,3,1542,"N","S",6,1,13,9,2,16.9718622581021,8.36310917603352
"7169",2243,"CONTAINER CORP. OF AMERIC",2,8,7,3,72,"N","S",5,1,0,8,2,13.349658299841,8.36310917603352
"7170",2243,"MAGNOLIA WOOD, INC",1,8,7,3,72,"N","S",5,1,0,8,2,13.607871193186,8.36310917603352
"7171",2244,"INTERNATIONAL PAPER",1,8,7,3,920,"N","S",5,1,8,15,1,16.2672038674806,8.36310917603352
"7172",2245,"HERCULES, INC.",1,8,7,3,9600,"N","S",1,1,0,26,1,12.5245263766487,7.35627987655075
"7173",2246,"GEORGIA-PACIFIC",1,8,7,4,694,"N","S",6,1,22,17,4,17.0596680901651,8.36310917603352
"7174",2246,"W. L. BYRD LUMBER CO.",4,8,7,4,694,"N","S",6,1,22,17,4,16.6344762969787,8.36310917603352
"7175",2246,"COLUMBUS LUMBER CO.",2,8,7,4,694,"N","S",6,1,22,17,4,17.0051126579525,8.36310917603352
"7176",2246,"MASONITE",3,8,7,4,694,"N","S",6,1,22,17,4,16.7890326513912,8.36310917603352
"7177",2247,"PETE FELLS",2,8,7,4,9800,"Y","S",5,170,0,34,2,13.4397984080055,9.22601685136119
"7178",2247,"JOHN COLEMAN",1,8,7,4,9800,"Y","S",5,170,0,34,2,13.7156902226821,9.22601685136119
"7179",2248,"WILLIE BYRD",2,8,7,4,8082,"Y","S",5,170,0,18,2,12.9927101691775,9.22601685136119
"7180",2248,"PRENTISS BUIE",1,8,7,4,8082,"Y","S",5,170,0,18,2,13.0553685085801,9.22601685136119
"7181",2249,"SYLVESTER WELLS",1,8,7,4,6248,"Y","S",5,170,0,18,1,13.1829879992208,9.22601685136119
"7182",2250,"SYLVESTER WELLS",1,8,7,4,9813,"Y","S",5,170,0,20,2,13.0058295611484,9.22601685136119
"7183",2250,"L L OGLESBY, JR",2,8,7,4,9813,"Y","S",5,170,0,20,2,12.9251312078746,9.22601685136119
"7184",2251,"LOUIS HUTTO",1,8,7,4,25461,"Y","S",5,170,0,18,1,14.4340688815331,9.22601685136119
"7185",2252,"LEONARD MOORE",1,8,7,4,10153,"Y","S",5,170,0,24,1,12.8152945911524,9.22601685136119
"7186",2253,"JOHN COLEMAN",1,8,7,4,10635,"Y","S",5,170,0,20,1,13.7163805920571,9.22601685136119
"7187",2254,"JAMES O'QUINN",1,8,7,4,11779,"Y","S",5,170,0,16,1,13.6411571708195,9.22601685136119
"7188",2255,"GEORGIA-PACIFIC CORP.",3,8,7,4,378,"N","S",6,1,0,18,3,17.0234750703844,8.36310917603352
"7189",2255,"COLUMBUS LUMBER CO.",2,8,7,4,378,"N","S",6,1,0,18,3,17.0237708771996,8.36310917603352
"7190",2255,"MASONITE CORP.",1,8,7,4,378,"N","S",6,1,0,18,3,17.0660456571488,8.36310917603352
"7191",2256,"W.E. PARKS LBR. CO.",2,8,7,4,660,"N","S",6,1,0,25,9,17.8050931290807,8.36310917603352
"7192",2256,"MASONITE CORP.",6,8,7,4,660,"N","S",6,1,0,25,9,17.6898416857743,8.36310917603352
"7193",2256,"FRANKLIN CO. LBR. CO.",5,8,7,4,660,"N","S",6,1,0,25,9,17.7311854869947,8.36310917603352
"7194",2256,"COLUMBUS LBR. CO.",7,8,7,4,660,"N","S",6,1,0,25,9,17.6004540213181,8.36310917603352
"7195",2256,"RODNEY MARSHALL",3,8,7,4,660,"N","S",6,1,0,25,9,17.7754649017336,8.36310917603352
"7196",2256,"FLECT LOFTON",8,8,7,4,660,"N","S",6,1,0,25,9,17.4152554736848,8.36310917603352
"7197",2256,"SMITH BROS. LBR.CO.",4,8,7,4,660,"N","S",6,1,0,25,9,17.7417246716029,8.36310917603352
"7198",2256,"ROGERS LUMBER CORP.",1,8,7,4,660,"N","S",6,1,0,25,9,17.8175521309154,8.36310917603352
"7199",2256,"BAILEY DUNAWAY",9,8,7,4,660,"N","S",6,1,0,25,9,17.2909192778663,8.36310917603352
"7200",2257,"FRANKLIN CO. LUMBER CO.",4,8,7,4,473,"N","S",6,1,0,19,4,17.536376544608,8.36310917603352
"7201",2257,"COLUMBUS LUMBER CO.",2,8,7,4,473,"N","S",6,1,0,19,4,17.6897204542996,8.36310917603352
"7202",2257,"W E PARKS LUMBER CO.",1,8,7,4,473,"N","S",6,1,0,19,4,17.798064717782,8.36310917603352
"7203",2257,"FLEET LOFTON",3,8,7,4,473,"N","S",6,1,0,19,4,17.6013294094411,8.36310917603352
"7204",2258,"PETE FELLS",1,8,7,4,9800,"Y","S",5,170,0,34,2,14.2945358691805,9.3142498353667
"7205",2258,"JOHN H COLEMAN",2,8,7,4,9800,"Y","S",5,170,0,34,2,14.1384994442482,9.3142498353667
"7206",2259,"CHARLES CHAPMAN",2,8,7,4,8082,"Y","S",5,170,0,18,3,12.8376768139323,9.3142498353667
"7207",2259,"PRENTISS BUIE",3,8,7,4,8082,"Y","S",5,170,0,18,3,12.8298697479553,9.3142498353667
"7208",2259,"WILLIE BURD",1,8,7,4,8082,"Y","S",5,170,0,18,3,12.9683376897652,9.3142498353667
"7209",2260,"CHARLES CHAPMAN",2,8,7,4,6248,"Y","S",5,170,0,18,3,13.1253588863841,9.3142498353667
"7210",2260,"JOHN H COLEMAN",1,8,7,4,6248,"Y","S",5,170,0,18,3,13.222208712374,9.3142498353667
"7211",2260,"SYLVESTER WELLS",3,8,7,4,6248,"Y","S",5,170,0,18,3,13.0919041699196,9.3142498353667
"7212",2261,"JAMES O'QUINN",2,8,7,4,9813,"Y","S",5,170,0,20,4,13.905122716654,9.3142498353667
"7213",2261,"WILLIAM FOREMAN",4,8,7,4,9813,"Y","S",5,170,0,20,4,13.7355199322678,9.3142498353667
"7214",2261,"JOHN H COLEMAN",1,8,7,4,9813,"Y","S",5,170,0,20,4,14.1170030756895,9.3142498353667
"7215",2261,"SYLVESTER WELLS",3,8,7,4,9813,"Y","S",5,170,0,20,4,13.8217411077149,9.3142498353667
"7216",2262,"R B RATCLIFF",3,8,7,4,25461,"Y","S",5,170,0,18,3,14.5333503511146,9.3142498353667
"7217",2262,"WILLIAM FOREMAN",2,8,7,4,25461,"Y","S",5,170,0,18,3,14.5621985054522,9.3142498353667
"7218",2262,"LOUIS HUTTO",1,8,7,4,25461,"Y","S",5,170,0,18,3,14.9660825855631,9.3142498353667
"7219",2263,"PRENTISS BUIE",2,8,7,4,10153,"Y","S",5,170,0,24,2,13.4545406897427,9.3142498353667
"7220",2263,"LEONARD MOORE",1,8,7,4,10153,"Y","S",5,170,0,24,2,13.6155340659316,9.3142498353667
"7221",2264,"JOHN H COLEMAN",1,8,7,4,10635,"Y","S",5,170,0,20,2,13.7805308390682,9.3142498353667
"7222",2264,"PETE FELLS",2,8,7,4,10635,"Y","S",5,170,0,20,2,13.2401464130607,9.3142498353667
"7223",2265,"WILLIAM FOREMAN",2,8,7,4,11779,"Y","S",5,170,0,16,2,14.2142866779216,9.3142498353667
"7224",2265,"JAMES O'QUINN",1,8,7,4,11779,"Y","S",5,170,0,16,2,14.4626138000228,9.3142498353667
"7225",2266,"W E PARKS LUMBER CO.",3,8,7,4,323,"N","S",5,1,13,24,6,16.7264613301434,8.27154837475551
"7226",2266,"COLUMBUS LUMBER CO.",6,8,7,4,323,"N","S",5,1,13,24,6,16.5096125332705,8.27154837475551
"7227",2266,"FRANKLIN CO. LUMBER CO.",1,8,7,4,323,"N","S",5,1,13,24,6,16.8076887733289,8.27154837475551
"7228",2266,"ROGERS LUMBER CO.",5,8,7,4,323,"N","S",5,1,13,24,6,16.6921768232043,8.27154837475551
"7229",2266,"SMITH BROS. LUMBER CO.",2,8,7,4,323,"N","S",5,1,13,24,6,16.746169447367,8.27154837475551
"7230",2266,"PRENTISS LUMBER CO.",4,8,7,4,323,"N","S",5,1,13,24,6,16.695197659901,8.27154837475551
"7231",2267,"ROGERS LUMBER CO.",3,8,7,4,231,"N","S",6,1,0,21,6,17.6121884560723,8.36310917603352
"7232",2267,"HART LUMBER CO.",5,8,7,4,231,"N","S",6,1,0,21,6,17.4571203488611,8.36310917603352
"7233",2267,"W L BYRD",2,8,7,4,231,"N","S",6,1,0,21,6,17.6259370438937,8.36310917603352
"7234",2267,"COLUMBUS LUMBER CO.",4,8,7,4,231,"N","S",6,1,0,21,6,17.5369111455817,8.36310917603352
"7235",2267,"FLEET LOFTON",1,8,7,4,231,"N","S",6,1,0,21,6,17.686133360075,8.36310917603352
"7236",2267,"W E PARKS LUMBER CO.",6,8,7,4,231,"N","S",6,1,0,21,6,17.39249220258,8.36310917603352
"7237",2268,"MASONITE CORP",3,8,7,4,383,"N","S",5,1,0,26,3,16.2316899259932,8.36310917603352
"7238",2268,"COLUMBUS LUMBER CO.",2,8,7,4,383,"N","S",5,1,0,26,3,16.5265971445787,8.36310917603352
"7239",2268,"PRENTISS LUMBER CO.",1,8,7,4,383,"N","S",5,1,0,26,3,16.628123456552,8.36310917603352
"7240",2269,"MASONITE CORP",2,8,7,5,1033,"N","S",6,1,0,30,4,17.2883898235877,8.36310917603352
"7241",2269,"ALLEN TIMBER CO.",1,8,7,5,1033,"N","S",6,1,0,30,4,17.3424217838578,8.36310917603352
"7242",2269,"INTERNATIONAL PAPER CO.",4,8,7,5,1033,"N","S",6,1,0,30,4,17.1474899356562,8.36310917603352
"7243",2269,"BELTA INDUSTRIES",3,8,7,5,1033,"N","S",6,1,0,30,4,17.249698161723,8.36310917603352
"7244",2270,"ALLEN TIMBER CO.",1,8,7,5,876,"N","S",6,1,2,31,6,17.2794661269098,8.36310917603352
"7245",2270,"LEAF RIVER FOREST PRODUCT",6,8,7,5,876,"N","S",6,1,2,31,6,16.8535296087204,8.36310917603352
"7246",2270,"GULF LUMBER CO.",5,8,7,5,876,"N","S",6,1,2,31,6,16.9523990188733,8.36310917603352
"7247",2270,"MASONITE CORP.",3,8,7,5,876,"N","S",6,1,2,31,6,17.1175533127296,8.36310917603352
"7248",2270,"DELTA INDUSTRIES",2,8,7,5,876,"N","S",6,1,2,31,6,17.1502982289051,8.36310917603352
"7249",2270,"INTERNATIONAL PAPER CO.",4,8,7,5,876,"N","S",6,1,2,31,6,17.1047968304168,8.36310917603352
"7250",2271,"WALLEY TIMBER CO.",2,8,7,5,897,"N","S",6,1,14,34,4,17.2220428503169,8.36310917603352
"7251",2271,"SCOTT PAPER CO.",4,8,7,5,897,"N","S",6,1,14,34,4,17.0418890076245,8.36310917603352
"7252",2271,"GULF LUMBER CO., INC.",1,8,7,5,897,"N","S",6,1,14,34,4,17.2694251447717,8.36310917603352
"7253",2271,"WAYNE ALLEN TIMBER CO.",3,8,7,5,897,"N","S",6,1,14,34,4,17.1388649496878,8.36310917603352
"7254",2272,"COLON F BAZOR",3,8,7,5,998,"N","S",6,1,2,19,3,17.0558302899427,8.36310917603352
"7255",2272,"WAYNE ALLEN TIMBER CO.",2,8,7,5,998,"N","S",6,1,2,19,3,17.2403164851536,8.36310917603352
"7256",2272,"WALLEY TIMBER CO.",1,8,7,5,998,"N","S",6,1,2,19,3,17.2467364697163,8.36310917603352
"7257",2273,"WAYNE ALLEN TMBR. CO.",2,8,7,5,548,"N","S",5,1,0,25,4,15.6513033399064,8.36310917603352
"7258",2273,"SCOTT PAPER CO.",4,8,7,5,548,"N","S",5,1,0,25,4,15.5573880171761,8.36310917603352
"7259",2273,"WALLEY TMBR. CO.",3,8,7,5,548,"N","S",5,1,0,25,4,15.6375292313444,8.36310917603352
"7260",2273,"GULF LUMBER CO., INC.",1,8,7,5,548,"N","S",5,1,0,25,4,15.7628228663917,8.36310917603352
"7261",2274,"INTERNATIONAL PAPER CO.",1,8,7,5,1020,"N","S",6,1,6,34,5,17.5338164511912,8.36310917603352
"7262",2274,"DELTA INDUSTRIES",2,8,7,5,1020,"N","S",6,1,6,34,5,17.4651367603956,8.36310917603352
"7263",2274,"MASONITE CORP",5,8,7,5,1020,"N","S",6,1,6,34,5,17.29378301747,8.36310917603352
"7264",2274,"ALLEN TIMBER CO.",3,8,7,5,1020,"N","S",6,1,6,34,5,17.4149681321594,8.36310917603352
"7265",2274,"LEAF RIVER FOREST PROD.",4,8,7,5,1020,"N","S",6,1,6,34,5,17.3553662877582,8.36310917603352
"7266",2275,"LEAF RIVER FOREST PRODUCT",1,8,7,5,995,"N","S",6,1,8,14,1,16.8649229726195,8.36310917603352
"7267",2276,"WALLEY TIMBER CO.",1,8,7,5,2004,"N","S",6,1,35,34,2,17.1220952365287,8.36310917603352
"7268",2276,"WAYNE ALLEN TBR. CO.",2,8,7,5,2004,"N","S",6,1,35,34,2,17.3223977010769,8.36310917603352
"7269",2277,"DELTA INDUSTRIES",5,8,7,5,459,"N","S",6,1,0,29,5,17.259431005964,8.36310917603352
"7270",2277,"ALLEN TIMBER CO.",3,8,7,5,459,"N","S",6,1,0,29,5,17.2880186339965,8.36310917603352
"7271",2277,"INTERNATIONAL PAPER CO.",1,8,7,5,459,"N","S",6,1,0,29,5,17.3527187975016,8.36310917603352
"7272",2277,"MASONITE CORP.",2,8,7,5,459,"N","S",6,1,0,29,5,17.3503367650042,8.36310917603352
"7273",2277,"LEAF RIVER FOREST PRODUCT",4,8,7,5,459,"N","S",6,1,0,29,5,17.2772334192735,8.36310917603352
"7274",2278,"SCOTCH PLYWOOD",5,8,7,5,2449,"N","S",7,1,57,26,8,17.8984040562965,8.27154837475551
"7275",2278,"ALLEN TIMBER CO.",2,8,7,5,2449,"N","S",7,1,57,26,8,18.0282435577352,8.27154837475551
"7276",2278,"SOUTHERN WOODLANDS, MASON",3,8,7,5,2449,"N","S",7,1,57,26,8,17.9590185480176,8.27154837475551
"7277",2278,"DELTA INDUSTRIES",6,8,7,5,2449,"N","S",7,1,57,26,8,17.815135877411,8.27154837475551
"7278",2278,"INTERNATIONAL PAPER CO.",4,8,7,5,2449,"N","S",7,1,57,26,8,17.935104683342,8.27154837475551
"7279",2278,"LEAF RIVER FOREST PRODUCT",1,8,7,5,2449,"N","S",7,1,57,26,8,18.0489656910449,8.27154837475551
"7280",2278,"GULF LUMBER CO.",7,8,7,5,2449,"N","S",7,1,57,26,8,17.7583060947861,8.27154837475551
"7281",2278,"SCOTT PAPER CO.",8,8,7,5,2449,"N","S",7,1,57,26,8,17.6523163608855,8.27154837475551
"7282",2279,"WAYNE ALLEN",2,8,7,5,1052,"N","S",5,1,5,12,4,16.5977462853557,8.36310917603352
"7283",2279,"GULF LUMBER CO.",1,8,7,5,1052,"N","S",5,1,5,12,4,16.6476366052452,8.36310917603352
"7284",2279,"GORMAN LUMBER CO.",4,8,7,5,1052,"N","S",5,1,5,12,4,16.5224308542978,8.36310917603352
"7285",2279,"DAVIS TIMBER CO.",3,8,7,5,1052,"N","S",5,1,5,12,4,16.5317340002796,8.36310917603352
"7286",2280,"BELLGRADE LBR. CO.",1,8,7,6,214,"N","S",5,4,0,26,2,15.8773480536957,10.0345158149425
"7287",2280,"HOUSTON BROS., INC.",2,8,7,6,214,"N","S",5,4,0,26,2,15.6651481356936,10.0345158149425
"7288",2281,"BELLGRADE LUMBER",1,8,7,6,1075,"N","S",6,4,0,18,1,16.558503102264,10.0721749180543
"7289",2282,"HANKINS LUMBER",2,8,7,7,863,"N","S",5,1,0,41,3,16.2129968380456,8.1318247850072
"7290",2282,"ROBERT FRYAR",1,8,7,7,863,"N","S",5,1,0,41,3,16.2791722908563,8.1318247850072
"7291",2282,"ROLISON SAWMILL",3,8,7,7,863,"N","S",5,1,0,41,3,16.1684138851291,8.1318247850072
"7292",2283,"MCELWAIN INCORPORATED",1,8,7,7,999,"N","S",5,1,0,22,2,15.7987403010037,8.1318247850072
"7293",2283,"PEELER LUMBER CO.",2,8,7,7,999,"N","S",5,1,0,22,2,15.7091056878415,8.1318247850072
"7294",2284,"ROLISON SAWMILL",1,8,7,7,1031,"N","S",5,1,0,24,2,16.0852168175073,8.1318247850072
"7295",2284,"ROBERT FRYAR",2,8,7,7,1031,"N","S",5,1,0,24,2,15.9025977966697,8.1318247850072
"7296",2285,"PEELER AND SIMPSON",1,8,7,7,700,"N","S",5,1,0,12,1,12.944001968862,8.1318247850072
"7297",2286,"ROLISON SAWMILL, INC.",2,8,7,7,996,"N","S",5,1,0,31,2,15.2883476862934,8.1318247850072
"7298",2286,"ROBERT FRYAR",1,8,7,7,996,"N","S",5,1,0,31,2,15.6961047408928,8.1318247850072
"7299",2287,"ROBERT FRYOR",1,8,7,7,981,"N","S",5,1,0,16,1,15.8369256621218,8.1318247850072
"7300",2288,"HANKINS LUMBER CO.",1,8,7,7,204,"N","S",5,1,0,44,3,16.2580019307424,8.10198073185319
"7301",2288,"ROBERT FRYAR",3,8,7,7,204,"N","S",5,1,0,44,3,16.2149954756983,8.10198073185319
"7302",2288,"ROLISON SAWMILL",2,8,7,7,204,"N","S",5,1,0,44,3,16.2519937388419,8.10198073185319
"7303",2289,"AARON SHELL",1,8,7,8,21476,"Y","S",5,170,0,14,1,14.018451401961,9.22601685136119
"7304",2290,"AARON SHELL",1,8,7,8,13285,"Y","S",5,170,0,10,1,14.4239165100691,9.22601685136119
"7305",2291,"BUFFALO WOOD, INC",3,8,7,8,24274,"Y","S",5,170,0,15,3,14.3484889863714,9.22601685136119
"7306",2291,"GEORGE WHITE",1,8,7,8,24274,"Y","S",5,170,0,15,3,14.491765870854,9.22601685136119
"7307",2291,"WILLIAM FOREMAN",2,8,7,8,24274,"Y","S",5,170,0,15,3,14.4074552330151,9.22601685136119
"7308",2292,"BUFFALO WOOD",4,8,7,8,14474,"Y","S",5,170,0,12,4,14.5026396661987,9.22601685136119
"7309",2292,"JIMMY WHITE",1,8,7,8,14474,"Y","S",5,170,0,12,4,14.8325511929386,9.22601685136119
"7310",2292,"GEORGE WHITE",3,8,7,8,14474,"Y","S",5,170,0,12,4,14.5244080486155,9.22601685136119
"7311",2292,"WILLIAM FOREMAN",2,8,7,8,14474,"Y","S",5,170,0,12,4,14.5780671898964,9.22601685136119
"7312",2293,"JIMMY WHITE",1,8,7,8,10713,"Y","S",5,170,0,11,4,14.8262019652599,9.22601685136119
"7313",2293,"WILLIAM FOREMAN",2,8,7,8,10713,"Y","S",5,170,0,11,4,14.5616059128423,9.22601685136119
"7314",2293,"GEORGE WHITE",3,8,7,8,10713,"Y","S",5,170,0,11,4,14.5244080486155,9.22601685136119
"7315",2293,"BUFFALO WOOD",4,8,7,8,10713,"Y","S",5,170,0,11,4,14.5026396661987,9.22601685136119
"7316",2294,"AARON SHELL",1,8,7,8,13022,"Y","S",5,170,0,10,1,14.4239165100691,9.22601685136119
"7317",2295,"GEORGIA-PACIFIC CORP",1,8,7,8,364,"N","S",5,1,200,18,3,16.7725020032018,8.36310917603352
"7318",2295,"COLUMBUS LUMBER CO.",2,8,7,8,364,"N","S",5,1,200,18,3,16.5013062202906,8.36310917603352
"7319",2295,"MASONITE CORP",3,8,7,8,364,"N","S",5,1,200,18,3,16.3384368794311,8.36310917603352
"7320",2296,"SMITH BROS LUMBER CO.",1,8,7,8,492,"N","S",6,1,13,22,3,17.5399375450498,8.36310917603352
"7321",2296,"BISON SAW, INC.",3,8,7,8,492,"N","S",6,1,13,22,3,17.1559461000627,8.36310917603352
"7322",2296,"COLUMBUS LUMBER CO.",2,8,7,8,492,"N","S",6,1,13,22,3,17.3784768412569,8.36310917603352
"7323",2297,"MASONITE CORP.",6,8,7,8,322,"N","S",6,1,0,18,7,16.985135212416,8.36310917603352
"7324",2297,"ROGERS LUMBER CO.",4,8,7,8,322,"N","S",6,1,0,18,7,17.0060774391922,8.36310917603352
"7325",2297,"COLUMBUS LUMBER CO.",7,8,7,8,322,"N","S",6,1,0,18,7,16.8674756115358,8.36310917603352
"7326",2297,"W E PARKS LUMBER CO.",1,8,7,8,322,"N","S",6,1,0,18,7,17.1786706752546,8.36310917603352
"7327",2297,"FRANKLIN COUNTY LUMBER CO",2,8,7,8,322,"N","S",6,1,0,18,7,17.139685704618,8.36310917603352
"7328",2297,"DICKSON TREATING CO.",5,8,7,8,322,"N","S",6,1,0,18,7,17.0032899414295,8.36310917603352
"7329",2297,"BISCON SAW INC.",3,8,7,8,322,"N","S",6,1,0,18,7,17.0154203798685,8.36310917603352
"7330",2298,"MASONITE CORP",1,8,7,8,12,"N","S",5,1,0,20,2,13.6209872617979,8.36310917603352
"7331",2298,"BISON SAW, INC",2,8,7,8,12,"N","S",5,1,0,20,2,13.3878259141885,8.36310917603352
"7332",2299,"FRANKLIN COUNTY LUMBER CO",4,8,7,8,378,"N","S",6,1,12,13,5,17.1288443450571,8.36310917603352
"7333",2299,"GEORGIA - PACIFIC CORP.",5,8,7,8,378,"N","S",6,1,12,13,5,17.1258345692769,8.36310917603352
"7334",2299,"MASONITE CORP.",1,8,7,8,378,"N","S",6,1,12,13,5,17.3934665518968,8.36310917603352
"7335",2299,"W.E. PARKS LBR. CO., INC.",2,8,7,8,378,"N","S",6,1,12,13,5,17.3604048833419,8.36310917603352
"7336",2299,"DICKSON TREATING CO.",3,8,7,8,378,"N","S",6,1,12,13,5,17.2687067917163,8.36310917603352
"7337",2300,"COLUMBUS LUMBER CO.",4,8,7,8,141,"N","S",5,1,0,18,5,17.0073059967787,8.36310917603352
"7338",2300,"W. E. PARKS LUMBER CO., I",2,8,7,8,141,"N","S",5,1,0,18,5,17.097165857755,8.36310917603352
"7339",2300,"SAM MABRY LUMBER CO.",5,8,7,8,141,"N","S",5,1,0,18,5,16.9492137361599,8.36310917603352
"7340",2300,"FRANKLIN COUNTY LBR. CO.,",3,8,7,8,141,"N","S",5,1,0,18,5,17.0427027458236,8.36310917603352
"7341",2300,"DICKSON TREATING CO.",1,8,7,8,141,"N","S",5,1,0,18,5,17.1403461269171,8.36310917603352
"7342",2301,"FRANKLIN CO. LBR. CO., IN",1,8,7,8,190,"N","S",5,1,0,6,4,16.559622899433,8.36310917603352
"7343",2301,"SAM MABRY LBR. CO.",3,8,7,8,190,"N","S",5,1,0,6,4,16.3805648329987,8.36310917603352
"7344",2301,"W.E. PARKS LBR. CO. INC.",2,8,7,8,190,"N","S",5,1,0,6,4,16.5046981058562,8.36310917603352
"7345",2301,"COLUMBUS LBR. CO.",4,8,7,8,190,"N","S",5,1,0,6,4,16.2078445774377,8.36310917603352
"7346",2302,"AARON SHELL",1,8,7,8,21476,"Y","S",5,170,0,12,1,14.018451401961,9.31415970061518
"7347",2303,"AARON SHELL",1,8,7,8,13285,"Y","S",5,170,0,10,1,14.4239165100691,9.31415970061518
"7348",2304,"GEORGE WHITE",1,8,7,8,24274,"Y","S",5,170,0,18,2,14.9436816488739,9.31415970061518
"7349",2304,"WILLIAM FOREMAN",2,8,7,8,24274,"Y","S",5,170,0,18,2,14.6688614900646,9.31415970061518
"7350",2305,"GEORGE WHITE",1,8,7,8,14474,"Y","S",5,170,0,13,2,15.0880761537558,9.31415970061518
"7351",2305,"WILLIAM FOREMAN",2,8,7,8,14474,"Y","S",5,170,0,13,2,14.920353396383,9.31415970061518
"7352",2306,"GEORGE WHITE",2,8,7,8,10713,"Y","S",5,170,0,11,3,15.0782238573128,9.31415970061518
"7353",2306,"JIMMY WHITE",3,8,7,8,10713,"Y","S",5,170,0,11,3,14.8637063607184,9.31415970061518
"7354",2306,"WILLIAM FOREMAN",1,8,7,8,10713,"Y","S",5,170,0,11,3,15.1098952011505,9.31415970061518
"7355",2307,"AARON SHELL",1,8,7,8,13022,"Y","S",5,170,0,12,1,14.5751474797931,9.31415970061518
"7356",2309,"SMITH BROS. LUMBER",1,8,7,8,3,"N","S",5,1,0,10,1,12.6922079567031,8.27154837475551
"7357",2310,"COLUMBUS LUMBER CO.",2,8,7,8,401,"N","S",6,1,0,15,2,17.0541059086366,8.36310917603352
"7358",2310,"DICKSON TREATING CO.",1,8,7,8,401,"N","S",6,1,0,15,2,17.4500882494164,8.36310917603352
"7359",2311,"COLUMBUS LUMBER CO.",1,8,7,8,550,"N","S",5,1,12,16,1,16.6315320835949,8.27154837475551
"7360",2312,"ALLEN TIMBER CO.",3,8,7,10,803,"N","S",6,1,0,18,5,16.7004538863392,8.36310917603352
"7361",2312,"LIB VANDERFORD",4,8,7,10,803,"N","S",6,1,0,18,5,16.584056494146,8.36310917603352
"7362",2312,"GEORGIA-PACIFIC",2,8,7,10,803,"N","S",6,1,0,18,5,16.803347696802,8.36310917603352
"7363",2312,"WEYERHAEUSER",1,8,7,10,803,"N","S",6,1,0,18,5,16.8618922661726,8.36310917603352
"7364",2312,"SCOTCH PLYWOOD CO.",5,8,7,10,803,"N","S",6,1,0,18,5,16.3613660907159,8.36310917603352
"7365",2313,"TREELAND PRODUCTS, INC.",1,8,7,10,8,"Y","S",5,1,0,13,4,13.5069452745961,8.36310917603352
"7366",2313,"W. E. WICKER",4,8,7,10,8,"Y","S",5,1,0,13,4,13.2941294202588,8.36310917603352
"7367",2313,"KENNETH PUCKETT",2,8,7,10,8,"Y","S",5,1,0,13,4,13.3411775705573,8.36310917603352
"7368",2313,"BAY SPRINGS FOREST PROD.",3,8,7,10,8,"Y","S",5,1,0,13,4,13.3053896858025,8.36310917603352
"7369",2314,"TREELAND PRODUCTS, INC.",1,8,7,10,21120,"Y","S",5,1,0,10,3,14.0386541092785,8.36310917603352
"7370",2314,"PRENTISS W. MOORE",3,8,7,10,21120,"Y","S",5,1,0,10,3,13.818206919512,8.36310917603352
"7371",2314,"A.W. ARENDER, JR.",2,8,7,10,21120,"Y","S",5,1,0,10,3,13.9130908863031,8.36310917603352
"7372",2315,"TREELAND PRODUCTS, INC.",4,8,7,10,1253,"N","S",6,1,12,11,4,17.2397654600844,8.36310917603352
"7373",2315,"T H LUCKEY LUMBER CO.",1,8,7,10,1253,"N","S",6,1,12,11,4,17.3561150944342,8.36310917603352
"7374",2315,"LIB VANDERFORD",2,8,7,10,1253,"N","S",6,1,12,11,4,17.33588348677,8.36310917603352
"7375",2315,"BAY SPRINGS FOREST PRODUC",3,8,7,10,1253,"N","S",6,1,12,11,4,17.2754558210747,8.36310917603352
"7376",2316,"WAYNE ALLEN TIMBER CO.",3,8,7,10,1163,"N","S",6,1,25,10,7,16.9576069748001,8.36310917603352
"7377",2316,"LEAF RIVER FOREST PROD.",5,8,7,10,1163,"N","S",6,1,25,10,7,16.9141762892524,8.36310917603352
"7378",2316,"LIB VANDERFORD",1,8,7,10,1163,"N","S",6,1,25,10,7,17.0196342634231,8.36310917603352
"7379",2316,"MOLPUS LBR. CO.",7,8,7,10,1163,"N","S",6,1,25,10,7,16.7276581584848,8.36310917603352
"7380",2316,"JACK BATTE & SONS",6,8,7,10,1163,"N","S",6,1,25,10,7,16.8740546596541,8.36310917603352
"7381",2316,"ALLEN TIMBER CO.",4,8,7,10,1163,"N","S",6,1,25,10,7,16.9226187632281,8.36310917603352
"7382",2316,"WEYERHAEUSER CO.",2,8,7,10,1163,"N","S",6,1,25,10,7,16.9781353454373,8.36310917603352
"7383",2317,"ALBERT HARRISON",2,8,7,10,30,"Y","S",5,4,0,17,3,14.1273460732903,9.89570736521717
"7384",2317,"BAY SPRINGS FOREST PRODUC",3,8,7,10,30,"Y","S",5,4,0,17,3,13.9848355237624,9.89570736521717
"7385",2317,"LIB VANDERFORD",1,8,7,10,30,"Y","S",5,4,0,17,3,14.1810761625931,9.89570736521717
"7386",2318,"MOLOUR LUMBER CO.",3,8,7,10,1320,"N","S",6,1,16,14,4,17.5995774116181,8.36310917603352
"7387",2318,"BAY SPRINGS FOREST PRODUC",1,8,7,10,1320,"N","S",6,1,16,14,4,17.6369659796796,8.36310917603352
"7388",2318,"LIBR VANDERFORD",4,8,7,10,1320,"N","S",6,1,16,14,4,17.553886426794,8.36310917603352
"7389",2318,"T.H. LUCKY LUMBER CO.",2,8,7,10,1320,"N","S",6,1,16,14,4,17.6346625065078,8.36310917603352
"7390",2319,"BILLIE B. HARRIS",1,8,7,10,25000,"Y","S",5,1,0,10,1,13.6291809797728,8.36310917603352
"7391",2320,"BILLIE B. HARRIS",1,8,7,10,15000,"Y","S",5,1,0,10,3,13.6834067173309,8.36310917603352
"7392",2320,"W.L. WICKER",2,8,7,10,15000,"Y","S",5,1,0,10,3,13.5541457938299,8.36310917603352
"7393",2320,"G.O. WEBB",3,8,7,10,15000,"Y","S",5,1,0,10,3,13.2883014549478,8.36310917603352
"7394",2321,"W.E. WICKER",2,8,7,10,20000,"Y","S",5,1,0,10,2,13.6321885008367,8.36310917603352
"7395",2321,"D.V. ROBERTS",1,8,7,10,20000,"Y","S",5,1,0,10,2,13.6603176685586,8.36310917603352
"7396",2322,"A.W. ARENDER, JR.",2,8,7,10,25000,"Y","S",5,1,0,10,3,14.8947701181166,8.36310917603352
"7397",2322,"H.D. WEBB",3,8,7,10,25000,"Y","S",5,1,0,10,3,14.8930694374346,8.36310917603352
"7398",2322,"W.E. WICKER",1,8,7,10,25000,"Y","S",5,1,0,10,3,14.8990092088223,8.36310917603352
"7399",2323,"W.E. WICKER",2,8,7,10,15000,"Y","S",5,1,0,10,2,14.2569861035955,8.36310917603352
"7400",2323,"PRENTISS W. MOORE",1,8,7,10,15000,"Y","S",5,1,0,10,2,14.2681772675567,8.36310917603352
"7401",2324,"MOLPUS LUMBER CO.",1,8,7,10,736,"N","S",6,1,15,39,3,17.2298644124379,8.36310917603352
"7402",2324,"LEAF RIVER FOREST PRODUCT",3,8,7,10,736,"N","S",6,1,15,39,3,16.7228049830563,8.36310917603352
"7403",2324,"LIB VANDERFORD",2,8,7,10,736,"N","S",6,1,15,39,3,17.0813163798681,8.36310917603352
"7404",2325,"TREELAND PRODUCTS, INC.",6,8,7,10,575,"N","S",6,1,0,9,6,16.4973544881398,8.36310917603352
"7405",2325,"T. H. LUCKEY LUMBER CO.",2,8,7,10,575,"N","S",6,1,0,9,6,16.6790225789738,8.36310917603352
"7406",2325,"L B VANDERFORD",4,8,7,10,575,"N","S",6,1,0,9,6,16.6424985647563,8.36310917603352
"7407",2325,"SCOTCH PLYWOOD CO.",5,8,7,10,575,"N","S",6,1,0,9,6,16.5430166595932,8.36310917603352
"7408",2325,"BAY SPRINGS FOREST PRODUC",1,8,7,10,575,"N","S",6,1,0,9,6,16.7383253043498,8.36310917603352
"7409",2325,"MOLPUS LUMBER CO.",3,8,7,10,575,"N","S",6,1,0,9,6,16.6715693002347,8.36310917603352
"7410",2327,"STURGIS LUMBER CO.INC.",1,8,7,17,425,"N","S",5,1,0,17,4,15.8479129016383,8.1318247850072
"7411",2327,"SHUQUALAK LUMBER CO.",2,8,7,17,425,"N","S",5,1,0,17,4,15.7730962814571,8.1318247850072
"7412",2327,"JOHN W. BARTON",4,8,7,17,425,"N","S",5,1,0,17,4,15.717323115489,8.1318247850072
"7413",2327,"MALPUS LUMBER CO.",3,8,7,17,425,"N","S",5,1,0,17,4,15.7336276035854,8.1318247850072
"7414",2328,"STURGIS LUMBER CO.",1,8,7,17,850,"N","S",6,1,0,9,3,17.3715598021391,8.1318247850072
"7415",2328,"SHUQUALAK LUMBER CO.",2,8,7,17,850,"N","S",6,1,0,9,3,17.2647374018371,8.1318247850072
"7416",2328,"MOLPUS LUMBER CO.",3,8,7,17,850,"N","S",6,1,0,9,3,17.1085353627168,8.1318247850072
"7417",2329,"STAUQUS LUMBER CO.",2,8,7,17,650,"N","S",5,1,15,12,2,15.9069751571521,8.1318247850072
"7418",2329,"MELQUS LUMBER CO.",1,8,7,17,650,"N","S",5,1,15,12,2,16.0231422375053,8.1318247850072
"7419",2330,"STURGIS LUMBER CO.",2,8,7,17,2500,"N","S",6,1,22,13,3,17.3032652274221,8.1318247850072
"7420",2330,"SHUQUALAK LUMBER",3,8,7,17,2500,"N","S",6,1,22,13,3,17.081922999735,8.1318247850072
"7421",2330,"MELPUS LUMBER CO.",1,8,7,17,2500,"N","S",6,1,22,13,3,17.3051337796802,8.1318247850072
"7422",2331,"BILL HAIMES",3,8,7,17,11445,"Y","S",5,1,0,15,3,13.5821272589199,8.1318247850072
"7423",2331,"HAROLD GORDON",2,8,7,17,11445,"Y","S",5,1,0,15,3,13.7266793442577,8.1318247850072
"7424",2331,"J H YARBROUGH",1,8,7,17,11445,"Y","S",5,1,0,15,3,13.7479274066405,8.1318247850072
"7425",2332,"BILL HAIMES",2,8,7,17,11978,"Y","S",5,1,0,15,2,13.379328477194,8.1318247850072
"7426",2332,"CHARLIE C DANIS",1,8,7,17,11978,"Y","S",5,1,0,15,2,13.5670491986658,8.1318247850072
"7427",2333,"HAROLD GORDON",1,8,7,17,7287,"Y","S",5,1,0,15,1,13.0175582630382,8.1318247850072
"7428",2334,"LAMAR FULLER",1,8,7,17,8206,"Y","S",5,1,0,15,1,13.0604879736862,8.1318247850072
"7429",2335,"STURQIS LUMBER CO.",1,8,7,17,11978,"Y","S",5,1,0,15,1,13.6588567479189,8.1318247850072
"7430",2336,"A. A. WOMBLE",1,8,7,17,388,"N","D",5,1,0,11,1,12.5168497135983,8.1318247850072
"7431",2337,"W. S. LYLE",1,8,8,1,157,"N","S",5,1,1,4,1,14.5885898246948,8.04366335239394
"7432",2338,"AUGUSTA LUMBER & SUPPLY,",1,8,8,1,85,"N","S",5,1,0,13,1,13.9520804546563,8.04366335239394
"7433",2339,"OWENS-ILLINOIS, INC.",2,8,8,1,31,"N","S",5,1,0,12,2,12.4791371500023,8.19450550976564
"7434",2339,"SUMMERS F. SIMMONS",1,8,8,1,31,"N","S",5,1,0,12,2,12.4868698213806,8.19450550976564
"7435",2340,"BURKE-PARSONS-BOWLBY CORP",5,8,8,1,93,"N","S",5,1,0,17,5,12.7674326257632,8.04366335239394
"7436",2340,"SHANKS, WILSON G.",4,8,8,1,93,"N","S",5,1,0,17,5,12.8507252432322,8.04366335239394
"7437",2340,"LYLE, W. S.",3,8,8,1,93,"N","S",5,1,0,17,5,12.9644713742135,8.04366335239394
"7438",2340,"GUM, JAMES H.",2,8,8,1,93,"N","S",5,1,0,17,5,12.9722960161397,8.04366335239394
"7439",2340,"GRAHAM, JR., JOHN",1,8,8,1,93,"N","S",5,1,0,17,5,13.1362662825733,8.04366335239394
"7440",2341,"BURKE, PARSONS & BOWLLEY",3,8,8,2,94,"N","S",5,1,0,12,3,13.0170028617465,8.04366335239394
"7441",2341,"KESSEL LUMBER COMPANY",1,8,8,2,94,"N","S",5,1,0,12,3,13.1464802145117,8.04366335239394
"7442",2341,"EVERETT L. CAULEY, JR.",2,8,8,2,94,"N","S",5,1,0,12,3,13.1223633774043,8.04366335239394
"7443",2342,"WILLIAM E. HUSSEY",1,8,8,2,167,"N","S",5,1,0,9,2,14.7728960151643,8.04366335239394
"7444",2342,"KESSEL LUMBER COMPANY",2,8,8,2,167,"N","S",5,1,0,9,2,14.6207231262067,8.04366335239394
"7445",2343,"BURKE-PARSONS-BOWLBY CORP",2,8,8,2,285,"N","S",6,1,0,19,3,14.0643296532676,8.04366335239394
"7446",2343,"SHANKS, WILSON G.",1,8,8,2,285,"N","S",6,1,0,19,3,14.0864533064118,8.04366335239394
"7447",2343,"KESSEL LUMBER COMPANY",3,8,8,2,285,"N","S",6,1,0,19,3,13.7723451948994,8.04366335239394
"7448",2347,"KESSEL LUMBER SUPPLY, INC",1,8,8,4,155,"N","S",5,4,7,16,1,14.7769149898021,7.91205688817901
"7449",2350,"VIRGINIA FIBRE CORPORATIO",1,8,8,5,254,"N","S",5,1,22,22,1,15.465831071082,8.04366335239394
"7450",2351,"VIRGINIA ELECTRIC & POWER",1,8,8,6,30,"N","D",5,1,0,10,1,13.4452204903006,8.19450550976564
"7451",2352,"VIRGINIA ELEC. & POWER CO",1,8,8,6,548,"N","D",7,4,0,11,1,16.6514840891966,9.63776264743639
"7452",2353,"HOOKE BROTHERS LUMBER CO.",1,8,8,6,85,"Y","S",5,4,0,18,1,13.2246943085018,9.48067280609285
"7453",2354,"VA. ELEC. & POWER CO.",1,8,8,6,14,"N","D",5,4,0,10,1,14.1405967907898,10.0641171984611
"7454",2355,"VIRGINIA ELECTRIC & POWER",1,8,8,6,13,"N","D",5,4,0,11,1,12.9257741193114,9.63776264743639
"7455",2356,"BURNETT LBR. CO., INC.",1,8,9,1,649,"N","S",6,1,14,16,1,15.6756489769346,8.09132127353041
"7456",2357,"BURNETT LUMBER CO., INC.",1,8,9,1,289,"N","S",5,1,26,11,1,15.6291970303902,8.14235427684983
"7457",2358,"CURT BEAN LBR. CO., INC.",2,8,9,2,130,"N","S",5,1,4,12,7,16.6831921068434,8.20549161312024
"7458",2358,"HOT SPRING COUNTY LBR.",7,8,9,2,130,"N","S",5,1,4,12,7,16.3257193906145,8.20549161312024
"7459",2358,"INTERNATIONAL PAPER CO.",5,8,9,2,130,"N","S",5,1,4,12,7,16.4448493869945,8.20549161312024
"7460",2358,"GEORGIA-PACIFIC CORP.",6,8,9,2,130,"N","S",5,1,4,12,7,16.3470245150317,8.20549161312024
"7461",2358,"BARKSDALE LBR. CO.",4,8,9,2,130,"N","S",5,1,4,12,7,16.5448944359301,8.20549161312024
"7462",2358,"WEYERHAEUSER CO.",3,8,9,2,130,"N","S",5,1,4,12,7,16.6377236201616,8.20549161312024
"7463",2358,"KILLIAN LBR. CO., INC.",1,8,9,2,130,"N","S",5,1,4,12,7,16.7486437617617,8.20549161312024
"7464",2359,"DALE RODGERS LBR. CO.",1,8,9,2,85,"N","S",5,1,0,24,4,15.3709145819059,8.2445967563825
"7465",2359,"GEORGIA-PACIFIC CORP.",4,8,9,2,85,"N","S",5,1,0,24,4,14.9933415225773,8.2445967563825
"7466",2359,"CURT BEAN LBR. CO.",2,8,9,2,85,"N","S",5,1,0,24,4,15.3688013097754,8.2445967563825
"7467",2359,"WEYERHAEUSER CO.",3,8,9,2,85,"N","S",5,1,0,24,4,15.1276200208948,8.2445967563825
"7468",2360,"WEYERHAEUSER CO.",3,8,9,2,85,"N","S",5,1,0,5,4,16.1372804403732,8.16479480424477
"7469",2360,"INTERNATIONAL PAPER CO.",4,8,9,2,85,"N","S",5,1,0,5,4,16.0167714229652,8.16479480424477
"7470",2360,"KILLIAN LBR. CO., INC.",1,8,9,2,85,"N","S",5,1,0,5,4,16.1862775270107,8.16479480424477
"7471",2360,"DALE RODGERS LBR. CO.",2,8,9,2,85,"N","S",5,1,0,5,4,16.1602926996581,8.16479480424477
"7472",2361,"CURT BEAN LBR. CO.",2,8,9,2,125,"N","S",5,1,13,11,6,16.4638107546607,8.20549161312024
"7473",2361,"BATES LBR. CO.",5,8,9,2,125,"N","S",5,1,13,11,6,16.3571125514288,8.20549161312024
"7474",2361,"KILLIAN LBR. CO.",1,8,9,2,125,"N","S",5,1,13,11,6,16.4667434635097,8.20549161312024
"7475",2361,"GEORGIA-PACIFIC CORP.",6,8,9,2,125,"N","S",5,1,13,11,6,16.3251098203426,8.20549161312024
"7476",2361,"UMPIRE TBR. PROD.",4,8,9,2,125,"N","S",5,1,13,11,6,16.42189710529,8.20549161312024
"7477",2361,"WEYERHAEUSER CO.",3,8,9,2,125,"N","S",5,1,13,11,6,16.4282092450746,8.20549161312024
"7478",2362,"GEORGIA-PACIFIC CORP.",1,8,9,2,509,"N","S",7,1,30,19,3,17.6423154865693,8.20549161312024
"7479",2362,"CURT BEAN LBR. CO., INC.",2,8,9,2,509,"N","S",7,1,30,19,3,17.6065877815229,8.20549161312024
"7480",2362,"WEYERHAEUSER COMPANY",3,8,9,2,509,"N","S",7,1,30,19,3,17.374304105515,8.20549161312024
"7481",2363,"NL INDUSTRIES,BAROID DIV.",1,8,9,2,7,"N","D",5,1,0,17,1,12.3613826530773,8.20549161312024
"7482",2364,"CURT BEAN LBR. CO.",1,8,9,2,164,"N","S",5,1,13,14,4,16.5443478689209,8.20549161312024
"7483",2364,"BARKSDALE LBR. CO.",4,8,9,2,164,"N","S",5,1,13,14,4,16.4634975421328,8.20549161312024
"7484",2364,"BATES LBR. CO.",3,8,9,2,164,"N","S",5,1,13,14,4,16.4687525225715,8.20549161312024
"7485",2364,"CHARLES FORGA PULPWOOD CO",2,8,9,2,164,"N","S",5,1,13,14,4,16.4918774349591,8.20549161312024
"7486",2366,"KILLIAN LBR. CO",3,8,9,2,305,"N","S",5,1,26,6,3,15.9297905081657,8.16479480424477
"7487",2366,"CHARLES FORGA",2,8,9,2,305,"N","S",5,1,26,6,3,15.937796048636,8.16479480424477
"7488",2366,"INELL L. JONES",1,8,9,2,305,"N","S",5,1,26,6,3,15.9439633108094,8.16479480424477
"7489",2367,"INELL L. JONES",1,8,9,2,112,"N","S",5,1,0,25,2,13.6998190834681,8.23429963569625
"7490",2367,"JOHN SELLS",2,8,9,2,112,"N","S",5,1,0,25,2,13.5357966551617,8.23429963569625
"7491",2368,"WEYERHAEUSER CO.",3,8,9,2,253,"N","S",5,1,8,10,7,16.4837313273483,8.16479480424477
"7492",2368,"INTERNATIONAL PAPER CO.",6,8,9,2,253,"N","S",5,1,8,10,7,16.287019524937,8.16479480424477
"7493",2368,"REX TIMBER CORP.",2,8,9,2,253,"N","S",5,1,8,10,7,16.5781183863838,8.16479480424477
"7494",2368,"HOT SPRINGS CO. LUMBER",7,8,9,2,253,"N","S",5,1,8,10,7,16.2562631054217,8.16479480424477
"7495",2368,"CURT BEAN LUMBER CO.",1,8,9,2,253,"N","S",5,1,8,10,7,16.6495941115137,8.16479480424477
"7496",2368,"B. G. WILSON LBR. CO.",4,8,9,2,253,"N","S",5,1,8,10,7,16.36412382045,8.16479480424477
"7497",2368,"HALLON LUMBER CO.",5,8,9,2,253,"N","S",5,1,8,10,7,16.3218245924878,8.16479480424477
"7498",2369,"HOT SPRING COUNTY LBR. CO",3,8,9,2,343,"N","S",6,1,18,22,5,17.4434184550867,8.14351740579748
"7499",2369,"M&B ENTERPRISES, INC.",5,8,9,2,343,"N","S",6,1,18,22,5,17.1252775038725,8.14351740579748
"7500",2369,"WEYERHAEUSER COMPANY",1,8,9,2,343,"N","S",6,1,18,22,5,17.5373653015722,8.14351740579748
"7501",2369,"GEORGIA-PACIFIC CORP.",4,8,9,2,343,"N","S",6,1,18,22,5,17.2654981355419,8.14351740579748
"7502",2369,"CURT BEAN LUMBER COMPANY",2,8,9,2,343,"N","S",6,1,18,22,5,17.4680579228308,8.14351740579748
"7503",2370,"BIBLER BROTHERS, INC.",2,8,9,3,314,"N","S",5,1,17,11,3,15.7695569464445,8.2960476427647
"7504",2370,"BIG PINE LUMBER COMPANY",3,8,9,3,314,"N","S",5,1,17,11,3,15.6729641303877,8.2960476427647
"7505",2370,"DELTIC FARM & TIMBER",1,8,9,3,314,"N","S",5,1,17,11,3,15.8986950859229,8.2960476427647
"7506",2371,"EDWARD HINES LBR. CO.",3,8,9,3,429,"N","S",6,1,14,18,6,16.5620632656532,8.2960476427647
"7507",2371,"SIMMONS LBR. CO.",4,8,9,3,429,"N","S",6,1,14,18,6,16.5254922259162,8.2960476427647
"7508",2371,"DELTIC FARM & TBR. CO.",2,8,9,3,429,"N","S",6,1,14,18,6,16.6061233660483,8.2960476427647
"7509",2371,"GEORGIA-PACIFIC CORP.",1,8,9,3,429,"N","S",6,1,14,18,6,16.6486591940446,8.2960476427647
"7510",2371,"BIBLER BROTHERS, INC.",6,8,9,3,429,"N","S",6,1,14,18,6,16.3959811432367,8.2960476427647
"7511",2371,"BIG PINE LBR. CO.",5,8,9,3,429,"N","S",6,1,14,18,6,16.4942829839998,8.2960476427647
"7512",2372,"BIBLER BROTHERS, INC.",3,8,9,3,991,"N","S",6,1,15,33,4,16.480456996626,8.2960476427647
"7513",2372,"DELTIC FARM & TBR. CO.",1,8,9,3,991,"N","S",6,1,15,33,4,16.8956731763415,8.2960476427647
"7514",2372,"GEORGIA-PACIFIC CORP",4,8,9,3,991,"N","S",6,1,15,33,4,16.4619406419089,8.2960476427647
"7515",2372,"BIG PINE LBR. CO.",2,8,9,3,991,"N","S",6,1,15,33,4,16.6051063983108,8.2960476427647
"7516",2373,"SIMMONS LBR. CO., INC.",1,8,9,3,907,"N","S",6,1,3,16,2,15.4727286008459,8.2960476427647
"7517",2373,"BIG PINE LBR. CO., INC.",2,8,9,3,907,"N","S",6,1,3,16,2,15.421899828007,8.2960476427647
"7518",2374,"DELTIC FARM & TBR.",1,8,9,3,920,"N","S",6,1,0,17,8,17.4454029861694,8.2960476427647
"7519",2374,"SIMMONS LBR. CO.",8,8,9,3,920,"N","S",6,1,0,17,8,17.0926552909565,8.2960476427647
"7520",2374,"EDWARD HINES LBR. CO.",2,8,9,3,920,"N","S",6,1,0,17,8,17.3892010775801,8.2960476427647
"7521",2374,"DALE RODGERS",3,8,9,3,920,"N","S",6,1,0,17,8,17.372598818714,8.2960476427647
"7522",2374,"BIG PINE LBR. CO.",5,8,9,3,920,"N","S",6,1,0,17,8,17.3211478316403,8.2960476427647
"7523",2374,"BIBLER BROTHERS LBR.",4,8,9,3,920,"N","S",6,1,0,17,8,17.3332170382436,8.2960476427647
"7524",2374,"GEORGIA-PACIFIC CORP.",6,8,9,3,920,"N","S",6,1,0,17,8,17.310568584514,8.2960476427647
"7525",2374,"PETE THORNBURG",7,8,9,3,920,"N","S",6,1,0,17,8,17.1342968740505,8.2960476427647
"7526",2375,"PETE THORNBURG",2,8,9,3,700,"N","S",5,1,14,19,3,16.0040579303452,8.2960476427647
"7527",2375,"BIBLER BROS., INC.",3,8,9,3,700,"N","S",5,1,14,19,3,16.1139335012178,8.2960476427647
"7528",2375,"SIMMONS LBR. CO., INC.",1,8,9,3,700,"N","S",5,1,14,19,3,15.9469715678037,8.2960476427647
"7529",2376,"BIG PINE LBR. CO.",4,8,9,3,148,"N","S",5,1,0,20,6,15.7614207070196,8.2960476427647
"7530",2376,"PLAINVIEW LBR. CO.",6,8,9,3,148,"N","S",5,1,0,20,6,15.7176180843612,8.2960476427647
"7531",2376,"BIBLER BROTHERS, INC.",2,8,9,3,148,"N","S",5,1,0,20,6,15.977836074784,8.2960476427647
"7532",2376,"DELTIC FARM & TBR. CO.",3,8,9,3,148,"N","S",5,1,0,20,6,15.852220731346,8.2960476427647
"7533",2376,"REX TBR. CORP.",5,8,9,3,148,"N","S",5,1,0,20,6,15.7600486232859,8.2960476427647
"7534",2376,"UMPIRE TBR PRODUCTS",1,8,9,3,148,"N","S",5,1,0,20,6,15.9831575551049,8.2960476427647
"7535",2377,"PLAINVIEW LBR. CO.",2,8,9,3,522,"N","S",6,1,14,20,4,16.5339800888334,8.2960476427647
"7536",2377,"DELTIC FARM & TBR. CO.",4,8,9,3,522,"N","S",6,1,14,20,4,16.7420435458722,8.2960476427647
"7537",2377,"BIBLER BROS., INC.",3,8,9,3,522,"N","S",6,1,14,20,4,16.80697378208,8.2960476427647
"7538",2377,"BIG PINE LBR. CO., INC.",1,8,9,3,522,"N","S",6,1,14,20,4,16.8050443606281,8.2960476427647
"7539",2378,"ARKANSAS KRAFT CORP.",2,8,9,4,682,"N","S",5,1,0,34,2,15.9780788161008,8.2960476427647
"7540",2378,"DELTIC FARM & TBR.",1,8,9,4,682,"N","S",5,1,0,34,2,16.1686081405972,8.2960476427647
"7541",2379,"DELTIC FARM & TIMBER CO",2,8,9,4,528,"N","S",5,1,0,31,5,16.3830718858745,8.15450017515194
"7542",2379,"SCOTT LUMBER CO.",5,8,9,4,528,"N","S",5,1,0,31,5,16.1504660309888,8.15450017515194
"7543",2379,"WEYERHAEUSER COMPANY",3,8,9,4,528,"N","S",5,1,0,31,5,16.3162520062967,8.15450017515194
"7544",2379,"SIMMONS LUMBER CO.",4,8,9,4,528,"N","S",5,1,0,31,5,16.2314243362653,8.15450017515194
"7545",2379,"BIG PINE LUMBER CO.",1,8,9,4,528,"N","S",5,1,0,31,5,16.4462066006699,8.15450017515194
"7546",2380,"DELTIC FARM&TBR. CO.,INC.",1,8,9,4,451,"N","S",6,1,4,24,5,16.8589293392639,8.30745932701195
"7547",2380,"ARKANSAS KRAFT CORP.",4,8,9,4,451,"N","S",6,1,4,24,5,16.4338767227937,8.30745932701195
"7548",2380,"SIMMONS LBR. CO., INC.",2,8,9,4,451,"N","S",6,1,4,24,5,16.8361225485547,8.30745932701195
"7549",2380,"BIBLER BROTHERS, INC.",5,8,9,4,451,"N","S",6,1,4,24,5,16.433202478347,8.30745932701195
"7550",2380,"PLAINVIEW LBR. CO., INC.",3,8,9,4,451,"N","S",6,1,4,24,5,16.6240688004913,8.30745932701195
"7551",2381,"BIBLER BROTHERS, INC.",3,8,9,4,1482,"N","S",7,1,39,23,4,17.3447575010989,8.25686684897431
"7552",2381,"GEORGIA-PACIFIC CORP.",1,8,9,4,1482,"N","S",7,1,39,23,4,17.6047533124282,8.25686684897431
"7553",2381,"ARKANSAS KRAFT CORP.",4,8,9,4,1482,"N","S",7,1,39,23,4,17.3352314418105,8.25686684897431
"7554",2381,"WEYERHAEUSER CO.",2,8,9,4,1482,"N","S",7,1,39,23,4,17.5882920245838,8.25686684897431
"7555",2382,"PLAINVIEW LBR. CO.",5,8,9,4,799,"N","S",5,1,15,33,7,16.09476438132,8.2960476427647
"7556",2382,"PETE THORNBURG",3,8,9,4,799,"N","S",5,1,15,33,7,16.3899224654902,8.2960476427647
"7557",2382,"STAR LBR. CO.",2,8,9,4,799,"N","S",5,1,15,33,7,16.4118996958379,8.2960476427647
"7558",2382,"JIMMY L. HUFF",1,8,9,4,799,"N","S",5,1,15,33,7,16.4386707667121,8.2960476427647
"7559",2382,"JOHN BLANKENSHIP",4,8,9,4,799,"N","S",5,1,15,33,7,16.1200932544193,8.2960476427647
"7560",2382,"BIBLER BROTHERS, INC.",6,8,9,4,799,"N","S",5,1,15,33,7,16.4503728148393,8.2960476427647
"7561",2382,"DELTIC FARM & TBR. CO.",7,8,9,4,799,"N","S",5,1,15,33,7,16.0978929436408,8.2960476427647
"7562",2383,"DELTIC FARM & TIMBER",2,8,9,4,360,"N","S",6,1,19,26,5,16.8993551688952,8.30745932701195
"7563",2383,"PLAINVIEW LUMBER CO.",4,8,9,4,360,"N","S",6,1,19,26,5,16.7971680954872,8.30745932701195
"7564",2383,"ARKANSAS KRAFT CORP.",5,8,9,4,360,"N","S",6,1,19,26,5,16.7432423246175,8.30745932701195
"7565",2383,"BIBLER BROTHERS",3,8,9,4,360,"N","S",6,1,19,26,5,16.8582519343487,8.30745932701195
"7566",2383,"JOHN BLANKENSHIP",1,8,9,4,360,"N","S",6,1,19,26,5,16.9666684125992,8.30745932701195
"7567",2384,"ARKANSAS KRAFT CORP.",1,8,9,4,2665,"N","S",7,1,12,21,2,17.3097252503902,8.2960476427647
"7568",2384,"BIBLER BROS., INC.",2,8,9,4,2665,"N","S",7,1,12,21,2,16.9312483290091,8.2960476427647
"7569",2385,"TIGUE BROTHERS DOZIER SER",1,8,9,4,30,"N","D",5,1,0,16,1,13.9767259382108,8.2960476427647
"7570",2386,"UMPIRE TIMBER PRODS.",2,8,9,5,654,"N","S",6,1,31,32,6,17.0719625906817,8.25686684897431
"7571",2386,"DELTIC FARM & TBR. CO.",4,8,9,5,654,"N","S",6,1,31,32,6,16.9488275358647,8.25686684897431
"7572",2386,"GEORGIA-PACIFIC CORP.",5,8,9,5,654,"N","S",6,1,31,32,6,16.9160206874629,8.25686684897431
"7573",2386,"SALINE CO. LBR. CO.",3,8,9,5,654,"N","S",6,1,31,32,6,16.9958617473609,8.25686684897431
"7574",2386,"BATES LBR. COMPANY",6,8,9,5,654,"N","S",6,1,31,32,6,16.8530696650187,8.25686684897431
"7575",2386,"WEYERHAEUSER COMPANY",1,8,9,5,654,"N","S",6,1,31,32,6,17.1377008066714,8.25686684897431
"7576",2387,"WEYERHAEUSER CO.",1,8,9,5,30,"N","D",5,1,0,20,1,14.4922376639408,8.23642052726539
"7577",2388,"PLAINVIEW LUMBER CO.",2,8,9,5,197,"N","S",5,1,7,25,2,15.6558836678459,8.21581779183245
"7578",2388,"SCOTT LUMBER CO.",1,8,9,5,197,"N","S",5,1,7,25,2,15.7128155257398,8.21581779183245
"7579",2389,"GLEN E. SIRMON",2,8,9,5,127,"N","S",5,1,5,26,2,15.1890841014743,8.23642052726539
"7580",2389,"SCOTT LBR. CO.",1,8,9,5,127,"N","S",5,1,5,26,2,15.5540450437328,8.23642052726539
"7581",2390,"REX TBR. CORP.",4,8,9,5,344,"N","S",5,1,4,25,4,15.8348172016434,8.25686684897431
"7582",2390,"DELTIC FARM & TBR.",2,8,9,5,344,"N","S",5,1,4,25,4,16.012801799745,8.25686684897431
"7583",2390,"WEYERHAEUSER CO.",1,8,9,5,344,"N","S",5,1,4,25,4,16.2044568166064,8.25686684897431
"7584",2390,"SALINE CO. LBR. - CO.",3,8,9,5,344,"N","S",5,1,4,25,4,16.0127351353005,8.25686684897431
"7585",2391,"GEORGIA-PACIFIC CORP.",1,8,9,6,840,"N","S",5,1,22,37,2,15.4788675543811,8.14235427684983
"7586",2391,"BURNETT LUMBER CO.",2,8,9,6,840,"N","S",5,1,22,37,2,15.4208697637718,8.14235427684983
"7587",2392,"DELTIC FARM & TBR.",3,8,9,6,737,"N","S",6,1,21,30,7,16.4821146809577,8.33375100695358
"7588",2392,"HATTON LBR. CO.",5,8,9,6,737,"N","S",6,1,21,30,7,16.4164255584754,8.33375100695358
"7589",2392,"REYNOLDS-WILSON LBR. CO.",6,8,9,6,737,"N","S",6,1,21,30,7,16.4077757260728,8.33375100695358
"7590",2392,"BURNETT LBR. CO.",7,8,9,6,737,"N","S",6,1,21,30,7,16.2020748772885,8.33375100695358
"7591",2392,"INELL JONES & JIMMY HUFF",1,8,9,6,737,"N","S",6,1,21,30,7,16.7525984789238,8.33375100695358
"7592",2392,"EDWARD HINES LBR. CO.",2,8,9,6,737,"N","S",6,1,21,30,7,16.6595201184594,8.33375100695358
"7593",2392,"GEORGIA-PACIFIC CORP.",4,8,9,6,737,"N","S",6,1,21,30,7,16.435035509477,8.33375100695358
"7594",2393,"ARKANSAS KRAFT",3,8,9,6,916,"N","S",6,1,32,31,3,15.9793794116451,8.14235427684983
"7595",2393,"INELL JONES",2,8,9,6,916,"N","S",6,1,32,31,3,16.0438418220142,8.14235427684983
"7596",2393,"GEORGIA-PACIFIC CROP.",1,8,9,6,916,"N","S",6,1,32,31,3,16.3380420969736,8.14235427684983
"7597",2394,"HATTON LBR. CO.",1,8,9,7,471,"N","S",5,1,7,23,2,15.9008153769895,8.33375100695358
"7598",2394,"EDWARD HINES LBR. CO.",2,8,9,7,471,"N","S",5,1,7,23,2,15.7933607218534,8.33375100695358
"7599",2396,"DALE RODGERS LBR. CO.",2,8,9,7,388,"N","S",6,1,26,16,3,16.6589799520075,8.33375100695358
"7600",2396,"PETE THORNBURG",1,8,9,7,388,"N","S",6,1,26,16,3,16.7935065189227,8.33375100695358
"7601",2396,"HATFIELD LUMBER CO.",3,8,9,7,388,"N","S",6,1,26,16,3,16.6280817223989,8.33375100695358
"7602",2397,"REESE TIE CO.",2,8,9,7,328,"N","S",5,1,0,16,2,12.613515796022,8.33375100695358
"7603",2397,"EDWARD HINES LBR. CO.",1,8,9,7,328,"N","S",5,1,0,16,2,13.2891481950492,8.33375100695358
"7604",2398,"HATTON LBR. CO.",1,8,9,7,289,"N","S",5,1,5,20,2,15.0281911393148,8.33375100695358
"7605",2398,"PETE THORNBURG",2,8,9,7,289,"N","S",5,1,5,20,2,15.0156217157215,8.33375100695358
"7606",2399,"LEWIS LBR. & MFG. CO.",2,8,9,7,526,"N","S",5,1,0,18,2,15.7885493744078,8.33375100695358
"7607",2399,"HATTON LBR. CO.",1,8,9,7,526,"N","S",5,1,0,18,2,16.1425931225587,8.33375100695358
"7608",2400,"GEORGIA-PACIFIC CORP.",1,8,9,7,299,"N","S",5,1,10,22,2,15.4492659882593,8.33375100695358
"7609",2400,"HATTON LBR. CO.",2,8,9,7,299,"N","S",5,1,10,22,2,15.3468139409941,8.33375100695358
"7610",2401,"INELL JONES & JIMMY HUFF",7,8,9,8,385,"N","S",5,1,10,19,8,16.1866411957429,8.21581779183245
"7611",2401,"WEYERHAEUSER CO.",3,8,9,8,385,"N","S",5,1,10,19,8,16.4801864824658,8.21581779183245
"7612",2401,"CURT BEAN LBR. CO.",4,8,9,8,385,"N","S",5,1,10,19,8,16.4652251820535,8.21581779183245
"7613",2401,"SCOTT COUNTY LBR. CO.",8,8,9,8,385,"N","S",5,1,10,19,8,16.0247734937269,8.21581779183245
"7614",2401,"GEORGIA-PACIFIC CORP.",6,8,9,8,385,"N","S",5,1,10,19,8,16.3576473690183,8.21581779183245
"7615",2401,"SCOTT LBR. CO.",5,8,9,8,385,"N","S",5,1,10,19,8,16.3689321872893,8.21581779183245
"7616",2401,"BIG PINE LBR. CO.",1,8,9,8,385,"N","S",5,1,10,19,8,16.69284773359,8.21581779183245
"7617",2401,"DELTIC FARM & TBR. CO.",2,8,9,8,385,"N","S",5,1,10,19,8,16.4937886007328,8.21581779183245
"7618",2402,"WEYERHAEUSER CO.",2,8,9,8,382,"N","S",5,1,7,15,2,14.8109820877129,8.21581779183245
"7619",2402,"HATTON LBR. CO.",1,8,9,8,382,"N","S",5,1,7,15,2,14.9884879285877,8.21581779183245
"7620",2403,"BATES LBR. CO.",8,8,9,8,383,"N","S",6,1,8,31,8,16.8189644926121,8.25686684897431
"7621",2403,"WEYERHAEUSER CO.",2,8,9,8,383,"N","S",6,1,8,31,8,17.3018707785663,8.25686684897431
"7622",2403,"SCOTT CO. LBR. CO.",7,8,9,8,383,"N","S",6,1,8,31,8,16.8801150423927,8.25686684897431
"7623",2403,"INELL JONES & JIMMY HUFF",4,8,9,8,383,"N","S",6,1,8,31,8,17.1812925184905,8.25686684897431
"7624",2403,"DELTIC FARM&TBR. CO.,INC.",1,8,9,8,383,"N","S",6,1,8,31,8,17.3053321819159,8.25686684897431
"7625",2403,"SIMMONS LBR. CO.",3,8,9,8,383,"N","S",6,1,8,31,8,17.301814726257,8.25686684897431
"7626",2403,"BIG PINE LBR. CO.",5,8,9,8,383,"N","S",6,1,8,31,8,17.0856052524506,8.25686684897431
"7627",2403,"GEORGIA-PACIFIC CORP",6,8,9,8,383,"N","S",6,1,8,31,8,17.0345476098347,8.25686684897431
"7628",2404,"CURT BEAN LUMBER CO.",2,8,9,8,215,"N","S",5,1,0,20,7,16.2600685386958,8.21581779183245
"7629",2404,"SCOTT LUMBER COMPANY",4,8,9,8,215,"N","S",5,1,0,20,7,16.0432643403353,8.21581779183245
"7630",2404,"DELTIC FARM & TIMBER CO.",1,8,9,8,215,"N","S",5,1,0,20,7,16.2717737048298,8.21581779183245
"7631",2404,"CLYDE LAMBERT",6,8,9,8,215,"N","S",5,1,0,20,7,16.0126230179045,8.21581779183245
"7632",2404,"BATES LUMBER COMPANY",5,8,9,8,215,"N","S",5,1,0,20,7,16.0370432837501,8.21581779183245
"7633",2404,"GEORGIA-PACIFIC CORP.",7,8,9,8,215,"N","S",5,1,0,20,7,15.9834207476317,8.21581779183245
"7634",2404,"WEYERHAEUSER COMPANY",3,8,9,8,215,"N","S",5,1,0,20,7,16.2574148866577,8.21581779183245
"7635",2405,"GEORGIA-PACIFIC CORP.",6,8,9,8,128,"N","S",5,1,0,16,8,15.7293696588544,8.21581779183245
"7636",2405,"DELTIC FARM & TBR.",1,8,9,8,128,"N","S",5,1,0,16,8,15.8789497421666,8.21581779183245
"7637",2405,"DALE RODGERS LBR. CO.",4,8,9,8,128,"N","S",5,1,0,16,8,15.8215746298393,8.21581779183245
"7638",2405,"UMPIRE TBR. PRODUCTS",5,8,9,8,128,"N","S",5,1,0,16,8,15.810210871189,8.21581779183245
"7639",2405,"BIG PINE LBR. CO.",7,8,9,8,128,"N","S",5,1,0,16,8,15.6221586396861,8.21581779183245
"7640",2405,"SCOTT LBR. CO.",2,8,9,8,128,"N","S",5,1,0,16,8,15.8761514701804,8.21581779183245
"7641",2405,"WEYERHAEUSER CO.",3,8,9,8,128,"N","S",5,1,0,16,8,15.8593119685492,8.21581779183245
"7642",2405,"INTERNATIONAL PAPER CO.",8,8,9,8,128,"N","S",5,1,0,16,8,15.6105147573572,8.21581779183245
"7643",2406,"SIMMONS LBR. CO.",4,8,9,8,282,"N","S",5,1,0,12,4,16.0127351353005,8.21581779183245
"7644",2406,"INELL JONES",3,8,9,8,282,"N","S",5,1,0,12,4,16.1418707696091,8.21581779183245
"7645",2406,"SCOTT LBR. CO.",2,8,9,8,282,"N","S",5,1,0,12,4,16.1432759494886,8.21581779183245
"7646",2406,"BIG PINE LBR. CO.",1,8,9,8,282,"N","S",5,1,0,12,4,16.2477282029719,8.21581779183245
"7647",2407,"SCOTT LUMBER COMPANY",5,8,9,8,271,"N","S",5,1,0,29,5,15.4689653558151,8.2960476427647
"7648",2407,"BIG PINE LUMBER CO.",2,8,9,8,271,"N","S",5,1,0,29,5,15.7017222633106,8.2960476427647
"7649",2407,"L. J. WEAVER",1,8,9,8,271,"N","S",5,1,0,29,5,15.7100416946726,8.2960476427647
"7650",2407,"KILLIAM LUMBER CO.",4,8,9,8,271,"N","S",5,1,0,29,5,15.4982175193258,8.2960476427647
"7651",2407,"SIMMON'S LUMBER CO., INC.",3,8,9,8,271,"N","S",5,1,0,29,5,15.5758378379233,8.2960476427647
"7652",2408,"L. J. WEAVER",4,8,9,8,180,"N","S",5,1,0,21,7,15.5128833375064,8.2960476427647
"7653",2408,"BIG PINE LBR. COMPANY",2,8,9,8,180,"N","S",5,1,0,21,7,15.6593582388827,8.2960476427647
"7654",2408,"SIMMONS LUMBER, INC.",3,8,9,8,180,"N","S",5,1,0,21,7,15.5380292678409,8.2960476427647
"7655",2408,"UMPIRE TBR. PRODUCTS",1,8,9,8,180,"N","S",5,1,0,21,7,15.8059449141712,8.2960476427647
"7656",2408,"SCOTT LUMBER CO.",5,8,9,8,180,"N","S",5,1,0,21,7,15.4547338489113,8.2960476427647
"7657",2408,"BIBLER BROTHERS, INC.",7,8,9,8,180,"N","S",5,1,0,21,7,15.3942572772442,8.2960476427647
"7658",2408,"INELL L. JONES",6,8,9,8,180,"N","S",5,1,0,21,7,15.4512703890947,8.2960476427647
"7659",2409,"PETE THORNBURG",1,8,9,8,442,"N","S",5,1,0,24,2,16.5597524663328,8.2960476427647
"7660",2409,"SCOTT LUMBER CO.",2,8,9,8,442,"N","S",5,1,0,24,2,16.4066523408208,8.2960476427647
"7661",2410,"ULES RAY OWENS",1,8,9,8,138,"N","S",5,1,0,19,1,14.794581891741,8.2960476427647
"7662",2411,"L. J. WEAVER",2,8,9,8,176,"N","S",5,1,11,21,2,15.0879304848833,8.23429963569625
"7663",2411,"CHARLES FORGA",1,8,9,8,176,"N","S",5,1,11,21,2,15.1662140102133,8.23429963569625
"7664",2412,"SCOTT COUNTY LBR. CO.",7,8,9,9,309,"N","S",5,1,9,18,7,15.700398282876,8.2960476427647
"7665",2412,"DALE RODGERS LBR. CO.",1,8,9,9,309,"N","S",5,1,9,18,7,16.2762635082555,8.2960476427647
"7666",2412,"GEORGIA-PACIFIC CORP.",4,8,9,9,309,"N","S",5,1,9,18,7,15.9196969059943,8.2960476427647
"7667",2412,"INTERNATIONAL PAPER CO.",5,8,9,9,309,"N","S",5,1,9,18,7,15.778116271495,8.2960476427647
"7668",2412,"ARKANSAS KRAFT CORP.",6,8,9,9,309,"N","S",5,1,9,18,7,15.7236072774638,8.2960476427647
"7669",2412,"BIG PINE LBR. CO.",2,8,9,9,309,"N","S",5,1,9,18,7,16.2195325693656,8.2960476427647
"7670",2412,"DELTIC FARM&TBR. CO., INC",3,8,9,9,309,"N","S",5,1,9,18,7,16.2021544065818,8.2960476427647
"7671",2413,"GEORGIA-PACIFIC CORP.",1,8,9,9,97,"N","S",5,1,0,35,2,14.0779517425503,8.2960476427647
"7672",2413,"SIMMONS LBR. CO.",2,8,9,9,97,"N","S",5,1,0,35,2,13.8643007221337,8.2960476427647
"7673",2414,"DALE RODGERS LBR. CO.",1,8,9,9,613,"N","S",6,1,12,23,5,16.9309795131206,8.2960476427647
"7674",2414,"EDWARD HINES LBR. CO.",2,8,9,9,613,"N","S",6,1,12,23,5,16.8766893153329,8.2960476427647
"7675",2414,"GEORGIA-PACIFIC CORP.",3,8,9,9,613,"N","S",6,1,12,23,5,16.8420659797685,8.2960476427647
"7676",2414,"INELL JONES",4,8,9,9,613,"N","S",6,1,12,23,5,16.7624201668207,8.2960476427647
"7677",2414,"SIMMONS LBR. CO., INC.",5,8,9,9,613,"N","S",6,1,12,23,5,16.7170152255194,8.2960476427647
"7678",2415,"MENA PULPWOOD CO.",3,8,9,9,408,"N","S",5,1,0,24,3,12.7515895090861,8.2960476427647
"7679",2415,"JIMMY L. HUFF",1,8,9,9,408,"N","S",5,1,0,24,3,13.0156686387334,8.2960476427647
"7680",2415,"SIMMONS LUMBER CO., INC.",2,8,9,9,408,"N","S",5,1,0,24,3,12.9831013100708,8.2960476427647
"7681",2416,"BIG PINE LBR. CO., INC.",1,8,9,9,582,"N","S",6,1,11,23,3,15.789730463231,8.2960476427647
"7682",2416,"SIMMONS LBR. CO., INC.",3,8,9,9,582,"N","S",6,1,11,23,3,15.6442513758652,8.2960476427647
"7683",2416,"JIMMY L. HUFF",2,8,9,9,582,"N","S",6,1,11,23,3,15.7154366021806,8.2960476427647
"7684",2417,"SIMMONS LBR. CO., INC.",1,8,9,9,78,"Y","S",5,1,0,17,1,12.6283948707048,8.20576472523446
"7685",2418,"JIMMY L. HUFF",1,8,9,9,365,"N","S",5,1,11,9,1,15.2998159936408,8.2960476427647
"7686",2419,"BIG PINE LUMBER CO., INC.",1,8,9,9,225,"N","S",5,1,0,23,1,16.3196477760291,8.2960476427647
"7687",2420,"BIG PINE LBR. CO.",3,8,9,9,812,"N","S",6,1,140,15,3,16.0237849714871,8.2960476427647
"7688",2420,"DALE RODGERS LBR. CO.",2,8,9,9,812,"N","S",6,1,140,15,3,16.0689474226916,8.2960476427647
"7689",2420,"PETE THORNBURG",1,8,9,9,812,"N","S",6,1,140,15,3,16.0828345203014,8.2960476427647
"7690",2421,"JIMMY L. HUFF",2,8,9,9,1011,"N","S",6,1,10,27,2,16.3058524102422,8.33375100695358
"7691",2421,"PETE THORNBURG",1,8,9,9,1011,"N","S",6,1,10,27,2,16.3917002744592,8.33375100695358
"7692",2422,"ROSBORO PULPWOOD CO.",2,8,9,9,220,"N","S",5,1,11,19,4,16.0267754406286,8.2960476427647
"7693",2422,"BIG PINE LBR. CO.",3,8,9,9,220,"N","S",5,1,11,19,4,15.9760365721845,8.2960476427647
"7694",2422,"HATTON LBR. CO.",4,8,9,9,220,"N","S",5,1,11,19,4,15.9585926395922,8.2960476427647
"7695",2422,"REX TBR. CORP.",1,8,9,9,220,"N","S",5,1,11,19,4,16.1317618417221,8.2960476427647
"7696",2423,"HATTON LBR. CO.",2,8,9,9,665,"N","S",6,1,17,26,2,16.2914925848475,8.2960476427647
"7697",2423,"PETE THORNBURG",1,8,9,9,665,"N","S",6,1,17,26,2,16.4501139836586,8.2960476427647
"7698",2424,"INELL JONES",3,8,9,9,207,"N","S",5,1,11,16,3,16.0289389197958,8.2960476427647
"7699",2424,"BIG PINE LBR. CO., INC.",1,8,9,9,207,"N","S",5,1,11,16,3,16.2414100271722,8.2960476427647
"7700",2424,"PETE THORNBURG",2,8,9,9,207,"N","S",5,1,11,16,3,16.116592621976,8.2960476427647
"7701",2425,"GARNER LUMBER COMPANY",1,8,9,9,518,"N","S",5,1,14,8,1,15.48526923429,8.2960476427647
"7702",2426,"CURT BEAN LBR. CO., INC.",1,8,9,10,299,"N","S",5,1,9,10,6,15.3730233975335,8.21581779183245
"7703",2426,"INTERNATIONAL PAPER CO.",2,8,9,10,299,"N","S",5,1,9,10,6,15.2958643169868,8.21581779183245
"7704",2426,"WEYERHAEUSER COMPANY",6,8,9,10,299,"N","S",5,1,9,10,6,14.8131969280424,8.21581779183245
"7705",2426,"SCOTT LUMBER COMPANY",5,8,9,10,299,"N","S",5,1,9,10,6,14.8716327950114,8.21581779183245
"7706",2426,"GEORGIA PACIFIC CORP.",4,8,9,10,299,"N","S",5,1,9,10,6,15.0175214389767,8.21581779183245
"7707",2426,"JAMES KILLIAN",3,8,9,10,299,"N","S",5,1,9,10,6,15.271051091821,8.21581779183245
"7708",2427,"GEORGIA-PACIFIC CORP.",8,8,9,10,541,"N","S",6,1,22,10,8,16.6829093349667,8.21581779183245
"7709",2427,"SCOTT LBR. CO.",5,8,9,10,541,"N","S",6,1,22,10,8,16.7701082881597,8.21581779183245
"7710",2427,"BATES LBR. CO.",3,8,9,10,541,"N","S",6,1,22,10,8,16.8386488327087,8.21581779183245
"7711",2427,"HOT SPRING COUNTY LBR. CO",4,8,9,10,541,"N","S",6,1,22,10,8,16.8177416682581,8.21581779183245
"7712",2427,"INTERNATIONAL PAPER CO.",7,8,9,10,541,"N","S",6,1,22,10,8,16.7399938454892,8.21581779183245
"7713",2427,"CURT BEAN LBR. CO.",1,8,9,10,541,"N","S",6,1,22,10,8,16.9515089945789,8.21581779183245
"7714",2427,"WEYERHAEUSER CO.",2,8,9,10,541,"N","S",6,1,22,10,8,16.9172096633293,8.21581779183245
"7715",2427,"UMPIRE TBR. PRODUCTS",6,8,9,10,541,"N","S",6,1,22,10,8,16.7699728199867,8.21581779183245
"7716",2428,"WEYERHAEUSER CO.",1,8,9,10,220,"N","S",5,1,14,21,5,16.1128720315831,8.23642052726539
"7717",2428,"SCOTT LBR. CO.",3,8,9,10,220,"N","S",5,1,14,21,5,15.9155509784753,8.23642052726539
"7718",2428,"BATES LBR. CO.",2,8,9,10,220,"N","S",5,1,14,21,5,16.0797705366367,8.23642052726539
"7719",2428,"GEORGIA-PACIFIC CORP.",4,8,9,10,220,"N","S",5,1,14,21,5,15.8065306380432,8.23642052726539
"7720",2428,"BARKSDALE LBR. CO.",5,8,9,10,220,"N","S",5,1,14,21,5,15.6584508235856,8.23642052726539
"7721",2429,"INELL JONES",1,8,9,10,155,"N","S",5,1,0,21,2,16.1485763582119,8.33375100695358
"7722",2429,"SCOTT LBR. CO.",2,8,9,10,155,"N","S",5,1,0,21,2,15.9966057533706,8.33375100695358
"7723",2430,"INELL L. JONES",2,8,9,10,460,"N","S",5,1,7,21,3,15.7443472094017,8.33375100695358
"7724",2430,"KILLIAN LUMBER COMPANY",1,8,9,10,460,"N","S",5,1,7,21,3,15.8173688649857,8.33375100695358
"7725",2430,"SCOTT LUMBER COMPANY",3,8,9,10,460,"N","S",5,1,7,21,3,15.5266021241249,8.33375100695358
"7726",2431,"JIMMY L. HUFF",3,8,9,10,206,"N","S",5,1,12,6,3,15.6263370899096,8.21581779183245
"7727",2431,"SCOTT LBR. CO.",2,8,9,10,206,"N","S",5,1,12,6,3,15.6361700364256,8.21581779183245
"7728",2431,"BATES LBR. CO., INC.",1,8,9,10,206,"N","S",5,1,12,6,3,15.7621347377532,8.21581779183245
"7729",2432,"UMPIRE TIMBER PRODUCTS",1,8,9,10,515,"N","S",6,1,0,16,3,16.3540843490012,8.21581779183245
"7730",2432,"SCOTT LUMBER COMPANY",2,8,9,10,515,"N","S",6,1,0,16,3,16.2787516963645,8.21581779183245
"7731",2432,"GEORGIA-PACIFIC CORP.",3,8,9,10,515,"N","S",6,1,0,16,3,15.892448969426,8.21581779183245
"7732",2433,"REX TBR. CORP.",7,8,9,10,194,"N","S",5,1,0,15,9,16.2669465976907,8.21581779183245
"7733",2433,"ROSBORO PLP, INC.",6,8,9,10,194,"N","S",5,1,0,15,9,16.3107964894971,8.21581779183245
"7734",2433,"SCOTT LBR. CO.",1,8,9,10,194,"N","S",5,1,0,15,9,16.5533784274757,8.21581779183245
"7735",2433,"INTERNATIONAL PAPER",8,8,9,10,194,"N","S",5,1,0,15,9,16.2420462944259,8.21581779183245
"7736",2433,"WEYERHAEUSER CO.",3,8,9,10,194,"N","S",5,1,0,15,9,16.3975968511413,8.21581779183245
"7737",2433,"KILLIAN LBR.",4,8,9,10,194,"N","S",5,1,0,15,9,16.3582209919996,8.21581779183245
"7738",2433,"CURT BEAN LBR. CO., INC.",2,8,9,10,194,"N","S",5,1,0,15,9,16.4639593635754,8.21581779183245
"7739",2433,"B. G. WILSON LBR. CO.",9,8,9,10,194,"N","S",5,1,0,15,9,16.1189667714227,8.21581779183245
"7740",2433,"DELTIC FARM & TBR CO, INC",5,8,9,10,194,"N","S",5,1,0,15,9,16.3420388824431,8.21581779183245
"7741",2434,"CURT BEAN LBR. CO., INC.",2,8,9,10,1028,"N","S",6,1,30,10,6,17.0463149536977,8.21581779183245
"7742",2434,"SCOTT LBR. CO.",6,8,9,10,1028,"N","S",6,1,30,10,6,16.8674152038234,8.21581779183245
"7743",2434,"ROSBORO PULPWOOD CO.",4,8,9,10,1028,"N","S",6,1,30,10,6,16.9573109351522,8.21581779183245
"7744",2434,"WEYERHAEUSER CO.",1,8,9,10,1028,"N","S",6,1,30,10,6,17.1629625184248,8.21581779183245
"7745",2434,"REX TBR. CORP.",5,8,9,10,1028,"N","S",6,1,30,10,6,16.9447062843349,8.21581779183245
"7746",2434,"KILLIAN LBR. CO.",3,8,9,10,1028,"N","S",6,1,30,10,6,17.0423743935547,8.21581779183245
"7747",2435,"DALE RODGERS LBR. CO.",2,8,9,10,401,"N","S",6,1,11,5,4,16.583790008616,8.21581779183245
"7748",2435,"CURT BEAN LBR. CO.",4,8,9,10,401,"N","S",6,1,11,5,4,16.503358051749,8.21581779183245
"7749",2435,"SCOTT LUMBER CO.",1,8,9,10,401,"N","S",6,1,11,5,4,16.6791389908849,8.21581779183245
"7750",2435,"INELL JONES",3,8,9,10,401,"N","S",6,1,11,5,4,16.541695329262,8.21581779183245
"7751",2436,"WEYERHAEUSER CO.",1,8,9,11,231,"N","S",5,1,14,22,4,16.6593996540252,8.24354550792826
"7752",2436,"DELTIC FARM & TBR.",2,8,9,11,231,"N","S",5,1,14,22,4,16.6467725876797,8.24354550792826
"7753",2436,"ARKANSAS KRAFT CORP.",4,8,9,11,231,"N","S",5,1,14,22,4,16.3955618435519,8.24354550792826
"7754",2436,"BIBLER BROS. INC.",3,8,9,11,231,"N","S",5,1,14,22,4,16.4673868016667,8.24354550792826
"7755",2437,"SALINE COUNTY LBR. CO.",1,8,9,11,617,"N","S",6,1,32,31,4,17.3109266148654,8.25686684897431
"7756",2437,"DELTIC FARM & TBR.",3,8,9,11,617,"N","S",6,1,32,31,4,17.1664001945133,8.25686684897431
"7757",2437,"ARKANSAS KRAFT CORP",4,8,9,11,617,"N","S",6,1,32,31,4,16.9970042983651,8.25686684897431
"7758",2437,"WEYERHAEUSER CO.",2,8,9,11,617,"N","S",6,1,32,31,4,17.2374611607168,8.25686684897431
"7759",2438,"BIBLER BROS. LBR. CO.",7,8,9,11,220,"N","S",5,170,0,29,7,15.9628950534937,10.0419442956831
"7760",2438,"J & B LBR. CO.",5,8,9,11,220,"N","S",5,170,0,29,7,15.7174776267363,10.0419442956831
"7761",2438,"PLAINVIEW LBR. CO.",2,8,9,11,220,"N","S",5,170,0,29,7,15.9952272065021,10.0419442956831
"7762",2438,"SALINE CO. LBR. CO.",1,8,9,11,220,"N","S",5,170,0,29,7,16.1996756379507,10.0419442956831
"7763",2438,"L. J. WEAVER",3,8,9,11,220,"N","S",5,170,0,29,7,15.9138925907017,10.0419442956831
"7764",2438,"ARKANSAS KRAFT CORP.",6,8,9,11,220,"N","S",5,170,0,29,7,16.4481415686674,10.0419442956831
"7765",2438,"INELL JONES",4,8,9,11,220,"N","S",5,170,0,29,7,15.8696455736475,10.0419442956831
"7766",2439,"ARKANSAS KRAFT CORP.",4,8,9,11,320,"N","S",5,1,10,31,4,16.4240846739157,8.30671904320269
"7767",2439,"SALINE COUNTY LBR. CO.",2,8,9,11,320,"N","S",5,1,10,31,4,16.7386721386834,8.30671904320269
"7768",2439,"J&B LUMBER CO.",3,8,9,11,320,"N","S",5,1,10,31,4,16.5721905294211,8.30671904320269
"7769",2439,"PLAINVIEW LBR. CO., INC.",1,8,9,11,320,"N","S",5,1,10,31,4,16.8265691807036,8.30671904320269
"7770",2440,"ARKANSAS KRAFT CORP.",2,8,9,11,251,"N","S",5,1,126,17,2,16.5834980859263,8.25686684897431
"7771",2440,"PLAINVIEW LBR. CO.",1,8,9,11,251,"N","S",5,1,126,17,2,16.5086561011107,8.25686684897431
"7772",2441,"B.G. WILSON LBR. CO.",3,8,9,11,295,"N","S",5,1,19,28,5,16.5587547218856,8.23642052726539
"7773",2441,"SALINE CO. LBR. CO.",1,8,9,11,295,"N","S",5,1,19,28,5,16.6587324722959,8.23642052726539
"7774",2441,"BIBLER BROTHERS, INC.",5,8,9,11,295,"N","S",5,1,19,28,5,16.368633878073,8.23642052726539
"7775",2441,"DELTIC FARM & TIMBER CO.,",2,8,9,11,295,"N","S",5,1,19,28,5,16.6121865266705,8.23642052726539
"7776",2441,"WEYERHAEUSER CO.",4,8,9,11,295,"N","S",5,1,19,28,5,16.5176768159075,8.23642052726539
"7777",2442,"ARKANSAS KRAFT CORP.",2,8,9,11,493,"N","S",6,1,6,21,5,16.9233654326552,8.3774712482411
"7778",2442,"BIBLER BROS. INC.",4,8,9,11,493,"N","S",6,1,6,21,5,16.8207944195177,8.3774712482411
"7779",2442,"DELTIC FARM & TBR.",5,8,9,11,493,"N","S",6,1,6,21,5,16.7828789530708,8.3774712482411
"7780",2442,"WEYERHAEUSER CO.",1,8,9,11,493,"N","S",6,1,6,21,5,16.9971908049079,8.3774712482411
"7781",2442,"SALINE CO. LBR. CO.",3,8,9,11,493,"N","S",6,1,6,21,5,16.8882038726544,8.3774712482411
"7782",2443,"L. J. WEAVER",2,8,9,11,142,"N","S",5,170,3,27,5,15.7228999317098,10.1130188764305
"7783",2443,"BIBLER BROTHERS, INC.",4,8,9,11,142,"N","S",5,170,3,27,5,15.8308625443729,10.1130188764305
"7784",2443,"PLAINVIEW LBR. CO.",1,8,9,11,142,"N","S",5,170,3,27,5,15.7676157636825,10.1130188764305
"7785",2443,"SALINE COUNTY LBR. CO.",3,8,9,11,142,"N","S",5,170,3,27,5,15.608852108375,10.1130188764305
"7786",2443,"ARKANSAS KRAFT CORP.",5,8,9,11,142,"N","S",5,170,3,27,5,15.7754785734134,10.1130188764305
"7787",2444,"WEYERHAEUSER CO.",1,8,9,12,598,"N","S",7,1,45,26,6,17.895891413169,8.00836557031292
"7788",2444,"CLOUSE SAWMILL",5,8,9,12,598,"N","S",7,1,45,26,6,17.4285357891927,8.00836557031292
"7789",2444,"INELL JONES & JIMMY HUFF",4,8,9,12,598,"N","S",7,1,45,26,6,17.4403900125785,8.00836557031292
"7790",2444,"HUFFMAN TBR. CO.",6,8,9,12,598,"N","S",7,1,45,26,6,17.4016732209213,8.00836557031292
"7791",2444,"GEORGIA-PACIFIC CORP.",3,8,9,12,598,"N","S",7,1,45,26,6,17.5088027615623,8.00836557031292
"7792",2444,"REYNOLDS-WILSON LBR. CO.",2,8,9,12,598,"N","S",7,1,45,26,6,17.7291952420394,8.00836557031292
"7793",2445,"T. L. CLOUSE",3,8,9,12,162,"N","S",5,1,17,29,3,15.7589068356052,8.00836557031292
"7794",2445,"REYNOLDS-WILSON LBR. CO.",1,8,9,12,162,"N","S",5,1,17,29,3,16.1843514467354,8.00836557031292
"7795",2445,"WEYERHAEUSER COMPANY",2,8,9,12,162,"N","S",5,1,17,29,3,15.8410237576186,8.00836557031292
"7796",2446,"HUFFMAN TBR. CO.",1,8,9,12,113,"N","S",5,1,0,18,1,12.7068479334427,7.95717732345947
"7797",2447,"WEYERHAEUSER",2,8,9,12,804,"N","S",7,1,23,22,5,17.9146436369182,8.00836557031292
"7798",2447,"GEORGIA-PACIFIC CORP.",5,8,9,12,804,"N","S",7,1,23,22,5,17.6590491340554,8.00836557031292
"7799",2447,"CLOUSE SAWMILL",4,8,9,12,804,"N","S",7,1,23,22,5,17.7499072356593,8.00836557031292
"7800",2447,"REYNOLDS-WILSON LBR. CO.",3,8,9,12,804,"N","S",7,1,23,22,5,17.796443186081,8.00836557031292
"7801",2447,"M & B ENTERPRISES, INC.",1,8,9,12,804,"N","S",7,1,23,22,5,17.9881908333118,8.00836557031292
"7802",2448,"WHITE WOOD TREATING CO.",1,8,10,1,2003,"N","S",5,4,0,16,1,15.346010668758,9.90563524459359
"7803",2449,"WHITE WOOD TREATING CO.",1,8,10,1,765,"N","S",5,4,0,13,1,16.5245051130239,9.90563524459359
"7804",2450,"PLEASANT:S MILL & TBR. CO",1,8,10,1,1250,"N","S",5,170,0,11,1,14.9836675658234,10.1127349986582
"7805",2451,"WHITE WOOD TREATING CO.",1,8,10,1,135,"N","S",5,170,0,17,1,13.6417819755883,10.074116010739
"7806",2452,"BUSTER SMITH",1,8,10,2,1085,"N","S",5,4,22,34,5,16.4142294070999,9.945205145888
"7807",2452,"DELMER MIDDLETON",2,8,10,2,1085,"N","S",5,4,22,34,5,16.1332699369292,9.945205145888
"7808",2452,"CLARKSVILLE WOOD PRODUCTS",5,8,10,2,1085,"N","S",5,4,22,34,5,15.9472124263052,9.945205145888
"7809",2452,"TURNEY HUGHES",3,8,10,2,1085,"N","S",5,4,22,34,5,16.130968439941,9.945205145888
"7810",2452,"BOBBY BRATTON",4,8,10,2,1085,"N","S",5,4,22,34,5,16.0036383289805,9.945205145888
"7811",2453,"JOHN RUSSELL",2,8,10,2,285,"N","S",5,4,0,34,10,14.6152674735825,9.79143804872751
"7812",2453,"HUGHES LUMBER COMPANY",8,8,10,2,285,"N","S",5,4,0,34,10,14.3819884619201,9.79143804872751
"7813",2453,"G. W. CAMPBELL",3,8,10,2,285,"N","S",5,4,0,34,10,14.6076112732433,9.79143804872751
"7814",2453,"RONNIE WILLHITE",7,8,10,2,285,"N","S",5,4,0,34,10,14.5318858646434,9.79143804872751
"7815",2453,"C. B. HUDSON",4,8,10,2,285,"N","S",5,4,0,34,10,14.5744454790622,9.79143804872751
"7816",2453,"EASTERLING WOOD PROD., IN",1,8,10,2,285,"N","S",5,4,0,34,10,14.6152674735825,9.79143804872751
"7817",2453,"FT. SMITH RIM & BOW CO.",10,8,10,2,285,"N","S",5,4,0,34,10,14.3537655338353,9.79143804872751
"7818",2453,"CLARKSVILLE WOOD PROD., I",9,8,10,2,285,"N","S",5,4,0,34,10,14.3811879372783,9.79143804872751
"7819",2453,"BOLING BROS.",5,8,10,2,285,"N","S",5,4,0,34,10,14.5639741791949,9.79143804872751
"7820",2453,"FOWLER LUMBER CO.",6,8,10,2,285,"N","S",5,4,0,34,10,14.548058723889,9.79143804872751
"7821",2454,"DELTA FARM & TBR.",2,8,10,3,250,"N","S",5,1,0,31,4,16.5201146279718,8.31630024903685
"7822",2454,"J & B LUMBER CO.",1,8,10,3,250,"N","S",5,1,0,31,4,16.1284582730454,8.31630024903685
"7823",2454,"ARK KRAFT CORP.",3,8,10,3,250,"N","S",5,1,0,31,4,16.3946606824653,8.31630024903685
"7824",2454,"BIBLER BROS., INC.",4,8,10,3,250,"N","S",5,1,0,31,4,16.2295201136694,8.31630024903685
"7825",2455,"ARKANSAS KRAFT CORP.",2,8,10,3,792,"N","S",5,1,0,31,3,16.4997316885163,8.31630024903685
"7826",2455,"BIBLER BROS., INC.",1,8,10,3,792,"N","S",5,1,0,31,3,16.5094921925764,8.31630024903685
"7827",2455,"DELTIC FARM & TBR. CO., I",3,8,10,3,792,"N","S",5,1,0,31,3,16.469490208161,8.31630024903685
"7828",2456,"BIBLER BROS., INC.",4,8,10,3,285,"N","S",5,1,8,30,4,15.8831349260739,8.31630024903685
"7829",2456,"ARK-KRAFT CORP.",2,8,10,3,285,"N","S",5,1,8,30,4,16.0280504766559,8.31630024903685
"7830",2456,"J AND B LUMBER CO.",1,8,10,3,285,"N","S",5,1,8,30,4,15.8816645853333,8.31630024903685
"7831",2456,"DELTIC FARM & TBR. CO.",3,8,10,3,285,"N","S",5,1,8,30,4,15.9684166416267,8.31630024903685
"7832",2457,"ARK. KRAFT CORP.",3,8,10,3,219,"N","S",5,1,0,48,3,15.4414226232879,8.30498958014036
"7833",2457,"BIBLER BROS., INC.",2,8,10,3,219,"N","S",5,1,0,48,3,15.5637600482767,8.30498958014036
"7834",2457,"STAR LUMBER CO., INC.",1,8,10,3,219,"N","S",5,1,0,48,3,15.6892351934499,8.30498958014036
"7835",2458,"ARK KRAFT CORP.",1,8,10,3,739,"N","S",6,1,10,38,3,16.6941414384907,8.36053938137086
"7836",2458,"BIBLER BROS. INC.",2,8,10,3,739,"N","S",6,1,10,38,3,16.6545939337415,8.36053938137086
"7837",2458,"DELTIC FARM & TBR. CO.",3,8,10,3,739,"N","S",6,1,10,38,3,16.6383514703306,8.36053938137086
"7838",2459,"RONNIE WILLHITE",4,8,10,3,226,"N","S",5,4,0,12,4,14.2971438003484,9.79918203572681
"7839",2459,"DAVID TREAT WOOD PRODUCTS",1,8,10,3,226,"N","S",5,4,0,12,4,14.6479848037453,9.79918203572681
"7840",2459,"DELMER MIDDLETON",3,8,10,3,226,"N","S",5,4,0,12,4,14.4157833896735,9.79918203572681
"7841",2459,"CLARKSVILLE WOOD PRODUCTS",2,8,10,3,226,"N","S",5,4,0,12,4,14.4401379693924,9.79918203572681
"7842",2460,"ARK. KRAFT CORP.",2,8,10,3,448,"N","S",5,1,6,28,3,15.9041486811531,8.31630024903685
"7843",2460,"DELTIC FARM & TIMBER CO.",1,8,10,3,448,"N","S",5,1,6,28,3,15.9075139926458,8.31630024903685
"7844",2460,"BIBLER BROS., INC.",3,8,10,3,448,"N","S",5,1,6,28,3,15.8728328886387,8.31630024903685
"7845",2461,"ARKWOOD, INC.",1,8,10,4,93,"N","S",5,1,0,24,2,12.9763544632687,8.31630024903685
"7846",2461,"ARKANSAS KRAFT CORP.",2,8,10,4,93,"N","S",5,1,0,24,2,12.9020807297997,8.31630024903685
"7847",2462,"BIBLER BROS., INC.",1,8,10,4,228,"N","S",5,1,0,11,2,15.9069745396213,8.24617155985756
"7848",2462,"CLARKSVILLE WOOD PROD.",2,8,10,4,228,"N","S",5,1,0,11,2,15.6769826396036,8.24617155985756
"7849",2463,"ARK-KRAFT CORP",1,8,10,4,93,"N","S",5,4,0,48,1,13.1240799033304,8.32385113133882
"7850",2464,"BIBLER BROS., INC.",1,8,10,4,875,"N","S",5,1,21,25,1,16.350944354557,8.32385113133882
"7851",2465,"ARKANSAS KRAFT CORP.",2,8,10,4,1129,"N","S",6,1,20,16,2,17.1857513919938,8.32385113133882
"7852",2465,"BIBLER BROS., INC.",1,8,10,4,1129,"N","S",6,1,20,16,2,17.2168240662168,8.32385113133882
"7853",2466,"ARKANSAS KRAFT CORP.",2,8,10,4,250,"N","S",5,1,6,17,2,14.8414768821475,8.31630024903685
"7854",2466,"BIBLER BROS., INC.",1,8,10,4,250,"N","S",5,1,6,17,2,14.9192659316015,8.31630024903685
"7855",2467,"ARKANSAS KRAFT CORPORATIO",2,8,10,5,2703,"N","S",6,1,31,43,3,16.5078417265361,8.18367658262066
"7856",2467,"BIBLER BROS., INC.",1,8,10,5,2703,"N","S",6,1,31,43,3,16.5753455459851,8.18367658262066
"7857",2467,"SIMMONS LUMBER, INC.",3,8,10,5,2703,"N","S",6,1,31,43,3,16.4172738885485,8.18367658262066
"7858",2468,"RONNIE WILLHITE",2,8,10,5,708,"N","S",5,4,0,19,3,15.5083884776322,9.81263243419204
"7859",2468,"BOLING BROTHERS",3,8,10,5,708,"N","S",5,4,0,19,3,15.4327678194505,9.81263243419204
"7860",2468,"CLARKSVILLE WOOD PRODUCTS",1,8,10,5,708,"N","S",5,4,0,19,3,15.6071866903866,9.81263243419204
"7861",2469,"RONNIE WILLHITE",2,8,10,5,393,"N","S",5,4,0,10,2,14.6968259204475,9.945205145888
"7862",2469,"CLARKSVILLE WOOD PROD. IN",1,8,10,5,393,"N","S",5,4,0,10,2,14.9161541155415,9.945205145888
"7863",2470,"JOHN RUSSELL & SONS",4,8,10,5,317,"N","S",5,4,0,13,4,14.4321006158021,9.79918203572681
"7864",2470,"EASTERLING WOOD PRODUCTS",2,8,10,5,317,"N","S",5,4,0,13,4,14.7476746389947,9.79918203572681
"7865",2470,"CLARKSVILLE WOOD PRODUCTS",1,8,10,5,317,"N","S",5,4,0,13,4,14.7635712379272,9.79918203572681
"7866",2470,"RONNIE E. WILHITE",3,8,10,5,317,"N","S",5,4,0,13,4,14.5736117983136,9.79918203572681
"7867",2471,"SIMMONS LUMBER, INC.",3,8,10,6,1320,"N","S",5,1,14,31,3,15.9878388908675,8.30498958014036
"7868",2471,"DELTIC FARM & TBR. CO., I",2,8,10,6,1320,"N","S",5,1,14,31,3,16.0596115116738,8.30498958014036
"7869",2471,"BIBLER BROS., INC.",1,8,10,6,1320,"N","S",5,1,14,31,3,16.1043889417416,8.30498958014036
"7870",2472,"BIBLER BROS., INC.",2,8,10,6,1304,"N","S",5,1,0,28,2,14.9646476958416,8.30498958014036
"7871",2472,"SIMMONS LUMBER CO., INC.",1,8,10,6,1304,"N","S",5,1,0,28,2,14.8767584095322,8.30498958014036
"7872",2473,"ARKANSAS KRAFT CORP.",2,8,10,6,830,"N","S",5,1,0,23,2,15.7011478179808,8.31630024903685
"7873",2473,"DELTIC FARM & TBR. CO., I",1,8,10,6,830,"N","S",5,1,0,23,2,15.9080036810013,8.31630024903685
"7874",2474,"BIBLER BROS., INC.",1,8,10,6,3680,"N","S",6,1,34,40,1,16.853606245441,8.36053938137086
"7875",2476,"FAUST BAND SAW MILL, INC.",2,8,10,7,423,"N","S",5,4,0,8,2,13.4069406349026,10.0155654559415
"7876",2476,"HERMAN YOUNG LUMBER CO.",1,8,10,7,423,"N","S",5,4,0,8,2,13.4656849607468,10.0155654559415
"7877",2477,"HERMAN YOUNG LBR. CO.",1,8,10,7,1406,"N","S",5,4,5,5,2,15.3419537431327,9.99268819799443
"7878",2477,"TREAT WOOD PRODUCTS",2,8,10,7,1406,"N","S",5,4,5,5,2,15.3035893230701,9.99268819799443
"7879",2480,"BEMIS HARDWOODS",1,8,11,2,535,"N","S",5,4,16,13,1,16.0097892448675,10.0271201129814
"7880",2481,"VALWOOD CORPORATION",1,8,11,2,281,"N","S",5,1,0,4,1,13.8712763358701,8.2358907259285
"7881",2482,"DENMAN ADAMS",1,8,11,2,390,"N","S",5,1,0,22,1,13.6518144652935,8.01268092970684
"7882",2483,"D. B. ARANT, INC.",1,8,11,3,270,"N","S",5,1,0,7,1,16.2624932667597,8.35420356292178
"7883",2484,"NEW RIVER WOOD CORP.",2,8,11,3,445,"N","S",5,1,0,28,3,15.5013927113496,8.17272910486547
"7884",2484,"E. W. TEMPLE",1,8,11,3,445,"N","S",5,1,0,28,3,15.5591821163853,8.17272910486547
"7885",2484,"W. J.&L. T. WETHERINGTON",3,8,11,3,445,"N","S",5,1,0,28,3,15.4886553958561,8.17272910486547
"7886",2485,"NEW RIVER WOOD CORP.",1,8,11,3,1504,"N","S",5,1,0,55,1,15.6963487102759,8.42156296040099
"7887",2486,"NEW RIVER WOOD CORP.",3,8,11,3,868,"N","S",6,1,0,36,4,17.2778406676292,8.35420356292178
"7888",2486,"GEORGIA-PACIFIC CORP.",4,8,11,3,868,"N","S",6,1,0,36,4,17.1606030882417,8.35420356292178
"7889",2486,"EASTERN LAND & TIMBER",2,8,11,3,868,"N","S",6,1,0,36,4,17.3062034286533,8.35420356292178
"7890",2486,"CORBETT PACKAGE COMPANY",1,8,11,3,868,"N","S",6,1,0,36,4,17.3238316998545,8.35420356292178
"7891",2487,"NEW RIVER WOOD CORP.",2,8,11,3,943,"N","S",6,1,0,23,2,16.5664918877986,8.42156296040099
"7892",2487,"EASTERN LAND AND TIMBER C",1,8,11,3,943,"N","S",6,1,0,23,2,16.7425034993161,8.42156296040099
"7893",2489,"CANTON HARDWOOD CO., INC.",1,8,11,4,575,"N","S",6,4,42,20,1,15.91418924846,10.0283124029816
"7894",2490,"CARL H. MCPEETERS",1,8,11,5,910,"N","S",5,1,0,18,1,12.7613935091827,8.15075647027555
"7895",2491,"TREELAND TIMBER",1,8,11,6,112,"N","S",5,160,0,28,8,15.9952168036799,10.0826792163212
"7896",2491,"CANTON HARDWOOD",6,8,11,6,112,"N","S",5,160,0,28,8,15.609800157046,10.0826792163212
"7897",2491,"THRIFT LUMBER COMPANY",5,8,11,6,112,"N","S",5,160,0,28,8,15.6385264168429,10.0826792163212
"7898",2491,"W. C. HENNESSEE",4,8,11,6,112,"N","S",5,160,0,28,8,15.6893093556759,10.0826792163212
"7899",2491,"CARPENTER BROTHERS",3,8,11,6,112,"N","S",5,160,0,28,8,15.8260812742807,10.0826792163212
"7900",2491,"BEMIS HARDWOODS",7,8,11,6,112,"N","S",5,160,0,28,8,15.4655593706398,10.0826792163212
"7901",2491,"COOK BROTHERS",2,8,11,6,112,"N","S",5,160,0,28,8,15.8913518766116,10.0826792163212
"7902",2491,"WNC PALLET",8,8,11,6,112,"N","S",5,160,0,28,8,15.1795593101368,10.0826792163212
"7903",2492,"COOK BROS. LUMBER CO.",4,8,11,6,235,"N","S",5,4,26,28,5,15.7971793903012,7.99496952269788
"7904",2492,"BEMIS HARDWOODS",3,8,11,6,235,"N","S",5,4,26,28,5,15.8146960358784,7.99496952269788
"7905",2492,"THRIFT BROS. LUMBER CO.",5,8,11,6,235,"N","S",5,4,26,28,5,15.787595147989,7.99496952269788
"7906",2492,"W. C. HENNESSEE LUMBER CO",1,8,11,6,235,"N","S",5,4,26,28,5,15.9741938712694,7.99496952269788
"7907",2492,"CARPENTER BROS. LUMBER CO",2,8,11,6,235,"N","S",5,4,26,28,5,15.9540572146534,7.99496952269788
"7908",2493,"COOK BROTHERS LUMBER CO.",1,8,11,6,222,"N","S",5,4,20,15,3,16.2043815982208,10.0148500203896
"7909",2493,"W. C. HENNESSEE LBR. CO.",2,8,11,6,222,"N","S",5,4,20,15,3,16.155194595521,10.0148500203896
"7910",2493,"BEMIS HARDWOODS",3,8,11,6,222,"N","S",5,4,20,15,3,15.5461624137542,10.0148500203896
"7911",2494,"WNC PALLET & FOREST PROD.",2,8,11,7,253,"N","S",5,4,0,42,5,14.2641334904169,9.79367268652892
"7912",2494,"CHAMPION INTERNATIONAL",4,8,11,7,253,"N","S",5,4,0,42,5,13.9915910128686,9.79367268652892
"7913",2494,"CANTON HARDWOOD",1,8,11,7,253,"N","S",5,4,0,42,5,14.7044218710147,9.79367268652892
"7914",2494,"GRAVELY AND LEE",5,8,11,7,253,"N","S",5,4,0,42,5,13.9573919917602,9.79367268652892
"7915",2494,"POWELL WHOLESALE",3,8,11,7,253,"N","S",5,4,0,42,5,14.2032555887629,9.79367268652892
"7916",2495,"DEAN HALL",2,8,11,9,270,"N","S",5,170,0,30,3,13.7228468731009,9.85371941030201
"7917",2495,"ROY ROSE",3,8,11,9,270,"N","S",5,170,0,30,3,13.567369660133,9.85371941030201
"7918",2495,"LESARD RADFORD",1,8,11,9,270,"N","S",5,170,0,30,3,14.2472929743898,9.85371941030201
"7919",2496,"MUNDY'S LBR. & VENEER",2,8,11,9,300,"N","S",5,160,0,27,3,15.9126477293673,10.0919982503559
"7920",2496,"TREELAND TIMBER C-.",3,8,11,9,300,"N","S",5,160,0,27,3,15.8090439320769,10.0919982503559
"7921",2496,"BEMIS HARDWOODS",1,8,11,9,300,"N","S",5,160,0,27,3,16.085255053513,10.0919982503559
"7922",2497,"CAMPBELL AIR SERVICE",2,8,11,9,420,"N","S",5,4,0,20,2,13.9301856578768,10.0289300682266
"7923",2497,"EVERGREEN HELICOPTERS, IN",1,8,11,9,420,"N","S",5,4,0,20,2,13.9428557303243,10.0289300682266
"7924",2499,"DEAN HALL",1,8,11,9,548,"N","S",6,1,0,28,1,15.5322051871301,8.10982627601848
"7925",2500,"JACK LANIER",3,8,11,10,192,"N","S",5,1,0,24,3,15.4134222985598,8.19007704971905
"7926",2500,"JORDAN LUMBER & SUPPLY",1,8,11,10,192,"N","S",5,1,0,24,3,15.5758976881532,8.19007704971905
"7927",2500,"H. W. CULP",2,8,11,10,192,"N","S",5,1,0,24,3,15.5643312104506,8.19007704971905
"7928",2502,"COOK BROTHERS LUMBER CO.",1,8,11,11,147,"N","D",5,1,0,17,1,14.2538932226726,8.00936307663004
"7929",2503,"W. C. HENNESSEE LUMBER CO",1,8,11,11,268,"N","S",5,4,0,15,1,14.3237759070223,9.71625395138115
"7930",2504,"W. C. HENNESSEE LUMBER CO",1,8,11,11,1970,"N","S",6,4,40,8,1,16.3848225391753,9.96669706593401
"7931",2505,"W. C. HENNESSEE LBR. CO.",1,8,11,11,1480,"N","S",5,4,0,22,1,13.814158644541,9.96983693307766
"7932",2506,"FRAZIER PULPWOOD CO.,INC.",1,8,12,1,1002,"N","S",6,1,0,25,2,16.7902260173955,8.24301946898925
"7933",2506,"SOUTHWEST FOREST INDUSTRI",2,8,12,1,1002,"N","S",6,1,0,25,2,16.9884974061459,8.24301946898925
"7934",2507,"SOUTHWEST FOREST INDUSTRI",1,8,12,1,751,"N","S",6,1,0,12,4,16.3501275833179,8.24301946898925
"7935",2507,"WESTVACO",4,8,12,1,751,"N","S",6,1,0,12,4,16.0686417165421,8.24301946898925
"7936",2507,"JOHN R. FRAZIER, INC.",2,8,12,1,751,"N","S",6,1,0,12,4,16.3398110629669,8.24301946898925
"7937",2507,"GEORGIA-PACIFIC CORP.",3,8,12,1,751,"N","S",6,1,0,12,4,16.2227340059209,8.24301946898925
"7938",2508,"JOHN R. FRAZIER,INC.",1,8,12,1,521,"N","S",5,1,1,22,1,15.6475739675457,8.24301946898925
"7939",2509,"GEORGIA - PACIFIC",1,8,12,1,659,"N","S",6,1,11,20,2,17.2977532214776,8.24301946898925
"7940",2509,"SOUTHWEST FOREST INDUSTRI",2,8,12,1,659,"N","S",6,1,11,20,2,17.1086511998283,8.24301946898925
"7941",2510,"DICKERT LBR. CO., INC.",3,8,12,1,983,"N","S",7,1,12,10,3,17.4161136171088,8.24301946898925
"7942",2510,"SOUTHWEST FOREST IND.",2,8,12,1,983,"N","S",7,1,12,10,3,17.588867961816,8.24301946898925
"7943",2510,"GEORGIA - PACIFIC CORP.",1,8,12,1,983,"N","S",7,1,12,10,3,17.6899272264324,8.24301946898925
"7944",2511,"SOUTHWEST FOREST INDUSTRI",1,8,12,1,861,"N","S",6,1,22,14,2,16.9185738794016,8.24301946898925
"7945",2511,"GEORGIA-PACIFIC CORP.",2,8,12,1,861,"N","S",6,1,22,14,2,16.8596424432415,8.24301946898925
"7946",2512,"GEORGIA-PACIFIC CORP.",2,8,12,1,509,"N","S",5,1,4,7,2,15.9958602180756,8.24301946898925
"7947",2512,"SOUTHWEST FOREST INDUSTRI",1,8,12,1,509,"N","S",5,1,4,7,2,16.0208025063783,8.24301946898925
"7948",2513,"CHAMPION TIMBERLANDS",2,8,12,1,1081,"N","S",6,1,0,17,3,17.2202051505825,8.24301946898925
"7949",2513,"GEORGIA-PACIFIC CORP.",3,8,12,1,1081,"N","S",6,1,0,17,3,17.2189088491805,8.24301946898925
"7950",2513,"SOUTHWEST FOREST INDUSTRI",1,8,12,1,1081,"N","S",6,1,0,17,3,17.4720604999627,8.24301946898925
"7951",2514,"SOUTHWEST FOREST INDUSTRI",2,8,12,1,710,"N","S",6,1,14,13,2,16.5501312820756,8.24301946898925
"7952",2514,"GEORGIA-PACIFIC CORP.",1,8,12,1,710,"N","S",6,1,14,13,2,16.6318290430654,8.24301946898925
"7953",2515,"SOUTHWEST FOREST INDUSTRI",3,8,12,1,427,"N","S",6,1,8,18,3,16.7059378698728,8.24301946898925
"7954",2515,"CHAMPION TIMBERLANDS",2,8,12,1,427,"N","S",6,1,8,18,3,16.9145211809718,8.24301946898925
"7955",2515,"GEORGIA-PACIFIC CORP.",1,8,12,1,427,"N","S",6,1,8,18,3,16.9984109580298,8.24301946898925
"7956",2516,"THRIFT BROS. LBR. CO.",2,8,12,2,79,"N","S",5,1,0,31,5,13.8055612271106,8.25608813381491
"7957",2516,"VICTOR SMITH",3,8,12,2,79,"N","S",5,1,0,31,5,13.6529916284665,8.25608813381491
"7958",2516,"HENNESSEE LBR. CO.",4,8,12,2,79,"N","S",5,1,0,31,5,13.4547989060433,8.25608813381491
"7959",2516,"LINLEY LUMBER CO.",1,8,12,2,79,"N","S",5,1,0,31,5,13.8997597904092,8.25608813381491
"7960",2516,"CHAMPION INTERNATIONAL",5,8,12,2,79,"N","S",5,1,0,31,5,13.3848814761926,8.25608813381491
"7961",2517,"CHAMPION INTERNATIONAL",4,8,12,2,140,"N","S",5,1,0,17,5,15.1932073153829,8.25608813381491
"7962",2517,"DAVIS BROS. LUMBER CO.",5,8,12,2,140,"N","S",5,1,0,17,5,15.0914318616028,8.25608813381491
"7963",2517,"THRIFT BROS. LUMBER CO.",1,8,12,2,140,"N","S",5,1,0,17,5,15.531468313776,8.25608813381491
"7964",2517,"L. D. REID",3,8,12,2,140,"N","S",5,1,0,17,5,15.2661067715929,8.25608813381491
"7965",2517,"TREELAND TIMBER CO.",2,8,12,2,140,"N","S",5,1,0,17,5,15.2810780999787,8.25608813381491
"7966",2518,"THRIFT BROS. LBR. CO.",2,8,12,2,272,"N","S",5,170,9,13,2,15.6897098594656,9.91729183351253
"7967",2518,"WINCHESTER BROTHERS",1,8,12,2,272,"N","S",5,170,9,13,2,15.7497239949873,9.91729183351253
"7968",2519,"CHAMPION INTERNATIONAL",2,8,12,2,426,"N","S",6,1,12,19,3,16.5717285073531,8.25608813381491
"7969",2519,"TREELAND TIMBER CO.",3,8,12,2,426,"N","S",6,1,12,19,3,16.196451552158,8.25608813381491
"7970",2519,"THRIFT BROS. LUMBER CO.",1,8,12,2,426,"N","S",6,1,12,19,3,16.6568787955989,8.25608813381491
"7971",2520,"CANAL WOOD CORP.",4,8,12,3,569,"N","S",5,1,0,15,5,15.3678488783578,8.24301946898925
"7972",2520,"POLLARD LB. CO.",5,8,12,3,569,"N","S",5,1,0,15,5,15.3606194206535,8.24301946898925
"7973",2520,"PIEDMONT WOOD CO.",2,8,12,3,569,"N","S",5,1,0,15,5,15.5570743757883,8.24301946898925
"7974",2520,"J. M. COX III",1,8,12,3,569,"N","S",5,1,0,15,5,15.5577703864039,8.24301946898925
"7975",2520,"BOWEN PULPWOOD CO.",3,8,12,3,569,"N","S",5,1,0,15,5,15.4276115213285,8.24301946898925
"7976",2521,"POLLARD LUMBER CO.",1,8,12,3,126,"N","S",5,1,0,15,4,14.7787085395794,8.24301946898925
"7977",2521,"CANAL WOOD CORP.",4,8,12,3,126,"N","S",5,1,0,15,4,14.6572070456275,8.24301946898925
"7978",2521,"J.F. WHITE & SONS",3,8,12,3,126,"N","S",5,1,0,15,4,14.7120882585284,8.24301946898925
"7979",2521,"GREENSBORO LB. CO.",2,8,12,3,126,"N","S",5,1,0,15,4,14.7308600470083,8.24301946898925
"7980",2522,"POLLARD LUMBER CO.",1,8,12,3,315,"N","S",5,1,9,3,3,16.103489498569,8.24301946898925
"7981",2522,"BOWEN PULPWOOD CO",2,8,12,3,315,"N","S",5,1,9,3,3,15.9711411993916,8.24301946898925
"7982",2522,"PIEDMONT WOOD CO., INC",3,8,12,3,315,"N","S",5,1,9,3,3,15.904101738742,8.24301946898925
"7983",2523,"BOWEN PULPWOOD CO.",1,8,12,3,444,"N","S",5,1,9,15,1,15.6292488795633,8.24301946898925
"7984",2524,"POLLARD LUMBER CO.",4,8,12,3,522,"N","S",6,1,25,10,4,16.6540040550918,8.24301946898925
"7985",2524,"BOWEN PULPWOOD",2,8,12,3,522,"N","S",6,1,25,10,4,16.6681419686468,8.24301946898925
"7986",2524,"GEORGIA-PACIFIC",3,8,12,3,522,"N","S",6,1,25,10,4,16.6602629527174,8.24301946898925
"7987",2524,"BRUNSWICK PULP LAND CO.",1,8,12,3,522,"N","S",6,1,25,10,4,16.811318728638,8.24301946898925
"7988",2525,"GREENSBORO LUMBER CO.",1,8,12,3,400,"N","S",6,1,6,9,3,16.5464274455052,8.24301946898925
"7989",2525,"POLLARD LUMBER CO.",2,8,12,3,400,"N","S",6,1,6,9,3,16.5131063011626,8.24301946898925
"7990",2525,"BOWEN PULPWOOD CO.",3,8,12,3,400,"N","S",6,1,6,9,3,16.4221037260089,8.24301946898925
"7991",2526,"WHITE LUMBER CO.",1,8,12,3,145,"N","S",5,1,5,10,4,16.3102355166896,8.24301946898925
"7992",2526,"POLLARD LBR. CO.",4,8,12,3,145,"N","S",5,1,5,10,4,16.2263489783985,8.24301946898925
"7993",2526,"GREENSBORO LBR. CO.",2,8,12,3,145,"N","S",5,1,5,10,4,16.2513694604111,8.24301946898925
"7994",2526,"MILLWAY LBR. CO.",3,8,12,3,145,"N","S",5,1,5,10,4,16.2291896984639,8.24301946898925
"7995",2527,"MC COMMELL POLE CO.",4,8,12,5,115,"N","S",5,1,0,35,4,15.6736677564309,8.42310226801664
"7996",2527,"HARVIN LUMBER CO.",1,8,12,5,115,"N","S",5,1,0,35,4,15.7614207070196,8.42310226801664
"7997",2527,"M. W. UMPHLETT & SONS",3,8,12,5,115,"N","S",5,1,0,35,4,15.6742430824454,8.42310226801664
"7998",2527,"WARD PULPWOOD",2,8,12,5,115,"N","S",5,1,0,35,4,15.7102928124866,8.42310226801664
"7999",2528,"MCCONNELL POLE CO.",1,8,12,5,1123,"N","S",7,1,35,29,4,17.4630962656755,8.48694014824522
"8000",2528,"INTERNATIONAL PAPER CO.",4,8,12,5,1123,"N","S",7,1,35,29,4,17.2969967708552,8.48694014824522
"8001",2528,"GEORGIA-PACIFIC CORP.",3,8,12,5,1123,"N","S",7,1,35,29,4,17.3116089448211,8.48694014824522
"8002",2528,"HOLLY HILL LBR. CO.",2,8,12,5,1123,"N","S",7,1,35,29,4,17.340399411969,8.48694014824522
"8003",2529,"M.W. UMPHLETT & SONS",2,8,12,5,63,"N","S",5,170,0,28,5,15.0092814998056,10.0680693528521
"8004",2529,"GEORGIA-PACIFIC CORP",5,8,12,5,63,"N","S",5,170,0,28,5,14.8818062451558,10.0680693528521
"8005",2529,"HARVIN LUMBER CO.",3,8,12,5,63,"N","S",5,170,0,28,5,14.983648909281,10.0680693528521
"8006",2529,"BAKER TIMBER CO.",1,8,12,5,63,"N","S",5,170,0,28,5,15.0739715475743,10.0680693528521
"8007",2529,"HOLLY HILL LUMBER CO.",4,8,12,5,63,"N","S",5,170,0,28,5,14.8888050386481,10.0680693528521
"8008",2530,"EPTING BALLENGER CORP.",1,8,12,5,55,"Y","S",5,1,0,50,1,14.1814278594299,8.38958706681109
"8009",2531,"SMITH LOGGING, INC.",1,8,12,5,288,"N","S",5,1,0,41,1,15.679630687972,8.45553053102413
"8010",2532,"GEORGIA - PACIFIC CORP.",1,8,12,5,577,"N","S",6,1,0,46,5,17.5112042423859,8.42310226801664
"8011",2532,"W. W. MCCONNELL",5,8,12,5,577,"N","S",6,1,0,46,5,17.0884042302523,8.42310226801664
"8012",2532,"M. W. UMPHLETT & SONS",4,8,12,5,577,"N","S",6,1,0,46,5,17.2623018583841,8.42310226801664
"8013",2532,"HOLLY HILL LBR. CO.",3,8,12,5,577,"N","S",6,1,0,46,5,17.4146649563909,8.42310226801664
"8014",2532,"WESTVACO DEV. CORP.",2,8,12,5,577,"N","S",6,1,0,46,5,17.4624515612191,8.42310226801664
"8015",2533,"HERCULES INCORPORATED",1,8,12,5,4500,"N","S",1,1,0,23,1,14.7632999568978,7.88269220628903
"8016",2534,"M.W. UMPHLETT & SONS",3,8,12,5,172,"N","S",5,170,0,42,3,15.7893654473082,10.2286099079618
"8017",2534,"HOLLY HILL LUMBER CO.",1,8,12,5,172,"N","S",5,170,0,42,3,15.879203742676,10.2286099079618
"8018",2534,"GEORGIA-PACIFIC CORP.",2,8,12,5,172,"N","S",5,170,0,42,3,15.8410633346718,10.2286099079618
"8019",2535,"GEORGIA-PACIFIC CORP.",2,8,12,5,263,"N","S",5,170,0,52,2,15.7185430296018,10.311649022192
"8020",2535,"WESTVACO DEVELOPMENT CORP",1,8,12,5,263,"N","S",5,170,0,52,2,15.7273910683234,10.311649022192
"8021",2536,"WESTVACO DEVELOPMENT CORP",2,8,12,5,857,"N","S",7,1,3,53,3,17.9844639061976,8.48694014824522
"8022",2536,"HOLLY HILL LUMBER CO.",3,8,12,5,857,"N","S",7,1,3,53,3,17.9708718219921,8.48694014824522
"8023",2536,"GEORGIA-PACIFIC CORP.",1,8,12,5,857,"N","S",7,1,3,53,3,17.9862774359892,8.48694014824522
"8024",2537,"M.W. UMPHLETT & SONS",2,8,12,5,538,"N","S",6,1,25,51,3,17.9462813554979,8.45553053102413
"8025",2537,"HOLLY HILL LBR. CO.",3,8,12,5,538,"N","S",6,1,25,51,3,17.9349541542414,8.45553053102413
"8026",2537,"GEORGIA-PACIFIC CORP.",1,8,12,5,538,"N","S",6,1,25,51,3,17.9662007964372,8.45553053102413
"8027",2538,"WARD PULPWOOD CO.",3,8,12,6,475,"N","S",6,1,0,14,3,16.0916181964849,8.38958706681109
"8028",2538,"M. W. UMPHLETT & SONS",1,8,12,6,475,"N","S",6,1,0,14,3,16.2088134838792,8.38958706681109
"8029",2538,"HARVIN LUMBER CO.",2,8,12,6,475,"N","S",6,1,0,14,3,16.1180956509583,8.38958706681109
"8030",2539,"INTERNATIONAL PAPER CO.",1,8,12,6,382,"N","S",5,1,0,17,1,14.6495898655314,8.38958706681109
"8031",2540,"BAKER TIMBER CO.",1,8,12,6,231,"N","S",5,1,0,9,3,15.2616916216463,8.38958706681109
"8032",2540,"M.W. UMPHLETT & SONS",2,8,12,6,231,"N","S",5,1,0,9,3,15.1943570020801,8.38958706681109
"8033",2540,"HARVIN LUMBER CO.",3,8,12,6,231,"N","S",5,1,0,9,3,15.1366168537051,8.38958706681109
"8034",2541,"INTERNATIONAL PAPER CO.",1,8,12,6,299,"N","S",5,1,0,14,1,15.559479363356,8.38958706681109
"8035",2542,"GEORGIA-PACIFIC CORP.",1,8,12,6,116,"N","S",5,1,0,11,1,13.8659184605081,8.38958706681109
"8036",2543,"ATLANTIC CRESSOTING CO.",1,8,12,6,1350,"N","S",6,1,0,15,1,17.2881227647034,8.38958706681109
"8037",2545,"M.W. UMPHLETT & SONS",1,8,12,6,640,"N","S",6,1,14,25,3,17.1297219441329,8.38958706681109
"8038",2545,"GEORGIA-PACIFIC CORP.",2,8,12,6,640,"N","S",6,1,14,25,3,17.0760157313548,8.38958706681109
"8039",2545,"WESTVACO DEV. CORP.",3,8,12,6,640,"N","S",6,1,14,25,3,17.0421206759283,8.38958706681109
"8040",2546,"M.W. UMPHLETT & SONS, INC",3,8,12,6,376,"N","S",5,170,0,15,3,15.9775117909013,10.1409678399504
"8041",2546,"GEORGIA-PACIFIC CORP.",1,8,12,6,376,"N","S",5,170,0,15,3,16.0196555781451,10.1409678399504
"8042",2546,"HOLLY HILL LUMBER CO.",2,8,12,6,376,"N","S",5,170,0,15,3,15.9953063548657,10.1409678399504
"8043",2547,"W.W. MCCONNELL",5,8,12,6,678,"N","S",6,1,0,20,5,16.8862389805547,8.38958706681109
"8044",2547,"HOLLY HILL LUMBER CO.",1,8,12,6,678,"N","S",6,1,0,20,5,17.2388933467617,8.38958706681109
"8045",2547,"WESTVACO DEVELOPMENT",3,8,12,6,678,"N","S",6,1,0,20,5,17.1251649284569,8.38958706681109
"8046",2547,"GEORGIA-PACIFIC CORP.",2,8,12,6,678,"N","S",6,1,0,20,5,17.1769409439547,8.38958706681109
"8047",2547,"M.W. UMPHLETT & SONS",4,8,12,6,678,"N","S",6,1,0,20,5,16.9458180416757,8.38958706681109
"8048",2548,"ROBERT A. HAMMOND",1,8,12,6,10530,"N","S",1,1,0,25,1,13.7713496621785,7.74109909003537
"8049",2549,"HOLLY HILL LUMBER CO.",2,8,12,6,337,"N","S",5,170,0,20,3,15.3463380698165,10.1714897401586
"8050",2549,"M.W. UMPHLETT & SONS",3,8,12,6,337,"N","S",5,170,0,20,3,15.211215995655,10.1714897401586
"8051",2549,"GEORGIA-PACIFIC CORP.",1,8,12,6,337,"N","S",5,170,0,20,3,15.4189303980728,10.1714897401586
"8052",2550,"GEORGIA-PACIFIC CORPS.",1,8,12,6,608,"N","S",6,170,0,12,4,17.6835503274095,10.1636956479872
"8053",2550,"WESTVACO DEVELOPMENT CORP",2,8,12,6,608,"N","S",6,170,0,12,4,17.6019788437823,10.1636956479872
"8054",2550,"M.W. UMPHLETT & SONS",4,8,12,6,608,"N","S",6,170,0,12,4,17.4719520440137,10.1636956479872
"8055",2550,"HOLLY HILL LUMBER CO.",3,8,12,6,608,"N","S",6,170,0,12,4,17.5573381863963,10.1636956479872
"8056",2551,"ROBERT A. HAMMOND",1,8,12,6,162,"N","D",5,1,0,40,1,13.1470423313648,8.38958706681109
"8057",2552,"CANAL WOOD CORP.",2,8,12,7,74,"N","S",5,1,0,20,3,13.1392224610372,8.24301946898925
"8058",2552,"H. M. HENTZ & SON",1,8,12,7,74,"N","S",5,1,0,20,3,13.2365327806375,8.24301946898925
"8059",2552,"JOHN R. FRAZIER, INC.",3,8,12,7,74,"N","S",5,1,0,20,3,13.039136104381,8.24301946898925
"8060",2553,"BOBBY FAUCETTE",2,8,12,7,350,"N","S",5,1,0,34,2,14.4360870456894,8.24301946898925
"8061",2553,"GEORGIA - PACIFIC CORP.",1,8,12,7,350,"N","S",5,1,0,34,2,14.7921868242522,8.24301946898925
"8062",2554,"C. R. K--N L-GGING",1,8,12,7,128,"N","S",5,1,0,24,1,14.3608123882602,8.24301946898925
"8063",2555,"CANAL WOOD CORP. OF CHEST",1,8,12,7,262,"N","S",5,1,0,36,1,14.606528727565,8.24301946898925
"8064",2556,"GEORGIA PACIFIC CORP.",1,8,12,7,47,"N","S",5,1,0,23,1,13.4419800683865,8.24301946898925
"8065",2557,"GEORGIA - PACIFIC CORP.",1,8,12,7,448,"N","S",5,1,12,20,2,16.1730477437722,8.24301946898925
"8066",2557,"SOUTHWEST FOREST IND.",2,8,12,7,448,"N","S",5,1,12,20,2,16.078574892796,8.24301946898925
"8067",2558,"JOHN L. FRAZIER, INC.",1,8,12,7,99,"N","S",5,1,4,31,1,14.1519827945855,8.24301946898925
"8068",2559,"GEORGIA-PACIFIC CORP.",1,8,12,7,211,"N","S",5,1,0,24,2,16.6409348222161,8.24301946898925
"8069",2559,"SOUTHWEST FOREST INDUSTRI",2,8,12,7,211,"N","S",5,1,0,24,2,16.4310715698573,8.24301946898925
"8070",2560,"SOUTHWEST FOREST INDUSTRI",2,8,12,7,577,"N","S",6,1,36,32,2,17.1497415847954,8.24301946898925
"8071",2560,"GEORGIA-PACIFIC CORP.",1,8,12,7,577,"N","S",6,1,36,32,2,17.3054694509039,8.24301946898925
"8072",2561,"B. L. MIMS & SON LBR. CO.",2,8,12,8,440,"N","S",6,1,10,16,3,16.3635853372069,8.24301946898925
"8073",2561,"POLLARD LBR. CO.",3,8,12,8,440,"N","S",6,1,10,16,3,16.3547475522973,8.24301946898925
"8074",2561,"BOWEN PULPWOOD CO.",1,8,12,8,440,"N","S",6,1,10,16,3,16.4057776984101,8.24301946898925
"8075",2562,"B. L. MIMS & SON LBR. CO.",3,8,12,8,484,"N","S",5,1,6,18,3,16.2491935600621,8.24301946898925
"8076",2562,"POLLARD LUMBER CO.",2,8,12,8,484,"N","S",5,1,6,18,3,16.3426861549314,8.24301946898925
"8077",2562,"J. M. COX, JR.",1,8,12,8,484,"N","S",5,1,6,18,3,16.378526817426,8.24301946898925
"8078",2563,"BOWEN PULPWOOD CO.",2,8,12,8,251,"N","S",5,1,3,18,3,15.4894951790024,8.24301946898925
"8079",2563,"B. L. MIMS & SON LB. CO.",3,8,12,8,251,"N","S",5,1,3,18,3,15.4272951148732,8.24301946898925
"8080",2563,"POLLARD LUMBER CO.",1,8,12,8,251,"N","S",5,1,3,18,3,15.5238884182533,8.24301946898925
"8081",2564,"B. L. MIMS LUMBER CO.",2,8,12,8,349,"N","S",5,1,3,12,2,15.8306547494225,8.24301946898925
"8082",2564,"POLLARD LUMBER CO.",1,8,12,8,349,"N","S",5,1,3,12,2,15.8502292776127,8.24301946898925
"8083",2565,"W. K. BROWN",3,8,12,8,287,"N","S",5,1,0,19,3,15.7743792385411,8.24301946898925
"8084",2565,"BOWEN PULPWOOD CO.",1,8,12,8,287,"N","S",5,1,0,19,3,15.780289144595,8.24301946898925
"8085",2565,"B. L. MIMS",2,8,12,8,287,"N","S",5,1,0,19,3,15.7773517035581,8.24301946898925
"8086",2566,"W.K. BROWN PULPWOOD",5,8,12,8,466,"N","S",5,1,6,18,5,15.5137185832384,8.24301946898925
"8087",2566,"J. F. WHITE & SON",4,8,12,8,466,"N","S",5,1,6,18,5,15.5670851560548,8.24301946898925
"8088",2566,"B. L. MIMS & SON",2,8,12,8,466,"N","S",5,1,6,18,5,15.633366044793,8.24301946898925
"8089",2566,"BOWEN PULPWOOD CO.",1,8,12,8,466,"N","S",5,1,6,18,5,15.6454217396808,8.24301946898925
"8090",2566,"POLLARD LUMBER CO.",3,8,12,8,466,"N","S",5,1,6,18,5,15.5755557368879,8.24301946898925
"8091",2567,"W.K. BROWN PW CORP.",1,8,12,8,670,"N","S",5,1,0,9,2,15.4446995277374,8.24301946898925
"8092",2567,"POLLARD LUMBER CO.",2,8,12,8,670,"N","S",5,1,0,9,2,15.2191535574188,8.24301946898925
"8093",2568,"BOWEN PULPWOOD CORP.",4,8,12,8,215,"N","S",5,1,0,15,4,15.3701401634808,8.24301946898925
"8094",2568,"B. L. MIMS LBR. CO",2,8,12,8,215,"N","S",5,1,0,15,4,15.5006489024859,8.24301946898925
"8095",2568,"POLLARD LUMBER CO.",1,8,12,8,215,"N","S",5,1,0,15,4,15.5754697146425,8.24301946898925
"8096",2568,"W. K. BROWN PULPWOOD",3,8,12,8,215,"N","S",5,1,0,15,4,15.3736867544596,8.24301946898925
"8097",2569,"BOWEN PULPWOOD CO.",2,8,12,8,992,"N","S",6,1,0,16,2,16.8757813370308,8.24301946898925
"8098",2569,"POLLARD LUMBER CO.",1,8,12,8,992,"N","S",6,1,0,16,2,17.0105034423691,8.24301946898925
"8099",2570,"B.L. MIMS & SON",3,8,12,8,362,"N","S",5,1,1,14,3,15.6744072001576,8.24301946898925
"8100",2570,"POLLARD LUMBER CO.",2,8,12,8,362,"N","S",5,1,1,14,3,15.8007787733768,8.24301946898925
"8101",2570,"BOWEN PULPWOOD CO.",1,8,12,8,362,"N","S",5,1,1,14,3,15.8667811226774,8.24301946898925
"8102",2571,"B. L. MIMS & SON LBR.",2,8,12,8,1006,"N","S",6,1,8,14,2,16.7315822799804,8.24301946898925
"8103",2571,"POLLARD LUMBER CO.",1,8,12,8,1006,"N","S",6,1,8,14,2,16.8562639971658,8.24301946898925
"8104",2572,"JIMMIE HORTON",1,8,13,1,7,"N","D",5,1,0,33,1,13.0586586419042,8.24617155985756
"8105",2573,"NACOGDOCHES LMBR. CO.",3,8,13,1,3937,"N","S",6,1,0,21,4,15.6296401073928,8.34236350038058
"8106",2573,"OWENS-ILLINOIS, INC.",1,8,13,1,3937,"N","S",6,1,0,21,4,16.0045125332861,8.34236350038058
"8107",2573,"SAN AUGUSTINE LMBR. CO.",4,8,13,1,3937,"N","S",6,1,0,21,4,15.44941237391,8.34236350038058
"8108",2573,"CHARLES SHOFNER",2,8,13,1,3937,"N","S",6,1,0,21,4,15.7482486204519,8.34236350038058
"8109",2574,"OWENS-ILLINOIS, INC.",1,8,13,1,3955,"N","S",6,1,67,37,1,15.4249484703984,8.2358907259285
"8110",2575,"OLIVER BROS. LUMBER CO.",1,8,13,2,15,"Y","S",5,1,0,18,2,12.7531270109634,8.30498958014036
"8111",2575,"DAVID JACKSON",2,8,13,2,15,"Y","S",5,1,0,18,2,12.6342772406078,8.30498958014036
"8112",2576,"GILES BROS. LMBR. CO.",1,8,13,4,50,"N","S",5,1,0,24,2,13.4775171649711,8.28576542051433
"8113",2576,"WALKER BROS. LMBR. CO.",2,8,13,4,50,"N","S",5,1,0,24,2,13.4730681351949,8.28576542051433
"8114",2578,"TEMPLE-EASTEX, INC.",3,8,13,5,1329,"N","S",5,170,0,20,6,17.1477739949747,10.1251500075685
"8115",2578,"ANDERSON MFG. CO.",4,8,13,5,1329,"N","S",5,170,0,20,6,17.1236417235845,10.1251500075685
"8116",2578,"INTERNATIONAL PAPER CO.",5,8,13,5,1329,"N","S",5,170,0,20,6,17.044388593528,10.1251500075685
"8117",2578,"SAN AUGUSTINE LMBR. CO.",6,8,13,5,1329,"N","S",5,170,0,20,6,17.0128791923936,10.1251500075685
"8118",2578,"OWENS-ILLINOIS, INC.",2,8,13,5,1329,"N","S",5,170,0,20,6,17.2046318496141,10.1251500075685
"8119",2578,"WILLAMETTE INDUSTRIES, IN",1,8,13,5,1329,"N","S",5,170,0,20,6,17.2686995767826,10.1251500075685
"8120",2579,"J. H. LOUT",2,8,13,5,20,"Y","S",5,1,0,24,3,13.8715458413292,8.34236350038058
"8121",2579,"ROOSEVELT SWINDLE",3,8,13,5,20,"Y","S",5,1,0,24,3,13.6815790853184,8.34236350038058
"8122",2579,"G. B. WARREN",1,8,13,5,20,"Y","S",5,1,0,24,3,14.0062961931704,8.34236350038058
"8123",2580,"ROOSEVELT SWINDLE",1,8,13,5,14,"Y","S",5,1,0,26,2,13.5485365850978,8.34236350038058
"8124",2580,"SAN AUGUSTINE LUMBER CO.",2,8,13,5,14,"Y","S",5,1,0,26,2,13.2971566677775,8.34236350038058
"8125",2581,"WILLIE SWINDLE",1,8,13,5,14,"Y","S",5,1,0,26,4,13.6844902955259,8.34236350038058
"8126",2581,"RAY HARTY",4,8,13,5,14,"Y","S",5,1,0,26,4,13.3750967984386,8.34236350038058
"8127",2581,"SHELBY COUNTY LMBR. CO.IN",2,8,13,5,14,"Y","S",5,1,0,26,4,13.6122921754573,8.34236350038058
"8128",2581,"J. H. LOUT",3,8,13,5,14,"Y","S",5,1,0,26,4,13.5819302325025,8.34236350038058
"8129",2582,"DEEP EAST TEXAS ELECT.COO",1,8,13,7,10,"Y","S",5,1,0,20,1,12.7256458969937,8.34236350038058
"8130",2583,"JASPER JEFFERS",1,8,14,1,144,"N","S",5,4,0,27,1,14.260516840693,9.74671677658618
"8131",2585,"VA. DEPT. OF TRANS.",1,8,14,2,75,"N","D",5,4,0,25,1,12.5102430354868,10.0899256248419
"8132",2589,"OWENS-ILLINOIS",2,8,14,3,55,"N","S",5,1,0,19,2,13.4870009354212,8.16394095475501
"8133",2589,"DOSIE D. BREEDEN",1,8,14,3,55,"N","S",5,1,0,19,2,13.7689429221479,8.16394095475501
"8134",2590,"OWENS-ILLINOIS",1,8,14,3,55,"N","S",5,4,0,21,1,13.1221373518625,8.13505390861157
"8135",2591,"DANNY L. WOLFE",1,8,14,3,43,"N","S",5,1,0,19,3,13.9942423459077,8.16394095475501
"8136",2591,"LEE WILSON",2,8,14,3,43,"N","S",5,1,0,19,3,13.7614270587837,8.16394095475501
"8137",2591,"OWENS-ILLINOIS, INC.",3,8,14,3,43,"N","S",5,1,0,19,3,13.6529904519952,8.16394095475501
"8138",2593,"L & E LUMBER, INC.",1,8,14,4,32,"N","S",5,4,0,16,1,13.578404989734,9.62052764641968
"8139",2594,"MEAD PAPER COMPANY",1,8,14,4,85,"N","S",5,4,0,15,1,13.4874897075576,9.6306940925781
"8140",2595,"DIXON LUMBER CO., INC.",1,8,14,6,1112,"N","S",5,4,0,50,1,12.5379342695937,9.62489735676257
"8141",2596,"MELVIN HALL",1,8,14,6,45,"N","S",5,4,0,48,2,14.1330183873133,9.63371088395318
"8142",2596,"NELSON GALLIMORE",2,8,14,6,45,"N","S",5,4,0,48,2,12.84302770994,9.63371088395318
"8143",2597,"RUSSELL KROPPE",2,9,2,1,179,"N","S",5,4,4,17,2,13.4657927852597,0
"8144",2597,"LAWRENCE J. HILGART",1,9,2,1,179,"N","S",5,4,4,17,2,13.5884079298379,0
"8145",2598,"CONSOLIDATED PAPERS, INC.",1,9,2,1,329,"N","S",6,4,0,11,5,15.1838351760289,0
"8146",2598,"ROMAN DIEM",4,9,2,1,329,"N","S",6,4,0,11,5,15.0299127862807,0
"8147",2598,"LAWRENCE J. HILGART",5,9,2,1,329,"N","S",6,4,0,11,5,14.9711693097616,0
"8148",2598,"R & A KUNDINGER",2,9,2,1,329,"N","S",6,4,0,11,5,15.1152985963513,0
"8149",2598,"RONALD FISCHER",3,9,2,1,329,"N","S",6,4,0,11,5,15.0362853155933,0
"8150",2599,"R & A KUNDINGER",1,9,2,1,244,"N","S",5,4,1,11,4,14.7675529157376,0
"8151",2599,"ROMAN DIEM",3,9,2,1,244,"N","S",5,4,1,11,4,14.7177879601729,0
"8152",2599,"ROBERT DUNBAR",2,9,2,1,244,"N","S",5,4,1,11,4,14.7352226303724,0
"8153",2599,"CONSOL. PAPERS INC.",4,9,2,1,244,"N","S",5,4,1,11,4,14.5742094961643,0
"8154",2600,"LAWRENCE J. HILGART & SON",4,9,2,1,173,"Y","S",5,4,0,32,4,13.4720338471902,0
"8155",2600,"CONNOR FOREST INDUSTRIES",1,9,2,1,173,"Y","S",5,4,0,32,4,14.1916374794935,0
"8156",2600,"DEXTERVILLE LOGGING CO..",2,9,2,1,173,"Y","S",5,4,0,32,4,13.665907853733,0
"8157",2600,"DAVID BREHM",3,9,2,1,173,"Y","S",5,4,0,32,4,13.5394842919082,0
"8158",2601,"ROBERT BAY",1,9,2,1,177,"N","S",5,25,0,10,1,13.8138111147283,0
"8159",2602,"AHONEN LUMBER COMPANY",3,9,2,1,211,"Y","S",5,4,0,32,3,13.4205476086223,0
"8160",2602,"DEXTERVILLE LOGGING",2,9,2,1,211,"Y","S",5,4,0,32,3,13.8226897259573,0
"8161",2602,"CONNOR FOREST INDUSTRY",1,9,2,1,211,"Y","S",5,4,0,32,3,14.2952794761915,0
"8162",2603,"AHONEN LUMBER COMPANY",1,9,2,1,81,"Y","S",5,4,0,32,2,12.9533244150833,0
"8163",2603,"CONNOR FOREST INDUSTRIES",2,9,2,1,81,"Y","S",5,4,0,32,2,12.8622186479456,0
"8164",2604,"R & A KUNDINGER",2,9,2,1,147,"Y","S",5,4,0,32,4,13.9453582992684,0
"8165",2604,"LAWRENCE J. HILGART",3,9,2,1,147,"Y","S",5,4,0,32,4,13.9187032255365,0
"8166",2604,"CONNOR FOREST INDUSTRIES",1,9,2,1,147,"Y","S",5,4,0,32,4,14.4156785897548,0
"8167",2604,"EMIL PELTIER",4,9,2,1,147,"Y","S",5,4,0,32,4,13.4858711244853,0
"8168",2605,"JERALD WEINBERGER",1,9,2,2,385,"N","S",5,4,248,17,1,14.2068016881666,0
"8169",2607,"NORBERT SCHMIDT",1,9,2,2,351,"N","S",6,4,14,21,2,14.5941719119304,0
"8170",2607,"VERNON ZIELKE",2,9,2,2,351,"N","S",6,4,14,21,2,14.5467383789646,0
"8171",2608,"ALLAN BAY",1,9,2,2,299,"N","S",5,4,28,24,1,14.3620179478834,0
"8172",2609,"ALEX WARSHALL",2,9,2,2,291,"N","S",5,4,17,20,4,14.0073698192387,0
"8173",2609,"JERALD WEINBERGER",3,9,2,2,291,"N","S",5,4,17,20,4,13.803271971049,0
"8174",2609,"ROBERT THUMS",1,9,2,2,291,"N","S",5,4,17,20,4,14.1685926553526,0
"8175",2609,"KENNETH ZACH",4,9,2,2,291,"N","S",5,4,17,20,4,13.7961707435537,0
"8176",2610,"ROBERT THUMS",2,9,2,2,325,"N","S",5,4,15,28,4,12.8999470615903,0
"8177",2610,"ROBERT BAY",1,9,2,2,325,"N","S",5,4,15,28,4,12.9670700449982,0
"8178",2610,"ALLAN BAY",3,9,2,2,325,"N","S",5,4,15,28,4,12.8967593014807,0
"8179",2610,"KENNETH ZACH",4,9,2,2,325,"N","S",5,4,15,28,4,12.8967593014807,0
"8180",2611,"RONALD FISCHER",1,9,2,3,255,"N","S",5,4,2,18,1,13.9388629448415,0
"8181",2612,"RONALD FISCHER",1,9,2,3,240,"N","S",5,4,0,25,1,12.8379506215749,0
"8182",2613,"MARTIN J. MALOVRH",1,9,2,3,689,"N","S",5,4,9,28,2,14.5858173710509,0
"8183",2613,"BOYD BRANDNER",2,9,2,3,689,"N","S",5,4,9,28,2,14.5512592687312,0
"8184",2614,"ROBERT PINSCH",1,9,2,3,280,"N","S",5,4,14,28,1,13.5829351663574,0
"8185",2615,"RONALD FISCHER",1,9,2,3,350,"N","S",5,4,0,19,1,14.0115418717553,0
"8186",2616,"JAMES JANKO",2,9,2,3,99,"N","S",5,4,0,17,6,12.7272059620305,0
"8187",2616,"CHARLES REICHERT",1,9,2,3,99,"N","S",5,4,0,17,6,12.7399602848929,0
"8188",2616,"MARTIN MALOVRH",4,9,2,3,99,"N","S",5,4,0,17,6,12.4858006682331,0
"8189",2616,"RICHARD SIGMUND",3,9,2,3,99,"N","S",5,4,0,17,6,12.5482784139991,0
"8190",2616,"ROBERT PINSCH",5,9,2,3,99,"N","S",5,4,0,17,6,12.461985374293,0
"8191",2616,"HARVEY HOLMES",6,9,2,3,99,"N","S",5,4,0,17,6,12.4051734730305,0
"8192",2617,"RONALD FISCHER",3,9,2,3,195,"N","S",5,4,19,23,4,13.5959343859791,0
"8193",2617,"KENNETH GILLES",2,9,2,3,195,"N","S",5,4,19,23,4,13.7003510777746,0
"8194",2617,"HARVEY HOLMES",1,9,2,3,195,"N","S",5,4,19,23,4,13.7392675389885,0
"8195",2617,"ROBERT THUMS",4,9,2,3,195,"N","S",5,4,19,23,4,13.5609537359443,0
"8196",2618,"HILBERT DASSOW JR. & RICH",1,9,2,3,348,"N","S",5,4,13,20,1,13.7007336244519,0
"8197",2619,"JAMES JANKO",1,9,2,3,34,"N","S",5,4,0,20,5,12.9235635973546,9.31452019088585
"8198",2619,"THOMAS HARTWIG",3,9,2,3,34,"N","S",5,4,0,20,5,12.5918349213625,9.31452019088585
"8199",2619,"WAYNE HAMANN",4,9,2,3,34,"N","S",5,4,0,20,5,12.5224004821719,9.31452019088585
"8200",2619,"RONALD FISCHER",2,9,2,3,34,"N","S",5,4,0,20,5,12.6031695039678,9.31452019088585
"8201",2619,"LYLE SCHWARZ",5,9,2,3,34,"N","S",5,4,0,20,5,12.408911443504,9.31452019088585
"8202",2620,"EMIL PELTIER",7,9,2,3,319,"N","S",5,4,0,31,7,13.8710114878251,0
"8203",2620,"DENNIS VENZKE",4,9,2,3,319,"N","S",5,4,0,31,7,14.346271741367,0
"8204",2620,"JAMES JANKO",1,9,2,3,319,"N","S",5,4,0,31,7,14.9521922562644,0
"8205",2620,"HARVEY HOLMES",2,9,2,3,319,"N","S",5,4,0,31,7,14.3920699882296,0
"8206",2620,"DENZINE & KRAEMER",6,9,2,3,319,"N","S",5,4,0,31,7,14.2860721565162,0
"8207",2620,"VICTOR ZENTNER",3,9,2,3,319,"N","S",5,4,0,31,7,14.3889278088991,0
"8208",2620,"MELVIN ECKLUND",5,9,2,3,319,"N","S",5,4,0,31,7,14.3352265450757,0
"8209",2621,"BOYD BRANDNER",2,9,2,3,286,"N","S",5,1,11,18,4,13.9073027386782,0
"8210",2621,"GILLES BROTHERS",1,9,2,3,286,"N","S",5,1,11,18,4,14.0235567149913,0
"8211",2621,"JAMES JANKO",4,9,2,3,286,"N","S",5,1,11,18,4,13.4499663985565,0
"8212",2621,"MARTIN MALOVRH",3,9,2,3,286,"N","S",5,1,11,18,4,13.4710083673853,0
"8213",2622,"CARL PETERS",1,9,2,4,241,"N","S",5,4,20,16,1,14.9140591779389,0
"8214",2623,"WESLEY SCHMIDT",1,9,2,4,145,"N","S",5,25,14,26,1,12.9824689262503,0
"8215",2624,"ROMAN DIEM",1,9,2,4,328,"N","S",5,4,2,29,1,13.4583512110071,0
"8216",2626,"ROBERT BAY",2,9,2,4,115,"N","S",5,25,23,25,2,13.1864961912538,0
"8217",2626,"H & S LOGGING",1,9,2,4,115,"N","S",5,25,23,25,2,13.1891730674841,0
"8218",2627,"* HAROLD SMITH",2,9,2,4,21,"N","S",5,4,0,24,4,12.5777396448881,0
"8219",2627,"ROBERT BAY",3,9,2,4,21,"N","S",5,4,0,24,4,12.577560337016,0
"8220",2627,"JAMES MCFADDEN",1,9,2,4,21,"N","S",5,4,0,24,4,12.9091726321877,0
"8221",2627,"WESLEY SCHMIDT",4,9,2,4,21,"N","S",5,4,0,24,4,12.5589910424731,0
"8222",2628,"ROBERT BAY",1,9,2,4,131,"N","S",5,4,2,182,1,13.4071347177826,0
"8223",2629,"VERNON ZIELKE",1,9,2,4,30,"N","S",5,4,0,21,4,12.9479147476289,0
"8224",2629,"NORBERT SCHMIDT",4,9,2,4,30,"N","S",5,4,0,21,4,12.7068115691451,0
"8225",2629,"WESLEY SCHMIDT",2,9,2,4,30,"N","S",5,4,0,21,4,12.7402006476659,0
"8226",2629,"ROBERT BAY",3,9,2,4,30,"N","S",5,4,0,21,4,12.7200333497916,0
"8227",2630,"ROBERT BAY",3,9,2,4,96,"N","S",5,25,0,17,3,13.6103125184173,0
"8228",2630,"VERNON ZIELKE",2,9,2,4,96,"N","S",5,25,0,17,3,13.6229568306041,0
"8229",2630,"NORBERT SCHMIDT",1,9,2,4,96,"N","S",5,25,0,17,3,13.6407713821269,0
"8230",2631,"ROBERT THUMS",2,9,2,4,60,"N","S",5,4,9,23,2,13.992523046563,0
"8231",2631,"VERNON ZIELKE",1,9,2,4,60,"N","S",5,4,9,23,2,14.0480736061949,0
"8232",2633,"DRUMMOND SANITARY DIST. #",1,9,2,5,20,"N","D",5,4,0,8,1,12.796633237315,0
"8233",2634,"RONALD BJORK",1,9,2,5,173,"N","S",5,4,0,6,1,14.2441796915918,0
"8234",2635,"PENTA WOOD PRODUCTS INC.",1,9,2,5,350,"N","S",5,4,2,18,1,14.9850549477087,0
"8235",2636,"ARNOLD E. RANTALA",1,9,2,5,112,"N","S",5,4,0,11,1,13.5947890710824,0
"8236",2637,"CONSOLIDATED PAPERS, INC.",2,9,2,5,268,"N","S",5,4,8,17,2,14.8018816764331,0
"8237",2637,"PENTA WOOD PRODUCTS",1,9,2,5,268,"N","S",5,4,8,17,2,14.852050969714,0
"8238",2638,"CONSOLIDATED PAPERS, INC.",1,9,2,5,149,"N","S",5,4,0,11,2,13.6775028759742,0
"8239",2638,"ARNOLD E. RANTALA",2,9,2,5,149,"N","S",5,4,0,11,2,13.4633752940676,0
"8240",2640,"CONNOR FOREST INDUSTRIES",1,9,2,5,87,"N","S",5,4,0,14,1,13.6112304675773,0
"8241",2642,"IRON WOOD PROD. CORP.",1,9,2,5,164,"N","S",5,4,7,13,1,13.6374240208018,0
"8242",2644,"JOHN W. GRITTNER",1,9,2,5,62,"N","S",5,4,0,12,2,13.945032423166,0
"8243",2644,"CONSOLIDATED PAPERS, INC.",2,9,2,5,62,"N","S",5,4,0,12,2,13.8805021014717,0
"8244",2647,"MARK NELSON",1,9,3,1,340,"N","S",5,100,0,28,1,13.2135925137949,0
"8245",2648,"NORMAN WAHNSCHAFFE",1,9,3,1,220,"N","S",5,25,3,9,1,13.1290966579075,0
"8246",2651,"B. J. FERGUSON",1,9,3,1,520,"N","S",5,4,3,20,1,13.6790480165745,0
"8247",2653,"RAJALA TIMBER COMPANY",1,9,3,1,750,"N","S",5,4,0,14,2,14.7595545796277,9.27827935498438
"8248",2653,"JOHNSON BROTHERS",2,9,3,1,750,"N","S",5,4,0,14,2,14.6631480749474,9.27827935498438
"8249",2654,"CLARENCE O. JOHNSON",4,9,3,1,960,"N","S",5,4,0,23,4,13.7501364878529,0
"8250",2654,"KENNETH MICHALICEK",3,9,3,1,960,"N","S",5,4,0,23,4,13.9891259928893,0
"8251",2654,"JACOB BEIGHLEY",2,9,3,1,960,"N","S",5,4,0,23,4,14.0053463123301,0
"8252",2654,"DONALD E. NELSON",1,9,3,1,960,"N","S",5,4,0,23,4,14.0239042631562,0
"8253",2655,"WALTER J. SMITH",1,9,3,1,48,"N","S",5,25,0,10,1,12.6359994452596,0
"8254",2657,"DONALD E. NELSON",1,9,3,1,580,"N","S",5,4,9,21,1,14.1247106972688,0
"8255",2659,"THORSON INC",1,9,3,2,1,"N","D",5,4,0,4,1,12.6013965045614,0
"8256",2660,"HARLAN BRATLIEN",1,9,3,2,276,"N","S",6,4,3,14,1,14.4850185209185,0
"8257",2661,"STEVE LOF",1,9,3,2,61,"N","S",5,4,0,13,1,13.239025785392,0
"8258",2663,"RAJALA TIMBER COMPANY",2,9,3,2,1280,"N","S",5,4,5,16,2,14.3535290806323,9.0641578617981
"8259",2663,"KEN CONNER",1,9,3,2,1280,"N","S",5,4,5,16,2,14.5446762146002,9.0641578617981
"8260",2664,"RICHARD WITTNER",2,9,3,2,273,"N","S",6,1,19,28,2,14.8785554254076,0
"8261",2664,"RAJALA TBR. CO.",1,9,3,2,273,"N","S",6,1,19,28,2,14.8879270464881,0
"8262",2665,"RAJALA TIMBER CO., INC.",2,9,3,3,117,"N","S",5,25,0,20,3,13.6525209294698,0
"8263",2665,"BOISE CASCADE CORPORATION",1,9,3,3,117,"N","S",5,25,0,20,3,13.7577564373145,0
"8264",2665,"TROUT POST & POLE CO., IN",3,9,3,3,117,"N","S",5,25,0,20,3,13.4892096178805,0
"8265",2667,"RAJALA MILL CO.",2,9,3,3,62,"N","S",5,25,11,18,2,13.2165583901864,0
"8266",2667,"BOISE CASCADE CORPORATION",1,9,3,3,62,"N","S",5,25,11,18,2,13.2779113662548,0
"8267",2668,"RAJALA MILL CO., INC.",1,9,3,3,227,"N","S",5,25,17,30,3,16.2280543786169,0
"8268",2668,"ST. REGIS PAPER CO., INC.",3,9,3,3,227,"N","S",5,25,17,30,3,16.0037605393742,0
"8269",2668,"BOISE CASCADE CORP.",2,9,3,3,227,"N","S",5,25,17,30,3,16.2184780362608,0
"8270",2669,"BOISE CASCADE CORP",2,9,3,3,175,"N","S",5,5,1,32,2,14.3932654053599,0
"8271",2669,"RAJALA TIMBER CO",1,9,3,3,175,"N","S",5,5,1,32,2,14.8719242105313,0
"8272",2670,"BOISE CASCADE CORP",1,9,3,3,192,"N","S",5,4,0,17,1,14.6278402389173,0
"8273",2671,"RAJALA TIMBER CO., INC.",1,9,3,3,288,"N","S",6,4,26,12,1,13.887150988239,0
"8274",2672,"TROUT POST & POLE",3,9,3,3,938,"N","S",5,4,0,24,3,15.1659696887115,0
"8275",2672,"BOISE CASCADE",2,9,3,3,938,"N","S",5,4,0,24,3,15.2039521122142,0
"8276",2672,"RAJALA MILL",1,9,3,3,938,"N","S",5,4,0,24,3,15.4531325417225,0
"8277",2674,"RICHARD GROVER",2,9,3,4,820,"N","S",5,4,10,20,2,14.5916694190482,0
"8278",2674,"TROUT POST & POLE CO.",1,9,3,4,820,"N","S",5,4,10,20,2,14.6777956888918,0
"8279",2675,"RICHARD GROVER",1,9,3,4,650,"N","S",5,25,7,19,1,13.4087385962949,0
"8280",2676,"RAJALA TIMBER CO.",1,9,3,4,84,"N","S",5,4,5,19,3,14.4208385808221,0
"8281",2676,"BOISE-CASCADE WOODLANDS",2,9,3,4,84,"N","S",5,4,5,19,3,14.1335161887008,0
"8282",2676,"OLIVER COLE",3,9,3,4,84,"N","S",5,4,5,19,3,13.9937337278321,0
"8283",2678,"RICHARD GROVER",1,9,3,4,160,"N","S",5,4,3,5,1,13.1722291533721,0
"8284",2679,"RAJALA TBR. CO.",1,9,3,4,377,"N","S",6,4,43,25,2,15.0539972464521,0
"8285",2679,"BLANDIN PAPER CO.",2,9,3,4,377,"N","S",6,4,43,25,2,15.0358931816938,0
"8286",2680,"RICHARD GROVER",1,9,3,4,560,"N","S",5,4,4,22,1,13.7075934436581,0
"8287",2681,"STEVE LOF",2,9,3,5,185,"N","S",5,4,3,17,3,14.357519682851,0
"8288",2681,"CLINTON RATFIELD",1,9,3,5,185,"N","S",5,4,3,17,3,14.4934973991161,0
"8289",2681,"BOISE CASCADE",3,9,3,5,185,"N","S",5,4,3,17,3,14.3420221117499,0
"8290",2682,"LAVERN A. UNDERHILL",1,9,3,5,339,"N","S",5,4,0,15,1,12.4736731767929,0
"8291",2685,"TROUT POST & POLE",1,9,3,5,450,"N","S",5,4,4,12,1,13.4637918828372,0
"8292",2686,"STEVE LOF",1,9,3,5,1450,"N","S",5,4,0,7,1,14.0281956093293,0
"8293",2688,"JOHN WELK, JR.",1,9,3,5,88,"N","S",5,4,0,15,1,12.2932131808452,0
"8294",2689,"GLAWE, INC.",1,9,4,5,1077,"N","S",5,4,16,57,1,14.024823708681,8.8967249174979
"8295",2690,"GLAWE, INC.",1,9,4,5,600,"N","S",5,4,0,49,3,14.4148908672065,8.88640916684928
"8296",2690,"FISHELL BROTHERS",2,9,4,5,600,"N","S",5,4,0,49,3,14.4087031400855,8.88640916684928
"8297",2690,"LAKE WOODS FOREST PROD",3,9,4,5,600,"N","S",5,4,0,49,3,14.3556592280282,8.88640916684928
"8298",2691,"ALVIN E. KIMBALL",2,9,4,5,636,"N","S",5,4,0,49,2,13.4097654106488,0
"8299",2691,"FISHEL BROTHERS",1,9,4,5,636,"N","S",5,4,0,49,2,13.4361473128889,0
"8300",2692,"FISHELL BROTHERS",4,9,4,5,1282,"N","S",6,4,5,51,5,15.1111143275322,0
"8301",2692,"ALVIN KIMBALL",5,9,4,5,1282,"N","S",6,4,5,51,5,14.9790675352728,0
"8302",2692,"GLAWE, INC.",3,9,4,5,1282,"N","S",6,4,5,51,5,15.1786258480117,0
"8303",2692,"P. C. A.",1,9,4,5,1282,"N","S",6,4,5,51,5,15.2719187287518,0
"8304",2692,"ESCANABA PAPER CO",2,9,4,5,1282,"N","S",6,4,5,51,5,15.2182170010506,0
"8305",2693,"GLAWE, INC.",3,9,4,5,559,"N","S",5,4,0,109,3,14.0794190141692,0
"8306",2693,"FISHWELL BROTHERS",2,9,4,5,559,"N","S",5,4,0,109,3,14.1962853534794,0
"8307",2693,"ESCANABA PAPER CO.",1,9,4,5,559,"N","S",5,4,0,109,3,14.2490738552123,0
"8308",2694,"BIS-MAR FOREST PRODUCTS",1,9,4,5,680,"N","S",5,4,0,50,1,13.9598584903331,0
"8309",2696,"FISHEL BROTHERS",5,9,4,5,217,"N","S",5,4,0,98,5,13.8600172755468,0
"8310",2696,"PACKAGING CORP. OF AMERIC",3,9,4,5,217,"N","S",5,4,0,98,5,13.9143481455081,0
"8311",2696,"LAKE WOOD FOREST PROD.",2,9,4,5,217,"N","S",5,4,0,98,5,14.005434807576,0
"8312",2696,"NORMAN SHIPPY -3-S FOREST",1,9,4,5,217,"N","S",5,4,0,98,5,14.1369699493752,0
"8313",2696,"GLAWE, INC.",4,9,4,5,217,"N","S",5,4,0,98,5,13.8688238108613,0
"8314",2697,"GLAWE, INC.",2,9,4,5,800,"N","S",5,4,0,120,3,14.3768996298448,0
"8315",2697,"LAKE WOODS FOREST",1,9,4,5,800,"N","S",5,4,0,120,3,14.3857542406482,0
"8316",2697,"ESCANABA PAPER CO.",3,9,4,5,800,"N","S",5,4,0,120,3,14.3238047804358,0
"8317",2698,"GLAWE, INC.",1,9,4,5,2213,"N","S",5,4,1,98,1,14.7682593442079,0
"8318",2700,"GARY WHITFORD",1,9,4,6,1144,"N","S",5,100,34,75,1,14.5984714768954,9.24551444698384
"8319",2701,"GLAWE, INC.",1,9,4,6,348,"N","S",5,4,0,91,2,13.5173039631763,8.9838161125025
"8320",2701,"LEROY CONLEY",2,9,4,6,348,"N","S",5,4,0,91,2,13.4697119657768,8.9838161125025
"8321",2703,"LAKEWOODS FOREST PRODUCTS",1,9,4,6,1280,"N","S",5,4,0,111,1,13.879289728368,0
"8322",2705,"JACK INMAN",1,9,4,7,1181,"N","S",6,4,0,44,3,14.0280581700651,9.00159270094571
"8323",2705,"CHAMPION INT. CORP.",2,9,4,7,1181,"N","S",6,4,0,44,3,13.9166826142599,9.00159270094571
"8324",2705,"OKIE KAUFFMAN",3,9,4,7,1181,"N","S",6,4,0,44,3,13.2902478864005,9.00159270094571
"8325",2706,"LEROY CONLEY",1,9,4,7,320,"N","S",5,4,0,70,1,13.273338735515,9.01018065705235
"8326",2707,"LAKE WOODS FOREST PRODU.",1,9,4,7,1033,"N","S",5,4,0,60,1,14.310907773573,0
"8327",2708,"P C A",7,9,4,7,971,"N","S",7,4,0,53,7,14.0738127371693,0
"8328",2708,"CHAMPION INTERNATIONAL",4,9,4,7,971,"N","S",7,4,0,53,7,14.8881285705789,0
"8329",2708,"OKIE KAUFFMAN",2,9,4,7,971,"N","S",7,4,0,53,7,15.2400395693141,0
"8330",2708,"LAKE WOODS FOREST PRODUCT",3,9,4,7,971,"N","S",7,4,0,53,7,15.0945929683554,0
"8331",2708,"JACK INMAN",6,9,4,7,971,"N","S",7,4,0,53,7,14.426975771332,0
"8332",2708,"ABITIBI CORPORATION",5,9,4,7,971,"N","S",7,4,0,53,7,14.7388841470793,0
"8333",2708,"JAMES QUIGLEY",1,9,4,7,971,"N","S",7,4,0,53,7,15.2993231139735,0
"8334",2709,"HILL FOREST PROD.",2,9,4,7,960,"N","S",6,4,0,47,2,14.3723711251912,0
"8335",2709,"JACK INMAM",1,9,4,7,960,"N","S",6,4,0,47,2,14.576176190255,0
"8336",2710,"JOHN HOLBERTON",1,9,4,7,235,"Y","S",5,4,0,38,1,12.415543145257,8.9632882756103
"8337",2711,"JOSEPH L. SCHALK",1,9,5,2,680,"N","S",5,170,0,9,1,12.8424748561822,0
"8338",2712,"DONALD V. DEAN",1,9,5,2,920,"N","S",5,170,0,20,3,12.7254317553144,0
"8339",2712,"JOSEPH L. SCHALK",2,9,5,2,920,"N","S",5,170,0,20,3,12.5273369686865,0
"8340",2712,"HAROLD E. FRANCIS",3,9,5,2,920,"N","S",5,170,0,20,3,12.497872478358,0
"8341",2713,"JOSEPH L. SCHALK",1,9,5,2,480,"N","S",5,170,5,26,2,13.0133606814977,0
"8342",2713,"HAROLD E. FRANCIS",2,9,5,2,480,"N","S",5,170,5,26,2,12.9011779077963,0
"8343",2714,"HERSCHEL SPAIN",4,9,5,2,585,"N","S",5,4,0,9,6,12.6030182320226,0
"8344",2714,"HENRY E. HARTWICK",5,9,5,2,585,"N","S",5,4,0,9,6,12.5261250980124,0
"8345",2714,"WOODROW KEMP",2,9,5,2,585,"N","S",5,4,0,9,6,12.6817787348011,0
"8346",2714,"HOMER ROLENS",1,9,5,2,585,"N","S",5,4,0,9,6,12.7137212278403,0
"8347",2714,"HAROLD E. FRANCIS",6,9,5,2,585,"N","S",5,4,0,9,6,12.525078951224,0
"8348",2714,"JOSEPH L. SCHALK",3,9,5,2,585,"N","S",5,4,0,9,6,12.6774628130872,0
"8349",2717,"LOUIE ROBINSON",1,9,5,2,1058,"N","S",5,170,0,13,1,14.0041554138307,0
"8350",2718,"JERRY DALE SIKES",1,9,5,2,160,"N","S",5,170,0,15,1,13.2293254099491,0
"8351",2720,"CLAYTON ATTERBERRY",1,9,5,3,610,"N","S",5,800,8,9,1,14.153552989755,9.30419494744781
"8352",2721,"TEXAS COUNTY POST CO., IN",1,9,5,3,987,"N","S",5,170,12,11,1,15.4606763599699,0
"8353",2722,"H. J. SHELTON",6,9,5,3,220,"N","S",5,800,0,19,6,13.4047082322155,0
"8354",2722,"ROBERT GUNTER",2,9,5,3,220,"N","S",5,800,0,19,6,13.5884342836224,0
"8355",2722,"CLAYTON ATTERBERRY",1,9,5,3,220,"N","S",5,800,0,19,6,13.6937947992802,0
"8356",2722,"DEAN SHELTON",4,9,5,3,220,"N","S",5,800,0,19,6,13.4607338113086,0
"8357",2722,"EDWIN ARMSTRONG",3,9,5,3,220,"N","S",5,800,0,19,6,13.5772609830242,0
"8358",2722,"LARRY E. HAYES",5,9,5,3,220,"N","S",5,800,0,19,6,13.4385629334145,0
"8359",2723,"DONALD HAMPTON",2,9,5,4,364,"N","S",5,170,0,3,2,12.4875077462215,0
"8360",2723,"ERVON TILLMAN",1,9,5,4,364,"N","S",5,170,0,3,2,12.5455866797622,0
"8361",2724,"BOB STREET",1,9,5,4,715,"N","S",5,170,0,10,1,13.1954167937094,0
"8362",2725,"JOSEPH BRINKLEY",3,9,5,4,882,"N","S",5,170,0,11,5,14.5560655190701,0
"8363",2725,"GARWOOD LUMBER & PALLET C",4,9,5,4,882,"N","S",5,170,0,11,5,14.5521524780772,0
"8364",2725,"BILLY R. MARLER",5,9,5,4,882,"N","S",5,170,0,11,5,14.4872476699863,0
"8365",2725,"ERVON TILLMAN",2,9,5,4,882,"N","S",5,170,0,11,5,14.6129393723983,0
"8366",2725,"W. J. HARRIS",1,9,5,4,882,"N","S",5,170,0,11,5,14.6738242351211,0
"8367",2727,"MASSIE POLE YARD, INC.",1,9,5,4,143,"N","S",5,170,0,5,1,14.097853150732,0
"8368",2729,"GARWOOD LUMBER & PALLET C",1,9,5,4,560,"N","S",5,170,0,8,2,14.1229158427942,9.29495721769606
"8369",2729,"HADLEY STREET",2,9,5,4,560,"N","S",5,170,0,8,2,13.9589968606394,9.29495721769606
"8370",2731,"JOE GRIGGS",1,9,5,4,1000,"N","S",5,170,0,11,1,15.127487540391,0
"8371",2735,"REED LUMBER CO.",3,9,5,5,202,"N","S",5,170,0,50,3,12.7126673314883,0
"8372",2735,"SALEM PINE POLE & POST CO",2,9,5,5,202,"N","S",5,170,0,50,3,13.5650189339442,0
"8373",2735,"FRANKLIN BUCKNER",1,9,5,5,202,"N","S",5,170,0,50,3,13.6075068191176,0
"8374",2736,"KENNETH W. SWINEY",1,9,5,5,739,"N","S",5,170,0,18,1,14.4807853884225,0
"8375",2739,"KERR-MCGEE CHEMICAL CORP.",1,9,5,5,1998,"N","S",5,800,0,6,1,13.6110415469149,0
"8376",2742,"REED LUMBER CO., INC.",1,9,5,5,261,"N","S",5,170,0,6,1,13.4412751854078,0
"8377",2743,"REED LUMBER CO., INC.",1,9,5,5,1470,"N","S",5,170,16,3,1,14.7234807701213,0
"8378",2745,"REED LUMBER CO., INC.",1,9,5,5,653,"N","S",5,800,0,11,1,13.9140591248918,0
"8379",2746,"DEAN SHELTON",1,9,5,6,1710,"N","S",5,800,0,15,2,13.855980490518,0
"8380",2746,"LARRY HAYES",2,9,5,6,1710,"N","S",5,800,0,15,2,13.8183584987284,0
"8381",2747,"R & W POST COMPANY",1,9,5,6,740,"N","S",5,800,0,10,2,13.7667225437925,0
"8382",2747,"HAROLD SMITH",2,9,5,6,740,"N","S",5,800,0,10,2,13.6062366272415,0
"8383",2748,"DAVID FRIEND",3,9,5,6,645,"N","S",5,800,0,4,3,13.0233824687105,0
"8384",2748,"DAN SMITH SAWMILL, INC.",2,9,5,6,645,"N","S",5,800,0,4,3,13.0434500317614,0
"8385",2748,"R&W POST CO.",1,9,5,6,645,"N","S",5,800,0,4,3,13.2345628539665,0
"8386",2749,"TEXAS COUNTY POST CO. INC",3,9,5,6,622,"N","S",5,800,0,10,3,12.652103715385,0
"8387",2749,"DAVID FRIEND",1,9,5,6,622,"N","S",5,800,0,10,3,13.0454218560777,0
"8388",2749,"DAN SMITH SAWMILL, INC.",2,9,5,6,622,"N","S",5,800,0,10,3,12.8017448047063,0
"8389",2750,"GORDON POWELL",3,9,5,7,672,"N","S",5,170,0,14,4,14.5372403362778,0
"8390",2750,"JAMES MISURACO",4,9,5,7,672,"N","S",5,170,0,14,4,14.5159595155482,0
"8391",2750,"ELLEN WISDOM",2,9,5,7,672,"N","S",5,170,0,14,4,14.5663854624986,0
"8392",2750,"LEO RITTER",1,9,5,7,672,"N","S",5,170,0,14,4,14.5921897361543,0
"8393",2751,"GORDON POWELL",2,9,5,7,1118,"N","S",5,170,1,11,3,14.699418584132,0
"8394",2751,"JAMES A. MISURACO",1,9,5,7,1118,"N","S",5,170,1,11,3,14.7067927673538,0
"8395",2751,"KENNETH W. SWINEY",3,9,5,7,1118,"N","S",5,170,1,11,3,14.5214964681918,0
"8396",2752,"CHARLES MARTIN",1,9,5,7,997,"N","S",5,170,12,11,1,14.3586740314611,0
"8397",2753,"R & W POST CO.",1,9,5,7,711,"N","S",5,170,17,13,3,14.4316492562628,0
"8398",2753,"CHARLES MARTIN",2,9,5,7,711,"N","S",5,170,17,13,3,14.1903288121173,0
"8399",2753,"GORDON POWELL",3,9,5,7,711,"N","S",5,170,17,13,3,14.0780263494125,0
"8400",2754,"CHARLES MARTIN",1,9,5,7,529,"N","S",5,170,0,4,2,14.2324014755283,0
"8401",2754,"DENVER L. WISDOM",2,9,5,7,529,"N","S",5,170,0,4,2,14.2137556644757,0
"8402",2755,"DENVER L. WISDOM",1,9,5,7,519,"N","S",5,170,0,17,2,14.1526233037014,9.28200965866654
"8403",2755,"STANLEY AMSDEN",2,9,5,7,519,"N","S",5,170,0,17,2,14.1197967656328,9.28200965866654
"8404",2756,"TRUMAN SANTHUFF",2,9,5,7,814,"N","S",5,170,0,15,3,14.0844684214178,0
"8405",2756,"DENZEL WILLIAMS",1,9,5,7,814,"N","S",5,170,0,15,3,14.1129872560785,0
"8406",2756,"BUNKER POST CO.",3,9,5,7,814,"N","S",5,170,0,15,3,14.0552728498529,0
"8407",2757,"DENVER WISDOM",1,9,5,7,995,"N","S",5,170,0,8,1,14.3476406219172,0
"8408",2759,"DENZEL WILLIAMS",1,9,5,7,1345,"N","S",5,170,14,11,2,14.231116077869,0
"8409",2759,"CHARLES MARTIN",2,9,5,7,1345,"N","S",5,170,14,11,2,14.1174933854264,0
"8410",2760,"GORDON POWELL",1,9,5,7,953,"N","S",5,170,0,21,2,14.5209034527701,0
"8411",2760,"CHARLES MARTIN",2,9,5,7,953,"N","S",5,170,0,21,2,14.49402976956,0
"8412",2761,"CHARLES MARTIN",1,9,5,7,1514,"N","S",5,170,8,20,1,14.5086502384961,0
"8413",2762,"G. B. MARTIN",3,9,5,7,1011,"N","S",5,170,7,7,4,14.7521410277668,0
"8414",2762,"G. POWELL & D. L. WISDOM",1,9,5,7,1011,"N","S",5,170,7,7,4,14.7694584736242,0
"8415",2762,"DENZEL WILLIAMS",2,9,5,7,1011,"N","S",5,170,7,7,4,14.7566648146517,0
"8416",2762,"CHARLES MARTIN",4,9,5,7,1011,"N","S",5,170,7,7,4,14.7452259741692,0
"8417",2764,"ELDON STRATTON",4,9,5,25,800,"N","S",5,170,0,5,5,14.4218234367649,0
"8418",2764,"JERRY TURNBULL",5,9,5,25,800,"N","S",5,170,0,5,5,14.4043683157083,0
"8419",2764,"CECIL THORNTON",2,9,5,25,800,"N","S",5,170,0,5,5,14.535800517735,0
"8420",2764,"MORRISON LUMBER CO.",1,9,5,25,800,"N","S",5,170,0,5,5,14.5559706215748,0
"8421",2764,"A. D. (ZIPPY) MADDEN",3,9,5,25,800,"N","S",5,170,0,5,5,14.4655273525507,0
"8422",2765,"GILBERT SECHREST",3,9,5,26,1388,"N","S",5,170,0,14,7,15.7172075523433,0
"8423",2765,"DON LAYMAN",7,9,5,26,1388,"N","S",5,170,0,14,7,15.4604121346739,0
"8424",2765,"SMITH FLOORING, INC.",5,9,5,26,1388,"N","S",5,170,0,14,7,15.6311989335992,0
"8425",2765,"JOHN D. CHITWOOD",2,9,5,26,1388,"N","S",5,170,0,14,7,15.7787482851114,0
"8426",2765,"TRIPP LUMBER CO.",6,9,5,26,1388,"N","S",5,170,0,14,7,15.5364898451313,0
"8427",2765,"ROY FOROST",1,9,5,26,1388,"N","S",5,170,0,14,7,15.7871302239902,0
"8428",2765,"B. H. GRAY",4,9,5,26,1388,"N","S",5,170,0,14,7,15.6387339714266,0
"8429",2766,"MIKE MONTE",1,9,6,2,226,"N","S",5,1,0,32,3,13.6006724210132,0
"8430",2766,"WALTER DAILEY",3,9,6,2,226,"N","S",5,1,0,32,3,13.5935225887079,0
"8431",2766,"RUSSELL KRUPPE",2,9,6,2,226,"N","S",5,1,0,32,3,13.5963241667542,0
"8432",2767,"BERNIE NOWAK",2,9,6,2,44,"N","S",5,4,0,19,2,15.5618367224605,9.95484584481127
"8433",2767,"KEESSING FOREST PRODUCT",1,9,6,2,44,"N","S",5,4,0,19,2,15.5642885846861,9.95484584481127
"8434",2768,"KRUPPE LOGGING",5,9,6,2,203,"N","S",5,1,0,32,5,14.0247912625071,9.46900549535747
"8435",2768,"B.H.B. LOGGING, INC.",2,9,6,2,203,"N","S",5,1,0,32,5,14.136453551932,9.46900549535747
"8436",2768,"WILLIAM H. BANECK",1,9,6,2,203,"N","S",5,1,0,32,5,14.2081470636336,9.46900549535747
"8437",2768,"TED ROBERTS LOGGING",3,9,6,2,203,"N","S",5,1,0,32,5,14.0708587286453,9.46900549535747
"8438",2768,"JIM BARTZ",4,9,6,2,203,"N","S",5,1,0,32,5,14.0326650103762,9.46900549535747
"8439",2769,"MIHALKO LAND& LOGGING",2,9,6,2,1624,"N","S",6,1,27,17,2,15.6488984164889,0
"8440",2769,"CONNOR FOREST INDUSTRIES",1,9,6,2,1624,"N","S",6,1,27,17,2,15.7453885909748,0
"8441",2770,"JIM BARTZ",1,9,6,2,635,"N","S",5,1,0,34,2,13.4327688076633,0
"8442",2770,"RUSSEL KRUPPE",2,9,6,2,635,"N","S",5,1,0,34,2,13.3527224342347,0
"8443",2773,"CONNOR FOREST INDUSTRIES",1,9,6,2,365,"N","S",5,1,0,18,1,13.0193866848478,0
"8444",2774,"KLESSIG FOREST PRODUCTS",1,9,6,2,1120,"N","S",5,1,11,32,1,14.9066939875291,0
"8445",2777,"DENNISON TIMBER PRODUCTS",1,9,6,2,60,"N","D",5,4,0,20,1,12.8157159270652,10.19895176543
"8446",2778,"VERNON WALKER",2,9,6,3,360,"Y","S",5,1,0,11,3,14.5728243154991,9.64069319559213
"8447",2778,"BERNIE NOWAK",3,9,6,3,360,"Y","S",5,1,0,11,3,14.1212842359254,9.64069319559213
"8448",2778,"LESTER HOWELL",1,9,6,3,360,"Y","S",5,1,0,11,3,15.1760921613226,9.64069319559213
"8449",2779,"ROBERT CLEEREMAN",2,9,6,3,110,"N","S",5,1,0,16,4,13.820877132111,0
"8450",2779,"WILSON BROTHERS FOREST PR",3,9,6,3,110,"N","S",5,1,0,16,4,13.8133211629873,0
"8451",2779,"BERNIE NOWAK",4,9,6,3,110,"N","S",5,1,0,16,4,13.730263078937,0
"8452",2779,"NORTHERN TIMBER COMPANY",1,9,6,3,110,"N","S",5,1,0,16,4,13.8787106838504,0
"8453",2780,"JOHN HALADA",1,9,6,3,1268,"Y","S",7,1,0,8,1,16.1531413145549,0
"8454",2784,"GLEN SCHEUERMAN",1,9,6,4,464,"N","S",6,1,0,21,2,15.2613232821632,9.27790555813861
"8455",2784,"PIONTEK BROTHERS",2,9,6,4,464,"N","S",6,1,0,21,2,15.2301105091989,9.27790555813861
"8456",2785,"GARY DEHART",1,9,6,4,1317,"N","S",6,1,0,21,2,15.1655000507206,0
"8457",2785,"RUSCH BROS. INC.",2,9,6,4,1317,"N","S",6,1,0,21,2,15.1394895249675,0
"8458",2786,"ROGER MOEDE",1,9,6,4,658,"N","S",6,1,0,20,3,16.1230732421711,0
"8459",2786,"RUSCH BROS.",2,9,6,4,658,"N","S",6,1,0,20,3,15.9037199246821,0
"8460",2786,"PIONTEK BROS., INC.",3,9,6,4,658,"N","S",6,1,0,20,3,15.902881826094,0
"8461",2787,"RUSCH BROTHERS",1,9,6,4,1046,"N","S",7,1,25,19,1,15.3527680239881,0
"8462",2788,"J.H.M. LUMBER COMPANY",2,9,6,5,96,"N","S",5,4,0,9,10,13.9109734533797,9.17936556767675
"8463",2788,"AMBROSIUS BROTHERS",6,9,6,5,96,"N","S",5,4,0,9,10,13.6285783886126,9.17936556767675
"8464",2788,"VERNON WALKER",9,9,6,5,96,"N","S",5,4,0,9,10,13.5353600519278,9.17936556767675
"8465",2788,"RAY SIMONIS",7,9,6,5,96,"N","S",5,4,0,9,10,13.5876056895484,9.17936556767675
"8466",2788,"CHARLES BUECHLER",3,9,6,5,96,"N","S",5,4,0,9,10,13.7847678051297,9.17936556767675
"8467",2788,"RONALD WILSON",5,9,6,5,96,"N","S",5,4,0,9,10,13.7553358349282,9.17936556767675
"8468",2788,"MEL SCHEUERMAN",4,9,6,5,96,"N","S",5,4,0,9,10,13.7633126440055,9.17936556767675
"8469",2788,"WILLIAM BANECK",10,9,6,5,96,"N","S",5,4,0,9,10,13.4943792453217,9.17936556767675
"8470",2788,"WILLIAM W. CONNORS, JR.",1,9,6,5,96,"N","S",5,4,0,9,10,13.9153251232298,9.17936556767675
"8471",2788,"GREAT NORTHERN PULP CO.",8,9,6,5,96,"N","S",5,4,0,9,10,13.5429390766512,9.17936556767675
"8472",2789,"WILLIAM BANECK",2,9,6,5,762,"Y","S",6,1,0,19,5,15.6258989267238,0
"8473",2789,"B.H.B. LOGGING",5,9,6,5,762,"Y","S",6,1,0,19,5,15.4734166779834,0
"8474",2789,"VERNON WALKER",3,9,6,5,762,"Y","S",6,1,0,19,5,15.5583966095574,0
"8475",2789,"GREAT NORTHERN PULP, INC.",4,9,6,5,762,"Y","S",6,1,0,19,5,15.5409521461547,0
"8476",2789,"RONALD E. HENKEL",1,9,6,5,762,"Y","S",6,1,0,19,5,15.728365201287,0
"8477",2790,"ROBERT LEMERANDE",1,9,6,5,102,"N","S",5,4,0,11,1,12.5918145231901,0
"8478",2791,"CONNOR FOREST IND.",1,9,6,5,509,"N","S",6,4,3,16,1,15.2148309606307,9.36836923620109
"8479",2792,"RUSCH BROS.",1,9,6,5,698,"N","S",5,4,0,16,2,14.7585736893913,9.33096381429992
"8480",2792,"PIONTEK BROS.",2,9,6,5,698,"N","S",5,4,0,16,2,14.5327428495497,9.33096381429992
"8481",2793,"MEL SCHEUERMAN",3,9,6,5,1150,"N","S",6,4,1,10,5,14.9438334172918,9.2213792190914
"8482",2793,"AMBROSIUS BROS.",1,9,6,5,1150,"N","S",6,4,1,10,5,15.0624853788348,9.2213792190914
"8483",2793,"WM. CONNORS JR.",2,9,6,5,1150,"N","S",6,4,1,10,5,14.9737976842132,9.2213792190914
"8484",2793,"FRALEY/VANCLEVE",5,9,6,5,1150,"N","S",6,4,1,10,5,14.8492002517479,9.2213792190914
"8485",2793,"PIONTEK BROS.",4,9,6,5,1150,"N","S",6,4,1,10,5,14.8977366566624,9.2213792190914
"8486",2795,"WOOD-CHIP CORP. OF AMERIC",1,9,7,1,1840,"N","S",7,4,39,10,1,14.965192315973,9.35288105875829
"8487",2797,"CHESTER DUMS",2,9,7,1,91,"N","S",5,4,0,28,6,14.1327788594659,9.42464497462319
"8488",2797,"E. F. MOVRICH",3,9,7,1,91,"N","S",5,4,0,28,6,14.1003435757113,9.42464497462319
"8489",2797,"AHONEN LUMBER COMPANY",1,9,7,1,91,"N","S",5,4,0,28,6,14.2581250046406,9.42464497462319
"8490",2797,"LOUISIANA-PACIFIC",4,9,7,1,91,"N","S",5,4,0,28,6,14.0288704045424,9.42464497462319
"8491",2797,"GABRIEL CADEAU",6,9,7,1,91,"N","S",5,4,0,28,6,13.9247612968817,9.42464497462319
"8492",2797,"STEIGER LUMBER",5,9,7,1,91,"N","S",5,4,0,28,6,14.0218724821626,9.42464497462319
"8493",2798,"STEIGER LUMBER COMPANY",1,9,7,2,386,"N","S",5,4,0,18,1,13.2813651288767,9.25473995927287
"8494",2799,"CHESTER W. DUMS",2,9,7,2,1241,"N","S",6,4,15,30,6,16.5474569570419,9.33388455806764
"8495",2799,"STEIGER LUMBER CO.",5,9,7,2,1241,"N","S",6,4,15,30,6,16.312420709934,9.33388455806764
"8496",2799,"AHONEN LUMBER CO.",6,9,7,2,1241,"N","S",6,4,15,30,6,15.9764539729867,9.33388455806764
"8497",2799,"CONNOR FOREST INDUSTRIES",1,9,7,2,1241,"N","S",6,4,15,30,6,16.765874842522,9.33388455806764
"8498",2799,"LOUISIANA-PACIFIC CORP",3,9,7,2,1241,"N","S",6,4,15,30,6,16.5217880554221,9.33388455806764
"8499",2799,"JACK FLANNERY",4,9,7,2,1241,"N","S",6,4,15,30,6,16.3424924166712,9.33388455806764
"8500",2800,"RICHARD L. BURBEY",1,9,7,3,255,"N","S",5,4,0,20,5,15.0264093223609,9.35018926709258
"8501",2800,"JAMES A. SPICER",3,9,7,3,255,"N","S",5,4,0,20,5,14.4426450646906,9.35018926709258
"8502",2800,"LOUISIANA-PACIFIC CORP.",4,9,7,3,255,"N","S",5,4,0,20,5,14.4010769821773,9.35018926709258
"8503",2800,"JACK A. FLANNERY",2,9,7,3,255,"N","S",5,4,0,20,5,14.8291922124861,9.35018926709258
"8504",2800,"REDIG & MEYER FOREST PROD",5,9,7,3,255,"N","S",5,4,0,20,5,14.349394679394,9.35018926709258
"8505",2802,"CONNOR FOREST IND.",2,9,7,3,1250,"N","S",6,4,10,11,2,15.3618423096094,9.22296040333229
"8506",2802,"EDWARD BRZOZNOWSKI",1,9,7,3,1250,"N","S",6,4,10,11,2,15.6198406843662,9.22296040333229
"8507",2804,"CONSOLIDATED PAPERS, INC.",1,9,7,3,1640,"N","S",6,4,1,22,3,15.39644487523,9.35496006158613
"8508",2804,"RALPH NORDSTROM",2,9,7,3,1640,"N","S",6,4,1,22,3,15.2510247528372,9.35496006158613
"8509",2804,"LOUISIANA-PACIFIC CORP.",3,9,7,3,1640,"N","S",6,4,1,22,3,15.1535939746346,9.35496006158613
"8510",2805,"CONSOLIDATED PAPERS, INC.",1,9,7,3,480,"N","S",5,4,1,9,1,13.5395594083882,9.34443410645688
"8511",2806,"NORMAN A. PHILLIPS",1,9,7,3,220,"N","S",5,4,4,12,1,13.9325066173694,9.3672586470476
"8512",2807,"VAUGHN-ARTWICH",2,9,7,3,1324,"N","S",5,4,0,13,2,13.7897157131391,9.36785680985117
"8513",2807,"SHAMION BROTHERS",1,9,7,3,1324,"N","S",5,4,0,13,2,13.8776004586762,9.36785680985117
"8514",2808,"CONNOR FOREST INDUSTRIES",3,9,7,4,90,"Y","S",5,4,0,10,5,12.6738863787029,9.28915155240047
"8515",2808,"STEIGER LUMBER COMPANY",2,9,7,4,90,"Y","S",5,4,0,10,5,12.6822291817609,9.28915155240047
"8516",2808,"HOULE CONSTRUCTION CO.",4,9,7,4,90,"Y","S",5,4,0,10,5,12.5599812667239,9.28915155240047
"8517",2808,"NORMAN A. PHILLIPS",5,9,7,4,90,"Y","S",5,4,0,10,5,12.5406538094858,9.28915155240047
"8518",2808,"MAPLE LUMBER, INC.",1,9,7,4,90,"Y","S",5,4,0,10,5,12.8073539578288,9.28915155240047
"8519",2809,"BENJAMIN ARTWICH JR.",1,9,7,4,162,"Y","S",5,4,0,13,1,13.412689950081,9.3058323534354
"8520",2810,"MAPLE LUMBER, INC.",1,9,7,4,442,"N","S",5,4,6,15,3,15.9962468362124,9.35755275165657
"8521",2810,"AHONEN LUMBER COMPANY",3,9,7,4,442,"N","S",5,4,6,15,3,15.709410764924,9.35755275165657
"8522",2810,"STEIGER LUMBER COMPANY",2,9,7,4,442,"N","S",5,4,6,15,3,15.9415690708059,9.35755275165657
"8523",2811,"GARY GUSTAFSON",1,9,7,4,40,"N","S",5,4,0,7,1,13.1287429843684,9.30401284783882
"8524",2812,"ESCANABA PAPER COMPANY",1,9,7,4,210,"N","S",5,4,1,12,2,13.8040177681327,0
"8525",2812,"CONSOLIDATED PAPER, INC.",2,9,7,4,210,"N","S",5,4,1,12,2,13.5969975192597,0
"8526",2813,"DONALD G. BUDD",3,9,7,4,288,"N","S",5,4,4,13,3,14.044063452366,9.46335335689267
"8527",2813,"JOHN H. KETTUNEN",1,9,7,4,288,"N","S",5,4,4,13,3,14.286810221994,9.46335335689267
"8528",2813,"CONSOLIDATED PAPERS",2,9,7,4,288,"N","S",5,4,4,13,3,14.2524543070915,9.46335335689267
"8529",2817,"CONNOR FOREST INDUSTRIES",1,9,7,5,217,"N","S",5,4,3,21,2,14.4766251289429,9.37313926228127
"8530",2817,"LOUISIANA-PACIFIC CORP.",2,9,7,5,217,"N","S",5,4,3,21,2,13.9847468752096,9.37313926228127
"8531",2819,"JOHNS, STANLEY R.",1,9,7,5,245,"N","S",5,4,0,16,1,14.3751040599371,9.30428598481871
"8532",2820,"CONNOR FOREST INDUSTRIES",1,9,7,5,640,"N","S",5,4,0,20,1,14.7905704501739,9.30237245742268
"8533",2821,"CARL KAURALA",3,9,7,5,1382,"N","S",5,4,0,9,3,14.0780617280407,0
"8534",2821,"JOHN VUK, SR.",1,9,7,5,1382,"N","S",5,4,0,9,3,14.6687081236719,0
"8535",2821,"CONSOLIDATED PAPERS",2,9,7,5,1382,"N","S",5,4,0,9,3,14.3335755144137,0
"8536",2822,"CONNOR FOREST INDUSTRIES",1,9,7,5,1577,"N","S",5,4,1,15,1,14.9436502567954,9.32670017309238
"8537",2823,"CARL E. KAURALA",2,9,7,5,1240,"N","S",5,4,3,22,2,13.7317484418589,9.39141114686849
"8538",2823,"JOHN T. MALONEY",1,9,7,5,1240,"N","S",5,4,3,22,2,13.8028001215218,9.39141114686849
"8539",2824,"LOUISIANA PACIFIC",2,9,7,5,750,"N","S",5,4,12,44,2,14.9433094113173,9.40738632416852
"8540",2824,"STEIGER LUMBER CO.",1,9,7,5,750,"N","S",5,4,12,44,2,15.1133430360737,9.40738632416852
"8541",2825,"CONSOLIDATED PAPERS, INC.",3,9,7,6,166,"N","S",5,4,1,11,4,13.8092178000287,0
"8542",2825,"CROSS LUMBER CO., INC.",4,9,7,6,166,"N","S",5,4,1,11,4,13.5269974736511,0
"8543",2825,"THILMANY PULP & PAPER CO.",1,9,7,6,166,"N","S",5,4,1,11,4,14.2118636104351,0
"8544",2825,"ESCANABA PAPER COMPANY",2,9,7,6,166,"N","S",5,4,1,11,4,13.9622135726564,0
"8545",2827,"LOUISIANA PACIFIC CORP.",1,9,7,6,325,"N","S",5,4,2,10,3,14.7326233518528,9.24300115421573
"8546",2827,"WENOS LUMBER COMPANY",2,9,7,6,325,"N","S",5,4,2,10,3,14.1754084027741,9.24300115421573
"8547",2827,"AHONEN LUMBER COMPANY",3,9,7,6,325,"N","S",5,4,2,10,3,14.1528031722694,9.24300115421573
"8548",2828,"CONNOR FOREST INDUSTRIES",1,9,7,6,827,"N","S",6,4,7,11,1,15.1041110505499,9.30182506209836
"8549",2830,"CONSOLIDATED PAPERS, INC.",1,9,7,6,186,"N","S",5,4,1,15,1,13.5877312782455,9.35140581225479
"8550",2831,"CARL V. SAUTER",1,9,7,6,108,"N","S",5,4,0,16,1,13.4009552589765,9.34303391370165
"8551",2832,"SOUTHERN ILL POWER COOP",1,9,8,1,12,"N","D",5,4,0,26,1,12.4496068864921,9.25224977505339
"8552",2833,"WESTVACO",1,9,8,1,100,"N","S",5,170,0,75,1,12.4335109611273,0
"8553",2834,"HILLIS BULLOCK",2,9,8,4,265,"N","S",5,4,7,41,2,14.3244908802082,9.38890487989243
"8554",2834,"UNIONTOWN LUMBER CO",1,9,8,4,265,"N","S",5,4,7,41,2,14.3858096471026,9.38890487989243
"8555",2835,"SUPERWOOD CORPORATION",1,9,9,1,2760,"N","S",6,5,0,11,1,12.6987241153173,0
"8556",2836,"POTLATCH CORPORATION",1,9,9,1,1420,"N","S",5,90,10,11,1,14.0906027089066,0
"8557",2838,"MARVIN SODERLUND",1,9,9,2,174,"N","S",5,5,0,51,2,13.8319250992324,0
"8558",2838,"HEDSTROM LUMBER CO.",2,9,9,2,174,"N","S",5,5,0,51,2,13.7803754871959,0
"8559",2840,"(GEORGE)BLOOMQUIST BROS.",1,9,9,2,1062,"N","S",6,25,11,115,2,14.4505735433398,0
"8560",2840,"CONSOLIDATED PAPERS",2,9,9,2,1062,"N","S",6,25,11,115,2,14.3647359811029,0
"8561",2841,"HEDSTROM LUMBER",1,9,9,2,883,"N","S",6,25,13,48,3,14.7780881328361,0
"8562",2841,"MARVIN SODERLUND",2,9,9,2,883,"N","S",6,25,13,48,3,14.7366495181632,0
"8563",2841,"VERL TILBURY",3,9,9,2,883,"N","S",6,25,13,48,3,14.7277884491522,0
"8564",2842,"D-S FOREST PRODUCTS",1,9,9,2,1013,"N","S",6,5,13,109,2,14.9431960941181,0
"8565",2842,"NORTH SHORE FOREST PRODUC",2,9,9,2,1013,"N","S",6,5,13,109,2,14.8871719109489,0
"8566",2843,"CONSOLIDATED PAPERS,INC.",1,9,9,2,808,"N","S",6,5,12,68,1,14.8613133156195,0
"8567",2845,"HEDSTROM LUMBER",1,9,9,2,100,"N","S",5,129,0,18,1,14.2056995785199,0
"8568",2846,"KAINZ LOGGING",3,9,9,4,507,"N","S",6,25,8,37,4,15.3158886763954,0
"8569",2846,"J.C. CAMPBELL",2,9,9,4,507,"N","S",6,25,8,37,4,15.4074899535273,0
"8570",2846,"THOMAS FOSTER",1,9,9,4,507,"N","S",6,25,8,37,4,15.4409005566123,0
"8571",2846,"POTLATCH CORPORATION",4,9,9,4,507,"N","S",6,25,8,37,4,14.6971183294942,0
"8572",2847,"KAINZ LOGGING",2,9,9,4,581,"N","S",6,25,7,40,4,15.7592169949145,0
"8573",2847,"JOSEPH FOSTER",4,9,9,4,581,"N","S",6,25,7,40,4,15.3049818023512,0
"8574",2847,"POTLATCH CORPORATION",3,9,9,4,581,"N","S",6,25,7,40,4,15.5740186089617,0
"8575",2847,"J. C. CAMPBELL CO.",1,9,9,4,581,"N","S",6,25,7,40,4,15.7765090180803,0
"8576",2848,"J. C. CAMPBELL",2,9,9,4,883,"N","S",7,25,0,38,4,16.1763685213386,0
"8577",2848,"KAINZ LOGGING",1,9,9,4,883,"N","S",7,25,0,38,4,16.2486000919837,0
"8578",2848,"KEEWATIN SAWMILL",3,9,9,4,883,"N","S",7,25,0,38,4,16.1156249011683,0
"8579",2848,"POTLATCH CORPORATION",4,9,9,4,883,"N","S",7,25,0,38,4,15.984257125459,0
"8580",2849,"J. C. CAMPBELL CO.",1,9,9,4,396,"N","A",6,25,15,41,1,14.8883943560389,8.24301946898925
"8581",2850,"KAINZ LOGGING",1,9,9,5,170,"N","D",5,25,0,8,1,13.6521218385442,0
"8582",2851,"J. C. CAMPBELL COMPANY",1,9,9,5,1228,"N","S",5,25,1,9,1,14.8839192765727,0
"8583",2855,"BOISE CASCADE CORPORATION",1,9,9,6,3385,"N","S",7,25,2,45,2,16.0503268514181,0
"8584",2855,"POTLATCH CORPORATION",2,9,9,6,3385,"N","S",7,25,2,45,2,15.4344234407609,0
"8585",2860,"KEEWATIN SAWMILL CO",1,9,9,9,4111,"N","S",6,25,10,15,1,14.5438337444047,0
"8586",2861,"POTLATCH CORPORATION",1,9,9,9,1996,"N","S",7,25,38,19,2,16.3116785600293,0
"8587",2861,"BOISE CASCADE CORPORATION",2,9,9,9,1996,"N","S",7,25,38,19,2,15.9137891874276,0
"8588",2864,"GIGUERE BROTHERS",3,9,10,1,322,"Y","S",5,105,0,9,3,14.506211248306,0
"8589",2864,"LORRAINE PRATT",1,9,10,1,322,"Y","S",5,105,0,9,3,14.6828135461514,0
"8590",2864,"ESCANABA PAPER CO.",2,9,10,1,322,"Y","S",5,105,0,9,3,14.626642531604,0
"8591",2865,"GERALD ROCHEFORT",1,9,10,1,1120,"N","S",6,4,0,33,1,14.1061303112034,0
"8592",2866,"LORRAINE PRATT",2,9,10,1,640,"N","S",6,4,12,21,2,14.629413684035,9.49521851709523
"8593",2866,"ESCANABA PAPER COMPANY",1,9,10,1,640,"N","S",6,4,12,21,2,14.8323222336372,9.49521851709523
"8594",2867,"LORRAINE PRATT",3,9,10,1,890,"N","S",5,105,0,9,4,15.1808417185834,0
"8595",2867,"WILFRED LACOSSE",4,9,10,1,890,"N","S",5,105,0,9,4,15.0356939577222,0
"8596",2867,"GIGUERE BROTHERS",1,9,10,1,890,"N","S",5,105,0,9,4,15.2918259084769,0
"8597",2867,"ESCANABA PAPER CO.",2,9,10,1,890,"N","S",5,105,0,9,4,15.2771055547319,0
"8598",2869,"GIGUERE BROTHERS",2,9,10,1,840,"N","S",5,4,0,26,4,14.2267224549373,0
"8599",2869,"MIKE LECKSON",3,9,10,1,840,"N","S",5,4,0,26,4,14.1462298495136,0
"8600",2869,"FRED PRATER",1,9,10,1,840,"N","S",5,4,0,26,4,14.3418957021199,0
"8601",2869,"LORRAINE PRATT",4,9,10,1,840,"N","S",5,4,0,26,4,14.0266673543205,0
"8602",2870,"WILFRED LACOSSE",1,9,10,1,160,"N","S",5,4,0,30,1,13.1153488329101,7.9728107841214
"8603",2871,"LEO LEVEILLE",1,9,10,2,1299,"N","S",6,1,0,21,1,13.9926193853943,9.42213982158974
"8604",2872,"GIGUERE BROTHERS",1,9,10,2,1949,"N","S",6,4,2,24,1,15.8624641604163,0
"8605",2877,"LAWRENCE C. LANCOUR JR.",1,9,10,2,2032,"N","S",6,1,2,24,1,15.0666278874239,0
"8606",2878,"GIGUERE BROS.",2,9,10,3,320,"N","S",5,4,0,17,3,14.9621873507488,9.24232341782923
"8607",2878,"LORRAINE PRATT",3,9,10,3,320,"N","S",5,4,0,17,3,14.9397275634544,9.24232341782923
"8608",2878,"ESCANABA PAPER CO.",1,9,10,3,320,"N","S",5,4,0,17,3,15.0807871886891,9.24232341782923
"8609",2880,"DENNIS W. SALO",1,9,10,3,1456,"N","S",6,1,22,7,1,14.0827858206384,9.55683365830778
"8610",2881,"ESCANABA PAPER COMPANY",1,9,10,3,721,"N","S",5,1,0,20,2,13.9806876514118,0
"8611",2881,"GIGUERE BROTHERS",2,9,10,3,721,"N","S",5,1,0,20,2,13.8392651697938,0
"8612",2883,"ED GIGUERE",1,9,10,3,650,"N","S",5,1,6,36,3,14.0865120295197,0
"8613",2883,"MANISTIQUE SAW & PLAN.CO.",2,9,10,3,650,"N","S",5,1,6,36,3,14.009637160208,0
"8614",2883,"LOUISIANA-PACIFIC CORP.",3,9,10,3,650,"N","S",5,1,6,36,3,13.8661323769627,0
"8615",2884,"LESLIE KNUTTILA",1,9,10,3,107,"N","S",5,4,0,24,1,12.7906931924552,9.59287797544064
"8616",2888,"F.P. FURLONG CO.",2,9,10,4,1280,"N","S",6,4,0,5,2,15.3681935516139,9.4844811738613
"8617",2888,"ESCANABA PAPER COMPANY",1,9,10,4,1280,"N","S",6,4,0,5,2,15.8138274527187,9.4844811738613
"8618",2889,"AARON HOPPER",1,9,10,4,975,"N","S",5,105,0,46,1,13.1386834771464,0
"8619",2890,"SUPERIOR STUDS, INC.",1,9,10,4,1056,"N","S",5,105,7,17,2,14.1495455411806,0
"8620",2890,"ESCANABA PAPER CO.",2,9,10,4,1056,"N","S",5,105,7,17,2,14.1488564841944,0
"8621",2892,"ESCANABA PAPER COMPANY",1,9,10,4,2445,"N","S",6,1,1,69,1,15.5709057904231,0
"8622",2893,"F.P. FURLONG CO.",1,9,10,4,1742,"N","S",5,4,0,14,2,14.8276364227399,7.9728107841214
"8623",2893,"ESCANABA PAPER COMPANY",2,9,10,4,1742,"N","S",5,4,0,14,2,14.5447085289308,7.9728107841214
"8624",2894,"HENSKI WOOD PRODUCTS",1,9,10,5,132,"N","S",5,5,0,31,2,13.3234985104532,0
"8625",2894,"HERBERT BROWN",2,9,10,5,132,"N","S",5,5,0,31,2,13.101184683763,0
"8626",2896,"F.P. FURLONG CO., INC.",1,9,10,5,303,"Y","S",5,4,0,19,1,13.2719654422354,9.3273230874618
"8627",2897,"ESCANABA PAPER CO.",2,9,10,5,452,"N","S",5,1,6,35,2,13.5781070652512,0
"8628",2897,"F. P. FURLONG CO., INC.",1,9,10,5,452,"N","S",5,1,6,35,2,14.4827012650981,0
"8629",2899,"WHARTON SUPPLY CO.",1,9,11,1,120,"N","D",5,4,0,7,1,14.4964773579575,9.46885106712768
"8630",2900,"COLUMBUS & SOU. OHIO ELEC",1,9,11,1,45,"N","D",5,4,0,13,1,13.0569989152714,9.22641055215368
"8631",2901,"E. B. MILLER SAWMILL",1,9,11,1,86,"N","S",5,4,0,15,4,14.4210121604716,9.25387867399067
"8632",2901,"CLARENCE E. FRALEY",2,9,11,1,86,"N","S",5,4,0,15,4,14.2729354050031,9.25387867399067
"8633",2901,"DALE W. RIDDLE FOR. PROD.",4,9,11,1,86,"N","S",5,4,0,15,4,14.0668084305526,9.25387867399067
"8634",2901,"HINCHCLIFF PRODUCTS CO.",3,9,11,1,86,"N","S",5,4,0,15,4,14.0847610577947,9.25387867399067
"8635",2902,"VALLEY COAL CORPORATION",1,9,11,1,26,"N","D",5,4,0,12,1,13.5882460270658,9.24936875894366
"8636",2903,"VALLEY COAL CORPORATION",1,9,11,1,33,"N","D",5,4,0,12,1,13.7290230437346,9.40771473139643
"8637",2904,"JOHN T. & HENRY MILLER",1,9,11,3,34,"N","S",5,4,0,29,1,14.6268851198889,9.3904929114853
"8638",2907,"HINCHCLIFF PRODUCTS CO.",1,9,11,3,28,"N","S",5,4,0,28,1,14.2495514610488,9.35314117060785
"8639",2911,"HINCHCLIFF PRODUCTS CO.",2,9,11,3,54,"N","S",5,4,0,28,2,15.0623977262779,9.46869661504613
"8640",2911,"INDUSTRIAL TIMBER & LAND",1,9,11,3,54,"N","S",5,4,0,28,2,15.0640859134919,9.46869661504613
"8641",2912,"INDUSTRIAL TIMBER & LAND",1,9,11,3,23,"N","S",5,4,0,29,1,13.9624769208495,9.57345453954382
"8642",2913,"SHERWOOD FOREST PRODUCTS",1,9,11,3,51,"N","S",5,4,0,33,1,14.7550020584755,9.38681151509196
"8643",2916,"GILBERT SECHREST",1,9,18,22,975,"N","S",5,800,0,27,1,13.9222245572498,0
"8644",2918,"JOE H. GRAVES",1,9,18,23,2585,"N","S",5,170,29,8,3,15.8315356154542,0
"8645",2918,"CLAUDE KENNEDY",3,9,18,23,2585,"N","S",5,170,29,8,3,15.5228317007036,0
"8646",2918,"ROBERT M. MURDOCK",2,9,18,23,2585,"N","S",5,170,29,8,3,15.527287345495,0
"8647",2919,"ROBERT KIRBY",5,9,18,23,1875,"N","S",5,170,17,10,6,15.2672719153053,0
"8648",2919,"WAYNE WILLIAMS",1,9,18,23,1875,"N","S",5,170,17,10,6,15.6093525239566,0
"8649",2919,"HAROLD MCBRIDE, JR.",2,9,18,23,1875,"N","S",5,170,17,10,6,15.5910254624774,0
"8650",2919,"ROBERT M. MURDOCK",4,9,18,23,1875,"N","S",5,170,17,10,6,15.3034811561148,0
"8651",2919,"LONNIE E. WATSON",6,9,18,23,1875,"N","S",5,170,17,10,6,15.0630599594068,0
"8652",2919,"MILLER'S SAWMILL, INC.",3,9,18,23,1875,"N","S",5,170,17,10,6,15.4754039138869,0
"8653",2920,"ROBERT M. MURDOCK",2,9,18,23,1281,"N","S",5,170,20,12,2,15.1534415388295,0
"8654",2920,"J. W. JOHNSON",1,9,18,23,1281,"N","S",5,170,20,12,2,15.1896700889489,0
"8655",2921,"R. M. MURDOCK & SONS",1,9,18,23,480,"N","S",5,170,1,7,1,15.017471539932,0
"8656",2922,"R. M. MURDOCK",2,9,18,23,1500,"N","S",5,170,22,12,2,15.2584822311021,0
"8657",2922,"REX VANWINKLE",1,9,18,23,1500,"N","S",5,170,22,12,2,15.3430064768895,0
"8658",2923,"ELMER HAWKINS",1,9,18,24,735,"N","S",5,170,9,3,8,15.0690064006988,0
"8659",2923,"JOE GRAVES",8,9,18,24,735,"N","S",5,170,9,3,8,14.8320718737435,0
"8660",2923,"GILBERT SECHREST",2,9,18,24,735,"N","S",5,170,9,3,8,15.0571403534673,0
"8661",2923,"V. SMITH LUMBER CO.",4,9,18,24,735,"N","S",5,170,9,3,8,14.9630780765428,0
"8662",2923,"JAMES FROST",5,9,18,24,735,"N","S",5,170,9,3,8,14.9354276131262,0
"8663",2923,"TEXAS COUNTY POST CO.INC.",3,9,18,24,735,"N","S",5,170,9,3,8,15.0007105505519,0
"8664",2923,"CARL SHOCKLEY",7,9,18,24,735,"N","S",5,170,9,3,8,14.8462846653769,0
"8665",2923,"ROY FROST",6,9,18,24,735,"N","S",5,170,9,3,8,14.8600185876392,0
"8666",2924,"B. H. GRAY",4,9,18,24,1446,"N","S",5,170,27,8,6,14.9748415816671,0
"8667",2924,"JAMES FROST",2,9,18,24,1446,"N","S",5,170,27,8,6,15.0211819189258,0
"8668",2924,"ROBERT KIRBY",5,9,18,24,1446,"N","S",5,170,27,8,6,14.8820892044994,0
"8669",2924,"SHOCKLEY SAWMILL",3,9,18,24,1446,"N","S",5,170,27,8,6,15.0059725002623,0
"8670",2924,"MILLER'S SAWMILL, INC.",1,9,18,24,1446,"N","S",5,170,27,8,6,15.2459002703219,0
"8671",2924,"R. M. MURDOCK",6,9,18,24,1446,"N","S",5,170,27,8,6,14.7838243179056,0
"8672",2925,"LONNIE WATSON",5,9,18,24,845,"N","S",5,170,0,13,5,13.5690919825562,0
"8673",2925,"R. M. MURDOCK",3,9,18,24,845,"N","S",5,170,0,13,5,13.7065323953945,0
"8674",2925,"HARVEY TRIPP",2,9,18,24,845,"N","S",5,170,0,13,5,13.8312116481904,0
"8675",2925,"GLEN DUNCAN",1,9,18,24,845,"N","S",5,170,0,13,5,13.8376878145756,0
"8676",2925,"CARL SHOCKLEY",4,9,18,24,845,"N","S",5,170,0,13,5,13.5721770543532,0
"8677",2926,"LONNIE WATSON",2,9,18,24,1584,"N","S",5,170,0,14,4,14.6995260012866,0
"8678",2926,"MELVIN DUNCAN",4,9,18,24,1584,"N","S",5,170,0,14,4,14.5254622485039,0
"8679",2926,"R. M. MURDOCK",3,9,18,24,1584,"N","S",5,170,0,14,4,14.6033677382565,0
"8680",2926,"CARL & ROBERT A. SHOCKLEY",1,9,18,24,1584,"N","S",5,170,0,14,4,14.771371941756,0
"8681",2927,"JOHN D. CHITWOOD",1,9,18,24,1708,"N","S",5,170,13,5,1,13.4618453658892,0
"8682",2929,"KERR-MCGEE CHEMICAL CORP.",1,9,18,24,1417,"N","S",5,170,0,14,2,14.4879538852459,0
"8683",2929,"JOHN CHITWOOD",2,9,18,24,1417,"N","S",5,170,0,14,2,14.2685193394091,0
"8684",2930,"JOHN CHITWOOD",1,9,18,24,258,"N","S",5,170,0,10,1,14.2464582104869,0
"8685",2931,"BOB TURNBULL",1,9,18,25,50,"N","S",5,170,0,5,2,12.9598444479066,0
"8686",2931,"A. D. MADDEN",2,9,18,25,50,"N","S",5,170,0,5,2,12.6211018713069,0
"8687",2932,"CECIL THORNTON",1,9,18,25,35,"N","S",5,170,0,7,7,12.8875393744407,0
"8688",2932,"ELDON STRATTON",4,9,18,25,35,"N","S",5,170,0,7,7,12.8583874148489,0
"8689",2932,"HARLEY SMITH",2,9,18,25,35,"N","S",5,170,0,7,7,12.8695335157198,0
"8690",2932,"A. D. MADDEN",3,9,18,25,35,"N","S",5,170,0,7,7,12.8674737084174,0
"8691",2932,"THELMER R. DAVIS",5,9,18,25,35,"N","S",5,170,0,7,7,12.7910776674704,0
"8692",2932,"JERRY TURNBULL",7,9,18,25,35,"N","S",5,170,0,7,7,12.5535554711,0
"8693",2932,"LEROY LOVAN",6,9,18,25,35,"N","S",5,170,0,7,7,12.6611212538272,0
"8694",2933,"GENE GREEN",1,9,18,25,276,"N","S",5,170,0,20,1,14.3102921620106,0
"8695",2934,"ZIPPY MADDEN",5,9,18,25,400,"N","S",5,170,0,7,5,13.9639305630825,0
"8696",2934,"JERRY RAY TURNBULL",1,9,18,25,400,"N","S",5,170,0,7,5,14.2181276142203,0
"8697",2934,"THELMER (PETE) DAVIS",2,9,18,25,400,"N","S",5,170,0,7,5,14.1876256863909,0
"8698",2934,"CECIL THORNTON",3,9,18,25,400,"N","S",5,170,0,7,5,14.178471702279,0
"8699",2934,"MARLIN REESE LUMBER",4,9,18,25,400,"N","S",5,170,0,7,5,14.1170067742494,0
"8700",2935,"ZIPPY MADDEN",1,9,18,25,1154,"N","S",5,170,0,4,1,12.821225851662,0
"8701",2936,"BOBBY TURNBULL",2,9,18,25,596,"N","S",5,170,0,9,4,14.6578451215465,0
"8702",2936,"RANDOLPH & PATILLO LBR CO",3,9,18,25,596,"N","S",5,170,0,9,4,14.4878553616449,0
"8703",2936,"CECIL THORNTON",1,9,18,25,596,"N","S",5,170,0,9,4,14.8773858997097,0
"8704",2936,"GEORGE SPARKS",4,9,18,25,596,"N","S",5,170,0,9,4,14.3877294492394,0
"8705",2937,"BOBBY TURNBULL",3,9,18,25,865,"N","S",5,170,16,9,4,14.7445887802642,0
"8706",2937,"MORRISON LUMBER CO.",4,9,18,25,865,"N","S",5,170,16,9,4,14.6091137467236,0
"8707",2937,"CECIL THORNTON",2,9,18,25,865,"N","S",5,170,16,9,4,14.7658641085099,0
"8708",2937,"MARLIN REESE",1,9,18,25,865,"N","S",5,170,16,9,4,14.851617457281,0
"8709",2938,"MARLIN REESE",1,9,18,25,2534,"N","S",5,170,7,11,1,13.8171811617284,0
"8710",2939,"DON LAYMAN",1,9,18,26,130,"N","S",5,170,0,10,2,13.4304361395038,0
"8711",2939,"ROY FROST",2,9,18,26,130,"N","S",5,170,0,10,2,13.2721393593221,0
"8712",2940,"GILBERT SECHREST",3,9,18,26,726,"N","S",5,170,5,8,4,14.9337293762713,0
"8713",2940,"B. H. GRAY",2,9,18,26,726,"N","S",5,170,5,8,4,14.9495575557547,0
"8714",2940,"ROY FROST",1,9,18,26,726,"N","S",5,170,5,8,4,15.1217872110981,0
"8715",2940,"ROY E. CHANEY",4,9,18,26,726,"N","S",5,170,5,8,4,14.8710274365268,0
"8716",2941,"BILL DENNING",3,9,18,26,457,"N","S",5,170,0,5,3,13.9449586251512,0
"8717",2941,"V. SMITH LUMBER CO.",1,9,18,26,457,"N","S",5,170,0,5,3,14.3844813086088,0
"8718",2941,"JACK BARNES",2,9,18,26,457,"N","S",5,170,0,5,3,13.979837851386,0
"8719",2942,"SMITH FLOORING, INC.",1,9,18,26,1214,"N","S",5,170,11,8,2,15.4186836875618,0
"8720",2942,"DON LAYMAN",2,9,18,26,1214,"N","S",5,170,11,8,2,15.2008544675482,0
"8721",2943,"TRIPP LUMBER CO.",1,9,18,26,1385,"N","S",5,170,280,19,2,15.2276870677983,9.28942877829515
"8722",2943,"JOHN D. CHITWOOD",2,9,18,26,1385,"N","S",5,170,280,19,2,14.9004227608941,9.28942877829515
"8723",2944,"DOUGLAS DENNING",1,9,18,26,940,"N","S",5,170,0,8,6,13.8906829634078,0
"8724",2944,"MICHAEL F. DONNELLY",5,9,18,26,940,"N","S",5,170,0,8,6,13.4057813715824,0
"8725",2944,"DON LAYMAN",6,9,18,26,940,"N","S",5,170,0,8,6,13.2807337133758,0
"8726",2944,"VANE VOYLES",3,9,18,26,940,"N","S",5,170,0,8,6,13.5471081002444,0
"8727",2944,"CECIL THORNTON",4,9,18,26,940,"N","S",5,170,0,8,6,13.4596181648956,0
"8728",2944,"ELMER HAWKINS",2,9,18,26,940,"N","S",5,170,0,8,6,13.7022701887573,0
"8729",2945,"ELMER HAWKINS",1,9,18,26,2502,"N","S",6,170,27,10,5,16.4780904779817,0
"8730",2945,"HAROLD MCBRIDE, JR.",3,9,18,26,2502,"N","S",6,170,27,10,5,16.3467573094764,0
"8731",2945,"JOHN D. CHITWOOD",4,9,18,26,2502,"N","S",6,170,27,10,5,16.0601052440493,0
"8732",2945,"TEXAS COUNTY POST CO., IN",5,9,18,26,2502,"N","S",6,170,27,10,5,16.0514192728989,0
"8733",2945,"CECIL THORNTON",2,9,18,26,2502,"N","S",6,170,27,10,5,16.3567739114196,0
"8734",2946,"BUEHLER LBR. CO., INC.",2,9,19,1,840,"Y","S",5,4,0,7,4,15.9315679808588,9.58100697454165
"8735",2946,"ENDEAVOR LBR. CO.",4,9,19,1,840,"Y","S",5,4,0,7,4,15.5423157752062,9.58100697454165
"8736",2946,"LAUREL LUMBER CO.",3,9,19,1,840,"Y","S",5,4,0,7,4,15.8029738627478,9.58100697454165
"8737",2946,"WADE COCHRAN",1,9,19,1,840,"Y","S",5,4,0,7,4,15.9976440578677,9.58100697454165
"8738",2947,"FULTON BROS.",1,9,19,1,1260,"N","S",6,4,1,17,2,16.3265721652291,9.31334812205041
"8739",2947,"ENDEAVOR LBR. CO.",2,9,19,1,1260,"N","S",6,4,1,17,2,15.8804316868565,9.31334812205041
"8740",2948,"BUEHLER LBR. CO., INC.",1,9,19,1,1094,"N","S",5,4,0,13,1,15.914145104884,9.43364391049176
"8741",2951,"BUEHLER LUMBER CO.",3,9,19,1,1025,"Y","S",5,4,0,7,3,15.8294109427019,9.66966215287506
"8742",2951,"HOWARD R. GODFREY",1,9,19,1,1025,"Y","S",5,4,0,7,3,15.8741114337723,9.66966215287506
"8743",2951,"WADE COCHRAN",2,9,19,1,1025,"Y","S",5,4,0,7,3,15.8652793096562,9.66966215287506
"8744",2952,"WADE COCHRAN",2,9,19,2,600,"N","S",5,4,1,32,2,15.0260219391298,9.36853998664973
"8745",2952,"BUEHLER LBR. CO., INC.",1,9,19,2,600,"N","S",5,4,1,32,2,15.0618529586567,9.36853998664973
"8746",2953,"INTERNATIONAL PET. SVCS.",1,9,19,2,2,"N","D",5,4,0,30,1,12.6623671070886,0
"8747",2954,"GEORGE W. SPILKA",1,9,19,2,1570,"N","S",6,4,3,41,1,16.7255743161226,0
"8748",2955,"WADE COCHRAN",2,9,19,2,1320,"N","S",5,4,0,13,2,15.4315029428357,0
"8749",2955,"KANE HDWD. DIV. COLLINS P",1,9,19,2,1320,"N","S",5,4,0,13,2,15.475166186559,0
"8750",2956,"CECIL E. TOOMBS, JR.",2,9,19,2,1211,"Y","S",5,4,0,6,2,14.8354464551237,0
"8751",2956,"ENDEAVOR LBR. CO.",1,9,19,2,1211,"Y","S",5,4,0,6,2,14.8659048187618,0
"8752",2957,"UGI CORPORATION",1,9,19,2,24,"N","D",5,4,0,30,1,14.7681463337539,8.1318247850072
"8753",2958,"KANE HARDWOOD",1,9,19,2,1308,"N","S",7,4,2,38,2,17.5617590815065,9.37007543009734
"8754",2958,"BUEHLER LBR. CO.",2,9,19,2,1308,"N","S",7,4,2,38,2,17.5296574837957,9.37007543009734
"8755",2959,"ENDEAVOR LBR. CO., DIV.",1,9,19,3,2677,"N","S",7,4,3,20,1,16.1881553398598,9.36211680694198
"8756",2961,"BUEHLER LBR. CO., INC.",4,9,19,3,886,"N","S",5,4,0,19,5,15.700290162603,9.36443390731358
"8757",2961,"R. MALLERY LBR. CORP.",2,9,19,3,886,"N","S",5,4,0,19,5,15.8718767754126,9.36443390731358
"8758",2961,"M. W. CRISSMAN",1,9,19,3,886,"N","S",5,4,0,19,5,16.0275999927228,9.36443390731358
"8759",2961,"ENDEAVOR LBR. CO.",5,9,19,3,886,"N","S",5,4,0,19,5,15.6497549582668,9.36443390731358
"8760",2961,"KANE HDWD.",3,9,19,3,886,"N","S",5,4,0,19,5,15.7479228769395,9.36443390731358
"8761",2962,"KANE HDWD. DIV.",3,9,19,3,2600,"N","S",7,4,3,22,3,17.022576924873,0
"8762",2962,"BEUHLER LBR. CO., INC.",2,9,19,3,2600,"N","S",7,4,3,22,3,17.0512745711959,0
"8763",2962,"GEORGE W. SPILKA",1,9,19,3,2600,"N","S",7,4,3,22,3,17.0854136618411,0
"8764",2963,"KANE HARDWOOD DIV",1,9,19,3,1250,"N","S",5,4,1,16,1,15.3312969143169,0
"8765",2965,"WADE COCHRAN",1,9,19,3,653,"N","S",5,4,0,22,2,14.284050616713,9.30855541947314
"8766",2965,"KANE HARDWOOD",2,9,19,3,653,"N","S",5,4,0,22,2,13.9883708309687,9.30855541947314
"8767",2966,"PENNZOIL CO.",1,9,19,3,149,"N","D",5,4,0,16,1,13.1732275797451,9.36460533098761
"8768",2968,"BUEHLER LBR. CO.",1,9,19,3,1942,"N","S",5,4,0,22,2,15.5291335154613,9.33512108887349
"8769",2968,"HAMMERMILL PAPER",2,9,19,3,1942,"N","S",5,4,0,22,2,15.4872877625036,9.33512108887349
"8770",2969,"GEORGE W. SPILKA",2,9,19,4,1000,"N","S",5,4,1,12,2,15.2435107628945,0
"8771",2969,"BUEHLER LBR. CO. INC.",1,9,19,4,1000,"N","S",5,4,1,12,2,15.4937231314125,0
"8772",2971,"WADE COCHRAN",2,9,19,4,170,"N","S",5,261,0,8,2,15.1533916838681,9.41897923708751
"8773",2971,"KANE HDWD. DIV.",1,9,19,4,170,"N","S",5,261,0,8,2,15.4267468523398,9.41897923708751
"8774",2972,"BUEHLER LBR. CO., INC.",1,9,19,4,935,"N","S",5,4,1,8,1,15.286182601777,0
"8775",2973,"BUEHLER LBR. CO.",1,9,19,4,1300,"N","S",5,4,1,16,1,15.2910705034382,0
"8776",2974,"KANE HARDWOOD",4,9,19,4,579,"N","S",5,261,0,16,4,15.7703379726199,9.40351943877092
"8777",2974,"MALJOVEC LBR.",2,9,19,4,579,"N","S",5,261,0,16,4,16.1242284071074,9.40351943877092
"8778",2974,"BUEHLER LBR.CO.,INC..",1,9,19,4,579,"N","S",5,261,0,16,4,16.1846759612251,9.40351943877092
"8779",2974,"R. MALLERY LBR.",3,9,19,4,579,"N","S",5,261,0,16,4,15.9714386069106,9.40351943877092
"8780",2975,"GEORGE W. SPILKA",1,9,19,4,1183,"N","S",6,4,1,17,1,16.5485947117677,7.92696354486298
"8781",2976,"JOSEPH GAGNON",1,9,20,1,200,"N","S",5,4,0,8,4,14.0493447600866,9.22118139515406
"8782",2976,"HAROLD PELKEY",3,9,20,1,200,"N","S",5,4,0,8,4,13.899080269211,9.22118139515406
"8783",2976,"DUPOISE & FISKE",4,9,20,1,200,"N","S",5,4,0,8,4,13.8117033196213,9.22118139515406
"8784",2976,"LARRY HUTCHINS",2,9,20,1,200,"N","S",5,4,0,8,4,13.9594238714619,9.22118139515406
"8785",2977,"LAWRENCE WHITE",1,9,20,2,1036,"N","S",6,4,11,20,1,15.7398438781868,9.31090942689788
"8786",2978,"HAROLD PELKEY",2,9,20,2,264,"Y","S",5,4,0,25,2,14.5515615645287,9.38681151509196
"8787",2978,"JOHN E. COLE",1,9,20,2,264,"Y","S",5,4,0,25,2,14.6969062793287,9.38681151509196
"8788",2979,"GRANVILLE MFG. CO., INC.",1,9,20,5,2080,"N","S",5,4,20,13,1,15.2058290613518,9.28859686994195
"8789",2980,"WHITE RIVER TIMBER CO., I",1,9,20,5,235,"N","D",5,4,0,8,1,14.8089848987971,9.43604065207208
"8790",2982,"HINCHCLIFF LBR.CO., INC.",1,9,21,1,1910,"N","S",6,4,4,9,2,16.4757958291647,9.46273199764938
"8791",2982,"KERMIT BUTCHER",2,9,21,1,1910,"N","S",6,4,4,9,2,16.4052940564621,9.46273199764938
"8792",2986,"R. S. BURRUSS LBR. CO.",1,9,21,4,2696,"N","S",5,4,0,14,1,13.7462140689616,9.32295451634532
"8793",2987,"R. S. BURRUSS LBR. CO.",1,9,21,4,326,"N","S",5,1,0,14,1,14.0834974473475,9.45218790808416
"8794",2988,"BURRUSS LBR. CO.",1,9,21,4,1710,"N","S",5,4,29,4,1,14.6517389486388,9.33609157728174
"8795",2989,"ALLEGHENY WOOD PRODUCTS,",1,9,21,5,697,"N","S",5,1,16,21,1,14.8842572773426,8.03495502450216
"8796",2992,"3-DE-LOGGING CO.",2,9,22,1,341,"N","S",6,4,7,23,3,14.843749737341,0
"8797",2992,"SCHOFF LUMBER CO., INC.",1,9,22,1,341,"N","S",6,4,7,23,3,16.0870054196777,0
"8798",2992,"COLEMAN D. KENISON",3,9,22,1,341,"N","S",6,4,7,23,3,14.843749737341,0
"8799",2993,"LEVEILLE TRUCKING, INC.",1,9,22,1,347,"N","S",6,4,4,19,1,15.3099406801834,0
"8800",2995,"MILAN EXCAVATING, INC.",1,9,22,2,38,"N","S",5,4,0,46,1,13.1436022277402,0
"8801",2996,"C. B. CUMMINGS & SONS CO.",1,9,22,2,1344,"N","S",6,4,18,38,1,15.6596252575263,0
"8802",2997,"SAUNDERS BROTHERS",4,9,22,2,38,"N","S",5,4,0,43,4,14.0853552357845,0
"8803",2997,"RAYMOND WHITE",3,9,22,2,38,"N","S",5,4,0,43,4,14.1013201283778,0
"8804",2997,"WILBUR S. MYERS",2,9,22,2,38,"N","S",5,4,0,43,4,14.2115985042598,0
"8805",2997,"ROCKWELL INTERNATIONAL",1,9,22,2,38,"N","S",5,4,0,43,4,14.260283554913,0
"8806",2998,"MILAN EXCAVATING, INC.",1,9,22,2,33,"N","S",5,4,0,41,1,13.2652682018345,0
"8807",2999,"LARRY G. SMITH, SR.",1,9,22,3,200,"N","S",5,4,5,15,1,13.2982761081407,0
"8808",3000,"C. B. CUMMINGS & SONS CO.",4,9,22,3,556,"N","S",5,4,8,26,4,14.5344638772556,0
"8809",3000,"WESTON'S",1,9,22,3,556,"N","S",5,4,8,26,4,15.007296199593,0
"8810",3000,"CHAPMAN & WHEELER",2,9,22,3,556,"N","S",5,4,8,26,4,14.8686239602612,0
"8811",3000,"BEAR PAW TIMBER CORP.",3,9,22,3,556,"N","S",5,4,8,26,4,14.8532667813683,0
"8812",3001,"ROCKWELL INTERNATIONAL",3,9,22,4,394,"N","S",5,4,16,11,6,15.8163064052762,0
"8813",3001,"BEAR PAW TIMBER CORP.",4,9,22,4,394,"N","S",5,4,16,11,6,15.7723756250438,0
"8814",3001,"MILES POND, INC.",2,9,22,4,394,"N","S",5,4,16,11,6,15.8801503421284,0
"8815",3001,"LEVEILLE TRUCKING, INC.",5,9,22,4,394,"N","S",5,4,16,11,6,15.674096242062,0
"8816",3001,"ALLEN-ROGERS CORP.",6,9,22,4,394,"N","S",5,4,16,11,6,15.6019569376963,0
"8817",3001,"SAUNDERS BROTHERS",1,9,22,4,394,"N","S",5,4,16,11,6,15.8895594604671,0
"8818",3002,"LEVEILLE TRUCKING, INC.",4,9,22,4,425,"N","S",5,4,3,16,4,15.4424739972642,0
"8819",3002,"MILES POND, INC.",2,9,22,4,425,"N","S",5,4,3,16,4,15.5670903610572,0
"8820",3002,"DANIEL M. KENISTON",1,9,22,4,425,"N","S",5,4,3,16,4,15.576746900139,0
"8821",3002,"THOMAS W. SHEEHAN & SON,",3,9,22,4,425,"N","S",5,4,3,16,4,15.47075227507,0
"8822",3003,"ALLEN-ROGERS CORP.",1,9,22,4,117,"N","S",5,4,0,37,1,15.5520509668842,0
"8823",3004,"JOHN M. KING",3,9,22,4,376,"N","S",5,4,7,14,3,15.0216298569214,0
"8824",3004,"ROBERT E. DOWNING",1,9,22,4,376,"N","S",5,4,7,14,3,15.3139550083339,0
"8825",3004,"SAUNDERS BROTHERS",2,9,22,4,376,"N","S",5,4,7,14,3,15.1485752775016,0
"8826",3006,"3-DE LOGGING CO.",2,9,22,5,425,"N","S",5,4,4,25,3,14.3980579663445,0
"8827",3006,"C. B. CUMMINGS & SONS CO.",3,9,22,5,425,"N","S",5,4,4,25,3,14.3130703787686,0
"8828",3006,"BEAR PAW TIMBER CORP.",1,9,22,5,425,"N","S",5,4,4,25,3,14.5126542418554,0
"8829",3007,"3-DE LOGGING COMPANY",1,9,22,5,375,"N","S",5,4,5,29,1,13.7038826654888,0
"8830",3008,"TIM-BURR, INC.",1,9,22,5,225,"N","S",5,4,2,20,1,13.2480052292883,0
"8831",3009,"MENASHA CORPORATION",3,9,24,1,2080,"N","S",5,4,0,28,5,13.9129920152024,8.9138193508572
"8832",3009,"JEROME MILLER",5,9,24,1,2080,"N","S",5,4,0,28,5,13.5086823626701,8.9138193508572
"8833",3009,"ROSS ROTHIG",4,9,24,1,2080,"N","S",5,4,0,28,5,13.6959158822786,8.9138193508572
"8834",3009,"PACKAGING CORP. OF AMERIC",1,9,24,1,2080,"N","S",5,4,0,28,5,14.3337095316521,8.9138193508572
"8835",3009,"RICHARD MALBURG",2,9,24,1,2080,"N","S",5,4,0,28,5,13.9297049398764,8.9138193508572
"8836",3010,"LESLIE ANDERSON",1,9,24,1,313,"N","S",5,4,0,25,1,12.8475317169314,0
"8837",3012,"RICHARD L. MALBURG",1,9,24,1,1350,"N","S",5,4,0,6,1,14.3499773148806,0
"8838",3013,"RICHARD MALBURG",1,9,24,1,2820,"N","S",5,4,1,35,1,13.7741571722807,9.02183976410551
"8839",3014,"LESTER BALDWIN",3,9,24,2,172,"Y","S",5,105,0,86,4,14.3421307876289,9.30946146284399
"8840",3014,"DALE HANKINS",1,9,24,2,172,"Y","S",5,105,0,86,4,14.5136452800353,9.30946146284399
"8841",3014,"GLAWE, INC.",4,9,24,2,172,"Y","S",5,105,0,86,4,14.2518539857174,9.30946146284399
"8842",3014,"PCA",2,9,24,2,172,"Y","S",5,105,0,86,4,14.4098313842173,9.30946146284399
"8843",3015,"LESTER BALDWIN",4,9,24,2,150,"Y","S",5,4,0,79,4,14.0484293753037,8.90354343566472
"8844",3015,"PACKAGING CORP OF AMERICA",1,9,24,2,150,"Y","S",5,4,0,79,4,14.2293709931541,8.90354343566472
"8845",3015,"DALE HANKINS",3,9,24,2,150,"Y","S",5,4,0,79,4,14.057715285297,8.90354343566472
"8846",3015,"GLAWE, INC.",2,9,24,2,150,"Y","S",5,4,0,79,4,14.1312121417609,8.90354343566472
"8847",3016,"LESTER BALDWIN",2,9,24,2,580,"N","S",5,4,3,16,2,13.3495069180838,8.04269949689764
"8848",3016,"FRANK SCHWANDT",1,9,24,2,580,"N","S",5,4,3,16,2,13.5446842915325,8.04269949689764
"8849",3017,"LESTER BALOWIN",2,9,24,2,180,"N","S",5,4,0,79,5,13.551659588899,0
"8850",3017,"CLARENCE FLYNN",5,9,24,2,180,"N","S",5,4,0,79,5,13.261777433187,0
"8851",3017,"PKG. CORP. OF AMERICA",4,9,24,2,180,"N","S",5,4,0,79,5,13.3376586110868,0
"8852",3017,"DALE HANKINS",1,9,24,2,180,"N","S",5,4,0,79,5,13.5531712931843,0
"8853",3017,"ROSS ROTHIG",3,9,24,2,180,"N","S",5,4,0,79,5,13.3674406170237,0
"8854",3018,"LESTER BALDWIN",1,9,24,2,173,"N","S",5,4,0,82,1,13.6680830601476,0
"8855",3019,"LESTER BALDWIN",2,9,24,2,316,"N","S",5,4,0,60,4,13.8931380436436,0
"8856",3019,"ROSS ROTHIG",3,9,24,2,316,"N","S",5,4,0,60,4,13.8703556871121,0
"8857",3019,"PACKAGING CORP. OF AMER",4,9,24,2,316,"N","S",5,4,0,60,4,13.8638949255237,0
"8858",3019,"DON WEAVER",1,9,24,2,316,"N","S",5,4,0,60,4,14.218016625761,0
"8859",3020,"LAKE WOODS FOREST",2,9,24,2,140,"N","S",5,4,0,25,8,14.1452257312509,0
"8860",3020,"CHAMPION INT.",4,9,24,2,140,"N","S",5,4,0,25,8,13.9204983041522,0
"8861",3020,"LESTER BALDWIN",7,9,24,2,140,"N","S",5,4,0,25,8,13.7525388087982,0
"8862",3020,"JOHN PACOLA",6,9,24,2,140,"N","S",5,4,0,25,8,13.8477841185146,0
"8863",3020,"MENASHA CORP.",3,9,24,2,140,"N","S",5,4,0,25,8,13.9266439782965,0
"8864",3020,"PACKAGING CORP.",5,9,24,2,140,"N","S",5,4,0,25,8,13.882797174626,0
"8865",3020,"MERL BATES",8,9,24,2,140,"N","S",5,4,0,25,8,13.6900210284186,0
"8866",3020,"JOHN DOYLE",1,9,24,2,140,"N","S",5,4,0,25,8,14.1766475322229,0
"8867",3021,"JOE PADOLN",3,9,24,2,600,"N","S",5,4,1,72,7,14.4599652695825,0
"8868",3021,"DON WEAVER",5,9,24,2,600,"N","S",5,4,1,72,7,14.3290195781994,0
"8869",3021,"BAKE WOODS FOREST",1,9,24,2,600,"N","S",5,4,1,72,7,14.5563144033831,0
"8870",3021,"MAX RAYBURN",2,9,24,2,600,"N","S",5,4,1,72,7,14.5110837932721,0
"8871",3021,"LESTER BALDMAIN",4,9,24,2,600,"N","S",5,4,1,72,7,14.3776465959713,0
"8872",3021,"ROSS RATHIG",7,9,24,2,600,"N","S",5,4,1,72,7,14.2017826529238,0
"8873",3021,"PCA",6,9,24,2,600,"N","S",5,4,1,72,7,14.3115248332516,0
"8874",3022,"FLYNN'S FOREST PRODUCTS",3,9,24,3,1169,"N","S",5,4,0,56,4,13.9724074634596,8.92518842937803
"8875",3022,"RAYMOND NASH",1,9,24,3,1169,"N","S",5,4,0,56,4,14.1346527792918,8.92518842937803
"8876",3022,"PACKAGING CORP OF AMERICA",4,9,24,3,1169,"N","S",5,4,0,56,4,13.8624246777481,8.92518842937803
"8877",3022,"FRANK SCHWANDT",2,9,24,3,1169,"N","S",5,4,0,56,4,13.9806622187816,8.92518842937803
"8878",3023,"LESTER BALDWIN",2,9,24,3,1833,"N","S",5,4,0,15,3,14.0640528139905,0
"8879",3023,"FRANK SCHWANDT",1,9,24,3,1833,"N","S",5,4,0,15,3,14.0877672688983,0
"8880",3023,"PACKAGING CORP OF AMERICA",3,9,24,3,1833,"N","S",5,4,0,15,3,13.9792131866137,0
"8881",3024,"RAYMOND MASH",1,9,24,3,1058,"N","S",5,4,0,17,4,13.8284040781359,0
"8882",3024,"P. C. A.",4,9,24,3,1058,"N","S",5,4,0,17,4,13.4900130777882,0
"8883",3024,"LESTER BALDWIN",2,9,24,3,1058,"N","S",5,4,0,17,4,13.8001430808332,0
"8884",3024,"FRANK SCHWANDT",3,9,24,3,1058,"N","S",5,4,0,17,4,13.5342292899201,0
"8885",3025,"LESTER BALDWIN",2,9,24,3,490,"N","S",6,4,11,23,3,14.7260053256418,0
"8886",3025,"FRANK SCHWANDT",3,9,24,3,490,"N","S",6,4,11,23,3,14.6897664768177,0
"8887",3025,"RAYMOND NASH",1,9,24,3,490,"N","S",6,4,11,23,3,14.8766573654911,0
"8888",3026,"PCA",3,9,24,3,1349,"N","S",5,4,0,22,3,13.5758462879954,0
"8889",3026,"MERL BATES",1,9,24,3,1349,"N","S",5,4,0,22,3,13.9918333246076,0
"8890",3026,"FRANK SCHWANDT",2,9,24,3,1349,"N","S",5,4,0,22,3,13.935275628092,0
"8891",3027,"ROBERT WIEDMAN",1,9,24,4,4160,"N","S",5,4,0,65,1,13.5529957821705,0
"8892",3028,"PARK SAWMILL",1,9,24,4,1760,"N","S",6,4,0,30,1,14.5954774304768,0
"8893",3029,"CHARLES DIX",1,9,24,4,880,"N","S",5,4,0,44,1,13.8297220940028,0
"8894",3030,"DARREL CURTICE",2,9,24,4,480,"N","S",5,4,0,40,2,12.8106044360864,0
"8895",3030,"FLOYD TOWNE",1,9,24,4,480,"N","S",5,4,0,40,2,12.8459508972108,0
"8896",3031,"LINWOOD TARROW",1,9,24,4,760,"N","S",5,4,0,27,1,13.6493497106095,0
"8897",3032,"BAILEY & BARTLETT",2,9,31,2,30,"N","S",5,4,0,14,2,14.3684774336477,9.34548296591848
"8898",3032,"ROY CAMPBELL",1,9,31,2,30,"N","S",5,4,0,14,2,14.5203392432981,9.34548296591848
"8899",3034,"JAMES F. CHRISTENBERRY",1,9,31,2,30,"N","S",5,4,0,6,2,13.3264301179538,9.24879155835043
"8900",3034,"BAILEY & BARTLETT",2,9,31,2,30,"N","S",5,4,0,6,2,13.2878947648908,9.24879155835043
"8901",3035,"ROGER BAILEY",1,9,31,2,55,"N","S",5,4,0,27,1,12.9996102613345,9.26501793326688
"8902",3036,"ROY CAMPBELL",1,9,31,2,57,"N","D",5,4,0,12,1,14.4452918629024,9.32349046990884
"8903",3037,"FRANK BLUM LBR. & CRATING",1,9,31,4,70,"N","S",5,4,0,15,1,15.2993271958514,9.29725174396548
"8904",3038,"DAVID A. TERRY",2,9,31,4,26,"N","S",5,4,0,16,2,13.3384549216642,9.28489110324048
"8905",3038,"RONALD WRIGHT",1,9,31,4,26,"N","S",5,4,0,16,2,13.4362978210002,9.28489110324048
"8906",3039,"CHARLES LYNCH",3,9,31,4,43,"N","S",5,4,0,7,3,14.1934537213608,9.30428598481871
"8907",3039,"RONALD WRIGHT",1,9,31,4,43,"N","S",5,4,0,7,3,14.3841064750005,9.30428598481871
"8908",3039,"BOYD CAMPBELL",2,9,31,4,43,"N","S",5,4,0,7,3,14.2107461895951,9.30428598481871
"8909",3040,"BOYD CAMPBELL",4,9,31,4,35,"N","S",5,4,0,8,4,14.1486988368655,9.3179383825742
"8910",3040,"CHARLES LYNCH",2,9,31,4,35,"N","S",5,4,0,8,4,14.2446479208764,9.3179383825742
"8911",3040,"JESSE SULLIVAN",3,9,31,4,35,"N","S",5,4,0,8,4,14.1969903033219,9.3179383825742
"8912",3040,"RONALD WRIGHT",1,9,31,4,35,"N","S",5,4,0,8,4,14.4220099317985,9.3179383825742
"8913",3041,"RONALD WRIGHT",1,9,31,4,68,"N","S",5,4,0,16,1,14.69283631998,9.42003387556599
"8914",3042,"RONALD WRIGHT",1,9,31,4,63,"N","S",5,4,0,8,1,14.7011494864887,9.3445215534422
"8915",3043,"RONALD WRIGHT",2,9,31,4,57,"N","S",5,4,0,6,2,14.0197118317753,9.34049105644123
"8916",3043,"SOUTHERN CONST. CO.",1,9,31,4,57,"N","S",5,4,0,6,2,14.2846187864584,9.34049105644123
"8917",3044,"PHILLIP S. ETIENNE",1,9,31,4,79,"N","S",5,4,0,6,4,15.2112699836999,9.32107641357085
"8918",3044,"DAVID TERRY",2,9,31,4,79,"N","S",5,4,0,6,4,15.0204976477288,9.32107641357085
"8919",3044,"SOUTHERN CONSTRUCTION,INC",3,9,31,4,79,"N","S",5,4,0,6,4,14.7774627552063,9.32107641357085
"8920",3044,"BOYD CAMPBELL",4,9,31,4,79,"N","S",5,4,0,6,4,14.8570970122387,9.32107641357085
