fips,V1,state.x,county,pop_1990,pop_2000,med_income,college,state.y,year.x,bn,enter,state,log_pop_2000,year.y,bookstores,smallbookstores,bigbookstores,hugebookstores,stores_1990
1001,1,AL,Autauga County,34222,43751,0.41953,0.18,,,,0,AL,10.6862697486674,1990,0,0,0,0,0
1003,2,AL,Baldwin County,98280,140416,0.40174,0.231,AL,2000,0,0,AL,11.8523647241948,1990,4,3,0,0,1.38629436111989
1005,3,AL,Barbour County,25417,29042,0.2508,0.109,,,,0,AL,10.2764983370907,1990,0,0,0,0,0
1007,4,AL,Bibb County,16598,19856,0.31402,0.071,,,,0,AL,9.89626150744439,1990,1,1,0,0,0
1009,5,AL,Blount County,39248,50982,0.35054,0.096,,,,0,AL,10.8392279082316,1990,0,0,0,0,0
1011,6,AL,Bullock County,11042,11603,0.2072,0.077,,,,0,AL,9.35901896434754,,,,,,0
1013,7,AL,Butler County,21892,21394,0.24745,0.104,,,,0,AL,9.97086578786608,1990,0,0,0,0,0
1015,8,AL,Calhoun County,116032,111882,0.31422,0.152,,,,0,AL,11.6252000234522,1990,4,4,0,0,1.38629436111989
1017,9,AL,Chambers County,36876,36600,0.29795,0.095,,,,0,AL,10.5078035193895,,,,,,0
1019,10,AL,Cherokee County,19543,23909,0.31247,0.097,,,,0,AL,10.0820102360729,1990,0,0,0,0,0
1021,11,AL,Chilton County,32458,39604,0.32032,0.099,,,,0,AL,10.5866854022424,1990,0,0,0,0,0
1023,12,AL,Choctaw County,16018,15953,0.25218,0.096,,,,0,AL,9.677402178301,1990,1,1,0,0,0
1025,13,AL,Clarke County,27240,27870,0.27743,0.121,,,,0,AL,10.235306120476,1990,0,0,0,0,0
1027,14,AL,Clay County,13252,14240,0.27539,0.078,,,,0,AL,9.56381018496597,,,,,,0
1029,15,AL,Cleburne County,12730,14141,0.30727,0.092,,,,0,AL,9.55683365830778,,,,,,0
1031,16,AL,Coffee County,40240,43639,0.33142,0.193,,,,0,AL,10.6837065249274,1990,2,1,0,0,0.693147180559945
1033,17,AL,Colbert County,51666,54979,0.31806,0.141,,,,0,AL,10.9147065731217,1990,2,2,0,0,0.693147180559945
1035,18,AL,Conecuh County,14054,14077,0.21974,0.092,,,,0,AL,9.55229753882796,,,,,,0
1037,19,AL,Coosa County,11063,11842,0.29162,0.08,,,,0,AL,9.37940781309172,,,,,,0
1039,20,AL,Covington County,36478,37640,0.26215,0.122,,,,0,AL,10.5358225936993,1990,2,2,0,0,0.693147180559945
1041,21,AL,Crenshaw County,13635,13657,0.25783,0.112,,,,0,AL,9.52200748967842,,,,,,0
1043,22,AL,Cullman County,67613,77426,0.32069,0.119,,,,0,AL,11.2570779204829,1990,2,2,0,0,0.693147180559945
1045,23,AL,Dale County,49633,49120,0.31493,0.14,,,,0,AL,10.802021562821,1990,2,2,0,0,0.693147180559945
1047,24,AL,Dallas County,48130,46361,0.23559,0.139,,,,0,AL,10.7442138675403,1990,2,2,0,0,0.693147180559945
1049,25,AL,DeKalb County,54651,64436,0.29792,0.083,,,,0,AL,11.0734277621179,1990,0,0,0,0,0
1051,26,AL,Elmore County,49210,65819,0.40933,0.166,,,,0,AL,11.0946638294314,1990,0,0,0,0,0
1053,27,AL,Escambia County,35518,38452,0.27979,0.106,,,,0,AL,10.5571659891857,1990,1,1,0,0,0
1055,28,AL,Etowah County,99840,103448,0.31073,0.134,,,,0,AL,11.5468243499757,1990,3,3,0,0,1.09861228866811
1057,29,AL,Fayette County,17962,18522,0.28678,0.092,,,,0,AL,9.82671449373021,1990,1,1,0,0,0
1059,30,AL,Franklin County,27814,31257,0.27181,0.097,,,,0,AL,10.3499986300803,1990,0,0,0,0,0
1061,31,AL,Geneva County,23647,25700,0.26176,0.087,,,,0,AL,10.1542462708833,1990,0,0,0,0,0
1063,32,AL,Greene County,10153,9923,0.20151,0.105,,,,0,AL,9.20261057391424,,,,,,0
1065,33,AL,Hale County,15498,18270,0.25919,0.081,,,,0,AL,9.81301564937205,,,,,,0
1067,34,AL,Henry County,15374,16297,0.29598,0.141,,,,0,AL,9.69873632077599,1990,0,0,0,0,0
1069,35,AL,Houston County,81331,88831,0.34372,0.184,,,,0,AL,11.3944909671584,1990,5,4,1,0,1.6094379124341
1071,36,AL,Jackson County,47796,53871,0.3209,0.104,,,,0,AL,10.89434757871,1990,1,1,0,0,0
1073,37,AL,Jefferson County,651520,662041,0.36534,0.246,AL,2000,2,1,AL,13.4030827665361,1990,41,37,4,0,3.71357206670431
1075,38,AL,Lamar County,15715,15902,0.27962,0.078,,,,0,AL,9.67420016646143,,,,,,0
1077,39,AL,Lauderdale County,79661,87952,0.33348,0.185,,,,0,AL,11.3845464901004,1990,4,3,0,0,1.38629436111989
1079,40,AL,Lawrence County,31513,34834,0.3143,0.075,,,,0,AL,10.4583492002917,1990,0,0,0,0,0
1081,41,AL,Lee County,87146,115014,0.30707,0.279,,,,0,AL,11.6528091390662,1990,5,3,2,0,1.6094379124341
1083,42,AL,Limestone County,54135,65668,0.37482,0.169,,,,0,AL,11.0923670234144,1990,1,1,0,0,0
1085,43,AL,Lowndes County,12658,13483,0.23039,0.11,,,,0,AL,9.50918491163407,,,,,,0
1087,44,AL,Macon County,24928,24086,0.2121,0.188,,,,0,AL,10.0893860378204,1990,2,2,0,0,0.693147180559945
1089,45,AL,Madison County,238912,276998,0.44688,0.343,AL,2000,1,1,AL,12.5317655649268,1990,16,12,0,0,2.77258872223978
1091,46,AL,Marengo County,23084,22533,0.28059,0.121,,,,0,AL,10.0227361803541,1990,1,1,0,0,0
1093,47,AL,Marion County,29830,31162,0.27284,0.08,,,,0,AL,10.3469546827773,1990,1,1,0,0,0
1095,48,AL,Marshall County,70832,82303,0.32018,0.139,,,,0,AL,11.3181628380057,1990,2,2,0,0,0.693147180559945
1097,49,AL,Mobile County,378643,399887,0.33431,0.186,AL,2000,1,1,AL,12.8989372861795,1990,18,14,0,0,2.89037175789616
1099,50,AL,Monroe County,23968,24320,0.28992,0.118,,,,0,AL,10.0990543360801,1990,0,0,0,0,0
1101,51,AL,Montgomery County,209085,223518,0.35888,0.285,AL,2000,1,1,AL,12.3172472267056,1990,15,13,0,0,2.70805020110221
1103,52,AL,Morgan County,100043,111076,0.37548,0.184,,,,0,AL,11.6179699306895,1990,5,5,0,0,1.6094379124341
1105,53,AL,Perry County,12759,11876,0.20239,0.1,,,,0,AL,9.38227483588365,,,,,,0
1107,54,AL,Pickens County,20699,20914,0.25637,0.098,,,,0,AL,9.94817407015853,,,,,,0
1109,55,AL,Pike County,27595,29688,0.25789,0.184,,,,0,AL,10.2984982027404,1990,0,0,0,0,0
1111,56,AL,Randolph County,19881,22344,0.28434,0.1,,,,0,AL,10.014313107625,1990,0,0,0,0,0
1113,57,AL,Russell County,46860,49854,0.27249,0.097,,,,0,AL,10.816854012893,1990,1,1,0,0,0
1115,58,AL,St. Clair County,49811,64740,0.37432,0.111,,,,0,AL,11.0781345274802,1990,0,0,0,0,0
1117,59,AL,Shelby County,99363,143429,0.55248,0.368,AL,2000,0,0,AL,11.8735954182218,1990,0,0,0,0,0
1119,60,AL,Sumter County,16174,14772,0.19133,0.124,,,,0,AL,9.60048877597245,,,,,,0
1121,61,AL,Talladega County,74109,80734,0.31044,0.112,,,,0,AL,11.2989150790372,1990,2,2,0,0,0.693147180559945
1123,62,AL,Tallapoosa County,38826,41771,0.30638,0.141,,,,0,AL,10.6399575978319,1990,2,2,0,0,0.693147180559945
1125,63,AL,Tuscaloosa County,150500,164932,0.33632,0.24,,,,0,AL,12.0132885467253,1990,9,5,0,0,2.19722457733622
1127,64,AL,Walker County,67670,70688,0.28856,0.091,,,,0,AL,11.1660311062198,1990,3,2,0,0,1.09861228866811
1129,65,AL,Washington County,16694,18077,0.31223,0.086,,,,0,AL,9.80239569097485,1990,1,1,0,0,0
1131,66,AL,Wilcox County,13568,12995,0.1662,0.101,,,,0,AL,9.47231994707559,,,,,,0
1133,67,AL,Winston County,22053,24806,0.2832,0.083,,,,0,AL,10.1188408383753,1990,0,0,0,0,0
2013,68,AK,Aleutians East Borough,2464,2697,0.4625,0.049,,,,0,AK,7.89989532313973,,,,,,0
2016,69,AK,Aleutians West Census Area,9478,5464,0.60071,0.11,,,,0,AK,8.60593640125063,1990,0,0,0,0,0
2020,70,AK,Anchorage Municipality,226338,260299,0.55441,0.289,AK,2000,1,1,AK,12.4695862492542,1990,24,19,2,0,3.17805383034795
2050,71,AK,Bethel Census Area,13660,16046,0.3599,0.131,,,,0,AK,9.6832148763136,1990,1,1,0,0,0
2060,72,AK,Bristol Bay Borough,1410,1258,0.52647,0.211,,,,0,AK,7.13727843726039,,,,,,0
2068,73,AK,Denali Borough,1682,1893,0.54896,0.227,,,,0,AK,7.54591815120932,1990,0,0,0,0,0
2070,74,AK,Dillingham Census Area,4010,4922,0.42703,0.164,,,,0,AK,8.501470230951,,,,,,0
2090,75,AK,Fairbanks North Star Borough,77720,82849,0.48591,0.27,AK,2000,0,0,AK,11.3247749527758,1990,5,4,0,0,1.6094379124341
2100,76,AK,Haines Borough,2117,2392,0.40919,0.238,,,,0,AK,7.77988511507052,1990,0,0,0,0,0
2110,77,AK,Juneau City and Borough,26752,30704,0.62496,0.36,,,,0,AK,10.3321482182475,1990,3,2,0,0,1.09861228866811
2122,78,AK,Kenai Peninsula Borough,40802,49673,0.46655,0.203,,,,0,AK,10.8132168049084,1990,2,2,0,0,0.693147180559945
2130,79,AK,Ketchikan Gateway Borough,13828,14074,0.51603,0.202,,,,0,AK,9.55208440252649,1990,4,3,0,0,1.38629436111989
2150,80,AK,Kodiak Island Borough,13309,13916,0.53613,0.187,,,,0,AK,9.54079453627183,1990,3,3,0,0,1.09861228866811
2164,81,AK,Lake and Peninsula Borough,1666,1823,0.375,0.124,,,,0,AK,7.50823877467866,,,,,,0
2170,82,AK,Matanuska-Susitna Borough,39683,59318,0.50698,0.183,,,,0,AK,10.9906680802418,1990,3,2,0,0,1.09861228866811
2180,83,AK,Nome Census Area,8288,9196,0.41306,0.147,,,,0,AK,9.12652388588307,1990,1,1,0,0,0
2185,84,AK,North Slope Borough,5986,7385,0.6375,0.17,,,,0,AK,8.90720619496548,,,,,,0
2188,85,AK,Northwest Arctic Borough,6106,7208,0.45449,0.127,,,,0,AK,8.88294679928817,1990,0,0,0,0,0
2201,86,AK,Prince of Wales-Outer Ketchikan Census Area,6278,"",0.40439,0.142,,,,0,AK,,1990,0,0,0,0,0
2220,87,AK,Sitka City and Borough,8588,8835,0.5149,0.295,,,,0,AK,9.0864763847538,1990,2,2,0,0,0.693147180559945
2232,88,AK,Skagway-Hoonah-Angoon Census Area,3679,"",0.41647,0.216,,,,0,AK,,1990,0,0,0,0,0
2240,89,AK,Southeast Fairbanks Census Area,5925,6174,0.38186,0.182,,,,0,AK,8.7281022050621,1990,0,0,0,0,0
2261,90,AK,Valdez-Cordova Census Area,9920,10195,0.49031,0.212,,,,0,AK,9.22965268300856,1990,0,0,0,0,0
2280,91,AK,Wrangell-Petersburg Census Area,7042,"",0.46195,0.163,,,,0,AK,,1990,1,1,0,0,0
2282,92,AK,Yakutat City and Borough,725,808,0.47188,0.176,,,,0,AK,6.6945620585211,,,,,,0
2290,93,AK,Yukon-Koyukuk Census Area,6798,6510,0.2899,0.142,,,,0,AK,8.78109473520262,1990,1,1,0,0,0
4001,94,AZ,Apache County,61591,69430,0.22994,0.113,,,,0,AZ,11.1480743297473,1990,3,2,1,0,1.09861228866811
4003,95,AZ,Cochise County,97624,117743,0.32102,0.188,,,,0,AZ,11.6762595621285,1990,7,7,0,0,1.94591014905531
4005,96,AZ,Coconino County,96591,116320,0.38296,0.299,AZ,2000,0,0,AZ,11.6641002927673,1990,9,7,0,0,2.19722457733622
4007,97,AZ,Gila County,40216,51298,0.30374,0.139,,,,0,AZ,10.8454070440441,1990,1,1,0,0,0
4009,98,AZ,Graham County,26554,33475,0.29344,0.118,,,,0,AZ,10.4185541705594,1990,4,4,0,0,1.38629436111989
4011,99,AZ,Greenlee County,8008,8539,0.38878,0.122,,,,0,AZ,9.05239918390761,,,,,,0
4012,100,AZ,La Paz County,13844,19670,0.25691,0.087,,,,0,AZ,9.8868499113831,,,,,,0
4013,101,AZ,Maricopa County,"2122,101","3072,415",0.45167,0.259,AZ,2000,4,1,AZ,,1990,109,78,4,0,4.69134788222914
4015,102,AZ,Mohave County,93497,154981,0.31366,0.099,,,,0,AZ,11.9510578077426,1990,4,4,0,0,1.38629436111989
4017,103,AZ,Navajo County,77674,97452,0.28659,0.123,,,,0,AZ,11.4871152280704,1990,3,3,0,0,1.09861228866811
4019,104,AZ,Pima County,666957,843702,0.36532,0.267,AZ,2000,2,1,AZ,13.6455546306618,1990,41,34,1,0,3.71357206670431
4021,105,AZ,Pinal County,116397,179469,0.35658,0.119,,,,0,AZ,12.0977577700459,1990,3,3,0,0,1.09861228866811
4023,106,AZ,Santa Cruz County,29676,38381,0.29452,0.152,,,,0,AZ,10.5553178244594,1990,1,1,0,0,0
4025,107,AZ,Yavapai County,107714,167377,0.3471,0.211,AZ,2000,0,0,AZ,12.0280040321379,1990,11,10,0,0,2.39789527279837
4027,108,AZ,Yuma County,106895,159995,0.3188,0.118,AZ,2000,1,1,AZ,11.9828978437277,1990,5,4,0,0,1.6094379124341
5001,109,AR,Arkansas County,21653,20751,0.30282,0.122,,,,0,AR,9.94034971726869,1990,1,1,0,0,0
5003,110,AR,Ashley County,24319,24217,0.32144,0.101,,,,0,AR,10.0948101448605,1990,0,0,0,0,0
5005,111,AR,Baxter County,31186,38365,0.29261,0.128,,,,0,AR,10.5549008646118,1990,3,3,0,0,1.09861228866811
5007,112,AR,Benton County,97530,153323,0.40268,0.203,AR,2000,0,0,AR,11.9403020862219,1990,5,5,0,0,1.6094379124341
5009,113,AR,Boone County,28297,33940,0.30115,0.127,,,,0,AR,10.4323495387882,1990,2,2,0,0,0.693147180559945
5011,114,AR,Bradley County,11793,12618,0.25519,0.119,,,,0,AR,9.44287964493076,,,,,,0
5013,115,AR,Calhoun County,5826,5731,0.28147,0.073,,,,0,AR,8.65364531455174,,,,,,0
5015,116,AR,Carroll County,18623,25345,0.27764,0.138,,,,0,AR,10.1403367509064,1990,0,0,0,0,0
5017,117,AR,Chicot County,15713,14101,0.21493,0.117,,,,0,AR,9.55400099583723,,,,,,0
5019,118,AR,Clark County,21437,23541,0.2861,0.198,,,,0,AR,10.0664988607956,1990,2,2,0,0,0.693147180559945
5021,119,AR,Clay County,18107,17594,0.25047,0.074,,,,0,AR,9.77531321381262,,,,,,0
5023,120,AR,Cleburne County,19411,24005,0.3134,0.139,,,,0,AR,10.086017420965,1990,0,0,0,0,0
5025,121,AR,Cleveland County,7781,8562,0.3225,0.1,,,,0,AR,9.05508908670489,,,,,,0
5027,122,AR,Columbia County,25691,25612,0.27283,0.168,,,,0,AR,10.1508162706387,1990,1,1,0,0,0
5029,123,AR,Conway County,19151,20320,0.30727,0.115,,,,0,AR,9.91936090169242,1990,1,1,0,0,0
5031,124,AR,Craighead County,68956,82139,0.32409,0.209,AR,2000,0,0,AR,11.3161682130999,1990,4,3,0,0,1.38629436111989
5033,125,AR,Crawford County,42493,53252,0.32913,0.097,,,,0,AR,10.8827906415518,1990,0,0,0,0,0
5035,126,AR,Crittenden County,49939,50855,0.3003,0.128,,,,0,AR,10.8367337250597,1990,2,2,0,0,0.693147180559945
5037,127,AR,Cross County,19225,19529,0.2912,0.099,,,,0,AR,9.87965581928278,1990,1,1,0,0,0
5039,128,AR,Dallas County,9614,9196,0.25799,0.096,,,,0,AR,9.12652388588307,,,,,,0
5041,129,AR,Desha County,16798,15351,0.23804,0.111,,,,0,AR,9.6389358974732,,,,,,0
5043,130,AR,Drew County,17369,18690,0.28245,0.173,,,,0,AR,9.83574390044961,1990,1,1,0,0,0
5045,131,AR,Faulkner County,60006,86036,0.38155,0.252,,,,0,AR,11.3625210922963,1990,3,3,0,0,1.09861228866811
5047,132,AR,Franklin County,14897,17766,0.3058,0.11,,,,0,AR,9.78504179732965,,,,,,0
5049,133,AR,Fulton County,10037,11627,0.25728,0.105,,,,0,AR,9.36108525866861,,,,,,0
5051,134,AR,Garland County,73397,88122,0.31434,0.18,,,,0,AR,11.3864774969819,1990,3,2,0,0,1.09861228866811
5053,135,AR,Grant County,13948,16457,0.36856,0.11,,,,0,AR,9.70850619759538,,,,,,0
5055,136,AR,Greene County,31804,37383,0.31024,0.109,,,,0,AR,10.528971334611,1990,2,1,0,0,0.693147180559945
5057,137,AR,Hempstead County,21621,23597,0.28846,0.11,,,,0,AR,10.0688748642894,1990,0,0,0,0,0
5059,138,AR,Hot Spring County,26115,30413,0.31472,0.112,,,,0,AR,10.3226254275649,,,,,,0
5061,139,AR,Howard County,13569,14304,0.28384,0.116,,,,0,AR,9.5682944974133,,,,,,0
5063,140,AR,Independence County,31192,34246,0.31558,0.137,,,,0,AR,10.4413250485489,1990,1,1,0,0,0
5065,141,AR,Izard County,11364,13261,0.26071,0.117,,,,0,AR,9.4925826756776,1990,1,1,0,0,0
5067,142,AR,Jackson County,18944,18420,0.25255,0.103,,,,0,AR,9.8211923098093,,,,,,0
5069,143,AR,Jefferson County,85487,84295,0.31413,0.157,,,,0,AR,11.3420778302499,1990,5,4,0,0,1.6094379124341
5071,144,AR,Johnson County,18221,22779,0.27853,0.131,,,,0,AR,10.0335943378813,1990,0,0,0,0,0
5073,145,AR,Lafayette County,9643,8550,0.24926,0.095,,,,0,AR,9.05368656193081,,,,,,0
5075,146,AR,Lawrence County,17455,17762,0.2705,0.085,,,,0,AR,9.78481662281845,1990,0,0,0,0,0
5077,147,AR,Lee County,13053,12578,0.20142,0.073,,,,0,AR,9.43970453510345,,,,,,0
5079,148,AR,Lincoln County,13690,14482,0.29608,0.076,,,,0,AR,9.58066177794877,,,,,,0
5081,149,AR,Little River County,13966,13628,0.29326,0.099,,,,0,AR,9.51988177878086,1990,0,0,0,0,0
5083,150,AR,Logan County,20557,22480,0.28567,0.094,,,,0,AR,10.0203813040076,1990,0,0,0,0,0
5085,151,AR,Lonoke County,39268,52849,0.39983,0.146,,,,0,AR,10.8751940696435,1990,0,0,0,0,0
5087,152,AR,Madison County,11618,14228,0.28501,0.101,,,,0,AR,9.56296713306835,,,,,,0
5089,153,AR,Marion County,12001,16147,0.26766,0.104,,,,0,AR,9.68948955288162,,,,,,0
5091,154,AR,Miller County,38467,40455,0.30951,0.125,,,,0,AR,10.6079455242419,1990,0,0,0,0,0
5093,155,AR,Mississippi County,57525,51999,0.27604,0.113,,,,0,AR,10.8589797666094,1990,3,3,0,0,1.09861228866811
5095,156,AR,Monroe County,11333,10255,0.2241,0.084,,,,0,AR,9.23552067050648,,,,,,0
5097,157,AR,Montgomery County,7841,9222,0.27716,0.088,,,,0,AR,9.12934721276665,1990,0,0,0,0,0
5099,158,AR,Nevada County,10101,9940,0.27014,0.107,,,,0,AR,9.20432229965062,1990,0,0,0,0,0
5101,159,AR,Newton County,7666,8603,0.24532,0.118,,,,0,AR,9.05986625862135,,,,,,0
5103,160,AR,Ouachita County,30574,28776,0.29307,0.127,,,,0,AR,10.2672969853755,1990,1,1,0,0,0
5105,161,AR,Perry County,7969,10199,0.30811,0.111,,,,0,AR,9.23004495525052,1990,0,0,0,0,0
5107,162,AR,Phillips County,28830,26438,0.22009,0.124,,,,0,AR,10.1825576481393,1990,1,1,0,0,0
5109,163,AR,Pike County,10086,11301,0.27807,0.101,,,,0,AR,9.33264649636015,,,,,,0
5111,164,AR,Poinsett County,24664,25617,0.26299,0.063,,,,0,AR,10.1510114725757,,,,,,0
5113,165,AR,Polk County,17347,20234,0.25186,0.109,,,,0,AR,9.91511963676584,1990,0,0,0,0,0
5115,166,AR,Pope County,45883,54492,0.32268,0.19,,,,0,AR,10.905809180886,1990,1,1,0,0,0
5117,167,AR,Prairie County,9518,9523,0.295,0.09,,,,0,AR,9.16146520419405,,,,,,0
5119,168,AR,Pulaski County,349569,361370,0.37914,0.281,AR,2000,1,1,AR,12.79765764318,1990,25,19,0,0,3.2188758248682
5121,169,AR,Randolph County,16558,18191,0.27878,0.106,,,,0,AR,9.80868224526222,1990,1,1,0,0,0
5123,170,AR,St. Francis County,28497,29330,0.2625,0.096,,,,0,AR,10.2863661619715,1990,1,1,0,0,0
5125,171,AR,Saline County,64183,83559,0.4247,0.164,,,,0,AR,11.3333082481504,1990,1,1,0,0,0
5127,172,AR,Scott County,10205,10986,0.26422,0.084,,,,0,AR,9.30437701390256,1990,0,0,0,0,0
5129,173,AR,Searcy County,7841,8240,0.21567,0.084,,,,0,AR,9.01675562290352,,,,,,0
5131,174,AR,Sebastian County,99590,115101,0.33776,0.166,,,,0,AR,11.6535652827695,1990,9,8,1,0,2.19722457733622
5133,175,AR,Sevier County,13637,15750,0.29603,0.092,,,,0,AR,9.66459564425378,1990,1,1,0,0,0
5135,176,AR,Sharp County,14109,17120,0.25195,0.103,,,,0,AR,9.74800264969573,1990,0,0,0,0,0
5137,177,AR,Stone County,9775,11496,0.2243,0.098,,,,0,AR,9.34975442775886,1990,1,1,0,0,0
5139,178,AR,Union County,46719,45633,0.29663,0.149,,,,0,AR,10.7283864179799,1990,1,1,0,0,0
5141,179,AR,Van Buren County,14008,16182,0.27281,0.115,,,,0,AR,9.69165479236779,1990,0,0,0,0,0
5143,180,AR,Washington County,113409,157805,0.34458,0.245,AR,2000,1,1,AR,11.96911537257,1990,6,2,1,0,1.79175946922806
5145,181,AR,White County,54676,67164,0.32079,0.155,,,,0,AR,11.1148926686794,1990,3,3,0,0,1.09861228866811
5147,182,AR,Woodruff County,9520,8738,0.21989,0.08,,,,0,AR,9.07543660951138,,,,,,0
5149,183,AR,Yell County,17759,21127,0.28556,0.109,,,,0,AR,9.95830712230024,,,,,,0
6001,184,CA,Alameda County,"1304,347","1443,705",0.556,0.349,CA,2000,4,1,CA,,1990,90,70,5,1,4.49980967033027
6003,185,CA,Alpine County,1113,1206,0.40781,0.282,,,,0,CA,7.09506437728713,,,,,,0
6005,186,CA,Amador County,30039,35101,0.41884,0.166,,,,0,CA,10.4659848990766,1990,3,3,0,0,1.09861228866811
6007,187,CA,Butte County,182120,203125,0.31769,0.218,CA,2000,1,1,CA,12.2215768320661,1990,15,12,1,0,2.70805020110221
6009,188,CA,Calaveras County,31998,40535,0.41235,0.171,,,,0,CA,10.6099210774218,1990,3,2,0,0,1.09861228866811
6011,189,CA,Colusa County,16275,18799,0.34971,0.106,,,,0,CA,9.84155895591396,1990,0,0,0,0,0
6013,190,CA,Contra Costa County,803731,948865,0.634,0.35,CA,2000,4,1,CA,13.7630218124676,1990,43,33,3,0,3.76120011569356
6015,191,CA,Del Norte County,23460,27505,0.29286,0.11,,,,0,CA,10.2221230853096,1990,1,1,0,0,0
6017,192,CA,El Dorado County,125995,156314,0.5138,0.265,,,,0,CA,11.9596220837355,1990,8,7,0,0,2.07944154167984
6019,193,CA,Fresno County,667479,798766,0.345,0.175,CA,2000,1,1,CA,13.5908233157722,1990,16,12,2,0,2.77258872223978
6021,194,CA,Glenn County,24798,26432,0.32144,0.107,,,,0,CA,10.1823306763207,,,,,,0
6023,195,CA,Humboldt County,119118,126508,0.3107,0.23,,,,0,CA,11.7480608262568,1990,16,15,1,0,2.77258872223978
6025,196,CA,Imperial County,109303,142334,0.31368,0.103,,,,0,CA,11.8659316873724,1990,3,3,0,0,1.09861228866811
6027,197,CA,Inyo County,18281,17955,0.35269,0.171,,,,0,CA,9.79562390666018,1990,2,2,0,0,0.693147180559945
6029,198,CA,Kern County,544981,661632,0.35265,0.135,CA,2000,1,1,CA,13.4024647891157,1990,11,10,0,0,2.39789527279837
6031,199,CA,Kings County,101469,129470,0.35345,0.104,,,,0,CA,11.7712044730527,1990,2,2,0,0,0.693147180559945
6033,200,CA,Lake County,50631,58331,0.2998,0.121,,,,0,CA,10.9738889634375,1990,3,3,0,0,1.09861228866811
6035,201,CA,Lassen County,27598,33828,0.35745,0.107,,,,0,CA,10.4290441409021,1990,1,1,0,0,0
6037,202,CA,Los Angeles County,"8863,052","9519,315",0.4203,0.249,CA,2000,14,1,CA,,1990,431,324,26,4,6.06610809010375
6039,203,CA,Madera County,88090,123179,0.36112,0.12,,,,0,CA,11.7213938610071,1990,4,4,0,0,1.38629436111989
6041,204,CA,Marin County,230096,247301,0.71047,0.513,CA,2000,1,1,CA,12.418361497173,1990,34,29,2,0,3.52636052461616
6043,205,CA,Mariposa County,14302,17112,0.34449,0.202,,,,0,CA,9.74753525076224,1990,0,0,0,0,0
6045,206,CA,Mendocino County,80345,86253,0.35791,0.202,,,,0,CA,11.3650401168974,1990,8,8,0,0,2.07944154167984
6047,207,CA,Merced County,178403,211178,0.35619,0.11,CA,2000,0,0,CA,12.2604566587219,1990,3,3,0,0,1.09861228866811
6049,208,CA,Modoc County,9678,9431,0.27239,0.124,,,,0,CA,9.15175741454389,1990,0,0,0,0,0
6051,209,CA,Mono County,9956,12839,0.44427,0.289,,,,0,CA,9.46024269259108,1990,1,0,1,0,0
6053,210,CA,Monterey County,355660,401752,0.48165,0.225,,,,0,CA,12.9035902618077,1990,19,14,3,0,2.94443897916644
6055,211,CA,Napa County,110765,124344,0.5166,0.264,,,,0,CA,11.7308071971627,1990,6,5,0,0,1.79175946922806
6057,212,CA,Nevada County,78510,92055,0.45572,0.261,,,,0,CA,11.4301415034913,1990,5,5,0,0,1.6094379124341
6059,213,CA,Orange County,"2410,668","2846,282",0.585,0.308,CA,2000,10,1,CA,,1990,118,93,5,0,4.77068462446567
6061,214,CA,Placer County,172796,248270,0.57285,0.303,CA,2000,0,0,CA,12.42227214261,1990,9,9,0,0,2.19722457733622
6063,215,CA,Plumas County,19739,20817,0.36267,0.175,,,,0,CA,9.94352523956766,1990,0,0,0,0,0
6065,216,CA,Riverside County,"1170,413","1545,320",0.42811,0.166,CA,2000,1,1,CA,,1990,40,34,1,0,3.68887945411394
6067,217,CA,Sacramento County,"1066,789","1223,578",0.43612,0.248,CA,2000,2,1,CA,,1990,52,38,7,0,3.95124371858143
6069,218,CA,San Benito County,36697,53214,0.57252,0.171,,,,0,CA,10.8820767986045,1990,2,2,0,0,0.693147180559945
6071,219,CA,San Bernardino County,"1418,380","1709,479",0.41839,0.159,CA,2000,2,1,CA,,1990,50,43,4,1,3.91202300542815
6073,220,CA,San Diego County,"2498,016","2813,839",0.46887,0.295,CA,2000,6,1,CA,,1990,159,132,7,1,5.06890420222023
6075,221,CA,San Francisco County,723959,776764,0.54886,0.45,CA,2000,1,1,CA,13.5628918509101,1990,107,84,7,1,4.67282883446191
6077,222,CA,San Joaquin County,480628,563660,0.41216,0.145,CA,2000,1,1,CA,13.2422065118216,1990,19,16,0,0,2.94443897916644
6079,223,CA,San Luis Obispo County,217162,246746,0.422,0.267,CA,2000,1,1,CA,12.4161147464247,1990,12,11,0,0,2.484906649788
6081,224,CA,San Mateo County,649623,707099,0.70483,0.39,CA,2000,3,1,CA,13.4689259633642,1990,39,29,5,0,3.66356164612965
6083,225,CA,Santa Barbara County,369608,399293,0.46493,0.294,CA,2000,1,1,CA,12.897450762219,1990,27,18,2,0,3.29583686600433
6085,226,CA,Santa Clara County,"1497,577","1682,781",0.74003,0.405,CA,2000,4,1,CA,,1990,88,58,9,2,4.47733681447821
6087,227,CA,Santa Cruz County,229734,255614,0.53829,0.342,,,,0,CA,12.4514237730685,1990,12,5,3,1,2.484906649788
6089,228,CA,Shasta County,147036,163242,0.34308,0.166,CA,2000,1,1,CA,12.0029890413437,1990,8,6,0,0,2.07944154167984
6091,229,CA,Sierra County,3318,3559,0.36706,0.172,,,,0,CA,8.17723488551019,1990,0,0,0,0,0
6093,230,CA,Siskiyou County,43531,44305,0.29481,0.177,,,,0,CA,10.6988528164814,1990,3,3,0,0,1.09861228866811
6095,231,CA,Solano County,339469,394495,0.54027,0.214,CA,2000,0,0,CA,12.8853617449165,1990,9,6,0,0,2.19722457733622
6097,232,CA,Sonoma County,388222,458586,0.52798,0.285,CA,2000,1,1,CA,13.035903121247,1990,21,16,2,0,3.04452243772342
6099,233,CA,Stanislaus County,370522,446850,0.40202,0.141,CA,2000,1,1,CA,13.0099782468095,1990,13,9,2,0,2.56494935746154
6101,234,CA,Sutter County,64409,78947,0.38253,0.153,,,,0,CA,11.2765320202284,1990,2,2,0,0,0.693147180559945
6103,235,CA,Tehama County,49625,56060,0.30979,0.113,,,,0,CA,10.9341778247188,1990,3,3,0,0,1.09861228866811
6105,236,CA,Trinity County,13063,13011,0.27406,0.155,,,,0,CA,9.47355043250348,1990,1,1,0,0,0
6107,237,CA,Tulare County,311932,368011,0.33669,0.115,,,,0,CA,12.8158681080087,1990,9,8,0,0,2.19722457733622
6109,238,CA,Tuolumne County,48456,54522,0.39105,0.161,,,,0,CA,10.9063595689234,1990,4,4,0,0,1.38629436111989
6111,239,CA,Ventura County,669016,753230,0.59292,0.269,CA,2000,2,1,CA,13.5321259050304,1990,36,31,1,0,3.58351893845611
6113,240,CA,Yolo County,141212,168660,0.40527,0.341,,,,0,CA,12.0356401331286,1990,8,8,0,0,2.07944154167984
6115,241,CA,Yuba County,58234,60249,0.30612,0.103,,,,0,CA,11.0062412537048,1990,2,2,0,0,0.693147180559945
8001,242,CO,Adams County,265038,348076,0.47215,0.174,CO,2000,1,1,CO,12.7601761257174,1990,9,5,3,0,2.19722457733622
8003,243,CO,Alamosa County,13617,14965,0.29331,0.27,,,,0,CO,9.6134694202868,1990,1,1,0,0,0
8005,244,CO,Arapahoe County,391572,488829,0.53371,0.37,CO,2000,2,1,CO,13.0997680140485,1990,33,25,0,0,3.49650756146648
8007,245,CO,Archuleta County,5345,9894,0.37287,0.29,,,,0,CO,9.19968379178765,1990,0,0,0,0,0
8009,246,CO,Baca County,4556,4517,0.27839,0.14,,,,0,CO,8.4156033356546,,,,,,0
8011,247,CO,Bent County,5048,5996,0.28398,0.115,,,,0,CO,8.69884785922249,,,,,,0
8013,248,CO,Boulder County,225339,269784,0.55678,0.524,CO,2000,1,1,CO,12.5053769178097,1990,19,13,2,0,2.94443897916644
8015,249,CO,Chaffee County,12684,16250,0.33814,0.243,,,,0,CO,9.69584818775788,1990,1,1,0,0,0
8017,250,CO,Cheyenne County,2397,2229,0.37037,0.142,,,,0,CO,7.70930833338587,,,,,,0
8019,251,CO,Clear Creek County,7619,9263,0.50389,0.388,,,,0,CO,9.13378324925403,1990,0,0,0,0,0
8021,252,CO,Conejos County,7453,8400,0.24729,0.144,,,,0,CO,9.03598698483141,1990,1,1,0,0,0
8023,253,CO,Costilla County,3190,3661,0.19724,0.128,,,,0,CO,8.20549161312024,,,,,,0
8025,254,CO,Crowley County,3946,5514,0.27727,0.119,,,,0,CO,8.61504559158374,,,,,,0
8027,255,CO,Custer County,1926,3508,0.35,0.267,,,,0,CO,8.16280135349207,1990,0,0,0,0,0
8029,256,CO,Delta County,20980,27824,0.32726,0.176,,,,0,CO,10.2336542365941,1990,0,0,0,0,0
8031,257,CO,Denver County,467549,553805,0.39317,0.345,CO,2000,2,1,CO,13.2245679182084,1990,33,27,2,1,3.49650756146648
8033,258,CO,Dolores County,1504,1844,0.32406,0.135,,,,0,CO,7.51969240411654,,,,,,0
8035,259,CO,Douglas County,60391,175732,0.82578,0.519,CO,2000,1,1,CO,12.0767153862201,1990,2,2,0,0,0.693147180559945
8037,260,CO,Eagle County,21928,41623,0.62353,0.426,,,,0,CO,10.6364081780804,1990,2,2,0,0,0.693147180559945
8039,261,CO,Elbert County,9646,19855,0.62694,0.266,,,,0,CO,9.89621114356535,1990,0,0,0,0,0
8041,262,CO,El Paso County,397014,516934,0.46658,0.318,CO,2000,2,1,CO,13.1556704857669,1990,23,20,2,0,3.13549421592915
8043,263,CO,Fremont County,32273,46140,0.3448,0.135,,,,0,CO,10.7394355317277,1990,3,3,0,0,1.09861228866811
8045,264,CO,Garfield County,29974,43786,0.46402,0.238,,,,0,CO,10.6870694105673,1990,5,5,0,0,1.6094379124341
8047,265,CO,Gilpin County,3070,4746,0.52071,0.312,,,,0,CO,8.46505743699571,,,,,,0
8049,266,CO,Grand County,7966,12433,0.48648,0.345,,,,0,CO,9.42810950695294,1990,0,0,0,0,0
8051,267,CO,Gunnison County,10273,14000,0.3658,0.436,,,,0,CO,9.5468126085974,1990,5,5,0,0,1.6094379124341
8053,268,CO,Hinsdale County,467,792,0.37153,0.349,,,,0,CO,6.67456139181443,1990,1,1,0,0,0
8055,269,CO,Huerfano County,6009,7859,0.26162,0.161,,,,0,CO,8.96941465086618,,,,,,0
8057,270,CO,Jackson County,1605,1577,0.3178,0.199,,,,0,CO,7.36327958696304,,,,,,0
8059,271,CO,Jefferson County,438430,525449,0.57075,0.365,CO,2000,2,1,CO,13.1720084141613,1990,19,15,1,0,2.94443897916644
8061,272,CO,Kiowa County,1688,1622,0.30516,0.161,,,,0,CO,7.39141523467536,,,,,,0
8063,273,CO,Kit Carson County,7140,8013,0.33229,0.154,,,,0,CO,8.98882050177807,1990,0,0,0,0,0
8065,274,CO,Lake County,6007,7814,0.37674,0.195,,,,0,CO,8.96367227561502,1990,0,0,0,0,0
8067,275,CO,La Plata County,32284,43957,0.40213,0.364,,,,0,CO,10.6909671623308,1990,3,3,0,0,1.09861228866811
8069,276,CO,Larimer County,186136,251489,0.48484,0.395,CO,2000,1,1,CO,12.4351545299909,1990,8,7,0,0,2.07944154167984
8071,277,CO,Las Animas County,13765,15212,0.28111,0.162,,,,0,CO,9.62983986904815,1990,0,0,0,0,0
8073,278,CO,Lincoln County,4529,6089,0.32019,0.132,,,,0,CO,8.71423914360858,,,,,,0
8075,279,CO,Logan County,17567,20566,0.32571,0.146,,,,0,CO,9.93139450578914,1990,1,1,0,0,0
8077,280,CO,Mesa County,93145,116939,0.3568,0.22,CO,2000,1,1,CO,11.6694077102992,1990,6,6,0,0,1.79175946922806
8079,281,CO,Mineral County,558,831,0.33967,0.312,,,,0,CO,6.72262979485545,,,,,,0
8081,282,CO,Moffat County,11357,13178,0.41592,0.125,,,,0,CO,9.48630405147376,1990,2,2,0,0,0.693147180559945
8083,283,CO,Montezuma County,18672,23822,0.32228,0.21,,,,0,CO,10.0783648024408,1990,2,2,0,0,0.693147180559945
8085,284,CO,Montrose County,24423,33438,0.34856,0.187,,,,0,CO,10.4174482567976,1990,3,3,0,0,1.09861228866811
8087,285,CO,Morgan County,21939,27172,0.34606,0.135,,,,0,CO,10.2099423103112,1990,1,1,0,0,0
8089,286,CO,Otero County,20185,20311,0.29602,0.154,,,,0,CO,9.91891789019149,1990,1,1,0,0,0
8091,287,CO,Ouray County,2295,3747,0.42388,0.368,,,,0,CO,8.22871079879369,1990,0,0,0,0,0
8093,288,CO,Park County,7174,14519,0.51866,0.303,,,,0,CO,9.58321341548369,1990,0,0,0,0,0
8095,289,CO,Phillips County,4189,4485,0.32382,0.199,,,,0,CO,8.4084937744929,1990,1,1,0,0,0
8097,290,CO,Pitkin County,12661,14889,0.60058,0.571,,,,0,CO,9.60837796425555,1990,3,1,1,0,1.09861228866811
8099,291,CO,Prowers County,13347,14483,0.29458,0.119,,,,0,CO,9.58073082680086,1990,1,1,0,0,0
8101,292,CO,Pueblo County,123051,141490,0.32617,0.183,CO,2000,1,1,CO,11.85998432219,1990,4,3,0,0,1.38629436111989
8103,293,CO,Rio Blanco County,6051,5992,0.36042,0.195,,,,0,CO,8.69818052519706,1990,0,0,0,0,0
8105,294,CO,Rio Grande County,10770,12425,0.30611,0.188,,,,0,CO,9.42746585096483,1990,0,0,0,0,0
8107,295,CO,Routt County,14088,19679,0.53387,0.425,,,,0,CO,9.88730735630709,1990,1,1,0,0,0
8109,296,CO,Saguache County,4619,5904,0.25327,0.196,,,,0,CO,8.68338536628031,1990,0,0,0,0,0
8111,297,CO,San Juan County,745,558,0.30208,0.437,,,,0,CO,6.32435896238131,,,,,,0
8113,298,CO,San Miguel County,3653,6593,0.48551,0.485,,,,0,CO,8.7937637591133,1990,1,1,0,0,0
8115,299,CO,Sedgwick County,2690,2747,0.28838,0.134,,,,0,CO,7.91826468609527,,,,,,0
8117,300,CO,Summit County,12881,23560,0.56487,0.483,,,,0,CO,10.0673056377655,1990,6,6,0,0,1.79175946922806
8119,301,CO,Teller County,12468,20541,0.50733,0.317,,,,0,CO,9.93017816778917,1990,0,0,0,0,0
8121,302,CO,Washington County,4812,4922,0.32234,0.143,,,,0,CO,8.501470230951,,,,,,0
8123,303,CO,Weld County,131821,180766,0.42152,0.216,,,,0,CO,12.1049586561587,1990,4,4,0,0,1.38629436111989
8125,304,CO,Yuma County,8954,9846,0.33196,0.155,,,,0,CO,9.19482056031815,,,,,,0
9001,305,CT,Fairfield County,827645,882622,0.65014,0.399,CT,2000,3,1,CT,13.6906523018609,1990,48,31,6,0,3.87120101090789
9003,306,CT,Hartford County,851783,857184,0.50678,0.296,CT,2000,4,1,CT,13.6614078769851,1990,61,44,3,0,4.11087386417331
9005,307,CT,Litchfield County,174092,182183,0.56136,0.275,,,,0,CT,12.1127669553934,1990,14,14,0,0,2.63905732961526
9007,308,CT,Middlesex County,143196,155088,0.59049,0.338,,,,0,CT,11.9517479767324,1990,8,5,1,0,2.07944154167984
9009,309,CT,New Haven County,804219,823993,0.48544,0.276,CT,2000,3,1,CT,13.6219173137099,1990,48,40,3,0,3.87120101090789
9011,310,CT,New London County,254957,259108,0.50599,0.262,,,,0,CT,12.4650002421832,1990,20,19,0,0,2.99573227355399
9013,311,CT,Tolland County,128699,136377,0.58826,0.328,,,,0,CT,11.8231783884724,1990,5,3,1,1,1.6094379124341
9015,312,CT,Windham County,102525,109095,0.45082,0.19,,,,0,CT,11.5999743412568,1990,5,5,0,0,1.6094379124341
10001,313,DE,Kent County,110993,126771,0.40618,0.186,,,,0,DE,11.7501375882033,1990,12,12,0,0,2.484906649788
10003,314,DE,New Castle County,441946,500294,0.51966,0.295,DE,2000,1,1,DE,13.1229512046001,1990,29,23,1,0,3.36729582998647
10005,315,DE,Sussex County,113229,156494,0.39371,0.166,,,,0,DE,11.9607729495693,1990,5,5,0,0,1.6094379124341
11001,316,DC,District of Columbia,606900,572086,0.39827,0.391,DC,2000,1,1,DC,13.2570446087109,1990,71,45,6,0,4.26267987704132
12001,317,FL,Alachua County,181596,217964,0.31372,0.387,FL,2000,1,1,FL,12.2920851905198,1990,14,7,2,0,2.63905732961526
12003,318,FL,Baker County,18486,22255,0.39977,0.082,,,,0,FL,10.01032198145,1990,0,0,0,0,0
12005,319,FL,Bay County,126994,148270,0.35894,0.177,,,,0,FL,11.9067902150121,1990,8,7,0,0,2.07944154167984
12007,320,FL,Bradford County,22515,26096,0.3284,0.084,,,,0,FL,10.1695373248608,,,,,,0
12009,321,FL,Brevard County,398978,476299,0.39882,0.236,FL,2000,2,1,FL,13.0738010872696,1990,24,22,0,0,3.17805383034795
12011,322,FL,Broward County,"1255,531","1622,974",0.4151,0.245,FL,2000,4,1,FL,,1990,66,58,1,0,4.18965474202643
12013,323,FL,Calhoun County,11011,13002,0.26262,0.077,,,,0,FL,9.47285847076441,,,,,,0
12015,324,FL,Charlotte County,110975,141620,0.36365,0.176,,,,0,FL,11.8609026932058,1990,6,5,0,0,1.79175946922806
12017,325,FL,Citrus County,93513,118106,0.31059,0.132,,,,0,FL,11.679337805298,1990,4,4,0,0,1.38629436111989
12019,326,FL,Clay County,105986,140788,0.48619,0.201,,,,0,FL,11.8550104918013,1990,6,4,0,0,1.79175946922806
12021,327,FL,Collier County,152099,251412,0.48219,0.279,FL,2000,1,1,FL,12.434848306696,1990,10,8,0,0,2.30258509299405
12023,328,FL,Columbia County,42613,56413,0.30829,0.109,,,,0,FL,10.9404549073798,1990,1,1,0,0,0
12027,329,FL,DeSoto County,23865,32204,0.3066,0.084,,,,0,FL,10.3798459474199,1990,0,0,0,0,0
12029,330,FL,Dixie County,10585,13758,0.25771,0.068,,,,0,FL,9.52937575208596,,,,,,0
12031,331,FL,Duval County,672971,778896,0.40539,0.219,FL,2000,2,1,FL,13.5656328114474,1990,34,31,0,0,3.52636052461616
12033,332,FL,Escambia County,262445,294415,0.35294,0.21,FL,2000,1,1,FL,12.5927456156259,1990,14,10,1,0,2.63905732961526
12035,333,FL,Flagler County,28701,49818,0.40311,0.212,,,,0,FL,10.8161316434901,1990,0,0,0,0,0
12037,334,FL,Franklin County,8967,9827,0.2669,0.124,,,,0,FL,9.19288897836243,1990,0,0,0,0,0
12039,335,FL,Gadsden County,41116,45017,0.31692,0.129,,,,0,FL,10.7147954751902,1990,0,0,0,0,0
12041,336,FL,Gilchrist County,9667,14429,0.30203,0.094,,,,0,FL,9.57699534929726,,,,,,0
12043,337,FL,Glades County,7591,10531,0.30845,0.098,,,,0,FL,9.2620785673806,,,,,,0
12045,338,FL,Gulf County,11504,14548,0.30208,0.101,,,,0,FL,9.58520880610688,1990,0,0,0,0,0
12047,339,FL,Hamilton County,10930,13321,0.25425,0.073,,,,0,FL,9.49709701635146,,,,,,0
12049,340,FL,Hardee County,19499,26854,0.29907,0.084,,,,0,FL,10.1981700646327,1990,0,0,0,0,0
12051,341,FL,Hendry County,25773,36184,0.33486,0.082,,,,0,FL,10.4963723111577,,,,,,0
12053,342,FL,Hernando County,101115,130795,0.3246,0.127,,,,0,FL,11.7813864909749,1990,0,0,0,0,0
12055,343,FL,Highlands County,68432,87391,0.30053,0.136,,,,0,FL,11.378147581513,1990,2,2,0,0,0.693147180559945
12057,344,FL,Hillsborough County,834054,998994,0.40587,0.251,FL,2000,3,1,FL,13.8145040516066,1990,31,23,0,0,3.43398720448515
12059,345,FL,Holmes County,15778,18564,0.27441,0.088,,,,0,FL,9.82897950036107,,,,,,0
12061,346,FL,Indian River County,90208,112877,0.39685,0.231,,,,0,FL,11.6340540092777,1990,3,3,0,0,1.09861228866811
12063,347,FL,Jackson County,41375,46781,0.29457,0.128,,,,0,FL,10.7532324165664,1990,1,1,0,0,0
12065,348,FL,Jefferson County,11296,12876,0.33553,0.169,,,,0,FL,9.4631203924187,1990,0,0,0,0,0
12067,349,FL,Lafayette County,5578,7019,0.30514,0.072,,,,0,FL,8.85637603673042,,,,,,0
12069,350,FL,Lake County,152104,210418,0.36884,0.166,,,,0,FL,12.2568513075172,1990,5,5,0,0,1.6094379124341
12071,351,FL,Lee County,335113,440910,0.40307,0.211,FL,2000,1,1,FL,12.9965960519688,1990,18,16,0,0,2.89037175789616
12073,352,FL,Leon County,192493,239509,0.3728,0.417,FL,2000,2,1,FL,12.3863462734152,1990,15,12,1,0,2.70805020110221
12075,353,FL,Levy County,25912,34448,0.26917,0.106,,,,0,FL,10.4472062196041,1990,0,0,0,0,0
12077,354,FL,Liberty County,5569,7011,0.29367,0.074,,,,0,FL,8.85523562320697,,,,,,0
12079,355,FL,Madison County,16569,18720,0.26571,0.102,,,,0,FL,9.83734775003158,1990,0,0,0,0,0
12081,356,FL,Manatee County,211707,263996,0.38343,0.208,,,,0,FL,12.4836892304985,1990,7,7,0,0,1.94591014905531
12083,357,FL,Marion County,194835,258873,0.31841,0.137,FL,2000,1,1,FL,12.4640928729317,1990,8,8,0,0,2.07944154167984
12085,358,FL,Martin County,100900,126777,0.43225,0.263,FL,2000,1,1,FL,11.7501849165199,1990,7,6,0,0,1.94591014905531
12086,359,FL,Miami-Dade County,"1937,194","2253,793",0.35768,0.217,FL,2000,5,1,FL,,1990,93,72,4,0,4.53259949315326
12087,360,FL,Monroe County,78024,79602,0.41995,0.255,,,,0,FL,11.284794497145,1990,3,1,0,0,1.09861228866811
12089,361,FL,Nassau County,43941,57645,0.45787,0.189,,,,0,FL,10.9620587916671,1990,0,0,0,0,0
12091,362,FL,Okaloosa County,143777,170520,0.41358,0.242,FL,2000,0,0,FL,12.0466078708791,1990,13,12,0,0,2.56494935746154
12093,363,FL,Okeechobee County,29627,35869,0.30345,0.089,,,,0,FL,10.4876286916878,1990,1,1,0,0,0
12095,364,FL,Orange County,677491,896123,0.41142,0.261,FL,2000,2,1,FL,13.7058329593212,1990,33,26,3,0,3.49650756146648
12097,365,FL,Osceola County,107728,172520,0.38143,0.157,,,,0,FL,12.0582684507618,1990,5,5,0,0,1.6094379124341
12099,366,FL,Palm Beach County,863503,"1131,189",0.44878,0.277,FL,2000,2,1,FL,,1990,44,36,0,0,3.78418963391826
12101,367,FL,Pasco County,281131,344749,0.32896,0.131,FL,2000,0,0,FL,12.7505718949987,1990,7,7,0,0,1.94591014905531
12103,368,FL,Pinellas County,851659,921500,0.37003,0.229,FL,2000,2,1,FL,13.733758056092,1990,47,39,1,0,3.85014760171006
12105,369,FL,Polk County,405382,483888,0.35972,0.149,FL,2000,1,1,FL,13.0896087539618,1990,17,17,0,0,2.83321334405622
12107,370,FL,Putnam County,65070,70418,0.28249,0.094,,,,0,FL,11.1622041912833,1990,2,2,0,0,0.693147180559945
12109,371,FL,St. Johns County,83829,123237,0.50055,0.331,FL,2000,1,1,FL,11.7218646096685,1990,5,5,0,0,1.6094379124341
12111,372,FL,St. Lucie County,150171,192679,0.36453,0.151,,,,0,FL,12.1687808707784,1990,3,3,0,0,1.09861228866811
12113,373,FL,Santa Rosa County,81961,117752,0.41673,0.229,,,,0,FL,11.6763359968724,1990,4,4,0,0,1.38629436111989
12115,374,FL,Sarasota County,277776,326002,0.41794,0.274,FL,2000,1,1,FL,12.6946587952994,1990,15,14,0,0,2.70805020110221
12117,375,FL,Seminole County,287521,365448,0.49139,0.31,FL,2000,1,1,FL,12.8088792771887,1990,16,11,3,1,2.77258872223978
12119,376,FL,Sumter County,31577,53337,0.32202,0.122,FL,2000,0,0,FL,10.8843855531847,1990,0,0,0,0,0
12121,377,FL,Suwannee County,26780,34881,0.29904,0.105,,,,0,FL,10.4596975473367,1990,0,0,0,0,0
12123,378,FL,Taylor County,17111,19253,0.29815,0.089,,,,0,FL,9.86542217172934,1990,2,2,0,0,0.693147180559945
12125,379,FL,Union County,10252,13428,0.33762,0.075,,,,0,FL,9.50509735809993,,,,,,0
12127,380,FL,Volusia County,370737,443385,0.35188,0.176,FL,2000,1,1,FL,13.0021937460928,1990,16,13,0,0,2.77258872223978
12129,381,FL,Wakulla County,14202,22857,0.37394,0.157,,,,0,FL,10.0370126951411,1990,0,0,0,0,0
12131,382,FL,Walton County,27759,40561,0.3198,0.162,,,,0,FL,10.6105622927935,1990,1,1,0,0,0
12133,383,FL,Washington County,16919,20975,0.27864,0.092,,,,0,FL,9.95108653133541,1990,0,0,0,0,0
13001,384,GA,Appling County,15744,17405,0.30472,0.084,,,,0,GA,9.76451280024554,,,,,,0
13003,385,GA,Atkinson County,6213,7611,0.26498,0.069,,,,0,GA,8.93734984826739,,,,,,0
13005,386,GA,Bacon County,9566,10098,0.2626,0.066,,,,0,GA,9.22009266341886,1990,0,0,0,0,0
13007,387,GA,Baker County,3615,4047,0.29135,0.107,,,,0,GA,8.30573114487587,,,,,,0
13009,388,GA,Baldwin County,39530,44616,0.35421,0.162,,,,0,GA,10.7058478180694,1990,2,2,0,0,0.693147180559945
13011,389,GA,Banks County,10308,14425,0.3814,0.086,,,,0,GA,9.5767180913763,1990,0,0,0,0,0
13013,390,GA,Barrow County,29721,46177,0.43886,0.109,,,,0,GA,10.7402371176108,1990,1,1,0,0,0
13015,391,GA,Bartow County,55915,76062,0.43795,0.141,,,,0,GA,11.2393040761668,1990,1,1,0,0,0
13017,392,GA,Ben Hill County,16245,17498,0.26765,0.095,,,,0,GA,9.76984186766621,1990,1,1,0,0,0
13019,393,GA,Berrien County,14153,16210,0.29824,0.094,,,,0,GA,9.69338361472972,,,,,,0
13021,394,GA,Bibb County,150137,153955,0.34329,0.213,GA,2000,0,0,GA,11.9444156309025,1990,11,10,0,0,2.39789527279837
13023,395,GA,Bleckley County,10430,11666,0.33218,0.125,,,,0,GA,9.36443390731358,,,,,,0
13025,396,GA,Brantley County,11077,14608,0.30157,0.062,,,,0,GA,9.58932460283475,,,,,,0
13027,397,GA,Brooks County,15398,16456,0.2688,0.113,,,,0,GA,9.70844543133279,,,,,,0
13029,398,GA,Bryan County,15438,23430,0.48101,0.193,,,,0,GA,10.0617725315018,1990,0,0,0,0,0
13031,399,GA,Bulloch County,43125,55961,0.28812,0.254,,,,0,GA,10.9324102985268,1990,5,5,0,0,1.6094379124341
13033,400,GA,Burke County,20579,22255,0.28293,0.095,,,,0,GA,10.01032198145,,,,,,0
13035,401,GA,Butts County,15326,19460,0.39483,0.086,,,,0,GA,9.87611635574,1990,0,0,0,0,0
13037,402,GA,Calhoun County,5013,6317,0.2485,0.117,,,,0,GA,8.7509996908987,,,,,,0
13039,403,GA,Camden County,30167,43658,0.4089,0.16,,,,0,GA,10.6841418205343,1990,2,2,0,0,0.693147180559945
13043,404,GA,Candler County,7744,9561,0.25779,0.102,,,,0,GA,9.16544760308545,,,,,,0
13045,405,GA,Carroll County,71422,87302,0.38691,0.165,,,,0,GA,11.3771286510727,1990,8,7,1,0,2.07944154167984
13047,406,GA,Catoosa County,42464,53188,0.40048,0.138,,,,0,GA,10.8815880859766,1990,0,0,0,0,0
13049,407,GA,Charlton County,8496,10282,0.28732,0.064,,,,0,GA,9.23815007261545,1990,0,0,0,0,0
13051,408,GA,Chatham County,216774,232372,0.37644,0.25,GA,2000,0,0,GA,12.3560948147737,1990,15,14,1,0,2.70805020110221
13053,409,GA,Chattahoochee County,16934,14895,0.36898,0.25,,,,0,GA,9.60878086514738,,,,,,0
13055,410,GA,Chattooga County,22236,25423,0.30469,0.077,,,,0,GA,10.1434095550892,1990,1,1,0,0,0
13057,411,GA,Cherokee County,90204,142013,0.60677,0.27,,,,0,GA,11.8636738816888,1990,0,0,0,0,0
13059,412,GA,Clarke County,87594,101941,0.28365,0.398,GA,2000,0,0,GA,11.5321494935379,1990,11,10,0,0,2.39789527279837
13061,413,GA,Clay County,3364,3342,0.22285,0.101,,,,0,GA,8.11432470915534,,,,,,0
13063,414,GA,Clayton County,181436,236644,0.42638,0.166,GA,2000,1,1,GA,12.3743121811148,1990,7,6,0,0,1.94591014905531
13065,415,GA,Clinch County,6160,6847,0.2672,0.104,,,,0,GA,8.83156587912106,,,,,,0
13067,416,GA,Cobb County,447745,607450,0.58283,0.398,GA,2000,2,1,GA,13.3170251462829,1990,26,21,1,0,3.25809653802148
13069,417,GA,Coffee County,29592,37421,0.30677,0.1,,,,0,GA,10.5299873231482,1990,0,0,0,0,0
13071,418,GA,Colquitt County,36645,42050,0.28167,0.114,,,,0,GA,10.6466146654011,1990,2,2,0,0,0.693147180559945
13073,419,GA,Columbia County,66031,89497,0.55372,0.32,,,,0,GA,11.4019603841481,1990,2,2,0,0,0.693147180559945
13075,420,GA,Cook County,13456,15779,0.28009,0.081,,,,0,GA,9.66643522103567,1990,0,0,0,0,0
13077,421,GA,Coweta County,53853,89254,0.52428,0.206,GA,2000,0,0,GA,11.3992415165648,1990,1,1,0,0,0
13079,422,GA,Crawford County,8991,12481,0.38162,0.068,,,,0,GA,9.43196276691845,,,,,,0
13081,423,GA,Crisp County,20011,22020,0.26203,0.128,,,,0,GA,9.99970641027667,1990,0,0,0,0,0
13083,424,GA,Dade County,13183,15141,0.35826,0.109,,,,0,GA,9.62516157500837,1990,0,0,0,0,0
13085,425,GA,Dawson County,9429,15942,0.47157,0.181,,,,0,GA,9.67671241498787,1990,0,0,0,0,0
13087,426,GA,Decatur County,25517,28252,0.2945,0.121,,,,0,GA,10.2489195305288,1990,0,0,0,0,0
13089,427,GA,DeKalb County,546174,666158,0.48726,0.363,GA,2000,1,1,GA,13.4092821586235,1990,31,24,1,0,3.43398720448515
13091,428,GA,Dodge County,17607,19154,0.27397,0.116,,,,0,GA,9.86026685008157,1990,0,0,0,0,0
13093,429,GA,Dooly County,9901,11480,0.27596,0.096,,,,0,GA,9.34836166987356,1990,1,1,0,0,0
13095,430,GA,Dougherty County,96321,96067,0.30456,0.178,,,,0,GA,11.4728011436861,1990,6,5,1,0,1.79175946922806
13097,431,GA,Douglas County,71120,92315,0.49621,0.192,,,,0,GA,11.4329619208298,1990,3,3,0,0,1.09861228866811
13099,432,GA,Early County,11854,12333,0.26081,0.126,,,,0,GA,9.42003387556599,1990,0,0,0,0,0
13101,433,GA,Echols County,2334,3747,0.25199,0.084,,,,0,GA,8.22871079879369,,,,,,0
13103,434,GA,Effingham County,25687,37522,0.45947,0.136,,,,0,GA,10.5326827066036,1990,0,0,0,0,0
13105,435,GA,Elbert County,18949,20509,0.28861,0.098,,,,0,GA,9.92861909317373,1990,1,1,0,0,0
13107,436,GA,Emanuel County,20546,21856,0.24497,0.101,,,,0,GA,9.99223076237052,1990,0,0,0,0,0
13109,437,GA,Evans County,8724,10485,0.26662,0.09,,,,0,GA,9.25770094333602,,,,,,0
13111,438,GA,Fannin County,15992,19792,0.303,0.104,,,,0,GA,9.89303309463227,1990,0,0,0,0,0
13113,439,GA,Fayette County,62415,91313,0.71329,0.362,GA,2000,0,0,GA,11.4220484441796,1990,4,4,0,0,1.38629436111989
13115,440,GA,Floyd County,81251,90622,0.3555,0.158,GA,2000,0,0,GA,11.4144522881608,1990,10,10,0,0,2.30258509299405
13117,441,GA,Forsyth County,44083,98360,0.68352,0.346,GA,2000,0,0,GA,11.4963894963301,1990,1,1,0,0,0
13119,442,GA,Franklin County,16650,20259,0.32453,0.103,,,,0,GA,9.91635441824295,,,,,,0
13121,443,GA,Fulton County,648776,815579,0.46995,0.414,GA,2000,2,1,GA,13.6116535694353,1990,50,36,5,1,3.91202300542815
13123,444,GA,Gilmer County,13368,23367,0.3508,0.129,,,,0,GA,10.0590800495881,1990,0,0,0,0,0
13125,445,GA,Glascock County,2357,2563,0.29,0.065,,,,0,GA,7.84893372636407,,,,,,0
13127,446,GA,Glynn County,62496,67580,0.37609,0.238,,,,0,GA,11.1210673602683,1990,3,3,0,0,1.09861228866811
13129,447,GA,Gordon County,35067,44090,0.38213,0.106,,,,0,GA,10.693988278352,1990,2,2,0,0,0.693147180559945
13131,448,GA,Grady County,20279,23655,0.27701,0.106,,,,0,GA,10.0713297880652,,,,,,0
13133,449,GA,Greene County,11793,14363,0.33067,0.176,,,,0,GA,9.57241073443182,1990,0,0,0,0,0
13135,450,GA,Gwinnett County,352910,588133,0.60244,0.341,GA,2000,1,1,GA,13.2847083917797,1990,15,14,0,0,2.70805020110221
13137,451,GA,Habersham County,27622,35884,0.36142,0.158,,,,0,GA,10.4880467926792,1990,1,1,0,0,0
13139,452,GA,Hall County,95434,139615,0.44559,0.187,,,,0,GA,11.8466439133948,1990,2,1,0,0,0.693147180559945
13141,453,GA,Hancock County,8908,10083,0.2201,0.098,,,,0,GA,9.21860611639321,,,,,,0
13143,454,GA,Haralson County,21966,25660,0.31575,0.09,,,,0,GA,10.1526886381696,1990,0,0,0,0,0
13145,455,GA,Harris County,17788,23783,0.47713,0.211,,,,0,GA,10.0767263187217,,,,,,0
13147,456,GA,Hart County,19712,22981,0.32392,0.135,,,,0,GA,10.0424230665569,1990,0,0,0,0,0
13149,457,GA,Heard County,8628,10980,0.31803,0.073,,,,0,GA,9.30383071506352,,,,,,0
13151,458,GA,Henry County,58741,119498,0.57178,0.195,,,,0,GA,11.691054913812,1990,2,2,0,0,0.693147180559945
13153,459,GA,Houston County,89208,110740,0.43603,0.198,,,,0,GA,11.614940390377,1990,5,5,0,0,1.6094379124341
13155,460,GA,Irwin County,8649,9918,0.30195,0.099,,,,0,GA,9.20210656704908,,,,,,0
13157,461,GA,Jackson County,30005,41612,0.39873,0.117,,,,0,GA,10.6361438661908,1990,0,0,0,0,0
13159,462,GA,Jasper County,8453,11441,0.40044,0.115,,,,0,GA,9.34495867370094,,,,,,0
13161,463,GA,Jeff Davis County,12032,12673,0.27193,0.094,,,,0,GA,9.44722902508206,,,,,,0
13163,464,GA,Jefferson County,17408,17239,0.26255,0.091,,,,0,GA,9.75492953789498,,,,,,0
13165,465,GA,Jenkins County,8247,8571,0.24847,0.108,,,,0,GA,9.05613969089888,,,,,,0
13167,466,GA,Johnson County,8329,8526,0.23988,0.078,,,,0,GA,9.05087559732516,,,,,,0
13169,467,GA,Jones County,20739,23691,0.42788,0.15,GA,2000,1,1,GA,10.0728505081657,,,,,,0
13171,468,GA,Lamar County,13038,15956,0.36517,0.113,,,,0,GA,9.6775902130253,,,,,,0
13173,469,GA,Lanier County,5531,7246,0.28867,0.088,,,,0,GA,8.88820487145502,1990,0,0,0,0,0
13175,470,GA,Laurens County,39988,44861,0.31988,0.144,,,,0,GA,10.7113240993995,1990,1,1,0,0,0
13177,471,GA,Lee County,16250,24766,0.49066,0.17,,,,0,GA,10.117227023775,,,,,,0
13179,472,GA,Liberty County,52745,61661,0.33772,0.145,,,,0,GA,11.0294069192781,1990,1,1,0,0,0
13181,473,GA,Lincoln County,7442,8330,0.30913,0.101,,,,0,GA,9.02761873516089,,,,,,0
13183,474,GA,Long County,6202,10273,0.30113,0.058,,,,0,GA,9.23727437321626,,,,,,0
13185,475,GA,Lowndes County,75981,92121,0.32095,0.197,,,,0,GA,11.4308582092817,1990,3,2,1,0,1.09861228866811
13187,476,GA,Lumpkin County,14573,21041,0.38182,0.176,,,,0,GA,9.95422819423931,1990,1,1,0,0,0
13189,477,GA,McDuffie County,20119,21263,0.31944,0.117,,,,0,GA,9.9647237520067,1990,0,0,0,0,0
13191,478,GA,McIntosh County,8634,10839,0.29817,0.111,,,,0,GA,9.29090601981575,1990,0,0,0,0,0
13193,479,GA,Macon County,13114,14041,0.24674,0.1,,,,0,GA,9.54973690011464,,,,,,0
13195,480,GA,Madison County,21050,25705,0.3631,0.109,,,,0,GA,10.1544408044896,1990,0,0,0,0,0
13197,481,GA,Marion County,5590,7133,0.29014,0.089,,,,0,GA,8.87248718227804,,,,,,0
13199,482,GA,Meriwether County,22411,22546,0.32092,0.108,,,,0,GA,10.0233129456045,1990,0,0,0,0,0
13201,483,GA,Miller County,6280,6368,0.27833,0.113,,,,0,GA,8.75904072752422,,,,,,0
13205,484,GA,Mitchell County,20275,23925,0.26645,0.091,,,,0,GA,10.0826792163212,1990,0,0,0,0,0
13207,485,GA,Monroe County,17113,21751,0.43839,0.171,,,,0,GA,9.98741501247141,1990,1,1,0,0,0
13209,486,GA,Montgomery County,7379,8234,0.28966,0.135,,,,0,GA,9.01602720232985,,,,,,0
13211,487,GA,Morgan County,12883,15499,0.39384,0.187,,,,0,GA,9.64853078469705,1990,0,0,0,0,0
13213,488,GA,Murray County,26147,36501,0.36498,0.072,,,,0,GA,10.5050949364556,,,,,,0
13215,489,GA,Muscogee County,179280,186213,0.34787,0.203,GA,2000,0,0,GA,12.1346464587886,1990,7,5,0,0,1.94591014905531
13217,490,GA,Newton County,41808,61906,0.44599,0.145,,,,0,GA,11.0333723845083,1990,1,1,0,0,0
13219,491,GA,Oconee County,17618,25772,0.55501,0.398,,,,0,GA,10.1570439102585,1990,0,0,0,0,0
13221,492,GA,Oglethorpe County,9763,12610,0.35755,0.156,,,,0,GA,9.44224542895897,,,,,,0
13223,493,GA,Paulding County,41611,81615,0.52063,0.152,,,,0,GA,11.3097683475881,1990,0,0,0,0,0
13225,494,GA,Peach County,21189,23702,0.34891,0.168,,,,0,GA,10.0733147117484,1990,0,0,0,0,0
13227,495,GA,Pickens County,14432,23022,0.41261,0.156,,,,0,GA,10.044205559475,1990,0,0,0,0,0
13229,496,GA,Pierce County,13328,15624,0.301,0.101,,,,0,GA,9.65656347255652,1990,0,0,0,0,0
13231,497,GA,Pike County,10224,13460,0.43506,0.14,,,,0,GA,9.50747760319872,1990,0,0,0,0,0
13233,498,GA,Polk County,33815,38102,0.31897,0.08,,,,0,GA,10.5480220531754,1990,0,0,0,0,0
13235,499,GA,Pulaski County,8108,9604,0.31189,0.129,,,,0,GA,9.16993495734114,,,,,,0
13237,500,GA,Putnam County,14137,18774,0.36794,0.144,,,,0,GA,9.84022821289694,1990,0,0,0,0,0
13239,501,GA,Quitman County,2210,2596,0.25469,0.061,,,,0,GA,7.86172707782398,,,,,,0
13241,502,GA,Rabun County,11648,15035,0.33851,0.176,,,,0,GA,9.61813609542263,1990,0,0,0,0,0
13243,503,GA,Randolph County,8023,7791,0.22029,0.095,,,,0,GA,8.96072450033086,1990,0,0,0,0,0
13245,504,GA,Richmond County,189719,199552,0.32606,0.187,GA,2000,1,1,GA,12.2038301329774,1990,7,5,0,0,1.94591014905531
13247,505,GA,Rockdale County,54091,70292,0.53518,0.234,,,,0,GA,11.1604132733147,1990,2,1,0,0,0.693147180559945
13249,506,GA,Schley County,3590,3760,0.31658,0.137,,,,0,GA,8.23217423638394,1990,0,0,0,0,0
13251,507,GA,Screven County,13842,15357,0.28496,0.102,,,,0,GA,9.63932667512569,,,,,,0
13253,508,GA,Seminole County,9010,9364,0.27351,0.086,,,,0,GA,9.1446278286108,,,,,,0
13255,509,GA,Spalding County,54457,58461,0.36288,0.125,,,,0,GA,10.9761151442322,1990,4,4,0,0,1.38629436111989
13257,510,GA,Stephens County,23436,25442,0.29832,0.141,,,,0,GA,10.1441566307162,1990,2,2,0,0,0.693147180559945
13259,511,GA,Stewart County,5654,5253,0.24921,0.093,,,,0,GA,8.56655462095396,,,,,,0
13261,512,GA,Sumter County,30232,33228,0.30701,0.193,,,,0,GA,10.411148172959,1990,1,1,0,0,0
13263,513,GA,Talbot County,6524,6513,0.26078,0.079,,,,0,GA,8.7815554585464,,,,,,0
13265,514,GA,Taliaferro County,1915,2076,0.23523,0.084,,,,0,GA,7.63819824428578,,,,,,0
13267,515,GA,Tattnall County,17722,22314,0.27582,0.079,,,,0,GA,10.0129695631531,1990,0,0,0,0,0
13269,516,GA,Taylor County,7642,8815,0.2528,0.085,,,,0,GA,9.08421009483197,,,,,,0
13271,517,GA,Telfair County,11000,11815,0.26151,0.083,,,,0,GA,9.37712518962101,,,,,,0
13273,518,GA,Terrell County,10653,10963,0.26711,0.107,,,,0,GA,9.30228124567454,,,,,,0
13275,519,GA,Thomas County,38943,42791,0.31082,0.168,,,,0,GA,10.664083079084,1990,2,2,0,0,0.693147180559945
13277,520,GA,Tift County,34998,38376,0.3265,0.156,,,,0,GA,10.5551875431819,1990,1,1,0,0,0
13279,521,GA,Toombs County,24072,26133,0.26636,0.127,,,,0,GA,10.170954162487,1990,0,0,0,0,0
13281,522,GA,Towns County,6754,9312,0.32359,0.174,,,,0,GA,9.13905916997122,1990,0,0,0,0,0
13283,523,GA,Treutlen County,5994,6836,0.24639,0.085,,,,0,GA,8.82995804423548,,,,,,0
13285,524,GA,Troup County,55532,58753,0.35268,0.18,,,,0,GA,10.9810974945325,1990,4,4,0,0,1.38629436111989
13287,525,GA,Turner County,8703,9494,0.25765,0.105,,,,0,GA,9.15841529911126,,,,,,0
13289,526,GA,Twiggs County,9806,10601,0.31095,0.054,,,,0,GA,9.2687036152731,,,,,,0
13291,527,GA,Union County,11993,17286,0.31498,0.125,,,,0,GA,9.75765220431258,1990,0,0,0,0,0
13293,528,GA,Upson County,26300,27761,0.31481,0.115,,,,0,GA,10.2313874370267,,,,,,0
13295,529,GA,Walker County,58310,61140,0.32337,0.102,,,,0,GA,11.0209215954448,1990,2,2,0,0,0.693147180559945
13297,530,GA,Walton County,38586,60637,0.46578,0.13,,,,0,GA,11.0126605467969,1990,0,0,0,0,0
13299,531,GA,Ware County,35471,35497,0.281,0.114,,,,0,GA,10.4772034648503,1990,0,0,0,0,0
13301,532,GA,Warren County,6078,6309,0.26357,0.08,,,,0,GA,8.74973246437081,,,,,,0
13303,533,GA,Washington County,19112,21197,0.30334,0.105,,,,0,GA,9.96161494121274,1990,0,0,0,0,0
13305,534,GA,Wayne County,22356,26571,0.32659,0.116,,,,0,GA,10.1875756744777,1990,0,0,0,0,0
13307,535,GA,Webster County,2263,2390,0.28831,0.091,,,,0,GA,7.77904864492556,,,,,,0
13309,536,GA,Wheeler County,4903,6170,0.2375,0.071,,,,0,GA,8.72745411689943,1990,0,0,0,0,0
13311,537,GA,White County,13006,19976,0.35691,0.154,,,,0,GA,9.90228683195961,1990,1,1,0,0,0
13313,538,GA,Whitfield County,72462,83561,0.39259,0.128,,,,0,GA,11.3333321830474,1990,3,2,1,1,1.09861228866811
13315,539,GA,Wilcox County,7008,8625,0.27839,0.07,,,,0,GA,9.06242024189956,,,,,,0
13317,540,GA,Wilkes County,10597,10706,0.28235,0.12,,,,0,GA,9.27855961095333,1990,0,0,0,0,0
13319,541,GA,Wilkinson County,10228,10202,0.32921,0.096,,,,0,GA,9.23033905848287,1990,0,0,0,0,0
13321,542,GA,Worth County,19744,22029,0.32544,0.086,,,,0,GA,10.0001150461197,,,,,,0
15001,543,HI,Hawaii County,120317,148641,0.39336,0.221,,,,0,HI,11.9092892816892,1990,9,8,0,0,2.19722457733622
15003,544,HI,Honolulu County,836231,876159,0.51745,0.279,HI,2000,1,1,HI,13.6833028602975,1990,37,26,2,0,3.61091791264422
15005,545,HI,Kalawao County,130,147,0.09375,0.102,,,,0,HI,4.99043258677874,,,,,,0
15007,546,HI,Kauai County,51177,58460,0.44968,0.194,,,,0,HI,10.9760980386652,1990,2,0,0,0,0.693147180559945
15009,547,HI,Maui County,100374,128090,0.48837,0.224,HI,2000,0,0,HI,11.7604884208252,1990,9,5,1,0,2.19722457733622
16001,548,ID,Ada County,205775,300953,0.46104,0.312,ID,2000,1,1,ID,12.6147093853595,1990,15,15,0,0,2.70805020110221
16003,549,ID,Adams County,3254,3483,0.28829,0.149,,,,0,ID,8.155649270366,,,,,,0
16005,550,ID,Bannock County,66026,75562,0.36678,0.249,,,,0,ID,11.2327087902964,1990,5,5,0,0,1.6094379124341
16007,551,ID,Bear Lake County,6084,6418,0.3189,0.117,,,,0,ID,8.7668618216698,,,,,,0
16009,552,ID,Benewah County,7937,9169,0.3038,0.114,,,,0,ID,9.1235835080499,1990,0,0,0,0,0
16011,553,ID,Bingham County,37583,41737,0.36268,0.144,,,,0,ID,10.6391433045455,1990,0,0,0,0,0
16013,554,ID,Blaine County,13552,18994,0.51048,0.431,,,,0,ID,9.8518784188029,1990,2,2,0,0,0.693147180559945
16015,555,ID,Boise County,3509,6644,0.38651,0.199,,,,0,ID,8.80146947073319,,,,,,0
16017,556,ID,Bonner County,26622,36809,0.32835,0.169,,,,0,ID,10.5134976594732,1990,1,1,0,0,0
16019,557,ID,Bonneville County,72207,82545,0.41831,0.261,ID,2000,1,1,ID,11.321098878162,1990,5,5,0,0,1.6094379124341
16021,558,ID,Boundary County,8332,9880,0.30559,0.147,,,,0,ID,9.19826779074191,1990,1,1,0,0,0
16023,559,ID,Butte County,2918,2897,0.30257,0.13,,,,0,ID,7.97143099776935,1990,0,0,0,0,0
16025,560,ID,Camas County,727,981,0.35769,0.222,,,,0,ID,6.88857245956536,,,,,,0
16027,561,ID,Canyon County,90076,131452,0.36034,0.149,,,,0,ID,11.7863970449529,1990,5,5,0,0,1.6094379124341
16029,562,ID,Caribou County,6963,7296,0.38393,0.159,,,,0,ID,8.89508153175417,,,,,,0
16031,563,ID,Cassia County,19532,21399,0.33666,0.139,,,,0,ID,9.97109947094615,1990,2,2,0,0,0.693147180559945
16033,564,ID,Clark County,762,1022,0.31364,0.126,,,,0,ID,6.92951677076365,,,,,,0
16035,565,ID,Clearwater County,8505,8928,0.31803,0.134,,,,0,ID,9.09694768462109,1990,0,0,0,0,0
16037,566,ID,Custer County,4133,4340,0.31357,0.174,,,,0,ID,8.37562962709445,,,,,,0
16039,567,ID,Elmore County,21205,29116,0.35417,0.173,,,,0,ID,10.2790431302381,1990,1,1,0,0,0
16041,568,ID,Franklin County,9232,11333,0.36262,0.136,,,,0,ID,9.33547410273295,1990,0,0,0,0,0
16043,569,ID,Fremont County,10937,11813,0.33567,0.12,,,,0,ID,9.37695589894852,,,,,,0
16045,570,ID,Gem County,11844,15179,0.34305,0.114,,,,0,ID,9.62766817262686,1990,0,0,0,0,0
16047,571,ID,Gooding County,11633,14150,0.3192,0.12,,,,0,ID,9.55746990307138,,,,,,0
16049,572,ID,Idaho County,13768,15506,0.29284,0.144,,,,0,ID,9.6489823247789,1990,1,1,0,0,0
16051,573,ID,Jefferson County,16543,19117,0.37729,0.152,,,,0,ID,9.85833327052902,,,,,,0
16053,574,ID,Jerome County,15138,18401,0.34869,0.14,,,,0,ID,9.82016028994637,1990,0,0,0,0,0
16055,575,ID,Kootenai County,69795,108682,0.37616,0.191,,,,0,ID,11.5961814660209,1990,2,2,0,0,0.693147180559945
16057,576,ID,Latah County,30617,34925,0.3268,0.41,,,,0,ID,10.4609581841252,1990,4,4,0,0,1.38629436111989
16059,577,ID,Lemhi County,6899,7798,0.2972,0.179,,,,0,ID,8.96162256954254,1990,0,0,0,0,0
16061,578,ID,Lewis County,3516,3744,0.3178,0.148,,,,0,ID,8.22790983759748,,,,,,0
16063,579,ID,Lincoln County,3308,4050,0.32979,0.13,,,,0,ID,8.30647216010059,,,,,,0
16065,580,ID,Madison County,23674,27491,0.32536,0.244,,,,0,ID,10.221613957362,1990,1,0,0,0,0
16067,581,ID,Minidoka County,19361,20155,0.319,0.101,,,,0,ID,9.91120767555127,1990,1,1,0,0,0
16069,582,ID,Nez Perce County,33754,37418,0.36409,0.189,,,,0,ID,10.5299071510454,1990,2,1,1,0,0.693147180559945
16071,583,ID,Oneida County,3492,4125,0.3335,0.15,,,,0,ID,8.32482129876878,,,,,,0
16073,584,ID,Owyhee County,8392,10644,0.28133,0.102,,,,0,ID,9.27275163209758,,,,,,0
16075,585,ID,Payette County,16434,20584,0.33011,0.106,,,,0,ID,9.93226935396158,,,,,,0
16077,586,ID,Power County,7086,7542,0.32247,0.143,,,,0,ID,8.9282426778183,,,,,,0
16079,587,ID,Shoshone County,13931,13763,0.28419,0.102,,,,0,ID,9.52973911097953,1990,0,0,0,0,0
16081,588,ID,Teton County,3439,6006,0.41524,0.281,,,,0,ID,8.70051424854328,1990,0,0,0,0,0
16083,589,ID,Twin Falls County,53580,64286,0.34666,0.16,ID,2000,1,1,ID,11.0710971571258,1990,4,4,0,0,1.38629436111989
16085,590,ID,Valley County,6109,7637,0.3626,0.263,,,,0,ID,8.94076013488838,,,,,,0
16087,591,ID,Washington County,8550,9983,0.30591,0.127,,,,0,ID,9.20863892533642,1990,0,0,0,0,0
17001,592,IL,Adams County,66090,68261,0.34856,0.176,,,,0,IL,11.1310938722215,1990,1,1,0,0,0
17003,593,IL,Alexander County,10626,9583,0.25768,0.069,,,,0,IL,9.16774597434376,,,,,,0
17005,594,IL,Bond County,14991,17636,0.37681,0.15,,,,0,IL,9.77769754647783,1990,0,0,0,0,0
17007,595,IL,Boone County,30806,41788,0.52447,0.145,,,,0,IL,10.6403644959574,1990,0,0,0,0,0
17009,596,IL,Brown County,5836,6952,0.35408,0.092,,,,0,IL,8.84678466694523,,,,,,0
17011,597,IL,Bureau County,35688,35496,0.4003,0.157,,,,0,IL,10.4771752930587,1990,0,0,0,0,0
17013,598,IL,Calhoun County,5322,5079,0.34459,0.094,,,,0,IL,8.53286967080125,,,,,,0
17015,599,IL,Carroll County,16805,16671,0.37,0.131,,,,0,IL,9.72142596194803,,,,,,0
17017,600,IL,Cass County,13437,13691,0.34787,0.126,,,,0,IL,9.52449396163376,,,,,,0
17019,601,IL,Champaign County,173025,179687,0.37613,0.38,IL,2000,1,1,IL,12.0989717273612,1990,17,14,2,0,2.83321334405622
17021,602,IL,Christian County,34418,35380,0.36372,0.105,,,,0,IL,10.4739019677138,1990,1,1,0,0,0
17023,603,IL,Clark County,15921,16995,0.35678,0.136,,,,0,IL,9.74067446213022,,,,,,0
17025,604,IL,Clay County,14460,14417,0.30877,0.097,,,,0,IL,9.5761633448119,1990,0,0,0,0,0
17027,605,IL,Clinton County,33944,35536,0.43364,0.13,,,,0,IL,10.4783015461342,1990,0,0,0,0,0
17029,606,IL,Coles County,51644,53210,0.32492,0.208,,,,0,IL,10.8820016275904,1990,4,4,0,0,1.38629436111989
17031,607,IL,Cook County,"5105,044","5376,741",0.45433,0.28,IL,2000,7,1,IL,,1990,216,169,14,1,5.37527840768417
17033,608,IL,Crawford County,19464,20460,0.32688,0.103,,,,0,IL,9.92622703950562,1990,1,1,0,0,0
17035,609,IL,Cumberland County,10670,11311,0.36146,0.101,,,,0,IL,9.33353098253138,1990,0,0,0,0,0
17037,610,IL,DeKalb County,77932,88941,0.45928,0.268,IL,2000,0,0,IL,11.3957285075364,1990,3,1,1,0,1.09861228866811
17039,611,IL,De Witt County,16516,16802,0.41942,0.134,,,,0,IL,9.72925320592479,1990,0,0,0,0,0
17041,612,IL,Douglas County,19464,19909,0.39314,0.138,,,,0,IL,9.8989271697798,1990,1,1,0,0,0
17043,613,IL,DuPage County,781689,904594,0.67427,0.417,IL,2000,5,1,IL,13.715241503238,1990,58,39,6,0,4.06044301054642
17045,614,IL,Edgar County,19595,19643,0.35,0.133,,,,0,IL,9.88547631973428,1990,3,3,0,0,1.09861228866811
17047,615,IL,Edwards County,7440,6978,0.32134,0.098,,,,0,IL,8.85051762174672,,,,,,0
17049,616,IL,Effingham County,31704,34267,0.39555,0.151,,,,0,IL,10.4419380709142,1990,3,3,0,0,1.09861228866811
17051,617,IL,Fayette County,20893,21810,0.32134,0.09,,,,0,IL,9.99012385919568,1990,0,0,0,0,0
17053,618,IL,Ford County,14275,14227,0.38032,0.139,,,,0,IL,9.56289684665117,1990,0,0,0,0,0
17055,619,IL,Franklin County,40319,39021,0.28053,0.113,,,,0,IL,10.5718552417318,1990,2,2,0,0,0.693147180559945
17057,620,IL,Fulton County,38080,38244,0.33656,0.114,,,,0,IL,10.5517419642053,1990,1,1,0,0,0
17059,621,IL,Gallatin County,6909,6426,0.25675,0.077,,,,0,IL,8.7681075396758,,,,,,0
17061,622,IL,Greene County,15317,14766,0.31581,0.101,,,,0,IL,9.60008251961911,,,,,,0
17063,623,IL,Grundy County,32337,37528,0.51519,0.152,,,,0,IL,10.5328426000083,1990,1,1,0,0,0
17065,624,IL,Hamilton County,8499,8613,0.30773,0.105,,,,0,IL,9.06102796878917,,,,,,0
17067,625,IL,Hancock County,21373,20171,0.36524,0.156,,,,0,IL,9.91200120830133,1990,0,0,0,0,0
17069,626,IL,Hardin County,5189,4793,0.26928,0.096,,,,0,IL,8.47491179915963,,,,,,0
17071,627,IL,Henderson County,8096,8176,0.37057,0.1,,,,0,IL,9.00895831244349,,,,,,0
17073,628,IL,Henry County,51159,51032,0.3984,0.157,,,,0,IL,10.8402081659218,1990,2,2,0,0,0.693147180559945
17075,629,IL,Iroquois County,30787,31340,0.37953,0.118,,,,0,IL,10.35265051591,1990,1,1,0,0,0
17077,630,IL,Jackson County,61067,59607,0.24813,0.32,IL,2000,1,1,IL,10.9955282958212,1990,4,3,1,0,1.38629436111989
17079,631,IL,Jasper County,10609,10113,0.35891,0.112,,,,0,IL,9.22157700390217,,,,,,0
17081,632,IL,Jefferson County,37020,40051,0.33006,0.137,,,,0,IL,10.5979089209738,1990,2,2,0,0,0.693147180559945
17083,633,IL,Jersey County,20539,21649,0.42011,0.126,,,,0,IL,9.98271454298743,1990,0,0,0,0,0
17085,634,IL,Jo Daviess County,21821,22296,0.4033,0.152,,,,0,IL,10.0121625691618,1990,0,0,0,0,0
17087,635,IL,Johnson County,11347,12877,0.33771,0.117,,,,0,IL,9.46319805327378,,,,,,0
17089,636,IL,Kane County,317471,404508,0.58888,0.277,IL,2000,0,0,IL,12.9104267927882,1990,15,10,0,0,2.70805020110221
17091,637,IL,Kankakee County,96255,103825,0.41612,0.15,IL,2000,0,0,IL,11.550462068499,1990,4,4,0,0,1.38629436111989
17093,638,IL,Kendall County,39413,54539,0.63682,0.253,,,,0,IL,10.9066713210646,1990,0,0,0,0,0
17095,639,IL,Knox County,56393,55842,0.35033,0.146,,,,0,IL,10.9302815534138,1990,2,2,0,0,0.693147180559945
17097,640,IL,Lake County,516418,644682,0.66953,0.386,IL,2000,2,1,IL,13.3765124509462,1990,27,22,1,0,3.29583686600433
17099,641,IL,LaSalle County,106913,111599,0.40338,0.133,,,,0,IL,11.6226673683157,1990,8,8,0,0,2.07944154167984
17101,642,IL,Lawrence County,15972,15449,0.30109,0.097,,,,0,IL,9.64529955531205,1990,0,0,0,0,0
17103,643,IL,Lee County,34392,36062,0.41342,0.132,,,,0,IL,10.4929949583363,1990,1,1,0,0,0
17105,644,IL,Livingston County,39301,39734,0.41067,0.126,,,,0,IL,10.589962523328,1990,1,1,0,0,0
17107,645,IL,Logan County,30798,31199,0.39436,0.142,,,,0,IL,10.3481413220019,1990,0,0,0,0,0
17109,646,IL,McDonough County,35244,32906,0.32484,0.269,,,,0,IL,10.4014102909466,1990,0,0,0,0,0
17111,647,IL,McHenry County,183241,259524,0.64638,0.277,IL,2000,0,0,IL,12.4666044628607,1990,4,3,0,0,1.38629436111989
17113,648,IL,McLean County,129180,150384,0.46634,0.362,IL,2000,1,1,IL,11.9209473018601,1990,8,5,2,0,2.07944154167984
17115,649,IL,Macon County,117206,114690,0.37834,0.169,,,,0,IL,11.6499881153586,1990,5,4,0,0,1.6094379124341
17117,650,IL,Macoupin County,47679,49008,0.36143,0.118,,,,0,IL,10.7997388290726,1990,0,0,0,0,0
17119,651,IL,Madison County,249238,259019,0.41356,0.192,,,,0,IL,12.4646566970644,1990,8,8,0,0,2.07944154167984
17121,652,IL,Marion County,41561,41678,0.35006,0.121,,,,0,IL,10.637728690631,1990,1,1,0,0,0
17123,653,IL,Marshall County,12846,13159,0.41793,0.145,,,,0,IL,9.48486121415014,,,,,,0
17125,654,IL,Mason County,16269,16034,0.35731,0.112,,,,0,IL,9.6824667466029,,,,,,0
17127,655,IL,Massac County,14752,15163,0.31509,0.107,,,,0,IL,9.62661352880094,1990,0,0,0,0,0
17129,656,IL,Menard County,11164,12483,0.46522,0.205,,,,0,IL,9.43212299765105,,,,,,0
17131,657,IL,Mercer County,17290,16940,0.40964,0.126,,,,0,IL,9.73743296820605,,,,,,0
17133,658,IL,Monroe County,22422,27625,0.55409,0.204,,,,0,IL,10.2264764388201,,,,,,0
17135,659,IL,Montgomery County,30728,30646,0.33312,0.112,,,,0,IL,10.3302574271381,1990,1,1,0,0,0
17137,660,IL,Morgan County,36397,36627,0.36766,0.199,,,,0,IL,10.508540952337,1990,2,1,0,0,0.693147180559945
17139,661,IL,Moultrie County,13930,14288,0.40314,0.147,,,,0,IL,9.56717530311628,1990,0,0,0,0,0
17141,662,IL,Ogle County,45957,51001,0.45323,0.17,,,,0,IL,10.8396005193574,1990,1,1,0,0,0
17143,663,IL,Peoria County,182827,183466,0.39985,0.233,IL,2000,1,1,IL,12.1197846432056,1990,14,11,2,0,2.63905732961526
17145,664,IL,Perry County,21412,23091,0.32742,0.101,,,,0,IL,10.0471982102024,1990,0,0,0,0,0
17147,665,IL,Piatt County,15548,16385,0.45521,0.21,,,,0,IL,9.70412156113292,1990,0,0,0,0,0
17149,666,IL,Pike County,17577,17362,0.30833,0.099,,,,0,IL,9.76203918895175,1990,0,0,0,0,0
17151,667,IL,Pope County,4373,4397,0.29365,0.105,,,,0,IL,8.38867776918081,1990,0,0,0,0,0
17153,668,IL,Pulaski County,7523,7333,0.25326,0.071,,,,0,IL,8.9001399880938,,,,,,0
17155,669,IL,Putnam County,5730,6077,0.45037,0.121,,,,0,IL,8.71226643213536,,,,,,0
17157,670,IL,Randolph County,34583,33897,0.36758,0.086,,,,0,IL,10.4310817938774,1990,1,1,0,0,0
17159,671,IL,Richland County,16545,16291,0.30958,0.152,,,,0,IL,9.69836808706617,1990,1,1,0,0,0
17161,672,IL,Rock Island County,148723,149390,0.386,0.171,,,,0,IL,11.9143156150364,1990,3,2,0,0,1.09861228866811
17163,673,IL,St. Clair County,262852,256043,0.39017,0.193,IL,2000,0,0,IL,12.4531006781065,1990,10,9,0,0,2.30258509299405
17165,674,IL,Saline County,26551,26752,0.28568,0.121,,,,0,IL,10.1943645158844,1990,0,0,0,0,0
17167,675,IL,Sangamon County,178386,188974,0.42736,0.286,IL,2000,1,1,IL,12.1493647184411,1990,12,8,0,0,2.484906649788
17169,676,IL,Schuyler County,7498,7181,0.34783,0.117,,,,0,IL,8.87919392811032,1990,0,0,0,0,0
17171,677,IL,Scott County,5644,5539,0.36595,0.121,,,,0,IL,8.6195692580331,,,,,,0
17173,678,IL,Shelby County,22261,22884,0.37317,0.115,,,,0,IL,10.0381932553884,,,,,,0
17175,679,IL,Stark County,6534,6330,0.35757,0.134,,,,0,IL,8.75305551513822,,,,,,0
17177,680,IL,Stephenson County,48052,48995,0.40419,0.156,,,,0,IL,10.7994735310699,1990,2,2,0,0,0.693147180559945
17179,681,IL,Tazewell County,123692,128465,0.45401,0.181,,,,0,IL,11.7634117726761,1990,8,8,0,0,2.07944154167984
17181,682,IL,Union County,17619,18311,0.3098,0.158,,,,0,IL,9.81525725114171,1990,1,1,0,0,0
17183,683,IL,Vermilion County,88257,83929,0.342,0.125,,,,0,IL,11.3377264823151,1990,3,3,0,0,1.09861228866811
17185,684,IL,Wabash County,13111,12932,0.34293,0.125,,,,0,IL,9.46746013884532,1990,1,1,0,0,0
17187,685,IL,Warren County,19181,18736,0.36087,0.158,,,,0,IL,9.8382020858375,1990,0,0,0,0,0
17189,686,IL,Washington County,14965,15150,0.40882,0.134,,,,0,IL,9.62575581093752,,,,,,0
17191,687,IL,Wayne County,17241,17149,0.30409,0.1,,,,0,IL,9.74969514185615,,,,,,0
17193,688,IL,White County,16522,15381,0.29878,0.104,,,,0,IL,9.64088826045181,1990,0,0,0,0,0
17195,689,IL,Whiteside County,60186,60662,0.40177,0.113,,,,0,IL,11.0130727513552,1990,1,1,0,0,0
17197,690,IL,Will County,357313,502211,0.62033,0.255,IL,2000,1,1,IL,13.1267756290898,1990,6,5,0,0,1.79175946922806
17199,691,IL,Williamson County,57733,61300,0.3189,0.172,,,,0,IL,11.0235351219243,1990,6,6,0,0,1.79175946922806
17201,692,IL,Winnebago County,252913,278441,0.43832,0.194,IL,2000,1,1,IL,12.5369614667142,1990,10,4,1,0,2.30258509299405
17203,693,IL,Woodford County,32653,35491,0.5104,0.211,,,,0,IL,10.4770344221948,1990,0,0,0,0,0
18001,694,IN,Adams County,31095,33605,0.4079,0.107,,,,0,IN,10.4224301444041,1990,1,1,0,0,0
18003,695,IN,Allen County,300836,331859,0.42519,0.227,IN,2000,0,0,IN,12.7124654588934,1990,18,11,1,0,2.89037175789616
18005,696,IN,Bartholomew County,63657,71467,0.43696,0.22,,,,0,IN,11.1769910836789,1990,5,4,0,0,1.6094379124341
18007,697,IN,Benton County,9441,9427,0.39513,0.13,,,,0,IN,9.15133319139615,,,,,,0
18009,698,IN,Blackford County,14067,14042,0.35,0.103,,,,0,IN,9.54980811757719,1990,0,0,0,0,0
18011,699,IN,Boone County,38147,46145,0.49686,0.276,,,,0,IN,10.7395438916997,1990,1,1,0,0,0
18013,700,IN,Brown County,14080,14953,0.43693,0.185,,,,0,IN,9.61266722758384,1990,1,1,0,0,0
18015,701,IN,Carroll County,18809,20168,0.42192,0.129,,,,0,IN,9.91185246886775,,,,,,0
18017,702,IN,Cass County,38413,40924,0.38897,0.12,,,,0,IN,10.6194719669988,1990,2,2,0,0,0.693147180559945
18019,703,IN,Clark County,87774,96446,0.39814,0.143,,,,0,IN,11.4767385452085,1990,4,4,0,0,1.38629436111989
18021,704,IN,Clay County,24705,26567,0.36175,0.128,,,,0,IN,10.1874251230829,1990,0,0,0,0,0
18023,705,IN,Clinton County,30974,33879,0.40388,0.101,,,,0,IN,10.4305506323918,1990,1,1,0,0,0
18025,706,IN,Crawford County,9914,10743,0.32341,0.084,,,,0,IN,9.28200965866654,,,,,,0
18027,707,IN,Daviess County,27533,29815,0.33653,0.097,,,,0,IN,10.3027669015572,1990,1,1,0,0,0
18029,708,IN,Dearborn County,38835,46163,0.47749,0.154,,,,0,IN,10.7399338904046,1990,1,1,0,0,0
18031,709,IN,Decatur County,23645,24559,0.40311,0.115,,,,0,IN,10.1088336648198,1990,0,0,0,0,0
18033,710,IN,DeKalb County,35324,40303,0.44963,0.124,,,,0,IN,10.6041811868515,1990,2,2,0,0,0.693147180559945
18035,711,IN,Delaware County,119659,118769,0.3442,0.204,,,,0,IN,11.6849357090983,1990,6,4,1,0,1.79175946922806
18037,712,IN,Dubois County,36616,39868,0.43861,0.145,,,,0,IN,10.5933292760873,1990,0,0,0,0,0
18039,713,IN,Elkhart County,156198,182793,0.44479,0.155,,,,0,IN,12.1161096440524,1990,7,5,0,0,1.94591014905531
18041,714,IN,Fayette County,26015,25591,0.38555,0.078,,,,0,IN,10.1499960061551,1990,1,1,0,0,0
18043,715,IN,Floyd County,64404,70815,0.43838,0.204,,,,0,IN,11.1678261216485,1990,1,1,0,0,0
18045,716,IN,Fountain County,17808,17962,0.37949,0.101,,,,0,IN,9.7960136942309,,,,,,0
18047,717,IN,Franklin County,19580,22187,0.43877,0.125,,,,0,IN,10.0072618107526,1990,0,0,0,0,0
18049,718,IN,Fulton County,18840,20502,0.38961,0.103,,,,0,IN,9.92827772134335,1990,1,1,0,0,0
18051,719,IN,Gibson County,31913,32473,0.37168,0.124,,,,0,IN,10.3881642538071,1990,1,1,0,0,0
18053,720,IN,Grant County,74169,73410,0.36119,0.141,,,,0,IN,11.2038154451048,1990,3,2,0,0,1.09861228866811
18055,721,IN,Greene County,30410,33152,0.33845,0.105,,,,0,IN,10.4088583256192,1990,1,1,0,0,0
18057,722,IN,Hamilton County,108936,182763,0.70613,0.489,IN,2000,1,1,IN,12.1159455105129,1990,7,5,0,0,1.94591014905531
18059,723,IN,Hancock County,45527,55439,0.55847,0.222,,,,0,IN,10.9230385961831,1990,1,1,0,0,0
18061,724,IN,Harrison County,29890,34354,0.43583,0.131,,,,0,IN,10.444473739197,1990,1,1,0,0,0
18063,725,IN,Hendricks County,75717,104051,0.5545,0.231,IN,2000,0,0,IN,11.5526364425397,1990,0,0,0,0,0
18065,726,IN,Henry County,48139,48511,0.38233,0.117,,,,0,IN,10.7895458553331,1990,1,1,0,0,0
18067,727,IN,Howard County,80827,84961,0.43117,0.181,,,,0,IN,11.3499476066513,1990,4,3,0,0,1.38629436111989
18069,728,IN,Huntington County,35427,38078,0.41633,0.142,,,,0,IN,10.5473919665176,1990,1,1,0,0,0
18071,729,IN,Jackson County,37730,41397,0.39055,0.115,,,,0,IN,10.6309636934197,1990,2,2,0,0,0.693147180559945
18073,730,IN,Jasper County,24823,30192,0.43433,0.13,,,,0,IN,10.3153322676083,,,,,,0
18075,731,IN,Jay County,21512,21815,0.35381,0.099,,,,0,IN,9.99035308555771,,,,,,0
18077,732,IN,Jefferson County,29797,31712,0.37595,0.164,,,,0,IN,10.3644504371297,1990,3,2,0,0,1.09861228866811
18079,733,IN,Jennings County,23661,27561,0.38768,0.084,,,,0,IN,10.2241570089396,,,,,,0
18081,734,IN,Johnson County,88109,115181,0.52832,0.231,,,,0,IN,11.6542600830858,1990,4,3,0,0,1.38629436111989
18083,735,IN,Knox County,39884,39263,0.31299,0.144,,,,0,IN,10.5780378785637,1990,3,3,0,0,1.09861228866811
18085,736,IN,Kosciusko County,65294,74053,0.44084,0.149,,,,0,IN,11.2125363320421,1990,3,2,0,0,1.09861228866811
18087,737,IN,LaGrange County,29477,34789,0.42699,0.089,,,,0,IN,10.457056523841,1990,2,2,0,0,0.693147180559945
18089,738,IN,Lake County,475594,484582,0.41557,0.162,IN,2000,1,1,IN,13.0910419426384,1990,19,17,1,0,2.94443897916644
18091,739,IN,LaPorte County,107066,110099,0.41273,0.14,,,,0,IN,11.6091352400174,1990,9,7,0,0,2.19722457733622
18093,740,IN,Lawrence County,42836,45912,0.36496,0.107,,,,0,IN,10.7344817997882,1990,4,4,0,0,1.38629436111989
18095,741,IN,Madison County,130669,133322,0.38523,0.144,,,,0,IN,11.8005225338093,1990,3,3,0,0,1.09861228866811
18097,742,IN,Marion County,797159,860440,0.40248,0.254,IN,2000,1,1,IN,13.6651991652997,1990,37,25,4,0,3.61091791264422
18099,743,IN,Marshall County,42182,45126,0.42329,0.149,,,,0,IN,10.7172138560545,1990,3,3,0,0,1.09861228866811
18101,744,IN,Martin County,10369,10367,0.35532,0.088,,,,0,IN,9.24638296332311,1990,0,0,0,0,0
18103,745,IN,Miami County,36897,36085,0.39046,0.104,,,,0,IN,10.4936325455064,1990,1,1,0,0,0
18105,746,IN,Monroe County,108978,120561,0.33137,0.396,IN,2000,1,1,IN,11.6999111278911,1990,14,11,2,0,2.63905732961526
18107,747,IN,Montgomery County,34436,37629,0.41309,0.147,,,,0,IN,10.5355303086928,1990,2,2,0,0,0.693147180559945
18109,748,IN,Morgan County,55920,66705,0.48102,0.126,,,,0,IN,11.1080351916129,1990,1,1,0,0,0
18111,749,IN,Newton County,13551,14538,0.408,0.096,,,,0,IN,9.58452119004458,,,,,,0
18113,750,IN,Noble County,37877,46468,0.42824,0.111,,,,0,IN,10.7465191826334,1990,1,1,0,0,0
18115,751,IN,Ohio County,5315,5568,0.41794,0.116,,,,0,IN,8.62479120201426,,,,,,0
18117,752,IN,Orange County,18409,19301,0.31375,0.102,,,,0,IN,9.86791218702221,1990,1,1,0,0,0
18119,753,IN,Owen County,17281,21781,0.36438,0.092,,,,0,IN,9.98879330911523,1990,0,0,0,0,0
18121,754,IN,Parke County,15410,17194,0.35469,0.116,,,,0,IN,9.75231576473439,1990,1,1,0,0,0
18123,755,IN,Perry County,19107,18887,0.35852,0.096,,,,0,IN,9.84622913369585,1990,0,0,0,0,0
18125,756,IN,Pike County,12509,12835,0.34382,0.084,,,,0,IN,9.45993109330524,1990,0,0,0,0,0
18127,757,IN,Porter County,128932,146806,0.52873,0.226,IN,2000,0,0,IN,11.8968672662619,1990,6,5,1,0,1.79175946922806
18129,758,IN,Posey County,25968,27078,0.44278,0.148,,,,0,IN,10.2064768690551,1990,0,0,0,0,0
18131,759,IN,Pulaski County,12780,13626,0.356,0.103,,,,0,IN,9.51973501133361,,,,,,0
18133,760,IN,Putnam County,30315,36060,0.388,0.131,,,,0,IN,10.4929394967573,1990,4,3,0,0,1.38629436111989
18135,761,IN,Randolph County,27148,27411,0.34446,0.099,,,,0,IN,10.2186996716667,1990,0,0,0,0,0
18137,762,IN,Ripley County,24616,26508,0.413,0.115,,,,0,IN,10.1852018532081,1990,0,0,0,0,0
18139,763,IN,Rush County,18129,18258,0.38839,0.103,,,,0,IN,9.81235861912503,1990,0,0,0,0,0
18141,764,IN,St. Joseph County,247052,265567,0.40131,0.236,IN,2000,1,1,IN,12.4896224418772,1990,12,8,1,0,2.484906649788
18143,765,IN,Scott County,20991,22976,0.34898,0.088,,,,0,IN,10.0422054718479,1990,0,0,0,0,0
18145,766,IN,Shelby County,40307,43380,0.43698,0.127,,,,0,IN,10.6777537843809,1990,0,0,0,0,0
18147,767,IN,Spencer County,19490,20385,0.42364,0.13,,,,0,IN,9.92255461525335,1990,1,1,0,0,0
18149,768,IN,Starke County,22747,23567,0.37192,0.084,,,,0,IN,10.0676027073881,,,,,,0
18151,769,IN,Steuben County,27446,33233,0.44128,0.155,,,,0,IN,10.4112986371412,1990,0,0,0,0,0
18153,770,IN,Sullivan County,18993,21736,0.33372,0.094,,,,0,IN,9.98672515110618,1990,0,0,0,0,0
18155,771,IN,Switzerland County,7738,9082,0.36875,0.076,,,,0,IN,9.1140497116579,,,,,,0
18157,772,IN,Tippecanoe County,130598,148954,0.38483,0.332,IN,2000,1,1,IN,11.9113928124301,1990,10,4,4,0,2.30258509299405
18159,773,IN,Tipton County,16119,16601,0.48811,0.124,,,,0,IN,9.71721821349408,1990,0,0,0,0,0
18161,774,IN,Union County,6976,7341,0.36953,0.111,,,,0,IN,8.90123035211078,1990,0,0,0,0,0
18163,775,IN,Vanderburgh County,165058,171941,0.36665,0.193,IN,2000,1,1,IN,12.0549066736938,1990,13,12,0,0,2.56494935746154
18165,776,IN,Vermillion County,16773,16790,0.34163,0.112,,,,0,IN,9.72853875007159,1990,0,0,0,0,0
18167,777,IN,Vigo County,106107,105859,0.33021,0.214,,,,0,IN,11.5698632989287,1990,7,4,1,0,1.94591014905531
18169,778,IN,Wabash County,35069,34968,0.40172,0.137,,,,0,IN,10.4621886365432,1990,1,1,0,0,0
18171,779,IN,Warren County,8176,8415,0.40972,0.14,,,,0,IN,9.03777110662491,,,,,,0
18173,780,IN,Warrick County,44920,52380,0.49068,0.218,,,,0,IN,10.8662801180617,1990,0,0,0,0,0
18175,781,IN,Washington County,23717,27204,0.36521,0.102,,,,0,IN,10.2111193002955,1990,1,1,0,0,0
18177,782,IN,Wayne County,71951,71087,0.34574,0.137,,,,0,IN,11.171659758005,1990,6,6,0,0,1.79175946922806
18179,783,IN,Wells County,25948,27626,0.43711,0.143,,,,0,IN,10.2265126372599,1990,1,1,0,0,0
18181,784,IN,White County,23265,25264,0.40432,0.105,,,,0,IN,10.1371357364954,1990,1,1,0,0,0
18183,785,IN,Whitley County,27651,30617,0.46163,0.133,,,,0,IN,10.3293106892322,1990,0,0,0,0,0
19001,786,IA,Adair County,8409,8252,0.35111,0.112,,,,0,IA,9.01821087419114,,,,,,0
19003,787,IA,Adams County,4866,4479,0.30161,0.12,,,,0,IA,8.4071550862073,,,,,,0
19005,788,IA,Allamakee County,13855,14687,0.33803,0.144,,,,0,IA,9.59471802775386,1990,0,0,0,0,0
19007,789,IA,Appanoose County,13743,13715,0.28407,0.122,,,,0,IA,9.5262454033717,1990,1,1,0,0,0
19009,790,IA,Audubon County,7334,6826,0.32347,0.123,,,,0,IA,8.82849412946665,,,,,,0
19011,791,IA,Benton County,22429,25312,0.42307,0.139,,,,0,IA,10.1390338705674,,,,,,0
19013,792,IA,Black Hawk County,123798,127990,0.37069,0.23,IA,2000,0,0,IA,11.7597074148498,1990,8,6,1,0,2.07944154167984
19015,793,IA,Boone County,25186,26206,0.40754,0.188,,,,0,IA,10.1737436711645,1990,0,0,0,0,0
19017,794,IA,Bremer County,22813,23361,0.4069,0.215,,,,0,IA,10.0588232442451,1990,0,0,0,0,0
19019,795,IA,Buchanan County,20844,21092,0.37542,0.127,,,,0,IA,9.95664910065036,,,,,,0
19021,796,IA,Buena Vista County,19965,20415,0.35586,0.187,,,,0,IA,9.92402520375368,1990,1,1,0,0,0
19023,797,IA,Butler County,15731,15307,0.36066,0.124,,,,0,IA,9.63606551909171,1990,1,1,0,0,0
19025,798,IA,Calhoun County,11508,11114,0.32553,0.154,,,,0,IA,9.31596085383987,,,,,,0
19027,799,IA,Carroll County,21423,21433,0.37624,0.16,,,,0,IA,9.97268706933713,1990,0,0,0,0,0
19029,800,IA,Cass County,15128,14689,0.32523,0.166,,,,0,IA,9.59485419333141,1990,1,1,0,0,0
19031,801,IA,Cedar County,17444,18181,0.42516,0.163,,,,0,IA,9.80813237171927,1990,0,0,0,0,0
19033,802,IA,Cerro Gordo County,46733,46454,0.35852,0.203,,,,0,IA,10.7462178546356,1990,6,6,0,0,1.79175946922806
19035,803,IA,Cherokee County,14098,13032,0.3523,0.152,,,,0,IA,9.47516315028188,1990,0,0,0,0,0
19037,804,IA,Chickasaw County,13295,13095,0.37702,0.122,,,,0,IA,9.47998575694181,,,,,,0
19039,805,IA,Clarke County,8287,9131,0.33761,0.121,,,,0,IA,9.11943049661634,,,,,,0
19041,806,IA,Clay County,17585,17369,0.35589,0.163,,,,0,IA,9.76244228705401,1990,2,1,0,0,0.693147180559945
19043,807,IA,Clayton County,19054,18667,0.33897,0.128,,,,0,IA,9.8345125380326,1990,0,0,0,0,0
19045,808,IA,Clinton County,51040,50159,0.3739,0.144,,,,0,IA,10.8229532389039,1990,0,0,0,0,0
19047,809,IA,Crawford County,16775,16945,0.33954,0.124,,,,0,IA,9.73772808404115,1990,0,0,0,0,0
19049,810,IA,Dallas County,29755,41109,0.48287,0.268,IA,2000,1,1,IA,10.6239823546143,1990,0,0,0,0,0
19051,811,IA,Davis County,8312,8541,0.33047,0.114,,,,0,IA,9.05263337594615,1990,0,0,0,0,0
19053,812,IA,Decatur County,8338,8689,0.27068,0.151,,,,0,IA,9.06981313683921,1990,0,0,0,0,0
19055,813,IA,Delaware County,18035,18422,0.37435,0.13,,,,0,IA,9.82130088154818,,,,,,0
19057,814,IA,Des Moines County,42614,42359,0.36463,0.16,,,,0,IA,10.6539361922601,1990,2,2,0,0,0.693147180559945
19059,815,IA,Dickinson County,14909,16429,0.39247,0.213,,,,0,IA,9.70680334490634,1990,1,1,0,0,0
19061,816,IA,Dubuque County,86403,89133,0.39611,0.213,,,,0,IA,11.3978849152591,1990,6,5,0,0,1.79175946922806
19063,817,IA,Emmet County,11569,11022,0.33716,0.13,,,,0,IA,9.30764855444318,1990,0,0,0,0,0
19065,818,IA,Fayette County,21843,22020,0.32341,0.138,,,,0,IA,9.99970641027667,1990,0,0,0,0,0
19067,819,IA,Floyd County,17058,16898,0.3537,0.148,,,,0,IA,9.73495055071279,1990,0,0,0,0,0
19069,820,IA,Franklin County,11364,10700,0.36004,0.145,,,,0,IA,9.27799902045,1990,1,1,0,0,0
19071,821,IA,Fremont County,8226,8008,0.37294,0.14,,,,0,IA,8.98819632099506,1990,0,0,0,0,0
19073,822,IA,Greene County,10045,10372,0.33785,0.146,,,,0,IA,9.24686514665856,1990,0,0,0,0,0
19075,823,IA,Grundy County,12029,12370,0.39329,0.172,,,,0,IA,9.42302946538653,,,,,,0
19077,824,IA,Guthrie County,10935,11348,0.3597,0.149,,,,0,IA,9.33679679592874,1990,0,0,0,0,0
19079,825,IA,Hamilton County,16071,16435,0.37719,0.175,,,,0,IA,9.70716848609832,1990,1,1,0,0,0
19081,826,IA,Hancock County,12638,12107,0.38218,0.154,,,,0,IA,9.40153907670774,,,,,,0
19083,827,IA,Hardin County,19094,18806,0.35502,0.171,,,,0,IA,9.84193124683702,1990,0,0,0,0,0
19085,828,IA,Harrison County,14730,15674,0.38099,0.127,,,,0,IA,9.65975856761281,1990,1,1,0,0,0
19087,829,IA,Henry County,19226,20353,0.39372,0.162,,,,0,IA,9.92098360015288,1990,1,1,0,0,0
19089,830,IA,Howard County,9809,9951,0.34297,0.126,,,,0,IA,9.20542832761516,,,,,,0
19091,831,IA,Humboldt County,10756,10384,0.37728,0.154,,,,0,IA,9.24802143894387,,,,,,0
19093,832,IA,Ida County,8365,7839,0.34685,0.136,,,,0,IA,8.96686655418872,,,,,,0
19095,833,IA,Iowa County,14630,15680,0.40984,0.158,,,,0,IA,9.6601412939044,1990,0,0,0,0,0
19097,834,IA,Jackson County,19950,20295,0.34672,0.121,,,,0,IA,9.918129829273,1990,0,0,0,0,0
19099,835,IA,Jasper County,34795,37229,0.41857,0.159,,,,0,IA,10.5248433064469,1990,1,1,0,0,0
19101,836,IA,Jefferson County,16310,16180,0.3316,0.312,,,,0,IA,9.69153119061248,1990,4,3,0,0,1.38629436111989
19103,837,IA,Johnson County,96119,110983,0.39825,0.476,IA,2000,1,1,IA,11.6171323154122,1990,9,6,2,0,2.19722457733622
19105,838,IA,Jones County,19444,20227,0.37646,0.127,,,,0,IA,9.9147736245531,,,,,,0
19107,839,IA,Keokuk County,11624,11405,0.33739,0.116,,,,0,IA,9.34180713471849,1990,0,0,0,0,0
19109,840,IA,Kossuth County,18591,17159,0.34762,0.136,,,,0,IA,9.75027809628562,1990,0,0,0,0,0
19111,841,IA,Lee County,38687,38062,0.36216,0.125,,,,0,IA,10.546971688077,1990,3,3,0,0,1.09861228866811
19113,842,IA,Linn County,168767,191728,0.45939,0.277,IA,2000,1,1,IA,12.1638329799223,1990,10,7,0,0,2.30258509299405
19115,843,IA,Louisa County,11592,12188,0.38829,0.127,,,,0,IA,9.4082071401056,,,,,,0
19117,844,IA,Lucas County,9070,9412,0.30845,0.111,,,,0,IA,9.14974074984725,,,,,,0
19119,845,IA,Lyon County,11952,11763,0.37103,0.142,,,,0,IA,9.37271429096044,,,,,,0
19121,846,IA,Madison County,12483,14012,0.41827,0.144,,,,0,IA,9.54766938431738,1990,0,0,0,0,0
19123,847,IA,Mahaska County,21532,22319,0.37488,0.165,,,,0,IA,10.0131936126242,1990,1,1,0,0,0
19125,848,IA,Marion County,30001,32048,0.42252,0.189,,,,0,IA,10.3749900579056,1990,2,2,0,0,0.693147180559945
19127,849,IA,Marshall County,38276,39332,0.38215,0.17,,,,0,IA,10.5797937159,1990,3,3,0,0,1.09861228866811
19129,850,IA,Mills County,13202,14543,0.42844,0.163,,,,0,IA,9.58486505717771,1990,0,0,0,0,0
19131,851,IA,Mitchell County,10928,10877,0.35085,0.128,,,,0,IA,9.29440574709385,1990,0,0,0,0,0
19133,852,IA,Monona County,10034,10020,0.33225,0.134,,,,0,IA,9.21233837463886,1990,0,0,0,0,0
19135,853,IA,Monroe County,8114,8012,0.34718,0.126,,,,0,IA,8.98869569678571,1990,0,0,0,0,0
19137,854,IA,Montgomery County,12076,11775,0.32725,0.129,,,,0,IA,9.37373391888462,,,,,,0
19139,855,IA,Muscatine County,39907,41723,0.41932,0.172,,,,0,IA,10.6388078144873,1990,2,2,0,0,0.693147180559945
19141,856,IA,O'Brien County,15444,15096,0.36056,0.147,,,,0,IA,9.62218508704839,1990,0,0,0,0,0
19143,857,IA,Osceola County,7267,7003,0.34442,0.134,,,,0,IA,8.85409390765552,,,,,,0
19145,858,IA,Page County,16870,16982,0.35491,0.166,,,,0,IA,9.73990923855931,1990,1,1,0,0,0
19147,859,IA,Palo Alto County,10669,10143,0.3192,0.139,,,,0,IA,9.22453909137599,,,,,,0
19149,860,IA,Plymouth County,23388,24859,0.41508,0.193,,,,0,IA,10.1209751389942,1990,0,0,0,0,0
19151,861,IA,Pocahontas County,9525,8664,0.33137,0.15,,,,0,IA,9.06693178868083,,,,,,0
19153,862,IA,Polk County,327140,374258,0.4583,0.297,IA,2000,1,1,IA,12.8327006781389,1990,18,12,1,0,2.89037175789616
19155,863,IA,Pottawattamie County,82628,87825,0.40106,0.15,IA,2000,0,0,IA,11.383101477134,1990,8,8,0,0,2.07944154167984
19157,864,IA,Poweshiek County,19033,18829,0.3795,0.185,,,,0,IA,9.84315351349643,1990,1,1,0,0,0
19159,865,IA,Ringgold County,5420,5469,0.29297,0.134,,,,0,IA,8.60685106334677,,,,,,0
19161,866,IA,Sac County,12324,11531,0.32804,0.136,,,,0,IA,9.35279433977112,,,,,,0
19163,867,IA,Scott County,150973,158705,0.4265,0.249,IA,2000,0,0,IA,11.9748024120043,1990,8,7,0,0,2.07944154167984
19165,868,IA,Shelby County,13230,13064,0.3745,0.153,,,,0,IA,9.4776156346503,,,,,,0
19167,869,IA,Sioux County,29903,31596,0.4046,0.198,,,,0,IA,10.3607858092843,1990,0,0,0,0,0
19169,870,IA,Story County,74252,79988,0.40542,0.445,,,,0,IA,11.2896319024049,1990,3,2,1,0,1.09861228866811
19171,871,IA,Tama County,17419,18099,0.37242,0.129,,,,0,IA,9.80361196710887,,,,,,0
19173,872,IA,Taylor County,7114,6958,0.31316,0.12,,,,0,IA,8.84764735571189,,,,,,0
19175,873,IA,Union County,12750,12312,0.321,0.147,,,,0,IA,9.41832967551871,,,,,,0
19177,874,IA,Van Buren County,7676,7800,0.31062,0.118,,,,0,IA,8.96187901267768,1990,0,0,0,0,0
19179,875,IA,Wapello County,35696,36067,0.3223,0.146,,,,0,IA,10.4931335988279,1990,2,2,0,0,0.693147180559945
19181,876,IA,Warren County,36033,40672,0.50074,0.212,,,,0,IA,10.6132951739892,1990,0,0,0,0,0
19183,877,IA,Washington County,19612,20679,0.39193,0.164,,,,0,IA,9.93687397155376,1990,0,0,0,0,0
19185,878,IA,Wayne County,7067,6732,0.29298,0.121,,,,0,IA,8.8146275553107,,,,,,0
19187,879,IA,Webster County,40342,40230,0.35548,0.169,,,,0,IA,10.6023682649438,1990,2,2,0,0,0.693147180559945
19189,880,IA,Winnebago County,12122,11717,0.38198,0.165,,,,0,IA,9.36879605766816,1990,0,0,0,0,0
19191,881,IA,Winneshiek County,20847,21291,0.38249,0.205,,,,0,IA,9.96603972719309,1990,2,2,0,0,0.693147180559945
19193,882,IA,Woodbury County,98276,103876,0.38096,0.189,IA,2000,0,0,IA,11.5509531590669,1990,8,7,0,0,2.07944154167984
19195,883,IA,Worth County,7991,7904,0.36458,0.127,,,,0,IA,8.9751242394277,1990,0,0,0,0,0
19197,884,IA,Wright County,14269,14337,0.36223,0.135,,,,0,IA,9.57059888724627,,,,,,0
20001,885,KS,Allen County,14638,14394,0.31371,0.152,,,,0,KS,9.57456673206775,1990,0,0,0,0,0
20003,886,KS,Anderson County,7803,8108,0.32922,0.117,,,,0,KS,9.00060650757189,,,,,,0
20005,887,KS,Atchison County,16932,16787,0.34883,0.18,,,,0,KS,9.72836005632241,1990,1,1,0,0,0
20007,888,KS,Barber County,5874,5307,0.33474,0.21,,,,0,KS,8.57678198282789,,,,,,0
20009,889,KS,Barton County,29382,28200,0.31946,0.166,,,,0,KS,10.2470772569262,1990,2,2,0,0,0.693147180559945
20011,890,KS,Bourbon County,14966,15380,0.3152,0.178,,,,0,KS,9.64082324305964,1990,3,3,0,0,1.09861228866811
20013,891,KS,Brown County,11128,10728,0.31629,0.19,,,,0,KS,9.28061242496151,,,,,,0
20015,892,KS,Butler County,50580,59455,0.4494,0.204,,,,0,KS,10.9929750028717,1990,1,1,0,0,0
20017,893,KS,Chase County,3021,3030,0.32898,0.196,,,,0,KS,8.01631789850342,,,,,,0
20019,894,KS,Chautauqua County,4407,4359,0.28404,0.123,,,,0,KS,8.37999795223839,,,,,,0
20021,895,KS,Cherokee County,21374,22601,0.30656,0.113,,,,0,KS,10.0257494320691,1990,0,0,0,0,0
20023,896,KS,Cheyenne County,3243,3165,0.30747,0.16,,,,0,KS,8.05990833457828,,,,,,0
20025,897,KS,Clark County,2418,2395,0.33586,0.221,,,,0,KS,7.78113850984502,,,,,,0
20027,898,KS,Clay County,9158,8845,0.3429,0.165,,,,0,KS,9.08760760659389,1990,0,0,0,0,0
20029,899,KS,Cloud County,11023,10271,0.31814,0.18,,,,0,KS,9.23707966916581,1990,0,0,0,0,0
20031,900,KS,Coffey County,8404,8871,0.38226,0.201,,,,0,KS,9.09054280852059,,,,,,0
20033,901,KS,Comanche County,2313,1967,0.29313,0.151,,,,0,KS,7.58426481838906,,,,,,0
20035,902,KS,Cowley County,36915,36307,0.3365,0.183,,,,0,KS,10.4997658391278,1990,1,1,0,0,0
20037,903,KS,Crawford County,35582,38248,0.29534,0.239,,,,0,KS,10.5518465503059,1990,1,0,0,0,0
20039,904,KS,Decatur County,4021,3472,0.30035,0.154,,,,0,KS,8.15248607578024,,,,,,0
20041,905,KS,Dickinson County,18958,19327,0.35991,0.152,,,,0,KS,9.86925836098547,1990,1,1,0,0,0
20043,906,KS,Doniphan County,8134,8249,0.31924,0.148,,,,0,KS,9.01784725986073,1990,0,0,0,0,0
20045,907,KS,Douglas County,81798,99953,0.37584,0.427,,,,0,KS,11.5124553544856,1990,8,6,1,0,2.07944154167984
20047,908,KS,Edwards County,3787,3449,0.30871,0.163,,,,0,KS,8.14583961293684,,,,,,0
20049,909,KS,Elk County,3327,3261,0.27045,0.106,,,,0,KS,8.08978917578932,,,,,,0
20051,910,KS,Ellis County,26004,27506,0.32109,0.292,,,,0,KS,10.2221594416747,1990,2,2,0,0,0.693147180559945
20053,911,KS,Ellsworth County,6586,6524,0.35216,0.164,,,,0,KS,8.78324296374091,,,,,,0
20055,912,KS,Finney County,33070,40517,0.37819,0.143,,,,0,KS,10.6094769181094,1990,4,3,0,0,1.38629436111989
20057,913,KS,Ford County,27463,32452,0.37826,0.164,,,,0,KS,10.387517353515,1990,2,2,0,0,0.693147180559945
20059,914,KS,Franklin County,21994,24784,0.3922,0.165,,,,0,KS,10.1179535626567,1990,1,1,0,0,0
20061,915,KS,Geary County,30453,27849,0.31703,0.171,,,,0,KS,10.234552338068,1990,1,1,0,0,0
20063,916,KS,Gove County,3231,3074,0.34044,0.184,,,,0,KS,8.03073492409854,,,,,,0
20065,917,KS,Graham County,3543,2944,0.31018,0.174,,,,0,KS,7.98752447984877,,,,,,0
20067,918,KS,Grant County,7159,7905,0.40325,0.152,,,,0,KS,8.97525074964357,,,,,,0
20069,919,KS,Gray County,5396,5918,0.40304,0.163,,,,0,KS,8.68575383296015,,,,,,0
20071,920,KS,Greeley County,1774,1534,0.3631,0.174,,,,0,KS,7.3356339819272,,,,,,0
20073,921,KS,Greenwood County,7847,7663,0.30361,0.145,,,,0,KS,8.9441588309704,1990,0,0,0,0,0
20075,922,KS,Hamilton County,2388,2665,0.32586,0.174,,,,0,KS,7.88795933659995,,,,,,0
20077,923,KS,Harper County,7124,6537,0.29592,0.14,,,,0,KS,8.78523362361273,,,,,,0
20079,924,KS,Harvey County,31028,32885,0.40964,0.23,,,,0,KS,10.4007719057355,1990,0,0,0,0,0
20081,925,KS,Haskell County,3886,4307,0.38079,0.175,,,,0,KS,8.36799688505411,,,,,,0
20083,926,KS,Hodgeman County,2177,2081,0.35897,0.197,,,,0,KS,7.64060382639363,,,,,,0
20085,927,KS,Jackson County,11525,12650,0.40589,0.154,,,,0,KS,9.44541249415567,,,,,,0
20087,928,KS,Jefferson County,15905,18450,0.45516,0.179,,,,0,KS,9.82281964946867,,,,,,0
20089,929,KS,Jewell County,4251,3789,0.30527,0.138,,,,0,KS,8.2398574110186,,,,,,0
20091,930,KS,Johnson County,355021,451541,0.61249,0.477,KS,2000,1,1,KS,13.0204214561327,1990,30,20,1,0,3.40119738166216
20093,931,KS,Kearny County,4027,4525,0.40118,0.15,,,,0,KS,8.41737285613403,,,,,,0
20095,932,KS,Kingman County,8292,8675,0.36817,0.178,,,,0,KS,9.06820060481506,,,,,,0
20097,933,KS,Kiowa County,3660,3278,0.31813,0.189,,,,0,KS,8.09498875930377,,,,,,0
20099,934,KS,Labette County,23693,22821,0.31171,0.159,,,,0,KS,10.0354364436654,1990,0,0,0,0,0
20101,935,KS,Lane County,2375,2155,0.35139,0.185,,,,0,KS,7.67554600253785,,,,,,0
20103,936,KS,Leavenworth County,64371,68684,0.4766,0.231,,,,0,KS,11.1372715544337,1990,3,3,0,0,1.09861228866811
20105,937,KS,Lincoln County,3653,3578,0.3052,0.174,,,,0,KS,8.18255926406867,,,,,,0
20107,938,KS,Linn County,8254,9541,0.35491,0.127,,,,0,KS,9.16335358075185,,,,,,0
20109,939,KS,Logan County,3081,3051,0.32212,0.175,,,,0,KS,8.02322468471667,1990,0,0,0,0,0
20111,940,KS,Lyon County,34732,35934,0.32815,0.23,,,,0,KS,10.4894392014925,1990,2,1,0,0,0.693147180559945
20113,941,KS,McPherson County,27268,29560,0.41095,0.222,,,,0,KS,10.2941773750621,1990,3,3,0,0,1.09861228866811
20115,942,KS,Marion County,12888,13358,0.33801,0.179,,,,0,KS,9.49987073528558,1990,1,1,0,0,0
20117,943,KS,Marshall County,11705,10967,0.31947,0.132,,,,0,KS,9.30264604276021,1990,0,0,0,0,0
20119,944,KS,Meade County,4247,4628,0.3625,0.196,,,,0,KS,8.43988008831357,,,,,,0
20121,945,KS,Miami County,23466,28340,0.46779,0.194,,,,0,KS,10.2520295132447,1990,0,0,0,0,0
20123,946,KS,Mitchell County,7203,6929,0.325,0.169,,,,0,KS,8.84347078162738,,,,,,0
20125,947,KS,Montgomery County,38816,36267,0.30703,0.16,,,,0,KS,10.4986635158701,1990,0,0,0,0,0
20127,948,KS,Morris County,6198,6113,0.31924,0.16,,,,0,KS,8.71817293002873,1990,0,0,0,0,0
20129,949,KS,Morton County,3480,3494,0.37404,0.176,,,,0,KS,8.158802490694,,,,,,0
20131,950,KS,Nemaha County,10446,10716,0.34036,0.146,,,,0,KS,9.2794932306645,1990,0,0,0,0,0
20133,951,KS,Neosho County,17035,16996,0.31785,0.15,,,,0,KS,9.7407333012347,1990,0,0,0,0,0
20135,952,KS,Ness County,4033,3452,0.32625,0.179,,,,0,KS,8.14670905220332,,,,,,0
20137,953,KS,Norton County,5947,5950,0.31102,0.154,,,,0,KS,8.69114649853968,,,,,,0
20139,954,KS,Osage County,15248,16713,0.37869,0.143,,,,0,KS,9.72394213868892,,,,,,0
20141,955,KS,Osborne County,4867,4452,0.29069,0.155,,,,0,KS,8.40110871239544,,,,,,0
20143,956,KS,Ottawa County,5634,6164,0.37787,0.163,,,,0,KS,8.72648119644001,,,,,,0
20145,957,KS,Pawnee County,7555,7235,0.34983,0.218,,,,0,KS,8.88668563906558,1990,2,2,0,0,0.693147180559945
20147,958,KS,Phillips County,6590,5995,0.35269,0.161,,,,0,KS,8.69868106746161,1990,1,1,0,0,0
20149,959,KS,Pottawatomie County,16128,18208,0.40266,0.227,,,,0,KS,9.80961633692606,,,,,,0
20151,960,KS,Pratt County,9702,9649,0.35347,0.21,,,,0,KS,9.17460956202038,1990,1,1,0,0,0
20153,961,KS,Rawlins County,3404,2966,0.31906,0.159,,,,0,KS,7.99496952269788,,,,,,0
20155,962,KS,Reno County,62389,64793,0.35627,0.173,,,,0,KS,11.0789528518139,1990,4,2,0,0,1.38629436111989
20157,963,KS,Republic County,6482,5831,0.30404,0.149,,,,0,KS,8.67094379122216,,,,,,0
20159,964,KS,Rice County,10610,10760,0.3505,0.175,,,,0,KS,9.28359083371578,1990,1,1,0,0,0
20161,965,KS,Riley County,67139,62954,0.31781,0.405,,,,0,KS,11.0501595799478,1990,5,2,2,1,1.6094379124341
20163,966,KS,Rooks County,6039,5685,0.30143,0.154,,,,0,KS,8.64558640618464,,,,,,0
20165,967,KS,Rush County,3842,3549,0.31632,0.164,,,,0,KS,8.1744211526465,,,,,,0
20167,968,KS,Russell County,7835,7374,0.29695,0.167,,,,0,KS,8.90571557879409,,,,,,0
20169,969,KS,Saline County,49301,53599,0.37145,0.204,,,,0,KS,10.8892856901684,1990,6,2,2,0,1.79175946922806
20171,970,KS,Scott County,5289,5120,0.37986,0.23,,,,0,KS,8.54090971803355,1990,0,0,0,0,0
20173,971,KS,Sedgwick County,403662,452901,0.42298,0.254,KS,2000,2,1,KS,13.0234288375348,1990,12,8,0,0,2.484906649788
20175,972,KS,Seward County,18743,22517,0.37147,0.136,,,,0,KS,10.0220258584597,1990,1,1,0,0,0
20177,973,KS,Shawnee County,160976,169879,0.40774,0.26,KS,2000,1,1,KS,12.0428416979018,1990,9,9,0,0,2.19722457733622
20179,974,KS,Sheridan County,3043,2814,0.335,0.159,,,,0,KS,7.94236223767434,,,,,,0
20181,975,KS,Sherman County,6926,6757,0.32359,0.15,,,,0,KS,8.81833428355217,1990,1,1,0,0,0
20183,976,KS,Smith County,5078,4538,0.28276,0.167,,,,0,KS,8.42024166533979,1990,0,0,0,0,0
20185,977,KS,Stafford County,5365,4789,0.30841,0.184,,,,0,KS,8.47407690034261,1990,0,0,0,0,0
20187,978,KS,Stanton County,2333,2406,0.39565,0.169,,,,0,KS,7.78572089653462,,,,,,0
20189,979,KS,Stevens County,5048,5465,0.40047,0.175,,,,0,KS,8.60611940061064,,,,,,0
20191,980,KS,Sumner County,25841,25944,0.39514,0.157,,,,0,KS,10.1636956479872,1990,1,1,0,0,0
20193,981,KS,Thomas County,8258,8174,0.3729,0.25,,,,0,KS,9.00871366412422,1990,0,0,0,0,0
20195,982,KS,Trego County,3694,3311,0.30426,0.14,,,,0,KS,8.10500553754725,,,,,,0
20197,983,KS,Wabaunsee County,6603,6876,0.41377,0.173,,,,0,KS,8.83579236650274,1990,0,0,0,0,0
20199,984,KS,Wallace County,1821,1749,0.32593,0.172,,,,0,KS,7.4667994750186,,,,,,0
20201,985,KS,Washington County,7073,6458,0.2957,0.152,,,,0,KS,8.77307495131822,,,,,,0
20203,986,KS,Wichita County,2758,2531,0.34345,0.155,,,,0,KS,7.83636976054512,,,,,,0
20205,987,KS,Wilson County,10289,10341,0.29833,0.109,,,,0,KS,9.24387185518498,1990,0,0,0,0,0
20207,988,KS,Woodson County,4116,3788,0.25283,0.114,,,,0,KS,8.23959345430597,1990,0,0,0,0,0
20209,989,KS,Wyandotte County,162026,157924,0.33666,0.12,,,,0,KS,11.9698691836272,1990,4,4,0,0,1.38629436111989
21001,990,KY,Adair County,15360,17275,0.23708,0.109,,,,0,KY,9.75701564863587,,,,,,0
21003,991,KY,Allen County,14628,17792,0.3066,0.091,,,,0,KY,9.78650419705031,1990,0,0,0,0,0
21005,992,KY,Anderson County,14571,19093,0.44625,0.12,,,,0,KY,9.85707705471346,,,,,,0
21007,993,KY,Ballard County,7902,8293,0.3235,0.106,,,,0,KY,9.0231670644512,,,,,,0
21009,994,KY,Barren County,34001,38045,0.31234,0.111,,,,0,KY,10.5465249486106,1990,1,1,0,0,0
21011,995,KY,Bath County,9692,11099,0.26206,0.101,,,,0,KY,9.31461029315198,,,,,,0
21013,996,KY,Bell County,31506,30049,0.18896,0.09,,,,0,KY,10.3105846615394,1990,2,2,0,0,0.693147180559945
21015,997,KY,Boone County,57589,86051,0.53274,0.228,KY,2000,1,1,KY,11.3626954227227,1990,6,5,0,0,1.79175946922806
21017,998,KY,Bourbon County,19236,19360,0.3525,0.135,,,,0,KY,9.87096436083057,1990,0,0,0,0,0
21019,999,KY,Boyd County,51096,49721,0.32685,0.141,,,,0,KY,10.8141826580531,1990,2,2,0,0,0.693147180559945
21021,1000,KY,Boyle County,25590,27676,0.34811,0.193,,,,0,KY,10.2283208906187,1990,1,1,0,0,0
21023,1001,KY,Bracken County,7766,8276,0.33967,0.095,,,,0,KY,9.02111503886543,1990,0,0,0,0,0
21025,1002,KY,Breathitt County,15703,16089,0.18855,0.1,,,,0,KY,9.68589108765103,1990,0,0,0,0,0
21027,1003,KY,Breckinridge County,16312,18633,0.30183,0.074,,,,0,KY,9.83268948122741,1990,1,1,0,0,0
21029,1004,KY,Bullitt County,47567,61178,0.45093,0.092,,,,0,KY,11.0215429267488,1990,0,0,0,0,0
21031,1005,KY,Butler County,11245,12981,0.29633,0.064,,,,0,KY,9.47124202889299,1990,0,0,0,0,0
21033,1006,KY,Caldwell County,13232,13057,0.2871,0.1,,,,0,KY,9.47707966740804,,,,,,0
21035,1007,KY,Calloway County,30735,34182,0.29785,0.24,,,,0,KY,10.4394544687085,1990,3,3,0,0,1.09861228866811
21037,1008,KY,Campbell County,83866,88627,0.41746,0.205,KY,2000,0,0,KY,11.3921918305756,1990,1,1,0,0,0
21039,1009,KY,Carlisle County,5238,5349,0.30093,0.106,,,,0,KY,8.58466490653125,,,,,,0
21041,1010,KY,Carroll County,9292,10170,0.35417,0.083,,,,0,KY,9.22719748904261,1990,0,0,0,0,0
21043,1011,KY,Carter County,24340,26879,0.26438,0.089,,,,0,KY,10.1991005915641,1990,0,0,0,0,0
21045,1012,KY,Casey County,14211,15450,0.21456,0.074,,,,0,KY,9.64536428232589,,,,,,0
21047,1013,KY,Christian County,68941,72402,0.31113,0.125,,,,0,KY,11.1899892023017,1990,2,2,0,0,0.693147180559945
21049,1014,KY,Clark County,29496,33180,0.39247,0.156,,,,0,KY,10.4097025637444,1990,1,1,0,0,0
21051,1015,KY,Clay County,21746,24586,0.16386,0.08,,,,0,KY,10.1099324542273,,,,,,0
21053,1016,KY,Clinton County,9135,9622,0.19599,0.08,,,,0,KY,9.1718074222594,,,,,,0
21055,1017,KY,Crittenden County,9196,9384,0.28366,0.073,,,,0,KY,9.14676139033331,,,,,,0
21057,1018,KY,Cumberland County,6784,7150,0.2159,0.071,,,,0,KY,8.87486763568805,,,,,,0
21059,1019,KY,Daviess County,87189,91542,0.36803,0.17,,,,0,KY,11.4245531623413,1990,3,3,0,0,1.09861228866811
21061,1020,KY,Edmonson County,10357,11632,0.25102,0.049,,,,0,KY,9.3615151997733,1990,1,1,0,0,0
21063,1021,KY,Elliott County,6455,6747,0.20742,0.078,,,,0,KY,8.81685324062743,,,,,,0
21065,1022,KY,Estill County,14614,15315,0.23859,0.069,,,,0,KY,9.63658801926688,,,,,,0
21067,1023,KY,Fayette County,225366,260527,0.39568,0.356,KY,2000,1,1,KY,12.4704617816376,1990,21,18,3,0,3.04452243772342
21069,1024,KY,Fleming County,12292,13787,0.28154,0.088,,,,0,KY,9.53148139817163,1990,0,0,0,0,0
21071,1025,KY,Floyd County,43586,42451,0.21074,0.097,,,,0,KY,10.6561057485881,1990,2,2,0,0,0.693147180559945
21073,1026,KY,Franklin County,44143,47703,0.39664,0.238,,,,0,KY,10.7727495679805,1990,3,3,0,0,1.09861228866811
21075,1027,KY,Fulton County,8271,7755,0.24002,0.115,,,,0,KY,8.95609307561064,,,,,,0
21077,1028,KY,Gallatin County,5393,7845,0.36429,0.069,,,,0,KY,8.96763166516713,,,,,,0
21079,1029,KY,Garrard County,11579,14783,0.33787,0.105,,,,0,KY,9.60123315090109,,,,,,0
21081,1030,KY,Grant County,15737,22350,0.39232,0.094,,,,0,KY,10.0145816000417,1990,0,0,0,0,0
21083,1031,KY,Graves County,33550,37024,0.30763,0.126,,,,0,KY,10.5193216299934,1990,0,0,0,0,0
21085,1032,KY,Grayson County,21050,24037,0.2774,0.077,,,,0,KY,10.0873495888487,,,,,,0
21087,1033,KY,Green County,10371,11499,0.25325,0.091,,,,0,KY,9.35001535404867,,,,,,0
21089,1034,KY,Greenup County,36796,36927,0.32072,0.115,,,,0,KY,10.5166982697784,1990,0,0,0,0,0
21091,1035,KY,Hancock County,7864,8395,0.36373,0.081,,,,0,KY,9.03539156951164,,,,,,0
21093,1036,KY,Hardin County,89240,92629,0.37459,0.154,KY,2000,0,0,KY,11.4363575465512,1990,3,3,0,0,1.09861228866811
21095,1037,KY,Harlan County,36574,33192,0.18456,0.089,,,,0,KY,10.4100641620127,1990,1,1,0,0,0
21097,1038,KY,Harrison County,16248,17956,0.36026,0.106,,,,0,KY,9.79567959990182,1990,0,0,0,0,0
21099,1039,KY,Hart County,14890,17459,0.25835,0.07,,,,0,KY,9.76761055398477,1990,0,0,0,0,0
21101,1040,KY,Henderson County,43044,44837,0.35551,0.138,,,,0,KY,10.7107889703984,1990,2,2,0,0,0.693147180559945
21103,1041,KY,Henry County,12823,15010,0.37294,0.098,,,,0,KY,9.61647192462751,1990,0,0,0,0,0
21105,1042,KY,Hickman County,5566,5254,0.32074,0.088,,,,0,KY,8.56674497024549,,,,,,0
21107,1043,KY,Hopkins County,46126,46519,0.30708,0.106,,,,0,KY,10.7476161102709,1990,2,2,0,0,0.693147180559945
21109,1044,KY,Jackson County,11955,13492,0.20384,0.068,,,,0,KY,9.50985219618154,,,,,,0
21111,1045,KY,Jefferson County,665123,693775,0.39298,0.248,KY,2000,1,1,KY,13.4499029794295,1990,25,19,2,0,3.2188758248682
21113,1046,KY,Jessamine County,30508,39043,0.40024,0.215,,,,0,KY,10.572418881837,1990,1,1,0,0,0
21115,1047,KY,Johnson County,23248,23443,0.24786,0.093,,,,0,KY,10.0623272218495,1990,2,2,0,0,0.693147180559945
21117,1048,KY,Kenton County,142005,151449,0.43855,0.229,,,,0,KY,11.9280042135944,1990,2,2,0,0,0.693147180559945
21119,1049,KY,Knott County,17906,17650,0.2017,0.102,,,,0,KY,9.77849106236144,1990,0,0,0,0,0
21121,1050,KY,Knox County,29676,31739,0.18648,0.088,,,,0,KY,10.3653014875979,1990,1,1,0,0,0
21123,1051,KY,Larue County,11679,13363,0.32256,0.109,,,,0,KY,9.50024497278106,1990,1,1,0,0,0
21125,1052,KY,Laurel County,43438,52712,0.26591,0.106,,,,0,KY,10.8725984125937,1990,1,1,0,0,0
21127,1053,KY,Lawrence County,13998,15558,0.21797,0.066,,,,0,KY,9.65233025476672,1990,0,0,0,0,0
21129,1054,KY,Lee County,7422,7915,0.18478,0.063,,,,0,KY,8.97651497231511,,,,,,0
21131,1055,KY,Leslie County,13642,12411,0.18904,0.063,,,,0,KY,9.42633845512952,1990,0,0,0,0,0
21133,1056,KY,Letcher County,27000,25261,0.21098,0.077,,,,0,KY,10.1370169834028,1990,0,0,0,0,0
21135,1057,KY,Lewis County,13029,14078,0.21943,0.064,,,,0,KY,9.55236857416808,,,,,,0
21137,1058,KY,Lincoln County,20096,23325,0.271,0.084,,,,0,KY,10.0572810257155,,,,,,0
21139,1059,KY,Livingston County,9062,9806,0.31605,0.084,,,,0,KY,9.19074972221118,,,,,,0
21141,1060,KY,Logan County,24416,26593,0.32314,0.096,,,,0,KY,10.1884033022429,1990,0,0,0,0,0
21143,1061,KY,Lyon County,6624,8081,0.3108,0.101,,,,0,KY,8.99727090623345,1990,0,0,0,0,0
21145,1062,KY,McCracken County,62879,65511,0.34211,0.181,,,,0,KY,11.0899733464545,1990,7,7,0,0,1.94591014905531
21147,1063,KY,McCreary County,15603,17078,0.19381,0.067,,,,0,KY,9.74554636446755,,,,,,0
21149,1064,KY,McLean County,9628,9942,0.29176,0.087,,,,0,KY,9.20452348665462,,,,,,0
21151,1065,KY,Madison County,57508,70916,0.33034,0.218,,,,0,KY,11.1692513570183,1990,2,1,0,0,0.693147180559945
21153,1066,KY,Magoffin County,13077,13334,0.19469,0.063,,,,0,KY,9.49807244317801,1990,0,0,0,0,0
21155,1067,KY,Marion County,16499,18244,0.30281,0.091,,,,0,KY,9.81159153783159,,,,,,0
21157,1068,KY,Marshall County,27205,30126,0.34888,0.137,,,,0,KY,10.3131438652628,1990,0,0,0,0,0
21159,1069,KY,Martin County,12526,12570,0.1846,0.09,,,,0,KY,9.43906830158429,1990,0,0,0,0,0
21161,1070,KY,Mason County,16666,16812,0.30028,0.144,,,,0,KY,9.72984819612501,1990,1,1,0,0,0
21163,1071,KY,Meade County,24170,27989,0.37403,0.113,,,,0,KY,10.2395668548259,,,,,,0
21165,1072,KY,Menifee County,5092,6539,0.21912,0.084,,,,0,KY,8.78553952756128,,,,,,0
21167,1073,KY,Mercer County,19148,20809,0.35286,0.135,,,,0,KY,9.94314086441278,1990,1,1,0,0,0
21169,1074,KY,Metcalfe County,8963,10025,0.23675,0.066,,,,0,KY,9.21283725217477,,,,,,0
21171,1075,KY,Monroe County,11401,11737,0.22411,0.084,,,,0,KY,9.37050152410012,,,,,,0
21173,1076,KY,Montgomery County,19561,22536,0.31455,0.134,,,,0,KY,10.0228693095562,1990,0,0,0,0,0
21175,1077,KY,Morgan County,11648,13949,0.2172,0.077,,,,0,KY,9.54316310009223,,,,,,0
21177,1078,KY,Muhlenberg County,31318,31845,0.28523,0.081,,,,0,KY,10.3686356628055,1990,1,1,0,0,0
21179,1079,KY,Nelson County,29710,37487,0.38589,0.134,,,,0,KY,10.5317494851891,1990,1,1,0,0,0
21181,1080,KY,Nicholas County,6725,6812,0.29557,0.075,,,,0,KY,8.82644104178258,,,,,,0
21183,1081,KY,Ohio County,21105,22928,0.28774,0.074,,,,0,KY,10.040114150068,1990,0,0,0,0,0
21185,1082,KY,Oldham County,33263,46495,0.63321,0.306,,,,0,KY,10.7471000589123,1990,0,0,0,0,0
21187,1083,KY,Owen County,9035,10542,0.33114,0.091,,,,0,KY,9.26312255741515,,,,,,0
21189,1084,KY,Owsley County,5036,4844,0.16059,0.077,,,,0,KY,8.48549610467298,,,,,,0
21191,1085,KY,Pendleton County,12062,14384,0.37959,0.097,,,,0,KY,9.5738717567114,1990,0,0,0,0,0
21193,1086,KY,Perry County,30283,29415,0.22254,0.089,,,,0,KY,10.2892600272986,1990,0,0,0,0,0
21195,1087,KY,Pike County,72584,68777,0.237,0.099,,,,0,KY,11.1386246657044,1990,2,2,0,0,0.693147180559945
21197,1088,KY,Powell County,11686,13236,0.25663,0.065,,,,0,KY,9.4906956690415,,,,,,0
21199,1089,KY,Pulaski County,49489,56281,0.27197,0.105,,,,0,KY,10.9381122793718,1990,4,4,0,0,1.38629436111989
21201,1090,KY,Robertson County,2124,2269,0.30291,0.087,,,,0,KY,7.72709448477984,,,,,,0
21203,1091,KY,Rockcastle County,14803,16546,0.2381,0.083,,,,0,KY,9.71389965975013,1990,0,0,0,0,0
21205,1092,KY,Rowan County,20353,22091,0.278,0.219,,,,0,KY,10.0029255647422,1990,1,1,0,0,0
21207,1093,KY,Russell County,14716,16282,0.22347,0.096,,,,0,KY,9.69781548213392,1990,1,1,0,0,0
21209,1094,KY,Scott County,23867,33076,0.46443,0.203,,,,0,KY,10.4065632228421,1990,1,1,0,0,0
21211,1095,KY,Shelby County,24824,33386,0.45299,0.187,,,,0,KY,10.4158919294153,1990,1,1,0,0,0
21213,1096,KY,Simpson County,15145,16411,0.36218,0.119,,,,0,KY,9.70570712067963,1990,0,0,0,0,0
21215,1097,KY,Spencer County,6801,11699,0.47351,0.111,,,,0,KY,9.3672586470476,1990,0,0,0,0,0
21217,1098,KY,Taylor County,21146,22889,0.28562,0.122,,,,0,KY,10.0384117247926,1990,0,0,0,0,0
21219,1099,KY,Todd County,10940,11954,0.29476,0.092,,,,0,KY,9.3888212293842,,,,,,0
21221,1100,KY,Trigg County,10361,12600,0.32774,0.12,,,,0,KY,9.44145209293957,1990,0,0,0,0,0
21223,1101,KY,Trimble County,6090,8183,0.3607,0.076,,,,0,KY,9.00981411052738,,,,,,0
21225,1102,KY,Union County,16557,15454,0.34227,0.109,,,,0,KY,9.64562314849353,1990,0,0,0,0,0
21227,1103,KY,Warren County,77720,92546,0.3625,0.247,KY,2000,1,1,KY,11.4354610971865,1990,3,3,0,0,1.09861228866811
21229,1104,KY,Washington County,10441,10920,0.32412,0.133,,,,0,KY,9.2983512492989,1990,0,0,0,0,0
21231,1105,KY,Wayne County,17468,19902,0.2083,0.072,,,,0,KY,9.89857550817511,,,,,,0
21233,1106,KY,Webster County,13955,14112,0.31336,0.071,,,,0,KY,9.55478077824657,,,,,,0
21235,1107,KY,Whitley County,33326,35875,0.21898,0.134,,,,0,KY,10.4877959530619,1990,2,2,0,0,0.693147180559945
21237,1108,KY,Wolfe County,6503,7092,0.20046,0.106,,,,0,KY,8.8667226671941,,,,,,0
21239,1109,KY,Woodford County,19955,23225,0.4838,0.259,,,,0,KY,10.052984563682,1990,0,0,0,0,0
22001,1110,LA,Acadia Parish,55882,58833,0.26541,0.094,,,,0,LA,10.982458200949,,,,,,0
22003,1111,LA,Allen Parish,21226,25441,0.27902,0.093,,,,0,LA,10.1441173248576,,,,,,0
22005,1112,LA,Ascension Parish,58214,76639,0.43578,0.145,,,,0,LA,11.2468613645429,1990,1,1,0,0,0
22007,1113,LA,Assumption Parish,22753,23343,0.31635,0.074,,,,0,LA,10.058052432285,1990,0,0,0,0,0
22009,1114,LA,Avoyelles Parish,39159,41501,0.23873,0.083,,,,0,LA,10.633472802314,1990,0,0,0,0,0
22011,1115,LA,Beauregard Parish,30083,32948,0.33012,0.138,,,,0,LA,10.4026858400611,1990,2,2,0,0,0.693147180559945
22013,1116,LA,Bienville Parish,16232,15753,0.23619,0.115,,,,0,LA,9.66478610230597,1990,0,0,0,0,0
22015,1117,LA,Bossier Parish,86088,99355,0.38961,0.181,,,,0,LA,11.5064545738399,1990,3,3,0,0,1.09861228866811
22017,1118,LA,Caddo Parish,248253,251129,0.31453,0.206,LA,2000,1,1,LA,12.4337220303129,1990,9,8,0,0,2.19722457733622
22019,1119,LA,Calcasieu Parish,168134,183606,0.35346,0.169,,,,0,LA,12.1205474363731,1990,4,4,0,0,1.38629436111989
22021,1120,LA,Caldwell Parish,9806,10554,0.27247,0.088,,,,0,LA,9.26426021396561,,,,,,0
22023,1121,LA,Cameron Parish,9260,9965,0.34482,0.079,,,,0,LA,9.20683423264689,,,,,,0
22025,1122,LA,Catahoula Parish,11065,10905,0.22612,0.094,,,,0,LA,9.29697667863573,,,,,,0
22027,1123,LA,Claiborne Parish,17405,16850,0.25435,0.124,,,,0,LA,9.73210593578051,,,,,,0
22029,1124,LA,Concordia Parish,20828,20221,0.22386,0.096,,,,0,LA,9.91447694733573,1990,1,1,0,0,0
22031,1125,LA,De Soto Parish,25668,25489,0.28357,0.102,,,,0,LA,10.1460022655296,,,,,,0
22033,1126,LA,East Baton Rouge Parish,380105,412899,0.3709,0.308,LA,2000,1,1,LA,12.9309582899773,1990,22,17,1,0,3.09104245335832
22035,1127,LA,East Carroll Parish,9709,9415,0.19755,0.123,,,,0,LA,9.15005944109125,,,,,,0
22037,1128,LA,East Feliciana Parish,19211,21348,0.32277,0.113,,,,0,LA,9.96871333745383,1990,0,0,0,0,0
22039,1129,LA,Evangeline Parish,33274,35502,0.20339,0.095,,,,0,LA,10.4773443119048,1990,0,0,0,0,0
22041,1130,LA,Franklin Parish,22387,21264,0.23079,0.098,,,,0,LA,9.96477078095303,1990,1,1,0,0,0
22043,1131,LA,Grant Parish,17526,18697,0.29289,0.098,,,,0,LA,9.83611836216527,,,,,,0
22045,1132,LA,Iberia Parish,68297,73277,0.31258,0.112,,,,0,LA,11.2020020596454,1990,0,0,0,0,0
22047,1133,LA,Iberville Parish,31049,33319,0.29339,0.096,,,,0,LA,10.4138830838256,1990,1,1,0,0,0
22049,1134,LA,Jackson Parish,15859,15408,0.28075,0.129,,,,0,LA,9.64264213403791,,,,,,0
22051,1135,LA,Jefferson Parish,448306,455406,0.38239,0.215,LA,2000,1,1,LA,13.0289446077556,1990,16,11,1,1,2.77258872223978
22053,1136,LA,Jefferson Davis Parish,30722,31432,0.27329,0.099,,,,0,LA,10.3555817612383,1990,0,0,0,0,0
22055,1137,LA,Lafayette Parish,164762,190234,0.36384,0.255,LA,2000,1,1,LA,12.1560101723187,1990,11,10,0,0,2.39789527279837
22057,1138,LA,Lafourche Parish,85860,89745,0.34592,0.124,,,,0,LA,11.4047275944922,1990,0,0,0,0,0
22059,1139,LA,LaSalle Parish,13662,14276,0.28136,0.112,,,,0,LA,9.56633508461005,1990,0,0,0,0,0
22061,1140,LA,Lincoln Parish,41745,42503,0.27039,0.318,,,,0,LA,10.6573299406566,1990,3,3,0,0,1.09861228866811
22063,1141,LA,Livingston Parish,70523,91889,0.38927,0.114,,,,0,LA,11.4283366058587,1990,1,1,0,0,0
22065,1142,LA,Madison Parish,12463,13724,0.20582,0.11,,,,0,LA,9.52690140397834,,,,,,0
22067,1143,LA,Morehouse Parish,31938,31037,0.25082,0.097,,,,0,LA,10.3429353201418,1990,0,0,0,0,0
22069,1144,LA,Natchitoches Parish,37254,39077,0.25414,0.184,,,,0,LA,10.5732893376011,1990,2,1,0,0,0.693147180559945
22071,1145,LA,Orleans Parish,496938,484692,0.27129,0.258,,,,0,LA,13.0912689166426,1990,29,24,0,0,3.36729582998647
22073,1146,LA,Ouachita Parish,142191,147256,0.31649,0.227,,,,0,LA,11.8999278477126,1990,6,6,0,0,1.79175946922806
22075,1147,LA,Plaquemines Parish,25575,26749,0.37803,0.108,,,,0,LA,10.1942523684478,1990,2,1,0,0,0.693147180559945
22077,1148,LA,Pointe Coupee Parish,22540,22761,0.30311,0.128,,,,0,LA,10.0328038240062,1990,0,0,0,0,0
22079,1149,LA,Rapides Parish,131556,126390,0.2971,0.165,,,,0,LA,11.7471276436412,1990,4,4,0,0,1.38629436111989
22081,1150,LA,Red River Parish,9526,9621,0.23242,0.087,,,,0,LA,9.17170348836127,,,,,,0
22083,1151,LA,Richland Parish,20629,20989,0.2386,0.128,,,,0,LA,9.95175376994562,1990,0,0,0,0,0
22085,1152,LA,Sabine Parish,22646,23434,0.26481,0.111,,,,0,LA,10.0619432382281,,,,,,0
22087,1153,LA,St. Bernard Parish,66631,67230,0.35523,0.089,,,,0,LA,11.1158748554631,1990,2,2,0,0,0.693147180559945
22089,1154,LA,St. Charles Parish,42437,48019,0.4504,0.175,,,,0,LA,10.779352044902,1990,0,0,0,0,0
22091,1155,LA,St. Helena Parish,9874,10553,0.24826,0.112,,,,0,LA,9.26416545867109,,,,,,0
22093,1156,LA,St. James Parish,20879,21193,0.35497,0.101,,,,0,LA,9.96142621745657,1990,0,0,0,0,0
22095,1157,LA,St. John the Baptist Parish,39996,43181,0.39208,0.129,,,,0,LA,10.6731558626705,1990,1,1,0,0,0
22097,1158,LA,St. Landry Parish,80312,87662,0.22961,0.107,,,,0,LA,11.3812437891358,1990,1,1,0,0,0
22099,1159,LA,St. Martin Parish,44097,48535,0.30527,0.085,,,,0,LA,10.7900404661463,,,,,,0
22101,1160,LA,St. Mary Parish,58086,53539,0.27992,0.094,,,,0,LA,10.8881656392757,1990,1,1,0,0,0
22103,1161,LA,St. Tammany Parish,144500,191270,0.47453,0.283,LA,2000,0,0,LA,12.1614413213846,1990,6,5,0,0,1.79175946922806
22105,1162,LA,Tangipahoa Parish,85709,100481,0.29123,0.163,,,,0,LA,11.5177239338818,1990,2,2,0,0,0.693147180559945
22107,1163,LA,Tensas Parish,7103,6608,0.19976,0.148,,,,0,LA,8.79603631520081,,,,,,0
22109,1164,LA,Terrebonne Parish,96982,104772,0.34936,0.123,,,,0,LA,11.5595418395988,1990,4,4,0,0,1.38629436111989
22111,1165,LA,Union Parish,20796,22798,0.28635,0.118,,,,0,LA,10.0344280917967,,,,,,0
22113,1166,LA,Vermilion Parish,50055,54104,0.29157,0.107,,,,0,LA,10.8986633992548,1990,1,1,0,0,0
22115,1167,LA,Vernon Parish,61961,52539,0.30968,0.135,,,,0,LA,10.8693110299408,1990,1,1,0,0,0
22117,1168,LA,Washington Parish,43185,43943,0.24222,0.109,,,,0,LA,10.6906486185283,1990,0,0,0,0,0
22119,1169,LA,Webster Parish,41989,41814,0.28566,0.126,,,,0,LA,10.6409864906666,1990,0,0,0,0,0
22121,1170,LA,West Baton Rouge Parish,19419,21604,0.36803,0.111,,,,0,LA,9.98063376171278,1990,0,0,0,0,0
22123,1171,LA,West Carroll Parish,12093,12315,0.24043,0.095,,,,0,LA,9.41857331055464,,,,,,0
22125,1172,LA,West Feliciana Parish,12915,15110,0.3824,0.106,,,,0,LA,9.62311205526679,,,,,,0
22127,1173,LA,Winn Parish,16498,16889,0.25246,0.094,,,,0,LA,9.73441780141792,,,,,,0
23001,1174,ME,Androscoggin County,105259,103803,0.35655,0.144,,,,0,ME,11.5502501510304,1990,8,7,0,0,2.07944154167984
23003,1175,ME,Aroostook County,86936,73943,0.2883,0.146,,,,0,ME,11.2110498051055,1990,3,3,0,0,1.09861228866811
23005,1176,ME,Cumberland County,243135,265612,0.4378,0.342,,,,0,ME,12.4897918762867,1990,27,20,0,0,3.29583686600433
23007,1177,ME,Franklin County,29008,29470,0.31461,0.209,,,,0,ME,10.2911280757317,1990,1,1,0,0,0
23009,1178,ME,Hancock County,46948,51869,0.35634,0.271,,,,0,ME,10.856476588193,1990,11,9,0,0,2.39789527279837
23011,1179,ME,Kennebec County,115904,117074,0.36322,0.207,ME,2000,1,1,ME,11.6705614924821,1990,9,7,0,0,2.19722457733622
23013,1180,ME,Knox County,36310,39631,0.36824,0.262,,,,0,ME,10.5873669192752,1990,6,5,0,0,1.79175946922806
23015,1181,ME,Lincoln County,30357,33628,0.38724,0.266,,,,0,ME,10.4231143322552,1990,4,4,0,0,1.38629436111989
23017,1182,ME,Oxford County,52602,54715,0.33497,0.157,,,,0,ME,10.9098931738525,1990,3,3,0,0,1.09861228866811
23019,1183,ME,Penobscot County,146601,144866,0.33891,0.203,,,,0,ME,11.883564456193,1990,12,10,0,0,2.484906649788
23021,1184,ME,Piscataquis County,18653,17236,0.2795,0.133,,,,0,ME,9.75475549873573,1990,0,0,0,0,0
23023,1185,ME,Sagadahoc County,33535,35187,0.41805,0.25,,,,0,ME,10.4684319751896,1990,3,1,0,0,1.09861228866811
23025,1186,ME,Somerset County,49767,50857,0.30487,0.118,,,,0,ME,10.8367730517861,1990,1,1,0,0,0
23027,1187,ME,Waldo County,33018,36257,0.33914,0.223,,,,0,ME,10.498387745089,1990,3,2,0,0,1.09861228866811
23029,1188,ME,Washington County,35308,33922,0.26021,0.147,,,,0,ME,10.4318190504318,1990,2,2,0,0,0.693147180559945
23031,1189,ME,York County,164587,186709,0.43277,0.229,,,,0,ME,12.1373065340455,1990,12,10,0,0,2.484906649788
24001,1190,MD,Allegany County,74946,74909,0.3091,0.141,,,,0,MD,11.2240293225003,1990,3,3,0,0,1.09861228866811
24003,1191,MD,Anne Arundel County,427239,489677,0.61648,0.306,MD,2000,1,1,MD,13.1015012690563,1990,19,14,1,0,2.94443897916644
24005,1192,MD,Baltimore County,692134,753947,0.50497,0.306,MD,2000,2,1,MD,13.5330773527423,1990,35,28,1,0,3.55534806148941
24009,1193,MD,Calvert County,51372,74556,0.65724,0.225,,,,0,MD,11.2193057998517,1990,1,1,0,0,0
24011,1194,MD,Caroline County,27035,29735,0.38609,0.121,,,,0,MD,10.3000800821407,1990,0,0,0,0,0
24013,1195,MD,Carroll County,123372,150881,0.60103,0.248,,,,0,MD,11.924246725629,1990,5,5,0,0,1.6094379124341
24015,1196,MD,Cecil County,71347,85964,0.50284,0.164,,,,0,MD,11.3616838829451,1990,0,0,0,0,0
24017,1197,MD,Charles County,101154,120524,0.62309,0.2,,,,0,MD,11.6996041822056,1990,4,3,0,0,1.38629436111989
24019,1198,MD,Dorchester County,30236,30671,0.33723,0.12,,,,0,MD,10.3310728617284,1990,1,1,0,0,0
24021,1199,MD,Frederick County,150208,195277,0.60305,0.3,,,,0,MD,12.1821743423925,1990,6,3,1,0,1.79175946922806
24023,1200,MD,Garrett County,28138,29852,0.32254,0.138,,,,0,MD,10.3040071182513,1990,1,1,0,0,0
24025,1201,MD,Harford County,182132,218914,0.57046,0.273,MD,2000,1,1,MD,12.2964342376102,1990,7,6,0,0,1.94591014905531
24027,1202,MD,Howard County,187328,247876,0.74006,0.529,MD,2000,1,1,MD,12.4206839001054,1990,13,8,1,0,2.56494935746154
24029,1203,MD,Kent County,17842,19201,0.395,0.217,,,,0,MD,9.86271763999292,1990,2,2,0,0,0.693147180559945
24031,1204,MD,Montgomery County,762875,873874,0.71594,0.546,MD,2000,2,1,MD,13.6806914794852,1990,47,41,2,0,3.85014760171006
24033,1205,MD,Prince George's County,722705,801091,0.54879,0.272,MD,2000,0,0,MD,13.5937298275876,1990,24,20,1,0,3.17805383034795
24035,1206,MD,Queen Anne's County,33953,40580,0.56173,0.254,,,,0,MD,10.6110306133798,1990,2,2,0,0,0.693147180559945
24037,1207,MD,St. Mary's County,75974,86196,0.54721,0.226,,,,0,MD,11.3643790518628,1990,4,4,0,0,1.38629436111989
24039,1208,MD,Somerset County,23440,24746,0.29921,0.116,,,,0,MD,10.1164191387739,1990,1,1,0,0,0
24041,1209,MD,Talbot County,30549,33806,0.43699,0.278,,,,0,MD,10.4283935805101,1990,3,3,0,0,1.09861228866811
24043,1210,MD,Washington County,121393,131911,0.40315,0.146,,,,0,MD,11.7898827317406,1990,6,6,0,0,1.79175946922806
24045,1211,MD,Wicomico County,74339,84638,0.38723,0.219,MD,2000,0,0,MD,11.3461386173233,1990,5,4,0,0,1.6094379124341
24047,1212,MD,Worcester County,35028,46559,0.40419,0.216,,,,0,MD,10.7484756045114,1990,3,3,0,0,1.09861228866811
24510,1213,MD,Baltimore city,736014,651262,0.29743,0.191,MD,2000,0,0,MD,13.3866672979836,1990,38,30,2,0,3.63758615972639
25001,1214,MA,Barnstable County,186605,222239,0.45977,0.336,MA,2000,1,1,MA,12.311508658338,1990,24,21,0,0,3.17805383034795
25003,1215,MA,Berkshire County,139352,134922,0.39038,0.26,MA,2000,1,1,MA,11.8124521126649,1990,13,11,1,0,2.56494935746154
25005,1216,MA,Bristol County,506325,534702,0.43275,0.199,MA,2000,1,1,MA,13.189464861345,1990,16,14,0,0,2.77258872223978
25007,1217,MA,Dukes County,11639,15001,0.4531,0.384,,,,0,MA,9.61587214452889,1990,2,1,0,0,0.693147180559945
25009,1218,MA,Essex County,670080,723496,0.51213,0.313,MA,2000,1,1,MA,13.4918502963584,1990,30,19,4,0,3.40119738166216
25011,1219,MA,Franklin County,70086,71540,0.4073,0.291,,,,0,MA,11.178012012813,1990,6,5,0,0,1.79175946922806
25013,1220,MA,Hampden County,456310,456280,0.39637,0.205,MA,2000,1,1,MA,13.0308619351418,1990,18,14,0,0,2.89037175789616
25015,1221,MA,Hampshire County,146568,152237,0.45908,0.379,MA,2000,0,0,MA,11.9331937960481,1990,19,14,0,0,2.94443897916644
25017,1222,MA,Middlesex County,"1398,468","1465,244",0.60483,0.436,MA,2000,2,1,MA,,1990,86,58,12,0,4.45434729625351
25019,1223,MA,Nantucket County,6012,9522,0.55547,0.384,,,,0,MA,9.16136018975446,1990,1,1,0,0,0
25021,1224,MA,Norfolk County,616087,650265,0.62852,0.429,MA,2000,4,1,MA,13.3851352510956,1990,42,29,4,0,3.73766961828337
25023,1225,MA,Plymouth County,435276,472858,0.55496,0.278,MA,2000,0,0,MA,13.0665504109851,1990,26,25,1,0,3.25809653802148
25025,1226,MA,Suffolk County,663906,691047,0.39001,0.325,MA,2000,1,1,MA,13.4459631178029,1990,45,26,8,3,3.80666248977032
25027,1227,MA,Worcester County,709711,750011,0.47569,0.269,MA,2000,2,1,MA,13.5278431520716,1990,45,34,1,0,3.80666248977032
26001,1228,MI,Alcona County,10145,11709,0.31416,0.109,,,,0,MI,9.36811305584872,,,,,,0
26003,1229,MI,Alger County,8972,9860,0.35692,0.147,,,,0,MI,9.19624144759668,1990,1,1,0,0,0
26005,1230,MI,Allegan County,90509,105631,0.45868,0.158,,,,0,MI,11.5677071677799,1990,2,2,0,0,0.693147180559945
26007,1231,MI,Alpena County,30605,31297,0.34039,0.132,,,,0,MI,10.3512775252893,1990,3,3,0,0,1.09861228866811
26009,1232,MI,Antrim County,18185,23102,0.38348,0.194,,,,0,MI,10.0476744728486,1990,0,0,0,0,0
26011,1233,MI,Arenac County,14906,17279,0.33241,0.091,,,,0,MI,9.75724717031312,,,,,,0
26013,1234,MI,Baraga County,7954,8739,0.33428,0.109,,,,0,MI,9.07555104562754,,,,,,0
26015,1235,MI,Barry County,50057,56776,0.46833,0.147,,,,0,MI,10.9468689802048,1990,0,0,0,0,0
26017,1236,MI,Bay County,111723,110271,0.38647,0.142,,,,0,MI,11.6106962513613,1990,4,4,0,0,1.38629436111989
26019,1237,MI,Benzie County,12200,15986,0.37453,0.2,,,,0,MI,9.67946861818596,1990,2,2,0,0,0.693147180559945
26021,1238,MI,Berrien County,161378,162491,0.38291,0.196,,,,0,MI,11.9983778946028,1990,4,2,0,0,1.38629436111989
26023,1239,MI,Branch County,41502,45781,0.38537,0.106,,,,0,MI,10.7316244368678,1990,2,2,0,0,0.693147180559945
26025,1240,MI,Calhoun County,135982,137991,0.38937,0.16,MI,2000,0,0,MI,11.8349437446213,1990,5,2,0,0,1.6094379124341
26027,1241,MI,Cass County,49477,51086,0.41338,0.121,,,,0,MI,10.8412657660517,,,,,,0
26029,1242,MI,Charlevoix County,21468,26087,0.39935,0.198,,,,0,MI,10.1691923849344,1990,0,0,0,0,0
26031,1243,MI,Cheboygan County,21398,26406,0.33438,0.139,,,,0,MI,10.1813465360391,1990,2,2,0,0,0.693147180559945
26033,1244,MI,Chippewa County,34604,38543,0.34234,0.15,,,,0,MI,10.5595297801428,1990,1,1,0,0,0
26035,1245,MI,Clare County,24952,31259,0.29091,0.088,,,,0,MI,10.3500626137005,1990,0,0,0,0,0
26037,1246,MI,Clinton County,57893,64715,0.52423,0.212,,,,0,MI,11.0777482928765,1990,1,1,0,0,0
26039,1247,MI,Crawford County,12260,14236,0.33389,0.129,,,,0,MI,9.56352924663008,1990,0,0,0,0,0
26041,1248,MI,Delta County,37780,38528,0.3525,0.171,,,,0,MI,10.5591405286685,1990,2,1,0,0,0.693147180559945
26043,1249,MI,Dickinson County,26831,27474,0.34724,0.167,,,,0,MI,10.2209953818852,1990,2,2,0,0,0.693147180559945
26045,1250,MI,Eaton County,92879,103721,0.49033,0.217,MI,2000,0,0,MI,11.5494598809482,1990,4,4,0,0,1.38629436111989
26047,1251,MI,Emmet County,25040,31435,0.40184,0.262,,,,0,MI,10.3556772008172,1990,4,4,0,0,1.38629436111989
26049,1252,MI,Genesee County,430459,436213,0.41999,0.162,MI,2000,0,0,MI,12.9858859351483,1990,12,10,0,0,2.484906649788
26051,1253,MI,Gladwin County,21896,26042,0.31673,0.092,,,,0,MI,10.1674658982887,1990,0,0,0,0,0
26053,1254,MI,Gogebic County,18052,17375,0.27002,0.158,,,,0,MI,9.76278767043299,1990,0,0,0,0,0
26055,1255,MI,Grand Traverse County,64273,77655,0.43019,0.261,,,,0,MI,11.2600312180041,1990,6,4,0,0,1.79175946922806
26057,1256,MI,Gratiot County,38982,42289,0.36896,0.129,,,,0,MI,10.6522822839349,1990,2,2,0,0,0.693147180559945
26059,1257,MI,Hillsdale County,43431,46540,0.404,0.12,,,,0,MI,10.7480674368563,1990,0,0,0,0,0
26061,1258,MI,Houghton County,35446,36013,0.29044,0.23,,,,0,MI,10.4916352633644,1990,2,2,0,0,0.693147180559945
26063,1259,MI,Huron County,34951,36088,0.35375,0.109,,,,0,MI,10.4937156790882,1990,1,1,0,0,0
26065,1260,MI,Ingham County,281912,279409,0.40579,0.33,MI,2000,1,1,MI,12.5404319371688,1990,16,10,2,1,2.77258872223978
26067,1261,MI,Ionia County,57024,61539,0.42904,0.108,,,,0,MI,11.0274263991502,1990,0,0,0,0,0
26069,1262,MI,Iosco County,30209,27343,0.31245,0.113,,,,0,MI,10.2162158335924,1990,2,2,0,0,0.693147180559945
26071,1263,MI,Iron County,13175,13129,0.28688,0.137,,,,0,MI,9.48257880293411,,,,,,0
26073,1264,MI,Isabella County,54624,63336,0.34363,0.239,,,,0,MI,11.0562091668513,1990,3,2,1,0,1.09861228866811
26075,1265,MI,Jackson County,149756,158426,0.42751,0.163,,,,0,MI,11.9730428863069,1990,7,6,0,0,1.94591014905531
26077,1266,MI,Kalamazoo County,223411,238602,0.41924,0.312,MI,2000,1,1,MI,12.3825521708405,1990,17,12,1,0,2.83321334405622
26079,1267,MI,Kalkaska County,13497,16565,0.35808,0.097,,,,0,MI,9.715047314734,,,,,,0
26081,1268,MI,Kent County,500631,574421,0.46076,0.258,MI,2000,1,1,MI,13.2611178559364,1990,26,16,2,0,3.25809653802148
26083,1269,MI,Keweenaw County,1701,2296,0.27857,0.191,,,,0,MI,7.73892375743946,,,,,,0
26085,1270,MI,Lake County,8583,11274,0.26206,0.078,,,,0,MI,9.33025446864152,,,,,,0
26087,1271,MI,Lapeer County,74768,87947,0.51643,0.127,,,,0,MI,11.384489639294,1990,1,1,0,0,0
26089,1272,MI,Leelanau County,16527,21125,0.4711,0.314,,,,0,MI,9.95821245222537,1990,0,0,0,0,0
26091,1273,MI,Lenawee County,91476,98970,0.45748,0.163,,,,0,MI,11.5025720528907,1990,2,2,0,0,0.693147180559945
26093,1274,MI,Livingston County,115645,156943,0.67441,0.282,MI,2000,0,0,MI,11.9636379610843,1990,2,2,0,0,0.693147180559945
26095,1275,MI,Luce County,5763,7028,0.31698,0.118,,,,0,MI,8.85765744930699,,,,,,0
26097,1276,MI,Mackinac County,10674,11941,0.33503,0.149,,,,0,MI,9.38773313553338,1990,2,2,0,0,0.693147180559945
26099,1277,MI,Macomb County,717400,788120,0.51903,0.176,MI,2000,1,1,MI,13.5774056415099,1990,23,20,1,0,3.13549421592915
26101,1278,MI,Manistee County,21265,24500,0.34303,0.142,,,,0,MI,10.1064283965328,1990,0,0,0,0,0
26103,1279,MI,Marquette County,70887,64634,0.35067,0.237,,,,0,MI,11.0764958671046,1990,4,4,0,0,1.38629436111989
26105,1280,MI,Mason County,25537,28283,0.34816,0.159,,,,0,MI,10.250016196421,1990,1,1,0,0,0
26107,1281,MI,Mecosta County,37308,40547,0.33865,0.191,,,,0,MI,10.6102170740693,1990,2,2,0,0,0.693147180559945
26109,1282,MI,Menominee County,24920,25323,0.32652,0.11,,,,0,MI,10.1394683526518,1990,0,0,0,0,0
26111,1283,MI,Midland County,75651,82797,0.45236,0.293,MI,2000,0,0,MI,11.3241471078329,1990,2,2,0,0,0.693147180559945
26113,1284,MI,Missaukee County,12147,14473,0.35215,0.102,,,,0,MI,9.58004012363761,,,,,,0
26115,1285,MI,Monroe County,133600,145939,0.51596,0.143,,,,0,MI,11.8909440051651,1990,4,4,0,0,1.38629436111989
26117,1286,MI,Montcalm County,53059,61270,0.37242,0.108,,,,0,MI,11.0230456057197,1990,0,0,0,0,0
26119,1287,MI,Montmorency County,8936,10316,0.29876,0.082,,,,0,MI,9.24145136700124,,,,,,0
26121,1288,MI,Muskegon County,158983,170208,0.38039,0.139,MI,2000,1,1,MI,12.044776497542,1990,2,2,0,0,0.693147180559945
26123,1289,MI,Newaygo County,38206,47858,0.37347,0.114,,,,0,MI,10.7759935720393,1990,0,0,0,0,0
26125,1290,MI,Oakland County,"1083,592","1194,346",0.61829,0.382,MI,2000,5,1,MI,,1990,48,37,3,0,3.87120101090789
26127,1291,MI,Oceana County,22455,26857,0.35155,0.126,,,,0,MI,10.1982817735937,1990,0,0,0,0,0
26129,1292,MI,Ogemaw County,18681,21644,0.30701,0.096,,,,0,MI,9.98248355876263,1990,0,0,0,0,0
26131,1293,MI,Ontonagon County,8854,7817,0.29609,0.13,,,,0,MI,8.96405612822033,,,,,,0
26133,1294,MI,Osceola County,20146,23199,0.34006,0.113,,,,0,MI,10.0518644532771,1990,1,1,0,0,0
26135,1295,MI,Oscoda County,7842,9399,0.2805,0.08,,,,0,MI,9.1483585796203,1990,1,1,0,0,0
26137,1296,MI,Otsego County,17957,23310,0.40927,0.174,,,,0,MI,10.0566377320298,1990,1,1,0,0,0
26139,1297,MI,Ottawa County,187768,238413,0.52316,0.26,MI,2000,0,0,MI,12.381759742888,1990,8,6,0,0,2.07944154167984
26141,1298,MI,Presque Isle County,13743,14421,0.31974,0.115,,,,0,MI,9.57644075656207,,,,,,0
26143,1299,MI,Roscommon County,19776,25452,0.30033,0.109,,,,0,MI,10.1445496043527,1990,0,0,0,0,0
26145,1300,MI,Saginaw County,211946,210051,0.38527,0.159,MI,2000,1,1,MI,12.2551056373574,1990,6,4,0,0,1.79175946922806
26147,1301,MI,St. Clair County,145607,164242,0.46129,0.126,MI,2000,1,1,MI,12.0090962289202,1990,4,4,0,0,1.38629436111989
26149,1302,MI,St. Joseph County,58913,62411,0.40409,0.127,,,,0,MI,11.0414968208729,1990,2,2,0,0,0.693147180559945
26151,1303,MI,Sanilac County,39928,44511,0.37142,0.1,,,,0,MI,10.7034916286189,1990,0,0,0,0,0
26153,1304,MI,Schoolcraft County,8302,8900,0.3063,0.113,,,,0,MI,9.09380655572023,1990,1,1,0,0,0
26155,1305,MI,Shiawassee County,69770,71695,0.42843,0.137,,,,0,MI,11.1801762891491,1990,4,4,0,0,1.38629436111989
26157,1306,MI,Tuscola County,55498,58263,0.40431,0.106,,,,0,MI,10.9727225224936,1990,1,1,0,0,0
26159,1307,MI,Van Buren County,70060,76239,0.39317,0.143,,,,0,MI,11.2416284217678,1990,0,0,0,0,0
26161,1308,MI,Washtenaw County,282937,322818,0.51773,0.481,MI,2000,1,1,MI,12.6848439759051,1990,27,13,8,1,3.29583686600433
26163,1309,MI,Wayne County,"2111,687","2061,180",0.4057,0.172,MI,2000,1,1,MI,,1990,76,58,2,0,4.33073334028633
26165,1310,MI,Wexford County,26360,30475,0.35447,0.153,,,,0,MI,10.3246619543495,1990,1,1,0,0,0
27001,1311,MN,Aitkin County,12425,15221,0.3125,0.113,,,,0,MN,9.63043133227967,1990,0,0,0,0,0
27003,1312,MN,Anoka County,243641,298164,0.57741,0.213,MN,2000,1,1,MN,12.6053989496789,1990,5,3,0,0,1.6094379124341
27005,1313,MN,Becker County,27881,30006,0.34753,0.167,,,,0,MN,10.309152640647,1990,1,1,0,0,0
27007,1314,MN,Beltrami County,34384,39638,0.33392,0.235,,,,0,MN,10.5875435330843,1990,2,2,0,0,0.693147180559945
27009,1315,MN,Benton County,30185,34242,0.41838,0.172,,,,0,MN,10.4412082397648,1990,2,0,1,0,0.693147180559945
27011,1316,MN,Big Stone County,6285,5816,0.30734,0.114,,,,0,MN,8.66836801921336,1990,0,0,0,0,0
27013,1317,MN,Blue Earth County,54044,55931,0.38837,0.266,MN,2000,1,1,MN,10.931874067148,1990,5,4,1,0,1.6094379124341
27015,1318,MN,Brown County,26984,26916,0.39638,0.165,,,,0,MN,10.2004761843082,1990,1,1,0,0,0
27017,1319,MN,Carlton County,29259,31705,0.39826,0.149,,,,0,MN,10.3642296761341,1990,0,0,0,0,0
27019,1320,MN,Carver County,47915,70243,0.64883,0.343,,,,0,MN,11.1597159381031,1990,1,1,0,0,0
27021,1321,MN,Cass County,21791,27148,0.34149,0.166,,,,0,MN,10.2090586578236,1990,0,0,0,0,0
27023,1322,MN,Chippewa County,13228,12937,0.35816,0.137,,,,0,MN,9.4678467019179,1990,0,0,0,0,0
27025,1323,MN,Chisago County,30521,41116,0.52119,0.153,,,,0,MN,10.6241526191328,1990,0,0,0,0,0
27027,1324,MN,Clay County,50422,51227,0.37346,0.247,,,,0,MN,10.8440220157807,1990,1,1,0,0,0
27029,1325,MN,Clearwater County,8309,8432,0.30699,0.147,,,,0,MN,9.03978927078114,,,,,,0
27031,1326,MN,Cook County,3868,5164,0.36903,0.288,,,,0,MN,8.54946675196653,1990,1,1,0,0,0
27033,1327,MN,Cottonwood County,12694,12190,0.32054,0.142,,,,0,MN,9.40837122247532,1990,1,1,0,0,0
27035,1328,MN,Crow Wing County,44249,54985,0.37487,0.184,,,,0,MN,10.914815699745,1990,3,3,0,0,1.09861228866811
27037,1329,MN,Dakota County,275210,355923,0.61807,0.349,MN,2000,2,1,MN,12.7824696943048,1990,7,3,2,0,1.94591014905531
27039,1330,MN,Dodge County,15731,17735,0.47601,0.171,,,,0,MN,9.78329536720772,1990,0,0,0,0,0
27041,1331,MN,Douglas County,28674,32808,0.37588,0.173,,,,0,MN,10.3984276670719,1990,2,2,0,0,0.693147180559945
27043,1332,MN,Faribault County,16937,16180,0.3437,0.138,,,,0,MN,9.69153119061248,1990,0,0,0,0,0
27045,1333,MN,Fillmore County,20777,21113,0.36731,0.151,,,,0,MN,9.95764424348808,,,,,,0
27047,1334,MN,Freeborn County,33060,32584,0.36882,0.128,,,,0,MN,10.3915766493282,1990,1,1,0,0,0
27049,1335,MN,Goodhue County,40690,44139,0.46908,0.191,,,,0,MN,10.6950990243661,1990,5,5,0,0,1.6094379124341
27051,1336,MN,Grant County,6246,6286,0.3375,0.157,,,,0,MN,8.74608021735751,,,,,,0
27053,1337,MN,Hennepin County,"1032,431","1116,162",0.51654,0.391,MN,2000,6,1,MN,,1990,66,41,6,0,4.18965474202643
27055,1338,MN,Houston County,18497,19725,0.40916,0.205,,,,0,MN,9.88964214571408,1990,0,0,0,0,0
27057,1339,MN,Hubbard County,14939,18314,0.35153,0.202,,,,0,MN,9.81542107366768,1990,1,1,0,0,0
27059,1340,MN,Isanti County,25921,31280,0.50141,0.145,,,,0,MN,10.3507341946592,1990,1,1,0,0,0
27061,1341,MN,Itasca County,40844,43909,0.36164,0.176,,,,0,MN,10.6898745894408,1990,2,2,0,0,0.693147180559945
27063,1342,MN,Jackson County,11677,11242,0.36594,0.142,,,,0,MN,9.32741204356202,,,,,,0
27065,1343,MN,Kanabec County,12802,14987,0.3907,0.105,,,,0,MN,9.614938437645,1990,0,0,0,0,0
27067,1344,MN,Kandiyohi County,38761,41193,0.39535,0.183,,,,0,MN,10.6260236179899,1990,3,3,0,0,1.09861228866811
27069,1345,MN,Kittson County,5767,5279,0.32543,0.148,,,,0,MN,8.57149196482362,,,,,,0
27071,1346,MN,Koochiching County,16299,14351,0.35718,0.151,,,,0,MN,9.57157490517093,1990,3,3,0,0,1.09861228866811
27073,1347,MN,Lac qui Parle County,8924,8073,0.32772,0.13,,,,0,MN,8.99628043939502,,,,,,0
27075,1348,MN,Lake County,10415,11053,0.40171,0.195,,,,0,MN,9.31045716331096,1990,0,0,0,0,0
27077,1349,MN,Lake of the Woods County,4076,4508,0.32813,0.172,,,,0,MN,8.41360887515967,,,,,,0
27079,1350,MN,Le Sueur County,23239,25416,0.45571,0.169,,,,0,MN,10.1431341759494,,,,,,0
27081,1351,MN,Lincoln County,6890,6425,0.31427,0.141,,,,0,MN,8.76795190976342,,,,,,0
27083,1352,MN,Lyon County,24789,25437,0.38977,0.214,,,,0,MN,10.1439600859721,1990,2,2,0,0,0.693147180559945
27085,1353,MN,McLeod County,32030,34906,0.46389,0.154,,,,0,MN,10.4604140131848,1990,1,1,0,0,0
27087,1354,MN,Mahnomen County,5044,5190,0.29161,0.124,,,,0,MN,8.55448897615993,,,,,,0
27089,1355,MN,Marshall County,10993,10147,0.34701,0.12,,,,0,MN,9.22493337427908,,,,,,0
27091,1356,MN,Martin County,22914,21807,0.34643,0.161,,,,0,MN,9.98998629815275,1990,3,3,0,0,1.09861228866811
27093,1357,MN,Meeker County,20846,22636,0.40842,0.139,,,,0,MN,10.0272968382624,,,,,,0
27095,1358,MN,Mille Lacs County,18670,22304,0.36847,0.122,,,,0,MN,10.0125213135603,1990,0,0,0,0,0
27097,1359,MN,Morrison County,29604,31743,0.36824,0.126,,,,0,MN,10.3654275075723,1990,0,0,0,0,0
27099,1360,MN,Mower County,37385,38604,0.36567,0.147,,,,0,MN,10.561111177027,1990,3,3,0,0,1.09861228866811
27101,1361,MN,Murray County,9660,9169,0.34847,0.119,,,,0,MN,9.1235835080499,,,,,,0
27103,1362,MN,Nicollet County,28076,29780,0.46031,0.293,,,,0,MN,10.301592306238,,,,,,0
27105,1363,MN,Nobles County,20098,20832,0.35418,0.135,,,,0,MN,9.94424554500829,1990,2,2,0,0,0.693147180559945
27107,1364,MN,Norman County,7975,7442,0.32712,0.131,,,,0,MN,8.91489490890657,,,,,,0
27109,1365,MN,Olmsted County,106470,124287,0.51175,0.347,MN,2000,1,1,MN,11.7303486863495,1990,6,3,1,0,1.79175946922806
27111,1366,MN,Otter Tail County,50714,57083,0.35284,0.172,,,,0,MN,10.9522616280233,1990,2,2,0,0,0.693147180559945
27113,1367,MN,Pennington County,13306,13590,0.34487,0.149,,,,0,MN,9.51708950714519,1990,0,0,0,0,0
27115,1368,MN,Pine County,21264,26429,0.37348,0.103,,,,0,MN,10.1822171710899,1990,0,0,0,0,0
27117,1369,MN,Pipestone County,10491,9898,0.31814,0.139,,,,0,MN,9.20008799551183,,,,,,0
27119,1370,MN,Polk County,32589,31370,0.34988,0.176,,,,0,MN,10.3536073011847,1990,2,2,0,0,0.693147180559945
27121,1371,MN,Pope County,10745,11222,0.35678,0.147,,,,0,MN,9.32563141631092,,,,,,0
27123,1372,MN,Ramsey County,485760,511272,0.45595,0.343,MN,2000,3,1,MN,13.1446570171982,1990,27,15,4,0,3.29583686600433
27125,1373,MN,Red Lake County,4525,4300,0.3149,0.107,,,,0,MN,8.36637030168165,,,,,,0
27127,1374,MN,Redwood County,17254,16813,0.37169,0.134,,,,0,MN,9.72990767567893,1990,0,0,0,0,0
27129,1375,MN,Renville County,17673,17147,0.37751,0.126,,,,0,MN,9.74957851017885,1990,0,0,0,0,0
27131,1376,MN,Rice County,49183,56663,0.48412,0.224,,,,0,MN,10.9448767193884,1990,1,1,0,0,0
27133,1377,MN,Rock County,9806,9720,0.37851,0.154,,,,0,MN,9.18194089745448,,,,,,0
27135,1378,MN,Roseau County,15026,16343,0.39836,0.149,,,,0,MN,9.70155495009306,1990,0,0,0,0,0
27137,1379,MN,St. Louis County,198232,200586,0.36155,0.219,MN,2000,1,1,MN,12.2089983614464,1990,8,6,0,0,2.07944154167984
27139,1380,MN,Scott County,57846,89510,0.66359,0.294,,,,0,MN,11.402105629865,1990,0,0,0,0,0
27141,1381,MN,Sherburne County,41945,64472,0.57081,0.194,,,,0,MN,11.0739863000043,1990,2,2,0,0,0.693147180559945
27143,1382,MN,Sibley County,14366,15361,0.41093,0.116,,,,0,MN,9.63958710874915,1990,0,0,0,0,0
27145,1383,MN,Stearns County,119324,133199,0.42418,0.22,MN,2000,0,0,MN,11.7995995295527,1990,5,4,0,0,1.6094379124341
27147,1384,MN,Steele County,30729,33684,0.46259,0.201,,,,0,MN,10.4247782261499,1990,0,0,0,0,0
27149,1385,MN,Stevens County,10634,10053,0.37245,0.206,,,,0,MN,9.21562637640542,1990,0,0,0,0,0
27151,1386,MN,Swift County,10724,11967,0.35226,0.14,,,,0,MN,9.38990814057352,,,,,,0
27153,1387,MN,Todd County,23363,24402,0.31984,0.1,,,,0,MN,10.1024203751353,,,,,,0
27155,1388,MN,Traverse County,4463,4137,0.30625,0.107,,,,0,MN,8.32772616646141,,,,,,0
27157,1389,MN,Wabasha County,19744,21610,0.42601,0.169,,,,0,MN,9.98091144950093,,,,,,0
27159,1390,MN,Wadena County,13154,13730,0.3038,0.134,,,,0,MN,9.52733849876202,1990,2,2,0,0,0.693147180559945
27161,1391,MN,Waseca County,18079,19536,0.41805,0.162,,,,0,MN,9.88001419635049,1990,1,1,0,0,0
27163,1392,MN,Washington County,145860,201214,0.66183,0.339,MN,2000,1,1,MN,12.2121242972919,1990,5,5,0,0,1.6094379124341
27165,1393,MN,Watonwan County,11682,11882,0.35559,0.137,,,,0,MN,9.38277992891569,1990,0,0,0,0,0
27167,1394,MN,Wilkin County,7516,7135,0.38441,0.14,,,,0,MN,8.87276752991094,,,,,,0
27169,1395,MN,Winona County,47828,49996,0.38966,0.232,,,,0,MN,10.8196982812101,1990,2,2,0,0,0.693147180559945
27171,1396,MN,Wright County,68710,90022,0.54174,0.179,,,,0,MN,11.4078093638852,1990,0,0,0,0,0
27173,1397,MN,Yellow Medicine County,11684,11235,0.34609,0.144,,,,0,MN,9.32678918461943,1990,0,0,0,0,0
28001,1398,MS,Adams County,35356,34339,0.25488,0.175,,,,0,MS,10.4440370134683,1990,1,1,0,0,0
28003,1399,MS,Alcorn County,31722,34519,0.29135,0.117,,,,0,MS,10.449265176064,1990,2,2,0,0,0.693147180559945
28005,1400,MS,Amite County,13328,13565,0.26049,0.094,,,,0,MS,9.51524822509303,1990,0,0,0,0,0
28007,1401,MS,Attala County,18481,19654,0.24543,0.116,,,,0,MS,9.88603615892237,,,,,,0
28009,1402,MS,Benton County,8046,8031,0.2517,0.078,,,,0,MS,8.99106433218846,,,,,,0
28011,1403,MS,Bolivar County,41875,40619,0.23286,0.188,,,,0,MS,10.6119912164168,1990,1,1,0,0,0
28013,1404,MS,Calhoun County,14908,15060,0.27275,0.102,,,,0,MS,9.61979750135388,1990,0,0,0,0,0
28015,1405,MS,Carroll County,9237,10751,0.28822,0.109,,,,0,MS,9.28275405248523,,,,,,0
28017,1406,MS,Chickasaw County,18085,19447,0.25465,0.095,,,,0,MS,9.87544809550488,,,,,,0
28019,1407,MS,Choctaw County,9071,9759,0.26174,0.112,,,,0,MS,9.18594521514146,,,,,,0
28021,1408,MS,Claiborne County,11370,11837,0.22295,0.189,,,,0,MS,9.37898549795389,1990,0,0,0,0,0
28023,1409,MS,Clarke County,17313,17796,0.26676,0.096,,,,0,MS,9.78672899192593,,,,,,0
28025,1410,MS,Clay County,21120,21984,0.26754,0.146,,,,0,MS,9.99807019502208,,,,,,0
28027,1411,MS,Coahoma County,31665,30617,0.22428,0.162,,,,0,MS,10.3293106892322,1990,1,1,0,0,0
28029,1412,MS,Copiah County,27592,28763,0.26173,0.116,,,,0,MS,10.2668451179387,1990,0,0,0,0,0
28031,1413,MS,Covington County,16527,19418,0.26309,0.114,,,,0,MS,9.87395574993009,,,,,,0
28033,1414,MS,DeSoto County,67910,107252,0.48114,0.143,,,,0,MS,11.582936484635,1990,0,0,0,0,0
28035,1415,MS,Forrest County,68314,71934,0.27179,0.228,,,,0,MS,11.1835043109357,1990,4,4,0,0,1.38629436111989
28037,1416,MS,Franklin County,8377,8419,0.24618,0.105,,,,0,MS,9.03824633533766,1990,0,0,0,0,0
28039,1417,MS,George County,16673,19224,0.35248,0.091,,,,0,MS,9.8639147774163,1990,1,1,0,0,0
28041,1418,MS,Greene County,10220,13287,0.28733,0.08,,,,0,MS,9.49454139259131,,,,,,0
28043,1419,MS,Grenada County,21555,23273,0.27904,0.135,,,,0,MS,10.0550491693447,1990,0,0,0,0,0
28045,1420,MS,Hancock County,31760,42945,0.35337,0.173,,,,0,MS,10.6676755062003,1990,0,0,0,0,0
28047,1421,MS,Harrison County,165365,189577,0.35502,0.184,MS,2000,0,0,MS,12.1525505534278,1990,5,5,0,0,1.6094379124341
28049,1422,MS,Hinds County,254441,250752,0.33957,0.272,MS,2000,1,1,MS,12.4322196818642,1990,9,7,0,0,2.19722457733622
28051,1423,MS,Holmes County,21604,21608,0.1753,0.112,,,,0,MS,9.98081889547245,1990,1,1,0,0,0
28053,1424,MS,Humphreys County,12134,11191,0.21169,0.116,,,,0,MS,9.32286516281803,,,,,,0
28055,1425,MS,Issaquena County,1909,2274,0.19708,0.071,,,,0,MS,7.72929567431048,,,,,,0
28057,1426,MS,Itawamba County,20017,22774,0.312,0.088,,,,0,MS,10.0333748133706,1990,0,0,0,0,0
28059,1427,MS,Jackson County,115243,131439,0.39143,0.165,,,,0,MS,11.7862981446481,1990,6,6,0,0,1.79175946922806
28061,1428,MS,Jasper County,17114,18148,0.24559,0.098,,,,0,MS,9.80631564078385,,,,,,0
28063,1429,MS,Jefferson County,8653,9723,0.18366,0.106,,,,0,MS,9.18224949180966,1990,0,0,0,0,0
28065,1430,MS,Jefferson Davis County,14051,13954,0.21414,0.104,,,,0,MS,9.54352148449918,,,,,,0
28067,1431,MS,Jones County,62031,64955,0.28648,0.14,,,,0,MS,11.0814500014298,1990,3,3,0,0,1.09861228866811
28069,1432,MS,Kemper County,10356,10447,0.24081,0.103,,,,0,MS,9.25407013483751,,,,,,0
28071,1433,MS,Lafayette County,31826,38687,0.2777,0.311,,,,0,MS,10.5632589052724,1990,3,2,0,0,1.09861228866811
28073,1434,MS,Lamar County,30424,39877,0.37438,0.268,,,,0,MS,10.5935549955692,1990,0,0,0,0,0
28075,1435,MS,Lauderdale County,75555,78168,0.30759,0.162,,,,0,MS,11.2666156356242,1990,2,2,0,0,0.693147180559945
28077,1436,MS,Lawrence County,12458,13201,0.28188,0.12,,,,0,MS,9.48804786328076,,,,,,0
28079,1437,MS,Leake County,18436,20930,0.26955,0.116,,,,0,MS,9.94893881544005,1990,0,0,0,0,0
28081,1438,MS,Lee County,65579,75664,0.36141,0.181,MS,2000,0,0,MS,11.2340577648837,1990,5,4,0,0,1.6094379124341
28083,1439,MS,Leflore County,37341,37951,0.21153,0.159,,,,0,MS,10.5440511329377,1990,1,1,0,0,0
28085,1440,MS,Lincoln County,30278,33191,0.2739,0.124,,,,0,MS,10.4100340338172,1990,0,0,0,0,0
28087,1441,MS,Lowndes County,59308,61596,0.32257,0.205,,,,0,MS,11.0283522123483,1990,3,3,0,0,1.09861228866811
28089,1442,MS,Madison County,53794,74711,0.46859,0.379,MS,2000,0,0,MS,11.2213826159693,1990,3,2,0,0,1.09861228866811
28091,1443,MS,Marion County,25544,25626,0.23942,0.115,,,,0,MS,10.1513627400695,1990,0,0,0,0,0
28093,1444,MS,Marshall County,30361,34947,0.28893,0.09,,,,0,MS,10.4615879070679,1990,0,0,0,0,0
28095,1445,MS,Monroe County,36582,37996,0.30303,0.109,,,,0,MS,10.5452361700101,1990,1,1,0,0,0
28097,1446,MS,Montgomery County,12387,12191,0.25382,0.11,,,,0,MS,9.40845325356515,,,,,,0
28099,1447,MS,Neshoba County,24800,28675,0.28091,0.114,,,,0,MS,10.2637809419976,1990,1,1,0,0,0
28101,1448,MS,Newton County,20291,21834,0.27768,0.121,,,,0,MS,9.99122366684021,,,,,,0
28103,1449,MS,Noxubee County,12604,12545,0.22029,0.109,,,,0,MS,9.43707745880052,,,,,,0
28105,1450,MS,Oktibbeha County,38375,42920,0.24352,0.348,,,,0,MS,10.6670931967446,1990,3,2,0,0,1.09861228866811
28107,1451,MS,Panola County,29996,34283,0.26623,0.108,,,,0,MS,10.4424048834683,1990,0,0,0,0,0
28109,1452,MS,Pearl River County,38714,48518,0.30684,0.139,,,,0,MS,10.789690142093,1990,1,1,0,0,0
28111,1453,MS,Perry County,10865,12111,0.27201,0.077,,,,0,MS,9.40186940952105,,,,,,0
28113,1454,MS,Pike County,36882,38957,0.2393,0.125,,,,0,MS,10.5702137527383,1990,2,2,0,0,0.693147180559945
28115,1455,MS,Pontotoc County,22237,26811,0.31991,0.114,,,,0,MS,10.1965675300495,1990,0,0,0,0,0
28117,1456,MS,Prentiss County,23278,25582,0.28606,0.099,,,,0,MS,10.1496442581593,1990,0,0,0,0,0
28119,1457,MS,Quitman County,10490,10121,0.20604,0.106,,,,0,MS,9.2223677521889,,,,,,0
28121,1458,MS,Rankin County,87161,115403,0.44709,0.238,,,,0,MS,11.656185629252,1990,0,0,0,0,0
28123,1459,MS,Scott County,24137,28455,0.26726,0.086,,,,0,MS,10.2560791710372,1990,0,0,0,0,0
28125,1460,MS,Sharkey County,7066,6576,0.22399,0.126,,,,0,MS,8.79118193673602,,,,,,0
28127,1461,MS,Simpson County,23953,27634,0.27731,0.109,,,,0,MS,10.2268021776166,1990,1,1,0,0,0
28129,1462,MS,Smith County,14798,16163,0.30623,0.091,,,,0,MS,9.69047995840981,,,,,,0
28131,1463,MS,Stone County,10750,13592,0.31465,0.124,,,,0,MS,9.51723666335177,1990,1,1,0,0,0
28133,1464,MS,Sunflower County,35129,34382,0.24714,0.12,,,,0,MS,10.4452884506014,,,,,,0
28135,1465,MS,Tallahatchie County,15210,14896,0.221,0.109,,,,0,MS,9.60884799951685,,,,,,0
28137,1466,MS,Tate County,21432,25386,0.35404,0.123,,,,0,MS,10.1419531199481,1990,0,0,0,0,0
28139,1467,MS,Tippah County,19523,20890,0.29735,0.09,,,,0,MS,9.94702585455061,,,,,,0
28141,1468,MS,Tishomingo County,17683,19155,0.28594,0.087,,,,0,MS,9.86031905713475,,,,,,0
28143,1469,MS,Tunica County,8164,9240,0.2317,0.091,,,,0,MS,9.13129716463573,1990,0,0,0,0,0
28145,1470,MS,Union County,22085,25344,0.32429,0.132,,,,0,MS,10.1402972946142,,,,,,0
28147,1471,MS,Walthall County,14352,15161,0.23055,0.104,,,,0,MS,9.62648162008158,1990,0,0,0,0,0
28149,1472,MS,Warren County,47880,49668,0.34841,0.208,,,,0,MS,10.8131161415367,1990,4,4,0,0,1.38629436111989
28151,1473,MS,Washington County,67935,63035,0.25429,0.164,,,,0,MS,11.0514454066654,1990,2,2,0,0,0.693147180559945
28153,1474,MS,Wayne County,19517,21372,0.26038,0.095,,,,0,MS,9.96983693307766,1990,0,0,0,0,0
28155,1475,MS,Webster County,10222,10284,0.29636,0.13,,,,0,MS,9.23834456838578,,,,,,0
28157,1476,MS,Wilkinson County,9678,10337,0.18739,0.1,,,,0,MS,9.24348497056848,,,,,,0
28159,1477,MS,Winston County,19433,20157,0.2803,0.138,,,,0,MS,9.91130690158826,1990,1,1,0,0,0
28161,1478,MS,Yalobusha County,12033,13052,0.26815,0.096,,,,0,MS,9.47669665771321,,,,,,0
28163,1479,MS,Yazoo County,25506,28144,0.25021,0.118,,,,0,MS,10.2450894669773,1990,1,1,0,0,0
29001,1480,MO,Adair County,24577,24968,0.27394,0.285,,,,0,MO,10.1253502839506,1990,6,5,0,0,1.79175946922806
29003,1481,MO,Andrew County,14632,16489,0.40825,0.188,,,,0,MO,9.71044877090097,,,,,,0
29005,1482,MO,Atchison County,7457,6424,0.3087,0.166,,,,0,MO,8.7677962556266,,,,,,0
29007,1483,MO,Audrain County,23599,25857,0.31899,0.127,,,,0,MO,10.1603366363155,1990,0,0,0,0,0
29009,1484,MO,Barry County,27547,33980,0.28681,0.107,,,,0,MO,10.4335273952259,1990,0,0,0,0,0
29011,1485,MO,Barton County,11312,12543,0.29394,0.106,,,,0,MO,9.43691802002467,1990,0,0,0,0,0
29013,1486,MO,Bates County,15025,16648,0.30714,0.101,,,,0,MO,9.72004536807347,1990,1,1,0,0,0
29015,1487,MO,Benton County,13859,17141,0.26948,0.088,,,,0,MO,9.74922853350706,1990,1,1,0,0,0
29017,1488,MO,Bollinger County,10619,12012,0.30243,0.069,,,,0,MO,9.39366142910322,1990,0,0,0,0,0
29019,1489,MO,Boone County,112379,135477,0.37383,0.417,MO,2000,0,0,MO,11.8165571631967,1990,6,4,1,0,1.79175946922806
29021,1490,MO,Buchanan County,83083,86013,0.34621,0.169,,,,0,MO,11.3622537266024,1990,5,5,0,0,1.6094379124341
29023,1491,MO,Butler County,38765,40864,0.27299,0.116,,,,0,MO,10.6180047588323,1990,0,0,0,0,0
29025,1492,MO,Caldwell County,8380,8964,0.30773,0.117,,,,0,MO,9.10097183492082,,,,,,0
29027,1493,MO,Callaway County,32809,40762,0.3939,0.165,,,,0,MO,10.6155055538463,1990,1,1,0,0,0
29029,1494,MO,Camden County,27495,36807,0.35704,0.177,,,,0,MO,10.5134433234593,1990,2,2,0,0,0.693147180559945
29031,1495,MO,Cape Girardeau County,61633,68691,0.36056,0.242,MO,2000,1,1,MO,11.1373734652618,1990,4,4,0,0,1.38629436111989
29033,1496,MO,Carroll County,10748,10289,0.30579,0.14,,,,0,MO,9.23883064237581,,,,,,0
29035,1497,MO,Carter County,5515,5940,0.22907,0.108,,,,0,MO,8.68946441235669,1990,0,0,0,0,0
29037,1498,MO,Cass County,63808,82123,0.49395,0.177,,,,0,MO,11.3159734023701,1990,3,3,0,0,1.09861228866811
29039,1499,MO,Cedar County,12093,13713,0.26737,0.1,,,,0,MO,9.52609956699985,,,,,,0
29041,1500,MO,Chariton County,9202,8436,0.31715,0.114,,,,0,MO,9.04026354159867,,,,,,0
29043,1501,MO,Christian County,32644,54303,0.37825,0.209,,,,0,MO,10.9023347530147,1990,1,1,0,0,0
29045,1502,MO,Clark County,7547,7416,0.29385,0.107,,,,0,MO,8.91139510724569,,,,,,0
29047,1503,MO,Clay County,153411,183941,0.48084,0.249,,,,0,MO,12.1223703329973,1990,9,7,0,0,2.19722457733622
29049,1504,MO,Clinton County,16595,19002,0.41148,0.145,,,,0,MO,9.8522995157667,1990,0,0,0,0,0
29051,1505,MO,Cole County,63579,71423,0.43033,0.274,MO,2000,0,0,MO,11.1763752253069,1990,5,4,0,0,1.6094379124341
29053,1506,MO,Cooper County,14835,16668,0.35059,0.137,,,,0,MO,9.72124599254234,1990,0,0,0,0,0
29055,1507,MO,Crawford County,19173,22785,0.30927,0.084,,,,0,MO,10.033857703698,1990,0,0,0,0,0
29057,1508,MO,Dade County,7449,7920,0.29672,0.099,,,,0,MO,8.97714648480847,,,,,,0
29059,1509,MO,Dallas County,12646,15725,0.27035,0.095,,,,0,MO,9.66300708156864,,,,,,0
29061,1510,MO,Daviess County,7865,8012,0.30759,0.12,,,,0,MO,8.98869569678571,,,,,,0
29063,1511,MO,DeKalb County,9967,13090,0.31297,0.107,,,,0,MO,9.47960385890395,1990,0,0,0,0,0
29065,1512,MO,Dent County,13702,14926,0.27283,0.101,,,,0,MO,9.61085993769133,1990,0,0,0,0,0
29067,1513,MO,Douglas County,11876,13082,0.25646,0.099,,,,0,MO,9.47899251852116,,,,,,0
29069,1514,MO,Dunklin County,33112,33184,0.25012,0.091,,,,0,MO,10.4098231110293,1990,0,0,0,0,0
29071,1515,MO,Franklin County,80603,93820,0.42907,0.128,,,,0,MO,11.4491333318824,1990,3,3,0,0,1.09861228866811
29073,1516,MO,Gasconade County,14006,15350,0.34816,0.104,,,,0,MO,9.63887075301534,1990,1,1,0,0,0
29075,1517,MO,Gentry County,6854,6867,0.28505,0.145,,,,0,MO,8.83448260862068,,,,,,0
29077,1518,MO,Greene County,207949,240460,0.33927,0.242,MO,2000,1,1,MO,12.3903090345289,1990,19,18,0,0,2.94443897916644
29079,1519,MO,Grundy County,10536,10420,0.27148,0.125,,,,0,MO,9.25148231530736,1990,0,0,0,0,0
29081,1520,MO,Harrison County,8469,8856,0.29086,0.093,,,,0,MO,9.08885047438847,,,,,,0
29083,1521,MO,Henry County,20044,22005,0.30861,0.117,,,,0,MO,9.99902497924519,1990,1,1,0,0,0
29085,1522,MO,Hickory County,7335,8922,0.25281,0.077,,,,0,MO,9.09627541568821,1990,0,0,0,0,0
29087,1523,MO,Holt County,6034,5354,0.2991,0.117,,,,0,MO,8.5855992240803,1990,0,0,0,0,0
29089,1524,MO,Howard County,9631,10208,0.31588,0.179,,,,0,MO,9.23092700558457,1990,1,1,0,0,0
29091,1525,MO,Howell County,31447,37273,0.25411,0.109,,,,0,MO,10.5260244829285,1990,2,2,0,0,0.693147180559945
29093,1526,MO,Iron County,10726,10676,0.26061,0.084,,,,0,MO,9.27575351052442,,,,,,0
29095,1527,MO,Jackson County,633234,654941,0.391,0.234,MO,2000,2,1,MO,13.3923004342244,1990,36,31,1,0,3.58351893845611
29097,1528,MO,Jasper County,90465,104704,0.31415,0.165,,,,0,MO,11.5588926005224,1990,6,5,0,0,1.79175946922806
29099,1529,MO,Jefferson County,171380,198362,0.46206,0.121,,,,0,MO,12.1978489232302,1990,3,3,0,0,1.09861228866811
29101,1530,MO,Johnson County,42514,48270,0.3542,0.232,,,,0,MO,10.7845655286545,1990,0,0,0,0,0
29103,1531,MO,Knox County,4482,4360,0.2681,0.128,,,,0,MO,8.38022733634308,,,,,,0
29105,1532,MO,Laclede County,27158,32532,0.29491,0.113,,,,0,MO,10.3899794992867,1990,2,2,0,0,0.693147180559945
29107,1533,MO,Lafayette County,31107,32939,0.37914,0.138,,,,0,MO,10.4024126450437,1990,0,0,0,0,0
29109,1534,MO,Lawrence County,30236,35216,0.30796,0.121,,,,0,MO,10.4692558037662,1990,1,1,0,0,0
29111,1535,MO,Lewis County,10233,10487,0.30656,0.13,,,,0,MO,9.25789167383441,1990,0,0,0,0,0
29113,1536,MO,Lincoln County,28892,38916,0.42816,0.097,,,,0,MO,10.5691607560953,1990,0,0,0,0,0
29115,1537,MO,Linn County,13885,13754,0.27667,0.108,,,,0,MO,9.52908496987978,,,,,,0
29117,1538,MO,Livingston County,14592,14562,0.31996,0.131,,,,0,MO,9.58617067495466,,,,,,0
29119,1539,MO,McDonald County,16938,21684,0.27123,0.07,,,,0,MO,9.98432994038023,1990,0,0,0,0,0
29121,1540,MO,Macon County,15345,15760,0.30135,0.13,,,,0,MO,9.66523036341187,,,,,,0
29123,1541,MO,Madison County,11127,11851,0.2572,0.078,,,,0,MO,9.38016753118845,1990,1,1,0,0,0
29125,1542,MO,Maries County,7976,8924,0.32013,0.11,,,,0,MO,9.09649955555242,,,,,,0
29127,1543,MO,Marion County,27682,28267,0.31652,0.156,,,,0,MO,10.2494503254952,1990,3,3,0,0,1.09861228866811
29129,1544,MO,Mercer County,3723,3756,0.29485,0.122,,,,0,MO,8.23110984032815,,,,,,0
29131,1545,MO,Miller County,20700,23562,0.30912,0.114,,,,0,MO,10.0673905238061,1990,1,1,0,0,0
29133,1546,MO,Mississippi County,14442,13430,0.22791,0.096,,,,0,MO,9.50524628951728,,,,,,0
29135,1547,MO,Moniteau County,12298,14829,0.36812,0.13,,,,0,MO,9.60434000197507,,,,,,0
29137,1548,MO,Monroe County,9104,9320,0.31223,0.095,,,,0,MO,9.13991790767964,,,,,,0
29139,1549,MO,Montgomery County,11355,12140,0.33407,0.099,,,,0,MO,9.40426106461349,,,,,,0
29141,1550,MO,Morgan County,15574,19239,0.30334,0.107,,,,0,MO,9.86469474781697,1990,0,0,0,0,0
29143,1551,MO,New Madrid County,20928,19691,0.26756,0.096,,,,0,MO,9.88791695754517,1990,1,1,0,0,0
29145,1552,MO,Newton County,44445,52596,0.35036,0.161,,,,0,MO,10.8703953502068,1990,1,1,0,0,0
29147,1553,MO,Nodaway County,21709,21913,0.31724,0.236,,,,0,MO,9.9948353469954,1990,2,2,0,0,0.693147180559945
29149,1554,MO,Oregon County,9470,10332,0.22184,0.091,,,,0,MO,9.24300115421573,1990,0,0,0,0,0
29151,1555,MO,Osage County,12018,13019,0.39782,0.104,,,,0,MO,9.4741651078974,1990,0,0,0,0,0
29153,1556,MO,Ozark County,8598,9536,0.25685,0.083,,,,0,MO,9.16282938930513,,,,,,0
29155,1557,MO,Pemiscot County,21921,20079,0.22044,0.084,,,,0,MO,9.90742977176875,,,,,,0
29157,1558,MO,Perry County,16648,18120,0.36716,0.099,,,,0,MO,9.80477157959697,,,,,,0
29159,1559,MO,Pettis County,35437,39418,0.3158,0.15,,,,0,MO,10.5819778437524,1990,5,5,0,0,1.6094379124341
29161,1560,MO,Phelps County,35248,39826,0.29497,0.211,,,,0,MO,10.5922752443186,1990,3,1,0,0,1.09861228866811
29163,1561,MO,Pike County,15969,18347,0.32362,0.102,,,,0,MO,9.81722135237872,,,,,,0
29165,1562,MO,Platte County,57867,73826,0.55662,0.333,MO,2000,1,1,MO,11.2094662520673,1990,1,1,0,0,0
29167,1563,MO,Polk County,21826,26922,0.29413,0.146,,,,0,MO,10.200699075204,1990,0,0,0,0,0
29169,1564,MO,Pulaski County,41307,41170,0.34337,0.188,,,,0,MO,10.625465114764,1990,0,0,0,0,0
29171,1565,MO,Putnam County,5079,5216,0.26261,0.112,,,,0,MO,8.55948610360649,,,,,,0
29173,1566,MO,Ralls County,8476,9632,0.36739,0.123,,,,0,MO,9.1728461675486,,,,,,0
29175,1567,MO,Randolph County,24370,24663,0.3116,0.117,,,,0,MO,10.1130594238202,,,,,,0
29177,1568,MO,Ray County,21968,23374,0.41764,0.108,,,,0,MO,10.0593795724931,,,,,,0
29179,1569,MO,Reynolds County,6661,6687,0.25203,0.075,,,,0,MO,8.80792062205398,1990,0,0,0,0,0
29181,1570,MO,Ripley County,12303,13505,0.23386,0.078,,,,0,MO,9.51081526622672,1990,0,0,0,0,0
29183,1571,MO,St. Charles County,212751,283939,0.57198,0.263,MO,2000,0,0,MO,12.5565147053405,1990,11,9,0,0,2.39789527279837
29185,1572,MO,St. Clair County,8457,9652,0.25584,0.09,,,,0,MO,9.17492042674492,1990,0,0,0,0,0
29186,1573,MO,Ste. Genevieve County,16037,17819,0.38416,0.081,,,,0,MO,9.78802058272741,1990,0,0,0,0,0
29187,1574,MO,St. Francois County,48904,55643,0.31321,0.102,,,,0,MO,10.9267115626284,1990,1,1,0,0,0
29189,1575,MO,St. Louis County,993508,"1016,202",0.50517,0.354,MO,2000,3,1,MO,,1990,59,43,1,0,4.07753744390572
29195,1576,MO,Saline County,23523,23764,0.32735,0.158,,,,0,MO,10.0759271094756,1990,0,0,0,0,0
29197,1577,MO,Schuyler County,4236,4173,0.28348,0.116,,,,0,MO,8.33639048059155,,,,,,0
29199,1578,MO,Scotland County,4822,4983,0.27364,0.112,,,,0,MO,8.51378739828141,,,,,,0
29201,1579,MO,Scott County,39376,40437,0.31356,0.106,,,,0,MO,10.6075004864064,1990,0,0,0,0,0
29203,1580,MO,Shannon County,7613,8319,0.2111,0.076,,,,0,MO,9.02629733428389,1990,0,0,0,0,0
29205,1581,MO,Shelby County,6942,6808,0.29105,0.125,,,,0,MO,8.82585367025321,,,,,,0
29207,1582,MO,Stoddard County,28895,29720,0.27055,0.101,,,,0,MO,10.2995754988317,1990,0,0,0,0,0
29209,1583,MO,Stone County,19078,28505,0.3248,0.142,,,,0,MO,10.2578347894657,,,,,,0
29211,1584,MO,Sullivan County,6326,7228,0.26229,0.084,,,,0,MO,8.88571765171212,,,,,,0
29213,1585,MO,Taney County,25561,39776,0.30945,0.149,,,,0,MO,10.5910189943104,1990,1,1,0,0,0
29215,1586,MO,Texas County,21476,22996,0.24369,0.108,,,,0,MO,10.0430755667432,1990,0,0,0,0,0
29217,1587,MO,Vernon County,19041,20449,0.29949,0.142,,,,0,MO,9.92568926051981,1990,0,0,0,0,0
29219,1588,MO,Warren County,19534,24536,0.41159,0.111,,,,0,MO,10.1078967057941,1990,0,0,0,0,0
29221,1589,MO,Washington County,20380,23318,0.26925,0.075,,,,0,MO,10.0569808734932,1990,1,1,0,0,0
29223,1590,MO,Wayne County,11543,13237,0.24156,0.068,,,,0,MO,9.49077121771377,,,,,,0
29225,1591,MO,Webster County,23753,31041,0.3159,0.11,,,,0,MO,10.3430641902731,1990,0,0,0,0,0
29227,1592,MO,Worth County,2440,2384,0.27472,0.113,,,,0,MO,7.77653502818524,,,,,,0
29229,1593,MO,Wright County,16758,17937,0.24601,0.098,,,,0,MO,9.79462089754901,1990,1,1,0,0,0
29510,1594,MO,St. Louis city,396685,348192,0.27033,0.191,,,,0,MO,12.7605093307507,1990,21,15,2,0,3.04452243772342
30001,1595,MT,Beaverhead County,8424,9192,0.29034,0.264,,,,0,MT,9.12608881952859,1990,1,1,0,0,0
30003,1596,MT,Big Horn County,11337,12676,0.27584,0.143,,,,0,MT,9.44746572081081,1990,0,0,0,0,0
30005,1597,MT,Blaine County,6728,7009,0.25099,0.174,,,,0,MT,8.85495031650033,,,,,,0
30007,1598,MT,Broadwater County,3318,4380,0.32982,0.15,,,,0,MT,8.38480400337049,,,,,,0
30009,1599,MT,Carbon County,8080,9545,0.32114,0.233,,,,0,MT,9.16377273615985,1990,0,0,0,0,0
30011,1600,MT,Carter County,1503,1358,0.25903,0.136,,,,0,MT,7.21376830811864,,,,,,0
30013,1601,MT,Cascade County,77691,80356,0.32732,0.215,MT,2000,1,1,MT,11.294222041682,1990,3,3,0,0,1.09861228866811
30015,1602,MT,Chouteau County,5452,5962,0.29661,0.205,,,,0,MT,8.69316127423802,,,,,,0
30017,1603,MT,Custer County,11697,11694,0.30017,0.188,,,,0,MT,9.36683116873562,1990,0,0,0,0,0
30019,1604,MT,Daniels County,2266,2017,0.27938,0.141,,,,0,MT,7.60936653795421,,,,,,0
30021,1605,MT,Dawson County,9505,9059,0.31236,0.151,,,,0,MT,9.11151401766929,1990,0,0,0,0,0
30023,1606,MT,Deer Lodge County,10356,9416,0.26172,0.147,,,,0,MT,9.15016564894011,,,,,,0
30025,1607,MT,Fallon County,3103,2835,0.29489,0.144,,,,0,MT,7.94979721616185,,,,,,0
30027,1608,MT,Fergus County,12083,11905,0.30396,0.191,,,,0,MT,9.38471375892096,1990,1,1,0,0,0
30029,1609,MT,Flathead County,59218,74507,0.34617,0.224,,,,0,MT,11.2186483596853,1990,7,7,0,0,1.94591014905531
30031,1610,MT,Gallatin County,50484,67837,0.3822,0.41,MT,2000,0,0,MT,11.1248630477899,1990,9,7,1,0,2.19722457733622
30033,1611,MT,Garfield County,1589,1279,0.24688,0.168,,,,0,MT,7.15383380157884,,,,,,0
30035,1612,MT,Glacier County,12121,13240,0.27292,0.165,,,,0,MT,9.490997829491,,,,,,0
30037,1613,MT,Golden Valley County,912,1040,0.2875,0.162,,,,0,MT,6.94697599213542,,,,,,0
30039,1614,MT,Granite County,2548,2841,0.27436,0.221,,,,0,MT,7.95191138185419,,,,,,0
30041,1615,MT,Hill County,17654,16671,0.30957,0.2,,,,0,MT,9.72142596194803,1990,3,3,0,0,1.09861228866811
30043,1616,MT,Jefferson County,7939,10034,0.41472,0.277,,,,0,MT,9.2137346050442,,,,,,0
30045,1617,MT,Judith Basin County,2282,2326,0.28565,0.236,,,,0,MT,7.75190533307861,,,,,,0
30047,1618,MT,Lake County,21041,26482,0.28382,0.222,,,,0,MT,10.1842205358997,1990,0,0,0,0,0
30049,1619,MT,Lewis and Clark County,47495,55716,0.36989,0.316,,,,0,MT,10.9280226378079,1990,4,4,0,0,1.38629436111989
30051,1620,MT,Liberty County,2295,2158,0.30563,0.176,,,,0,MT,7.67693714581808,,,,,,0
30053,1621,MT,Lincoln County,17481,18820,0.26561,0.137,,,,0,MT,9.84267541313937,1990,1,1,0,0,0
30055,1622,MT,McCone County,2276,1971,0.29191,0.164,,,,0,MT,7.58629630715272,,,,,,0
30057,1623,MT,Madison County,5989,6848,0.29798,0.255,,,,0,MT,8.83171191782158,1990,0,0,0,0,0
30059,1624,MT,Meagher County,1819,1928,0.29625,0.187,,,,0,MT,7.56423847517049,,,,,,0
30061,1625,MT,Mineral County,3315,3871,0.27413,0.123,,,,0,MT,8.26126815057765,,,,,,0
30063,1626,MT,Missoula County,78687,95803,0.34559,0.328,MT,2000,1,1,MT,11.4700492787087,1990,9,8,1,0,2.19722457733622
30065,1627,MT,Musselshell County,4106,4492,0.25615,0.167,,,,0,MT,8.41005331585834,,,,,,0
30067,1628,MT,Park County,14515,15694,0.31334,0.231,,,,0,MT,9.66103375268742,1990,2,2,0,0,0.693147180559945
30069,1629,MT,Petroleum County,519,493,0.2375,0.174,,,,0,MT,6.20050917404269,,,,,,0
30071,1630,MT,Phillips County,5163,4601,0.28529,0.171,,,,0,MT,8.43402895015547,1990,0,0,0,0,0
30073,1631,MT,Pondera County,6433,6425,0.30076,0.198,,,,0,MT,8.76795190976342,,,,,,0
30075,1632,MT,Powder River County,2090,1858,0.28398,0.16,,,,0,MT,7.52725591937378,,,,,,0
30077,1633,MT,Powell County,6620,7185,0.30563,0.131,,,,0,MT,8.87975079851313,,,,,,0
30079,1634,MT,Prairie County,1383,1199,0.25404,0.148,,,,0,MT,7.08924315502751,,,,,,0
30081,1635,MT,Ravalli County,25010,36093,0.32289,0.225,,,,0,MT,10.4938542197016,1990,2,2,0,0,0.693147180559945
30083,1636,MT,Richland County,10716,9666,0.32485,0.172,,,,0,MT,9.17636985240503,1990,1,1,0,0,0
30085,1637,MT,Roosevelt County,10999,10632,0.24809,0.156,,,,0,MT,9.27162360039308,,,,,,0
30087,1638,MT,Rosebud County,10505,9389,0.36035,0.176,,,,0,MT,9.14729407025855,1990,0,0,0,0,0
30089,1639,MT,Sanders County,8669,10238,0.26329,0.155,,,,0,MT,9.23386156701753,1990,0,0,0,0,0
30091,1640,MT,Sheridan County,4732,4105,0.29413,0.184,,,,0,MT,8.31996102188653,,,,,,0
30093,1641,MT,Silver Bow County,33941,34625,0.30659,0.217,,,,0,MT,10.4523312434896,1990,4,4,0,0,1.38629436111989
30095,1642,MT,Stillwater County,6536,8221,0.38561,0.178,,,,0,MT,9.01444713515213,,,,,,0
30097,1643,MT,Sweet Grass County,3154,3601,0.3237,0.236,,,,0,MT,8.18896686364888,1990,1,1,0,0,0
30099,1644,MT,Teton County,6271,6449,0.30373,0.208,,,,0,MT,8.77168035901038,,,,,,0
30101,1645,MT,Toole County,5046,5255,0.30266,0.168,,,,0,MT,8.56693528331105,,,,,,0
30103,1646,MT,Treasure County,874,857,0.2994,0.182,,,,0,MT,6.75343791859778,,,,,,0
30105,1647,MT,Valley County,8239,7673,0.31058,0.157,,,,0,MT,8.94546295217767,,,,,,0
30107,1648,MT,Wheatland County,2246,2259,0.25396,0.135,,,,0,MT,7.722677516468,,,,,,0
30109,1649,MT,Wibaux County,1191,1067,0.27574,0.16,,,,0,MT,6.97260625130175,,,,,,0
30111,1650,MT,Yellowstone County,113419,129347,0.36889,0.264,MT,2000,1,1,MT,11.7702539944577,1990,10,9,0,0,2.30258509299405
31001,1651,NE,Adams County,29625,31150,0.37305,0.199,,,,0,NE,10.3465695242156,1990,3,3,0,0,1.09861228866811
31003,1652,NE,Antelope County,7965,7447,0.29661,0.143,,,,0,NE,8.91556654571065,1990,0,0,0,0,0
31005,1653,NE,Arthur County,462,444,0.28958,0.157,,,,0,NE,6.09582456243223,,,,,,0
31007,1654,NE,Banner County,852,815,0.31736,0.196,,,,0,NE,6.70318811324086,,,,,,0
31009,1655,NE,Blaine County,675,583,0.25147,0.123,,,,0,NE,6.36818718635049,,,,,,0
31011,1656,NE,Boone County,6667,6259,0.31283,0.131,,,,0,NE,8.7417757069247,,,,,,0
31013,1657,NE,Box Butte County,13130,12159,0.39471,0.153,,,,0,NE,9.40582491529642,1990,1,1,0,0,0
31015,1658,NE,Boyd County,2835,2443,0.25926,0.128,,,,0,NE,7.80098207125774,,,,,,0
31017,1659,NE,Brown County,3657,3525,0.28413,0.172,,,,0,NE,8.16763571524637,1990,0,0,0,0,0
31019,1660,NE,Buffalo County,37447,42232,0.36405,0.302,,,,0,NE,10.6509335065035,1990,3,3,0,0,1.09861228866811
31021,1661,NE,Burt County,7868,7791,0.33979,0.142,,,,0,NE,8.96072450033086,,,,,,0
31023,1662,NE,Butler County,8601,8857,0.36242,0.136,,,,0,NE,9.08896338580958,,,,,,0
31025,1663,NE,Cass County,21318,24319,0.46405,0.187,,,,0,NE,10.0990132168137,1990,0,0,0,0,0
31027,1664,NE,Cedar County,10131,9626,0.33035,0.13,,,,0,NE,9.17222304986305,,,,,,0
31029,1665,NE,Chase County,4381,4068,0.3231,0.166,,,,0,NE,8.31090675716845,1990,0,0,0,0,0
31031,1666,NE,Cherry County,6307,6149,0.29427,0.194,,,,0,NE,8.72404474595347,1990,0,0,0,0,0
31033,1667,NE,Cheyenne County,9494,9833,0.33166,0.168,,,,0,NE,9.19349935478016,1990,0,0,0,0,0
31035,1668,NE,Clay County,7123,7036,0.33835,0.162,,,,0,NE,8.85879510585745,,,,,,0
31037,1669,NE,Colfax County,9139,10434,0.35938,0.115,,,,0,NE,9.25282498358234,,,,,,0
31039,1670,NE,Cuming County,10117,10203,0.33133,0.123,,,,0,NE,9.2304370736753,1990,0,0,0,0,0
31041,1671,NE,Custer County,12270,11794,0.30644,0.161,,,,0,NE,9.37534620656045,,,,,,0
31043,1672,NE,Dakota County,16742,20265,0.38694,0.124,,,,0,NE,9.91665053906241,,,,,,0
31045,1673,NE,Dawes County,9021,9060,0.28931,0.284,,,,0,NE,9.11162439903702,1990,1,0,0,0,0
31047,1674,NE,Dawson County,19940,24370,0.3641,0.144,,,,0,NE,10.1011081466193,,,,,,0
31049,1675,NE,Deuel County,2237,2089,0.325,0.174,,,,0,NE,7.64444076155657,,,,,,0
31051,1676,NE,Dixon County,6143,6277,0.34149,0.141,,,,0,NE,8.74464743831753,,,,,,0
31053,1677,NE,Dodge County,34500,36150,0.37447,0.15,,,,0,NE,10.4954322275869,1990,2,2,0,0,0.693147180559945
31055,1678,NE,Douglas County,416444,463567,0.42913,0.306,NE,2000,2,1,NE,13.0467062058607,1990,32,27,2,0,3.46573590279973
31057,1679,NE,Dundy County,2582,2292,0.27131,0.167,,,,0,NE,7.73718007783463,,,,,,0
31059,1680,NE,Fillmore County,7103,6634,0.35057,0.157,,,,0,NE,8.799963219507,,,,,,0
31061,1681,NE,Franklin County,3938,3569,0.2875,0.158,,,,0,NE,8.18004072349016,,,,,,0
31063,1682,NE,Frontier County,3101,3089,0.3377,0.179,,,,0,NE,8.03560269291858,,,,,,0
31065,1683,NE,Furnas County,5553,5324,0.30365,0.161,,,,0,NE,8.579980179515,1990,0,0,0,0,0
31067,1684,NE,Gage County,22794,22992,0.34814,0.154,,,,0,NE,10.0429016083188,1990,1,1,0,0,0
31069,1685,NE,Garden County,2460,2294,0.25815,0.142,,,,0,NE,7.73805229768932,,,,,,0
31071,1686,NE,Garfield County,2141,1902,0.27831,0.134,,,,0,NE,7.55066124310534,,,,,,0
31073,1687,NE,Gosper County,1928,2143,0.36156,0.176,,,,0,NE,7.66996199547358,,,,,,0
31075,1688,NE,Grant County,769,735,0.34808,0.247,,,,0,NE,6.59987049921284,,,,,,0
31077,1689,NE,Greeley County,3006,2714,0.28669,0.135,,,,0,NE,7.90617884039482,,,,,,0
31079,1690,NE,Hall County,48925,53577,0.37264,0.159,,,,0,NE,10.8888751504896,1990,6,6,0,0,1.79175946922806
31081,1691,NE,Hamilton County,8862,9408,0.40266,0.186,,,,0,NE,9.14931567013841,1990,1,1,0,0,0
31083,1692,NE,Harlan County,3810,3783,0.30996,0.153,,,,0,NE,8.23827262463303,,,,,,0
31085,1693,NE,Hayes County,1222,1068,0.26429,0.116,,,,0,NE,6.97354301952014,,,,,,0
31087,1694,NE,Hitchcock County,3750,3110,0.2875,0.138,,,,0,NE,8.04237800517328,,,,,,0
31089,1695,NE,Holt County,12599,11544,0.30672,0.145,,,,0,NE,9.35392110045371,1990,1,1,0,0,0
31091,1696,NE,Hooker County,793,783,0.27847,0.157,,,,0,NE,6.6631326959908,,,,,,0
31093,1697,NE,Howard County,6057,6561,0.33429,0.142,,,,0,NE,8.78889830934488,1990,1,1,0,0,0
31095,1698,NE,Jefferson County,8759,8340,0.32686,0.144,,,,0,NE,9.02881849535279,,,,,,0
31097,1699,NE,Johnson County,4673,4488,0.32239,0.147,,,,0,NE,8.40916244720253,,,,,,0
31099,1700,NE,Kearney County,6629,6887,0.39274,0.213,,,,0,NE,8.8373908555447,,,,,,0
31101,1701,NE,Keith County,8584,8868,0.32945,0.168,,,,0,NE,9.0902045707362,,,,,,0
31103,1702,NE,Keya Paha County,1029,985,0.2375,0.157,,,,0,NE,6.89264164117209,,,,,,0
31105,1703,NE,Kimball County,4108,4085,0.30898,0.135,,,,0,NE,8.3150770072941,,,,,,0
31107,1704,NE,Knox County,9564,9370,0.27435,0.144,,,,0,NE,9.14526837523247,,,,,,0
31109,1705,NE,Lancaster County,213641,250307,0.4186,0.326,NE,2000,2,1,NE,12.4304434434691,1990,14,10,1,0,2.63905732961526
31111,1706,NE,Lincoln County,32508,34630,0.36388,0.162,,,,0,NE,10.4524756373965,1990,6,6,0,0,1.79175946922806
31113,1707,NE,Logan County,878,774,0.3375,0.105,,,,0,NE,6.65157187358973,,,,,,0
31115,1708,NE,Loup County,683,712,0.25804,0.133,,,,0,NE,6.56807791141198,,,,,,0
31117,1709,NE,McPherson County,546,533,0.26,0.222,,,,0,NE,6.27852142416584,,,,,,0
31119,1710,NE,Madison County,32655,35254,0.35633,0.17,,,,0,NE,10.4703342769799,1990,1,1,0,0,0
31121,1711,NE,Merrick County,8062,8189,0.34694,0.149,,,,0,NE,9.01054706927019,,,,,,0
31123,1712,NE,Morrill County,5423,5443,0.2994,0.143,,,,0,NE,8.6020856584342,,,,,,0
31125,1713,NE,Nance County,4275,4042,0.31198,0.114,,,,0,NE,8.30449489796357,,,,,,0
31127,1714,NE,Nemaha County,7980,7580,0.32266,0.229,,,,0,NE,8.93326847863642,1990,0,0,0,0,0
31129,1715,NE,Nuckolls County,5786,5056,0.28976,0.131,,,,0,NE,8.52833093582669,,,,,,0
31131,1716,NE,Otoe County,14252,15402,0.36961,0.181,,,,0,NE,9.64225265009919,1990,0,0,0,0,0
31133,1717,NE,Pawnee County,3317,3089,0.28608,0.144,,,,0,NE,8.03560269291858,,,,,,0
31135,1718,NE,Perkins County,3367,3199,0.33831,0.176,,,,0,NE,8.07059353994952,,,,,,0
31137,1719,NE,Phelps County,9715,9746,0.37651,0.204,,,,0,NE,9.18461222340345,1990,0,0,0,0,0
31139,1720,NE,Pierce County,7827,7843,0.32061,0.133,,,,0,NE,8.96737669321267,,,,,,0
31141,1721,NE,Platte County,29820,31574,0.39299,0.172,,,,0,NE,10.3600892760917,1990,2,2,0,0,0.693147180559945
31143,1722,NE,Polk County,5655,5629,0.37564,0.135,,,,0,NE,8.63568708546403,1990,0,0,0,0,0
31145,1723,NE,Red Willow County,11705,11456,0.32154,0.152,,,,0,NE,9.34626888920043,1990,3,3,0,0,1.09861228866811
31147,1724,NE,Richardson County,9937,9531,0.29502,0.136,,,,0,NE,9.16230492293763,,,,,,0
31149,1725,NE,Rock County,2019,1754,0.25614,0.122,,,,0,NE,7.46965417293213,,,,,,0
31151,1726,NE,Saline County,12715,13858,0.366,0.14,,,,0,NE,9.53661796218733,,,,,,0
31153,1727,NE,Sarpy County,102583,122633,0.53746,0.302,,,,0,NE,11.7169514342911,1990,7,7,0,0,1.94591014905531
31155,1728,NE,Saunders County,18285,19827,0.416,0.169,,,,0,NE,9.89479992413856,1990,0,0,0,0,0
31157,1729,NE,Scotts Bluff County,36025,36952,0.31892,0.173,,,,0,NE,10.5173750521104,1990,4,4,0,0,1.38629436111989
31159,1730,NE,Seward County,15450,16491,0.42546,0.226,,,,0,NE,9.71057005652877,1990,2,2,0,0,0.693147180559945
31161,1731,NE,Sheridan County,6750,6186,0.29323,0.172,,,,0,NE,8.73004395324502,,,,,,0
31163,1732,NE,Sherman County,3718,3312,0.28125,0.108,,,,0,NE,8.10530751550515,,,,,,0
31165,1733,NE,Sioux County,1549,1475,0.2968,0.215,,,,0,NE,7.29641326877392,,,,,,0
31167,1734,NE,Stanton County,6244,6453,0.36823,0.137,,,,0,NE,8.77230041793584,,,,,,0
31169,1735,NE,Thayer County,6635,6042,0.30816,0.15,,,,0,NE,8.70649036194662,,,,,,0
31171,1736,NE,Thomas County,851,728,0.27019,0.172,,,,0,NE,6.59030104819669,,,,,,0
31173,1737,NE,Thurston County,6936,7167,0.2776,0.12,,,,0,NE,8.87724243599392,,,,,,0
31175,1738,NE,Valley County,5169,4651,0.28105,0.164,,,,0,NE,8.4448375292241,1990,0,0,0,0,0
31177,1739,NE,Washington County,16607,18787,0.486,0.227,,,,0,NE,9.8409204202673,1990,1,1,0,0,0
31179,1740,NE,Wayne County,9364,9890,0.32509,0.28,,,,0,NE,9.19927942461676,1990,1,1,0,0,0
31181,1741,NE,Webster County,4279,4055,0.29972,0.137,,,,0,NE,8.30770596654951,,,,,,0
31183,1742,NE,Wheeler County,948,888,0.26,0.149,,,,0,NE,6.78897174299217,,,,,,0
31185,1743,NE,York County,14428,14602,0.3724,0.17,,,,0,NE,9.58891378461603,1990,1,1,0,0,0
32001,1744,NV,Churchill County,17938,23984,0.41177,0.167,,,,0,NV,10.0851422203424,1990,0,0,0,0,0
32003,1745,NV,Clark County,741368,"1375,741",0.44331,0.173,NV,2000,2,1,NV,,1990,29,22,2,0,3.36729582998647
32005,1746,NV,Douglas County,27637,41245,0.51567,0.232,,,,0,NV,10.6272851722948,1990,0,0,0,0,0
32007,1747,NV,Elko County,33463,45287,0.47674,0.148,,,,0,NV,10.7207752945683,1990,1,1,0,0,0
32009,1748,NV,Esmeralda County,1344,971,0.33083,0.096,,,,0,NV,6.87832646829133,,,,,,0
32011,1749,NV,Eureka County,1547,1651,0.41731,0.136,,,,0,NV,7.40913644392013,,,,,,0
32013,1750,NV,Humboldt County,12844,16081,0.47065,0.142,,,,0,NV,9.68539372985402,1990,0,0,0,0,0
32015,1751,NV,Lander County,6266,5790,0.45807,0.108,,,,0,NV,8.66388757056704,1990,0,0,0,0,0
32017,1752,NV,Lincoln County,3775,4165,0.29896,0.151,,,,0,NV,8.33447155460094,1990,0,0,0,0,0
32019,1753,NV,Lyon County,20001,34503,0.40544,0.113,,,,0,NV,10.4488015557607,1990,0,0,0,0,0
32021,1754,NV,Mineral County,6475,5070,0.32809,0.101,,,,0,NV,8.53109609658523,,,,,,0
32023,1755,NV,Nye County,17781,32522,0.35695,0.101,,,,0,NV,10.3896720623857,1990,0,0,0,0,0
32027,1756,NV,Pershing County,4336,6711,0.40027,0.087,,,,0,NV,8.81150325015824,,,,,,0
32029,1757,NV,Storey County,2526,3408,0.45482,0.18,,,,0,NV,8.13388088794921,1990,0,0,0,0,0
32031,1758,NV,Washoe County,254667,339473,0.45632,0.237,NV,2000,1,1,NV,12.7351496940996,1990,15,13,0,0,2.70805020110221
32033,1759,NV,White Pine County,9264,9171,0.37143,0.118,,,,0,NV,9.12380161055894,1990,1,1,0,0,0
32510,1760,NV,Carson City,40443,52477,0.41777,0.185,,,,0,NV,10.8681302573499,1990,4,4,0,0,1.38629436111989
33001,1761,NH,Belknap County,49216,56268,0.43627,0.233,,,,0,NH,10.9378812688776,1990,4,3,0,0,1.38629436111989
33003,1762,NH,Carroll County,35410,43697,0.39703,0.265,,,,0,NH,10.6850347288416,1990,5,4,0,0,1.6094379124341
33005,1763,NH,Cheshire County,70121,73811,0.4211,0.266,,,,0,NH,11.209263050972,1990,6,4,0,0,1.79175946922806
33007,1764,NH,Coos County,34828,33089,0.33393,0.119,,,,0,NH,10.4069561798486,1990,1,1,0,0,0
33009,1765,NH,Grafton County,74929,81764,0.41869,0.327,,,,0,NH,11.3115923279199,1990,11,7,1,0,2.39789527279837
33011,1766,NH,Hillsborough County,335838,380856,0.53247,0.301,NH,2000,2,1,NH,12.8501766299108,1990,25,19,1,0,3.2188758248682
33013,1767,NH,Merrimack County,120240,136264,0.48214,0.291,,,,0,NH,11.8223494595404,1990,11,11,0,0,2.39789527279837
33015,1768,NH,Rockingham County,245845,277388,0.57911,0.317,NH,2000,1,1,NH,12.5331725270952,1990,16,13,1,0,2.77258872223978
33017,1769,NH,Strafford County,104233,112235,0.44541,0.264,,,,0,NH,11.6283501663856,1990,8,6,1,0,2.07944154167984
33019,1770,NH,Sullivan County,38592,40435,0.4064,0.197,,,,0,NH,10.6074510255299,1990,1,1,0,0,0
34001,1771,NJ,Atlantic County,224327,253210,0.43788,0.187,,,,0,NJ,12.441974462943,1990,16,13,0,0,2.77258872223978
34003,1772,NJ,Bergen County,825380,884179,0.64912,0.382,NJ,2000,3,1,NJ,13.6924148098095,1990,40,26,3,1,3.68887945411394
34005,1773,NJ,Burlington County,395066,423329,0.5822,0.284,NJ,2000,1,1,NJ,12.9559049334938,1990,12,9,0,0,2.484906649788
34007,1774,NJ,Camden County,502824,507075,0.47645,0.24,NJ,2000,0,0,NJ,13.136414200627,1990,17,13,0,0,2.83321334405622
34009,1775,NJ,Cape May County,95089,102323,0.41297,0.22,,,,0,NJ,11.535889755604,1990,8,8,0,0,2.07944154167984
34011,1776,NJ,Cumberland County,138053,146454,0.38675,0.117,,,,0,NJ,11.894466664959,1990,5,5,0,0,1.6094379124341
34013,1777,NJ,Essex County,777964,792235,0.44306,0.275,NJ,2000,2,1,NJ,13.5826133439564,1990,25,15,2,1,3.2188758248682
34015,1778,NJ,Gloucester County,230082,255946,0.53854,0.22,NJ,2000,1,1,NJ,12.4527217637113,1990,8,7,0,0,2.07944154167984
34017,1779,NJ,Hudson County,553099,609041,0.39976,0.253,NJ,2000,1,1,NJ,13.319640867907,1990,11,9,0,0,2.39789527279837
34019,1780,NJ,Hunterdon County,107852,122110,0.80012,0.418,,,,0,NJ,11.7126775568271,1990,5,5,0,0,1.6094379124341
34021,1781,NJ,Mercer County,325759,350773,0.56525,0.34,NJ,2000,1,1,NJ,12.7678945695853,1990,17,11,2,0,2.83321334405622
34023,1782,NJ,Middlesex County,671712,750275,0.61145,0.33,NJ,2000,0,0,NJ,13.5281950849734,1990,24,13,4,0,3.17805383034795
34025,1783,NJ,Monmouth County,553192,615253,0.6407,0.346,NJ,2000,4,1,NJ,13.3297888443081,1990,31,25,0,0,3.43398720448515
34027,1784,NJ,Morris County,421330,470277,0.77236,0.441,NJ,2000,1,1,NJ,13.061077161783,1990,21,10,2,0,3.04452243772342
34029,1785,NJ,Ocean County,433203,510950,0.46395,0.195,NJ,2000,1,1,NJ,13.1440270170404,1990,11,8,0,0,2.39789527279837
34031,1786,NJ,Passaic County,470872,490285,0.48772,0.212,NJ,2000,2,1,NJ,13.1027421336572,1990,13,7,1,0,2.56494935746154
34033,1787,NJ,Salem County,65294,64272,0.45078,0.152,,,,0,NJ,11.0708793565991,1990,1,1,0,0,0
34035,1788,NJ,Somerset County,240222,297544,0.76771,0.465,NJ,2000,0,0,NJ,12.6033173921915,1990,11,7,1,0,2.39789527279837
34037,1789,NJ,Sussex County,130936,144343,0.64978,0.272,,,,0,NJ,11.8799476906697,1990,4,4,0,0,1.38629436111989
34039,1790,NJ,Union County,493819,522507,0.55026,0.285,NJ,2000,2,1,NJ,13.1663936598606,1990,22,19,2,1,3.09104245335832
34041,1791,NJ,Warren County,91675,102383,0.55352,0.244,,,,0,NJ,11.5364759621804,1990,5,4,0,0,1.6094379124341
35001,1792,NM,Bernalillo County,480577,556120,0.38723,0.305,NM,2000,1,1,NM,13.2287393772835,1990,31,25,0,0,3.43398720448515
35003,1793,NM,Catron County,2563,3538,0.23698,0.184,,,,0,NM,8.17131687471973,,,,,,0
35005,1794,NM,Chaves County,57849,61373,0.28406,0.162,,,,0,NM,11.0247252780078,1990,2,2,0,0,0.693147180559945
35006,1795,NM,Cibola County,23794,25588,0.27819,0.12,,,,0,NM,10.14987877057,,,,,,0
35007,1796,NM,Colfax County,12925,14191,0.30859,0.185,,,,0,NM,9.56036323983454,1990,1,1,0,0,0
35009,1797,NM,Curry County,42207,45050,0.28662,0.153,,,,0,NM,10.7155282630365,1990,2,2,0,0,0.693147180559945
35011,1798,NM,De Baca County,2252,2240,0.25417,0.162,,,,0,NM,7.71423114484909,,,,,,0
35013,1799,NM,Doña Ana County,135510,174880,0.29648,0.223,NM,2000,0,0,NM,12.0718553034104,1990,9,9,0,0,2.19722457733622
35015,1800,NM,Eddy County,48605,51633,0.32122,0.135,,,,0,NM,10.8519162819381,1990,1,1,0,0,0
35017,1801,NM,Grant County,27676,31004,0.28804,0.205,,,,0,NM,10.3418715074014,1990,2,2,0,0,0.693147180559945
35019,1802,NM,Guadalupe County,4156,4677,0.25201,0.103,,,,0,NM,8.45041215772589,,,,,,0
35021,1803,NM,Harding County,987,807,0.25662,0.181,,,,0,NM,6.69332366826995,,,,,,0
35023,1804,NM,Hidalgo County,5958,5930,0.24138,0.099,,,,0,NM,8.68777949199177,,,,,,0
35025,1805,NM,Lea County,55765,55528,0.29287,0.116,,,,0,NM,10.9246426770194,1990,2,2,0,0,0.693147180559945
35027,1806,NM,Lincoln County,12219,19374,0.33397,0.228,,,,0,NM,9.87168723998633,1990,1,1,0,0,0
35028,1807,NM,Los Alamos County,18115,18347,0.77432,0.605,,,,0,NM,9.81722135237872,1990,5,5,0,0,1.6094379124341
35029,1808,NM,Luna County,18110,24986,0.20796,0.104,,,,0,NM,10.1260709469918,1990,1,1,0,0,0
35031,1809,NM,McKinley County,60686,74795,0.2488,0.12,,,,0,NM,11.2225063168086,1990,3,3,0,0,1.09861228866811
35033,1810,NM,Mora County,4264,5178,0.23733,0.155,,,,0,NM,8.55217416031148,1990,0,0,0,0,0
35035,1811,NM,Otero County,51928,62195,0.30912,0.154,,,,0,NM,11.0380298896441,1990,4,4,0,0,1.38629436111989
35037,1812,NM,Quay County,10823,10088,0.24405,0.137,,,,0,NM,9.21910187764476,,,,,,0
35039,1813,NM,Rio Arriba County,34365,41171,0.29258,0.154,,,,0,NM,10.6254894040002,1990,0,0,0,0,0
35041,1814,NM,Roosevelt County,16702,18022,0.26799,0.226,,,,0,NM,9.79934851279498,1990,1,1,0,0,0
35043,1815,NM,Sandoval County,63319,90546,0.44686,0.248,,,,0,NM,11.4136132878466,1990,0,0,0,0,0
35045,1816,NM,San Juan County,91605,113812,0.33322,0.135,,,,0,NM,11.6423032432698,1990,4,4,0,0,1.38629436111989
35047,1817,NM,San Miguel County,25743,30089,0.26489,0.212,,,,0,NM,10.3119149354394,1990,1,1,0,0,0
35049,1818,NM,Santa Fe County,98928,129304,0.41901,0.369,,,,0,NM,11.7699215000896,1990,15,15,0,0,2.70805020110221
35051,1819,NM,Sierra County,9912,13261,0.24114,0.131,,,,0,NM,9.4925826756776,1990,0,0,0,0,0
35053,1820,NM,Socorro County,14764,18056,0.23542,0.194,,,,0,NM,9.80123331849737,1990,1,1,0,0,0
35055,1821,NM,Taos County,23118,29981,0.26673,0.259,,,,0,NM,10.3083191266707,1990,3,3,0,0,1.09861228866811
35057,1822,NM,Torrance County,10285,16894,0.30642,0.144,,,,0,NM,9.73471380828744,1990,1,1,0,0,0
35059,1823,NM,Union County,4124,4190,0.27847,0.13,,,,0,NM,8.34045601291618,1990,1,1,0,0,0
35061,1824,NM,Valencia County,45235,66169,0.34095,0.148,,,,0,NM,11.0999673543031,1990,1,1,0,0,0
36001,1825,NY,Albany County,292812,294601,0.43077,0.333,NY,2000,1,1,NY,12.593377177438,1990,25,14,3,0,3.2188758248682
36003,1826,NY,Allegany County,50470,49881,0.32031,0.172,,,,0,NY,10.8173954477085,1990,3,2,0,0,1.09861228866811
36005,1827,NY,Bronx County,"1203,789","1332,244",0.27315,0.146,NY,2000,0,0,NY,,1990,14,12,0,0,2.63905732961526
36007,1828,NY,Broome County,212160,200415,0.35211,0.227,NY,2000,1,1,NY,12.2081454956911,1990,11,5,3,0,2.39789527279837
36009,1829,NY,Cattaraugus County,84234,83874,0.33676,0.149,,,,0,NY,11.3370709516992,1990,3,3,0,0,1.09861228866811
36011,1830,NY,Cayuga County,82313,81910,0.37395,0.155,,,,0,NY,11.3133763625096,1990,1,1,0,0,0
36013,1831,NY,Chautauqua County,141895,139698,0.33271,0.169,,,,0,NY,11.8472382287503,1990,5,3,0,0,1.6094379124341
36015,1832,NY,Chemung County,95195,91119,0.36126,0.186,NY,2000,1,1,NY,11.4199216235218,1990,4,3,0,0,1.38629436111989
36017,1833,NY,Chenango County,51768,51356,0.33656,0.144,,,,0,NY,10.846537053711,1990,4,4,0,0,1.38629436111989
36019,1834,NY,Clinton County,85969,79882,0.3719,0.178,,,,0,NY,11.2883058247727,1990,8,4,2,0,2.07944154167984
36021,1835,NY,Columbia County,62982,63074,0.4183,0.226,,,,0,NY,11.0520639192417,1990,4,2,0,0,1.38629436111989
36023,1836,NY,Cortland County,48963,48704,0.34977,0.188,,,,0,NY,10.7935164412214,1990,2,2,0,0,0.693147180559945
36025,1837,NY,Delaware County,47352,47894,0.32404,0.166,,,,0,NY,10.7767455145929,1990,0,0,0,0,0
36027,1838,NY,Dutchess County,259462,280032,0.53086,0.276,NY,2000,1,1,NY,12.5426591613356,1990,22,17,0,0,3.09104245335832
36029,1839,NY,Erie County,968584,950227,0.38211,0.245,NY,2000,2,1,NY,13.7644561824018,1990,39,26,2,0,3.66356164612965
36031,1840,NY,Essex County,37152,38893,0.34702,0.183,,,,0,NY,10.5685695648277,1990,2,2,0,0,0.693147180559945
36033,1841,NY,Franklin County,46540,51110,0.31214,0.13,,,,0,NY,10.8417354517623,1990,1,1,0,0,0
36035,1842,NY,Fulton County,54191,55053,0.3341,0.135,,,,0,NY,10.9160516365788,1990,1,1,0,0,0
36037,1843,NY,Genesee County,60060,60548,0.40629,0.163,,,,0,NY,11.0111917178825,1990,2,2,0,0,0.693147180559945
36039,1844,NY,Greene County,44739,48021,0.36229,0.164,,,,0,NY,10.7793936942148,1990,0,0,0,0,0
36041,1845,NY,Hamilton County,5279,5376,0.32401,0.184,,,,0,NY,8.58969988220299,,,,,,0
36043,1846,NY,Herkimer County,65809,64502,0.32914,0.157,,,,0,NY,11.0744515100551,1990,2,1,1,0,0.693147180559945
36045,1847,NY,Jefferson County,110943,111716,0.33876,0.16,,,,0,NY,11.6237152156229,1990,4,3,0,0,1.38629436111989
36047,1848,NY,Kings County,"2300,664","2465,689",0.31726,0.218,NY,2000,1,1,NY,,1990,43,34,5,0,3.76120011569356
36049,1849,NY,Lewis County,26796,26946,0.3445,0.117,,,,0,NY,10.2015901423158,,,,,,0
36051,1850,NY,Livingston County,62372,64631,0.42092,0.192,,,,0,NY,11.0764494508279,1990,3,2,0,0,1.09861228866811
36053,1851,NY,Madison County,69166,69420,0.40033,0.216,,,,0,NY,11.1479302894158,1990,1,1,0,0,0
36055,1852,NY,Monroe County,713968,735328,0.44805,0.312,NY,2000,2,1,NY,13.5080719371547,1990,36,21,6,0,3.58351893845611
36057,1853,NY,Montgomery County,51981,49637,0.32329,0.136,,,,0,NY,10.8124918023593,1990,1,1,0,0,0
36059,1854,NY,Nassau County,"1287,873","1334,625",0.71846,0.354,NY,2000,4,1,NY,,1990,64,47,5,0,4.15888308335967
36061,1855,NY,New York County,"1487,536","1538,096",0.46823,0.494,NY,2000,18,1,NY,,1990,178,111,33,1,5.18178355029209
36063,1856,NY,Niagara County,220756,219795,0.38336,0.174,,,,0,NY,12.3004505727402,1990,10,7,1,0,2.30258509299405
36065,1857,NY,Oneida County,250836,235516,0.35995,0.183,NY,2000,0,0,NY,12.3695341306828,1990,14,12,0,0,2.63905732961526
36067,1858,NY,Onondaga County,468973,458326,0.40812,0.285,NY,2000,1,1,NY,13.0353360002867,1990,34,23,4,0,3.52636052461616
36069,1859,NY,Ontario County,95101,100009,0.44362,0.247,,,,0,NY,11.5130154609205,1990,7,5,0,0,1.94591014905531
36071,1860,NY,Orange County,307571,341397,0.51895,0.225,NY,2000,0,0,NY,12.7408013019576,1990,7,3,0,0,1.94591014905531
36073,1861,NY,Orleans County,41846,44184,0.37696,0.13,,,,0,NY,10.696118011581,1990,0,0,0,0,0
36075,1862,NY,Oswego County,121785,122387,0.36686,0.144,,,,0,NY,11.7149434342694,1990,2,2,0,0,0.693147180559945
36077,1863,NY,Otsego County,60390,61692,0.33562,0.22,,,,0,NY,11.0299095418435,1990,4,4,0,0,1.38629436111989
36079,1864,NY,Putnam County,83941,95731,0.72228,0.339,,,,0,NY,11.469297453932,1990,0,0,0,0,0
36081,1865,NY,Queens County,"1951,598","2229,394",0.42069,0.243,NY,2000,2,1,NY,,1990,26,14,6,1,3.25809653802148
36083,1866,NY,Rensselaer County,154429,152553,0.42586,0.237,,,,0,NY,11.9352673556348,1990,8,7,1,0,2.07944154167984
36085,1867,NY,Richmond County,378977,443762,0.54011,0.232,NY,2000,0,0,NY,13.0030436616596,1990,8,4,0,0,2.07944154167984
36087,1868,NY,Rockland County,265475,286794,0.67821,0.375,NY,2000,2,1,NY,12.5665194669867,1990,9,5,1,0,2.19722457733622
36089,1869,NY,St. Lawrence County,111974,111922,0.32343,0.164,,,,0,NY,11.6255574790868,1990,4,3,1,0,1.38629436111989
36091,1870,NY,Saratoga County,181276,200626,0.49326,0.309,NY,2000,0,0,NY,12.2091977572777,1990,10,7,0,0,2.30258509299405
36093,1871,NY,Schenectady County,149285,146652,0.41322,0.263,NY,2000,0,0,NY,11.895817712226,1990,9,7,1,0,2.19722457733622
36095,1872,NY,Schoharie County,31840,31488,0.37031,0.173,,,,0,NY,10.357361799852,1990,1,1,0,0,0
36097,1873,NY,Schuyler County,18662,19188,0.36067,0.155,,,,0,NY,9.86204036262195,1990,0,0,0,0,0
36099,1874,NY,Seneca County,33683,33319,0.37351,0.175,,,,0,NY,10.4138830838256,1990,0,0,0,0,0
36101,1875,NY,Steuben County,99088,98681,0.35355,0.179,,,,0,NY,11.4996477043577,1990,3,2,0,0,1.09861228866811
36103,1876,NY,Suffolk County,"1321,339","1419,379",0.65149,0.275,NY,2000,2,1,NY,,1990,46,34,5,0,3.8286413964891
36105,1877,NY,Sullivan County,69277,73885,0.36665,0.167,,,,0,NY,11.2102651093377,1990,4,4,0,0,1.38629436111989
36107,1878,NY,Tioga County,52337,51883,0.40523,0.197,,,,0,NY,10.8567464625103,1990,3,3,0,0,1.09861228866811
36109,1879,NY,Tompkins County,94097,96487,0.37305,0.475,NY,2000,0,0,NY,11.4771635632263,1990,12,8,1,0,2.484906649788
36111,1880,NY,Ulster County,165380,177726,0.4234,0.25,NY,2000,0,0,NY,12.0879983174523,1990,10,8,0,0,2.30258509299405
36113,1881,NY,Warren County,59209,63263,0.38764,0.232,,,,0,NY,11.0550559190675,1990,3,0,1,0,1.09861228866811
36115,1882,NY,Washington County,59330,61032,0.37647,0.143,,,,0,NY,11.0191535957701,1990,0,0,0,0,0
36117,1883,NY,Wayne County,89123,93779,0.44621,0.17,,,,0,NY,11.4486962293323,1990,4,4,0,0,1.38629436111989
36119,1884,NY,Westchester County,874866,923621,0.63307,0.409,NY,2000,4,1,NY,13.7360570933196,1990,47,34,5,0,3.85014760171006
36121,1885,NY,Wyoming County,42507,43462,0.39811,0.115,,,,0,NY,10.6796422720797,1990,1,1,0,0,0
36123,1886,NY,Yates County,22810,24591,0.34494,0.182,,,,0,NY,10.1101358013211,1990,1,1,0,0,0
37001,1887,NC,Alamance County,108213,130750,0.38827,0.192,,,,0,NC,11.7810423819272,1990,7,6,0,0,1.94591014905531
37003,1888,NC,Alexander County,27544,33566,0.38419,0.093,,,,0,NC,10.4212689288681,1990,1,1,0,0,0
37005,1889,NC,Alleghany County,9590,10672,0.29564,0.117,,,,0,NC,9.2753787681554,1990,0,0,0,0,0
37007,1890,NC,Anson County,23474,25268,0.29948,0.092,,,,0,NC,10.1372940520186,1990,1,1,0,0,0
37009,1891,NC,Ashe County,22209,24394,0.28374,0.121,,,,0,NC,10.1020924794032,1990,2,2,0,0,0.693147180559945
37011,1892,NC,Avery County,14867,17149,0.31295,0.145,,,,0,NC,9.74969514185615,1990,0,0,0,0,0
37013,1893,NC,Beaufort County,42283,44916,0.31061,0.16,,,,0,NC,10.7125493576924,1990,3,3,0,0,1.09861228866811
37015,1894,NC,Bertie County,20388,19765,0.25142,0.088,,,,0,NC,9.89166797573079,,,,,,0
37017,1895,NC,Bladen County,28663,32252,0.26602,0.113,,,,0,NC,10.3813353358049,1990,0,0,0,0,0
37019,1896,NC,Brunswick County,50985,73121,0.3589,0.161,,,,0,NC,11.1998708821833,1990,0,0,0,0,0
37021,1897,NC,Buncombe County,174357,206365,0.36626,0.253,NC,2000,0,0,NC,12.2374017245669,1990,12,9,1,0,2.484906649788
37023,1898,NC,Burke County,75740,89163,0.35499,0.128,,,,0,NC,11.3982214343093,1990,1,1,0,0,0
37025,1899,NC,Cabarrus County,98935,131043,0.45757,0.191,,,,0,NC,11.7832807925977,1990,3,2,0,0,1.09861228866811
37027,1900,NC,Caldwell County,70709,77425,0.35723,0.104,,,,0,NC,11.2570650048414,1990,3,3,0,0,1.09861228866811
37029,1901,NC,Camden County,5904,6884,0.38916,0.162,,,,0,NC,8.83695515733143,,,,,,0
37031,1902,NC,Carteret County,52407,59334,0.38236,0.198,,,,0,NC,10.990937776498,1990,2,1,0,0,0.693147180559945
37033,1903,NC,Caswell County,20662,23474,0.34747,0.083,,,,0,NC,10.0636487046601,,,,,,0
37035,1904,NC,Catawba County,118412,141700,0.40704,0.17,NC,2000,1,1,NC,11.8614674256788,1990,6,3,0,0,1.79175946922806
37037,1905,NC,Chatham County,38979,49396,0.43363,0.276,,,,0,NC,10.8076247282377,1990,0,0,0,0,0
37039,1906,NC,Cherokee County,20170,24261,0.28063,0.11,,,,0,NC,10.0966254017639,1990,0,0,0,0,0
37041,1907,NC,Chowan County,13506,14522,0.30941,0.164,,,,0,NC,9.58342001994019,1990,1,1,0,0,0
37043,1908,NC,Clay County,7155,8778,0.31369,0.154,,,,0,NC,9.08000387024818,1990,0,0,0,0,0
37045,1909,NC,Cleveland County,84958,96129,0.35165,0.133,,,,0,NC,11.4734463184259,1990,2,1,0,0,0.693147180559945
37047,1910,NC,Columbus County,49587,54758,0.26364,0.101,,,,0,NC,10.9106787557259,1990,0,0,0,0,0
37049,1911,NC,Craven County,81812,91526,0.35746,0.193,,,,0,NC,11.4243783639053,1990,6,5,0,0,1.79175946922806
37051,1912,NC,Cumberland County,274713,302978,0.37226,0.191,NC,2000,1,1,NC,12.6214154745947,1990,11,10,0,0,2.39789527279837
37053,1913,NC,Currituck County,13736,18179,0.40394,0.133,,,,0,NC,9.80802236071806,1990,0,0,0,0,0
37055,1914,NC,Dare County,22746,29959,0.42628,0.277,,,,0,NC,10.307585059237,1990,6,6,0,0,1.79175946922806
37057,1915,NC,Davidson County,126688,147248,0.38703,0.128,,,,0,NC,11.8998735190786,1990,2,2,0,0,0.693147180559945
37059,1916,NC,Davie County,27859,34841,0.40507,0.176,,,,0,NC,10.4585501331952,1990,0,0,0,0,0
37061,1917,NC,Duplin County,39995,49054,0.30137,0.105,,,,0,NC,10.8006770111079,1990,2,2,0,0,0.693147180559945
37063,1918,NC,Durham County,181844,223270,0.43219,0.401,NC,2000,1,1,NC,12.3161370803925,1990,20,17,0,0,2.99573227355399
37065,1919,NC,Edgecombe County,56692,55604,0.30566,0.085,,,,0,NC,10.926010420097,1990,2,2,0,0,0.693147180559945
37067,1920,NC,Forsyth County,265855,306274,0.4187,0.287,NC,2000,1,1,NC,12.6322354051175,1990,21,19,0,0,3.04452243772342
37069,1921,NC,Franklin County,36414,47284,0.38443,0.132,,,,0,NC,10.7639272508703,1990,0,0,0,0,0
37071,1922,NC,Gaston County,174769,190445,0.39256,0.142,,,,0,NC,12.1571187179522,1990,5,5,0,0,1.6094379124341
37073,1923,NC,Gates County,9305,10521,0.35775,0.105,,,,0,NC,9.26112853880829,,,,,,0
37075,1924,NC,Graham County,7196,7996,0.27145,0.112,,,,0,NC,8.98669669562029,1990,0,0,0,0,0
37077,1925,NC,Granville County,38341,48486,0.39583,0.13,,,,0,NC,10.7890303754615,,,,,,0
37079,1926,NC,Greene County,15384,18957,0.32013,0.082,,,,0,NC,9.84992853544157,1990,0,0,0,0,0
37081,1927,NC,Guilford County,347431,420848,0.42514,0.303,NC,2000,2,1,NC,12.9500270023414,1990,33,20,2,0,3.49650756146648
37083,1928,NC,Halifax County,55516,57444,0.26216,0.111,,,,0,NC,10.9585658391805,1990,2,2,0,0,0.693147180559945
37085,1929,NC,Harnett County,67833,90978,0.34928,0.128,,,,0,NC,11.418372998029,1990,2,2,0,0,0.693147180559945
37087,1930,NC,Haywood County,46948,54025,0.33602,0.16,,,,0,NC,10.8972021813751,1990,2,2,0,0,0.693147180559945
37089,1931,NC,Henderson County,69747,89184,0.38242,0.241,,,,0,NC,11.3984569302817,1990,6,5,0,0,1.79175946922806
37091,1932,NC,Hertford County,22317,22588,0.2629,0.111,,,,0,NC,10.0251740707927,1990,1,1,0,0,0
37093,1933,NC,Hoke County,22856,33708,0.33274,0.109,,,,0,NC,10.4254904768922,,,,,,0
37095,1934,NC,Hyde County,5411,5817,0.28716,0.106,,,,0,NC,8.66853994391076,1990,0,0,0,0,0
37097,1935,NC,Iredell County,93205,122631,0.41828,0.174,,,,0,NC,11.7169351253343,1990,1,1,0,0,0
37099,1936,NC,Jackson County,26835,33103,0.32392,0.255,,,,0,NC,10.4073791916992,1990,1,1,0,0,0
37101,1937,NC,Johnston County,81306,121998,0.4064,0.159,,,,0,NC,11.7117599301384,1990,1,0,0,0,0
37103,1938,NC,Jones County,9361,10311,0.30755,0.095,,,,0,NC,9.24096656551794,,,,,,0
37105,1939,NC,Lee County,41370,49196,0.39203,0.172,,,,0,NC,10.8035675983623,1990,2,2,0,0,0.693147180559945
37107,1940,NC,Lenoir County,57274,59636,0.30984,0.133,,,,0,NC,10.9960146975483,1990,2,2,0,0,0.693147180559945
37109,1941,NC,Lincoln County,50319,63810,0.41487,0.13,,,,0,NC,11.0636651968624,1990,1,1,0,0,0
37111,1942,NC,McDowell County,35681,42134,0.32135,0.09,,,,0,NC,10.6486102946864,1990,2,2,0,0,0.693147180559945
37113,1943,NC,Macon County,23504,29802,0.31901,0.162,,,,0,NC,10.3023307843354,1990,4,4,0,0,1.38629436111989
37115,1944,NC,Madison County,16953,19612,0.31016,0.161,,,,0,NC,9.88389690277112,1990,1,1,0,0,0
37117,1945,NC,Martin County,25078,25549,0.28666,0.116,,,,0,NC,10.1483534559227,1990,2,2,0,0,0.693147180559945
37119,1946,NC,Mecklenburg County,511211,695348,0.50311,0.371,NC,2000,4,1,NC,13.4521677186533,1990,35,26,1,0,3.55534806148941
37121,1947,NC,Mitchell County,14433,15687,0.30303,0.122,,,,0,NC,9.66058762285624,1990,0,0,0,0,0
37123,1948,NC,Montgomery County,23359,26797,0.32478,0.1,,,,0,NC,10.1960452199347,1990,0,0,0,0,0
37125,1949,NC,Moore County,59000,74772,0.41176,0.268,,,,0,NC,11.2221987623322,1990,4,3,0,0,1.38629436111989
37127,1950,NC,Nash County,76677,87378,0.37195,0.172,,,,0,NC,11.3779988137106,1990,5,4,0,0,1.6094379124341
37129,1951,NC,New Hanover County,120284,160315,0.40025,0.31,NC,2000,1,1,NC,11.9848959087675,1990,9,7,0,0,2.19722457733622
37131,1952,NC,Northampton County,21004,22051,0.26891,0.108,,,,0,NC,10.0011132313206,,,,,,0
37133,1953,NC,Onslow County,149838,150418,0.33697,0.148,NC,2000,0,0,NC,11.9211733641878,1990,5,3,0,0,1.6094379124341
37135,1954,NC,Orange County,93662,115589,0.42845,0.515,,,,0,NC,11.6577960749835,1990,7,4,0,0,1.94591014905531
37137,1955,NC,Pamlico County,11368,12896,0.33477,0.147,,,,0,NC,9.46467246474641,,,,,,0
37139,1956,NC,Pasquotank County,31298,34890,0.30597,0.164,,,,0,NC,10.4599555341808,1990,3,3,0,0,1.09861228866811
37141,1957,NC,Pender County,28855,41071,0.36389,0.136,,,,0,NC,10.6230575553272,1990,1,1,0,0,0
37143,1958,NC,Perquimans County,10447,11369,0.30517,0.123,,,,0,NC,9.33864563212911,,,,,,0
37145,1959,NC,Person County,30180,35603,0.36809,0.103,,,,0,NC,10.4801851829526,1990,0,0,0,0,0
37147,1960,NC,Pitt County,108480,133759,0.32579,0.264,NC,2000,1,1,NC,11.803794952214,1990,6,2,1,0,1.79175946922806
37149,1961,NC,Polk County,14458,18299,0.36447,0.257,,,,0,NC,9.81460169252769,1990,1,1,0,0,0
37151,1962,NC,Randolph County,106546,130503,0.38442,0.111,,,,0,NC,11.7791514939864,1990,3,3,0,0,1.09861228866811
37153,1963,NC,Richmond County,44511,46597,0.28646,0.101,,,,0,NC,10.749291440359,1990,1,1,0,0,0
37155,1964,NC,Robeson County,105170,123170,0.28084,0.114,,,,0,NC,11.7213207939355,1990,3,3,0,0,1.09861228866811
37157,1965,NC,Rockingham County,86064,92018,0.33498,0.108,,,,0,NC,11.4297394890677,1990,2,2,0,0,0.693147180559945
37159,1966,NC,Rowan County,110605,130364,0.3767,0.142,,,,0,NC,11.7780858167397,1990,4,4,0,0,1.38629436111989
37161,1967,NC,Rutherford County,56956,62923,0.31065,0.125,,,,0,NC,11.0496670356287,1990,2,2,0,0,0.693147180559945
37163,1968,NC,Sampson County,47297,60157,0.31787,0.111,,,,0,NC,11.004713090359,1990,1,1,0,0,0
37165,1969,NC,Scotland County,33763,35952,0.31138,0.159,,,,0,NC,10.4899399944251,1990,1,1,0,0,0
37167,1970,NC,Stanly County,51765,58092,0.36583,0.127,,,,0,NC,10.9697832397277,1990,2,2,0,0,0.693147180559945
37169,1971,NC,Stokes County,37224,44640,0.38861,0.093,,,,0,NC,10.7063855970552,1990,0,0,0,0,0
37171,1972,NC,Surry County,61704,71208,0.33172,0.12,,,,0,NC,11.1733604506388,1990,1,1,0,0,0
37173,1973,NC,Swain County,11268,12980,0.27843,0.139,,,,0,NC,9.47116499025808,1990,0,0,0,0,0
37175,1974,NC,Transylvania County,25520,29316,0.38094,0.237,,,,0,NC,10.2858887210457,1990,1,1,0,0,0
37177,1975,NC,Tyrrell County,3856,4143,0.25021,0.106,,,,0,NC,8.3291754420774,,,,,,0
37179,1976,NC,Union County,84210,123834,0.50354,0.213,,,,0,NC,11.7266972380374,1990,2,2,0,0,0.693147180559945
37181,1977,NC,Vance County,38892,42946,0.30856,0.107,,,,0,NC,10.6676987915271,1990,2,2,0,0,0.693147180559945
37183,1978,NC,Wake County,426311,627906,0.54965,0.439,NC,2000,2,1,NC,13.3501457527183,1990,35,24,1,0,3.55534806148941
37185,1979,NC,Warren County,17265,19861,0.2834,0.116,,,,0,NC,9.89651328879879,,,,,,0
37187,1980,NC,Washington County,13997,13730,0.28742,0.116,,,,0,NC,9.52733849876202,1990,0,0,0,0,0
37189,1981,NC,Watauga County,36952,42684,0.32624,0.332,,,,0,NC,10.6615794217365,1990,5,4,0,0,1.6094379124341
37191,1982,NC,Wayne County,104666,113449,0.3379,0.15,,,,0,NC,11.6391086757134,1990,1,0,0,0,0
37193,1983,NC,Wilkes County,59393,65630,0.34108,0.113,,,,0,NC,11.0917881874678,1990,2,1,0,0,0.693147180559945
37195,1984,NC,Wilson County,66061,73810,0.33453,0.151,,,,0,NC,11.2092495027641,1990,2,2,0,0,0.693147180559945
37197,1985,NC,Yadkin County,30488,36352,0.36325,0.103,,,,0,NC,10.5010045020808,1990,1,1,0,0,0
37199,1986,NC,Yancey County,15419,17758,0.29864,0.131,,,,0,NC,9.78459139759227,1990,0,0,0,0,0
38001,1987,ND,Adams County,3174,2593,0.2863,0.166,,,,0,ND,7.86057078553866,,,,,,0
38003,1988,ND,Barnes County,12545,11772,0.31187,0.221,,,,0,ND,9.37347910935336,,,,,,0
38005,1989,ND,Benson County,7198,6961,0.27051,0.109,,,,0,ND,8.84807842116867,,,,,,0
38007,1990,ND,Billings County,1108,888,0.31731,0.188,,,,0,ND,6.78897174299217,1990,0,0,0,0,0
38009,1991,ND,Bottineau County,8011,7156,0.30291,0.149,,,,0,ND,8.87570644462861,,,,,,0
38011,1992,ND,Bowman County,3596,3243,0.31667,0.179,,,,0,ND,8.08425410630732,,,,,,0
38013,1993,ND,Burke County,3002,2243,0.25477,0.12,,,,0,ND,7.71556953452021,,,,,,0
38015,1994,ND,Burleigh County,60131,69408,0.41163,0.287,ND,2000,1,1,ND,11.1477574136266,1990,3,3,0,0,1.09861228866811
38017,1995,ND,Cass County,102874,123171,0.37966,0.313,ND,2000,1,1,ND,11.7213289127627,1990,4,2,0,0,1.38629436111989
38019,1996,ND,Cavalier County,6064,4832,0.31949,0.131,,,,0,ND,8.48301573961465,,,,,,0
38021,1997,ND,Dickey County,6107,5768,0.29671,0.166,,,,0,ND,8.66008067896479,,,,,,0
38023,1998,ND,Divide County,2899,2283,0.29563,0.133,,,,0,ND,7.7332456465298,,,,,,0
38025,1999,ND,Dunn County,4005,3606,0.2949,0.163,,,,0,ND,8.19035440376326,,,,,,0
38027,2000,ND,Eddy County,2951,2756,0.29025,0.159,,,,0,ND,7.92153563213355,,,,,,0
38029,2001,ND,Emmons County,4830,4327,0.25756,0.123,,,,0,ND,8.37262974022488,,,,,,0
38031,2002,ND,Foster County,3983,3761,0.31667,0.198,,,,0,ND,8.23244015847034,,,,,,0
38033,2003,ND,Golden Valley County,2108,1925,0.30528,0.198,,,,0,ND,7.56268124672188,,,,,,0
38035,2004,ND,Grand Forks County,70683,66119,0.35633,0.278,,,,0,ND,11.0992114278037,1990,6,5,0,0,1.79175946922806
38037,2005,ND,Grant County,3549,2841,0.23163,0.112,,,,0,ND,7.95191138185419,,,,,,0
38039,2006,ND,Griggs County,3303,2754,0.29722,0.157,,,,0,ND,7.9208096792886,,,,,,0
38041,2007,ND,Hettinger County,3445,2715,0.29183,0.144,,,,0,ND,7.90654723236804,,,,,,0
38043,2008,ND,Kidder County,3332,2738,0.25233,0.11,,,,0,ND,7.91498300584839,,,,,,0
38045,2009,ND,LaMoure County,5383,4690,0.29851,0.139,,,,0,ND,8.45318786144033,,,,,,0
38047,2010,ND,Logan County,2847,2315,0.28341,0.129,,,,0,ND,7.74716496652034,,,,,,0
38049,2011,ND,McHenry County,6528,5983,0.27135,0.132,,,,0,ND,8.69667739339003,,,,,,0
38051,2012,ND,McIntosh County,4021,3388,0.26074,0.099,,,,0,ND,8.12799505577195,,,,,,0
38053,2013,ND,McKenzie County,6383,5738,0.29148,0.157,,,,0,ND,8.65486599654131,,,,,,0
38055,2014,ND,McLean County,10457,9346,0.31999,0.151,,,,0,ND,9.14270372326037,,,,,,0
38057,2015,ND,Mercer County,9808,8634,0.42095,0.144,,,,0,ND,9.06346317611542,,,,,,0
38059,2016,ND,Morton County,23700,25301,0.36723,0.17,,,,0,ND,10.1385991996262,1990,0,0,0,0,0
38061,2017,ND,Mountrail County,7021,6636,0.26299,0.156,,,,0,ND,8.80026465131034,,,,,,0
38063,2018,ND,Nelson County,4410,3706,0.29471,0.175,,,,0,ND,8.21770840684531,,,,,,0
38065,2019,ND,Oliver County,2381,2057,0.36198,0.12,,,,0,ND,7.62900388965296,,,,,,0
38067,2020,ND,Pembina County,9238,8620,0.36688,0.164,,,,0,ND,9.06184036365774,,,,,,0
38069,2021,ND,Pierce County,5052,4667,0.26779,0.147,,,,0,ND,8.44827174594982,1990,0,0,0,0,0
38071,2022,ND,Ramsey County,12681,12062,0.35527,0.188,,,,0,ND,9.39781529401093,1990,2,2,0,0,0.693147180559945
38073,2023,ND,Ransom County,5921,5896,0.37353,0.158,,,,0,ND,8.68202943386917,,,,,,0
38075,2024,ND,Renville County,3160,2612,0.30734,0.161,,,,0,ND,7.86787149039632,,,,,,0
38077,2025,ND,Richland County,18148,17992,0.36177,0.152,,,,0,ND,9.79768249363915,1990,1,1,0,0,0
38079,2026,ND,Rolette County,12772,13674,0.25887,0.147,,,,0,ND,9.52325149847374,,,,,,0
38081,2027,ND,Sargent County,4549,4362,0.36667,0.127,,,,0,ND,8.38068594676157,,,,,,0
38083,2028,ND,Sheridan County,2148,1711,0.24398,0.097,,,,0,ND,7.44483327389219,,,,,,0
38085,2029,ND,Sioux County,3761,4043,0.22825,0.112,,,,0,ND,8.30474226964077,,,,,,0
38087,2030,ND,Slope County,907,765,0.25288,0.16,,,,0,ND,6.63987583382654,,,,,,0
38089,2031,ND,Stark County,22832,22635,0.32283,0.223,,,,0,ND,10.0272526598701,1990,1,1,0,0,0
38091,2032,ND,Steele County,2420,2252,0.35799,0.198,,,,0,ND,7.71957398925958,,,,,,0
38093,2033,ND,Stutsman County,22241,21912,0.3378,0.197,,,,0,ND,9.99478971094291,1990,2,2,0,0,0.693147180559945
38095,2034,ND,Towner County,3627,2878,0.32704,0.161,,,,0,ND,7.96485088744731,,,,,,0
38097,2035,ND,Traill County,8752,8479,0.3697,0.218,,,,0,ND,9.045347797304,,,,,,0
38099,2036,ND,Walsh County,13840,12375,0.34115,0.133,,,,0,ND,9.42343358743689,,,,,,0
38101,2037,ND,Ward County,57921,58799,0.33543,0.221,,,,0,ND,10.9818801269394,1990,2,1,0,0,0.693147180559945
38103,2038,ND,Wells County,5864,5095,0.31997,0.137,,,,0,ND,8.53601494565683,,,,,,0
38105,2039,ND,Williams County,21129,19754,0.31611,0.165,,,,0,ND,9.89111128146807,1990,1,1,0,0,0
39001,2040,OH,Adams County,25371,27303,0.29001,0.072,,,,0,OH,10.2147518652455,1990,0,0,0,0,0
39003,2041,OH,Allen County,109755,108464,0.3717,0.134,,,,0,OH,11.5941735996707,1990,5,4,0,0,1.6094379124341
39005,2042,OH,Ashland County,47507,52516,0.3908,0.159,,,,0,OH,10.868873164054,1990,2,2,0,0,0.693147180559945
39007,2043,OH,Ashtabula County,99880,102681,0.35984,0.111,,,,0,OH,11.5393823739326,1990,4,4,0,0,1.38629436111989
39009,2044,OH,Athens County,59549,62193,0.27174,0.257,,,,0,OH,11.0379977322012,1990,5,3,2,0,1.6094379124341
39011,2045,OH,Auglaize County,44585,46230,0.43419,0.134,,,,0,OH,10.7413842169823,1990,0,0,0,0,0
39013,2046,OH,Belmont County,71074,70239,0.29495,0.111,,,,0,OH,11.1596589913056,1990,4,3,0,0,1.38629436111989
39015,2047,OH,Brown County,34966,42261,0.38104,0.088,,,,0,OH,10.6516199539284,,,,,,0
39017,2048,OH,Butler County,291479,332341,0.47702,0.235,OH,2000,0,0,OH,12.7139168292174,1990,8,7,1,0,2.07944154167984
39019,2049,OH,Carroll County,26521,28822,0.35787,0.091,,,,0,OH,10.2688942633983,1990,1,1,0,0,0
39021,2050,OH,Champaign County,36019,38904,0.42843,0.106,,,,0,OH,10.5688523520836,1990,1,1,0,0,0
39023,2051,OH,Clark County,147538,144742,0.39829,0.149,,,,0,OH,11.882708126205,1990,5,1,0,0,1.6094379124341
39025,2052,OH,Clermont County,150094,177322,0.49195,0.208,,,,0,OH,12.0857225678389,1990,1,0,0,0,0
39027,2053,OH,Clinton County,35444,40473,0.40523,0.141,,,,0,OH,10.6083903641069,1990,1,1,0,0,0
39029,2054,OH,Columbiana County,108276,112050,0.34045,0.108,,,,0,OH,11.6267004792291,1990,4,4,0,0,1.38629436111989
39031,2055,OH,Coshocton County,35427,36654,0.34569,0.098,,,,0,OH,10.5092778418778,1990,1,1,0,0,0
39033,2056,OH,Crawford County,47870,46909,0.35833,0.097,,,,0,OH,10.755964833679,1990,0,0,0,0,0
39035,2057,OH,Cuyahoga County,"1412,140","1393,871",0.38943,0.251,OH,2000,1,1,OH,,1990,62,42,5,0,4.12713438504509
39037,2058,OH,Darke County,53617,53313,0.39324,0.101,,,,0,OH,10.8839354828536,1990,3,3,0,0,1.09861228866811
39039,2059,OH,Defiance County,39350,39502,0.44644,0.143,,,,0,OH,10.5841065825188,1990,1,1,0,0,0
39041,2060,OH,Delaware County,66929,109974,0.67046,0.41,OH,2000,0,0,OH,11.6079992531999,1990,4,4,0,0,1.38629436111989
39043,2061,OH,Erie County,76781,79623,0.42362,0.166,,,,0,OH,11.2850582748196,1990,3,3,0,0,1.09861228866811
39045,2062,OH,Fairfield County,103468,122943,0.47824,0.208,OH,2000,0,0,OH,11.7194761123107,1990,6,4,1,0,1.79175946922806
39047,2063,OH,Fayette County,27466,28474,0.36289,0.107,,,,0,OH,10.2567466691737,1990,1,1,0,0,0
39049,2064,OH,Franklin County,961437,"1068,736",0.4252,0.318,OH,2000,4,1,OH,,1990,62,48,7,1,4.12713438504509
39051,2065,OH,Fulton County,38498,42051,0.44297,0.132,,,,0,OH,10.6466384463312,1990,0,0,0,0,0
39053,2066,OH,Gallia County,30954,31058,0.3006,0.116,,,,0,OH,10.3436117031291,1990,3,1,0,0,1.09861228866811
39055,2067,OH,Geauga County,81087,90935,0.60187,0.317,,,,0,OH,11.4179002445611,1990,3,3,0,0,1.09861228866811
39057,2068,OH,Greene County,136731,147931,0.48232,0.311,OH,2000,1,1,OH,11.9045012278175,1990,12,12,0,0,2.484906649788
39059,2069,OH,Guernsey County,39024,40813,0.30211,0.1,,,,0,OH,10.6167559370923,1990,1,1,0,0,0
39061,2070,OH,Hamilton County,866228,845289,0.40882,0.292,OH,2000,4,1,OH,13.6474338597009,1990,43,28,5,0,3.76120011569356
39063,2071,OH,Hancock County,65536,71303,0.43813,0.217,,,,0,OH,11.1746936812536,1990,5,5,0,0,1.6094379124341
39065,2072,OH,Hardin County,31111,31966,0.3477,0.114,,,,0,OH,10.3724281169286,1990,0,0,0,0,0
39067,2073,OH,Harrison County,16085,15847,0.30895,0.09,,,,0,OH,9.67073548694281,,,,,,0
39069,2074,OH,Henry County,29108,29202,0.41921,0.111,,,,0,OH,10.2819924790615,1990,0,0,0,0,0
39071,2075,OH,Highland County,35728,40853,0.35184,0.097,,,,0,OH,10.6177355370041,1990,1,1,0,0,0
39073,2076,OH,Hocking County,25533,28263,0.34237,0.098,,,,0,OH,10.2493088077168,1990,0,0,0,0,0
39075,2077,OH,Holmes County,32849,38940,0.37065,0.083,,,,0,OH,10.5697772789262,1990,1,0,0,0,0
39077,2078,OH,Huron County,56238,59447,0.4041,0.109,,,,0,OH,10.9928404382721,1990,2,2,0,0,0.693147180559945
39079,2079,OH,Jackson County,30230,32653,0.30253,0.11,,,,0,OH,10.3936920140976,1990,0,0,0,0,0
39081,2080,OH,Jefferson County,80298,73886,0.30639,0.118,,,,0,OH,11.2102786437931,1990,2,1,0,0,0.693147180559945
39083,2081,OH,Knox County,47473,54482,0.38719,0.167,,,,0,OH,10.9056256508691,1990,1,1,0,0,0
39085,2082,OH,Lake County,215500,227482,0.48624,0.215,OH,2000,0,0,OH,12.3348263933638,1990,11,9,1,0,2.39789527279837
39087,2083,OH,Lawrence County,61834,62330,0.28766,0.103,,,,0,OH,11.0401981298029,1990,2,2,0,0,0.693147180559945
39089,2084,OH,Licking County,128300,145699,0.4394,0.184,,,,0,OH,11.8892981287418,1990,4,3,0,0,1.38629436111989
39091,2085,OH,Logan County,42310,46002,0.41224,0.115,,,,0,OH,10.736440152787,1990,2,2,0,0,0.693147180559945
39093,2086,OH,Lorain County,271126,284657,0.4487,0.166,,,,0,OH,12.5590402256806,1990,6,4,1,0,1.79175946922806
39095,2087,OH,Lucas County,462361,455093,0.37563,0.213,OH,2000,1,1,OH,13.0282570726515,1990,22,17,1,0,3.09104245335832
39097,2088,OH,Madison County,37078,40210,0.44617,0.13,,,,0,OH,10.6018709998913,,,,,,0
39099,2089,OH,Mahoning County,264806,257588,0.35235,0.175,OH,2000,1,1,OH,12.4591166882763,1990,5,2,0,0,1.6094379124341
39101,2090,OH,Marion County,64274,66198,0.38686,0.111,,,,0,OH,11.1004055299884,1990,3,3,0,0,1.09861228866811
39103,2091,OH,Medina County,122354,151096,0.55234,0.248,,,,0,OH,11.9256706753757,1990,3,3,0,0,1.09861228866811
39105,2092,OH,Meigs County,22987,23058,0.27379,0.074,,,,0,OH,10.0457680597929,1990,1,1,0,0,0
39107,2093,OH,Mercer County,39443,40936,0.42336,0.127,,,,0,OH,10.6197651504849,1990,0,0,0,0,0
39109,2094,OH,Miami County,93184,98899,0.44099,0.163,,,,0,OH,11.5018544063362,1990,7,7,0,0,1.94591014905531
39111,2095,OH,Monroe County,15497,15172,0.30654,0.084,,,,0,OH,9.62720690280879,,,,,,0
39113,2096,OH,Montgomery County,573809,559141,0.40089,0.228,OH,2000,1,1,OH,13.234156956467,1990,18,14,1,0,2.89037175789616
39115,2097,OH,Morgan County,14194,14947,0.29467,0.091,,,,0,OH,9.61226588978581,,,,,,0
39117,2098,OH,Morrow County,27749,31646,0.4103,0.095,,,,0,OH,10.3623670372789,1990,0,0,0,0,0
39119,2099,OH,Muskingum County,82068,84549,0.35096,0.126,,,,0,OH,11.3450865269357,1990,2,1,0,0,0.693147180559945
39121,2100,OH,Noble County,11336,14058,0.32403,0.081,,,,0,OH,9.55094690773585,,,,,,0
39123,2101,OH,Ottawa County,40029,40974,0.44238,0.16,,,,0,OH,10.6206929981891,1990,2,2,0,0,0.693147180559945
39125,2102,OH,Paulding County,20488,20297,0.40608,0.078,,,,0,OH,9.91822837085763,,,,,,0
39127,2103,OH,Perry County,31557,34052,0.34521,0.069,,,,0,OH,10.4356440470039,,,,,,0
39129,2104,OH,Pickaway County,48248,52728,0.42494,0.114,,,,0,OH,10.8729019027326,1990,0,0,0,0,0
39131,2105,OH,Pike County,24249,27628,0.31905,0.097,,,,0,OH,10.2265850302089,1990,0,0,0,0,0
39133,2106,OH,Portage County,142585,152126,0.4398,0.21,,,,0,OH,11.9324644038097,1990,4,3,0,0,1.38629436111989
39135,2107,OH,Preble County,40113,42340,0.421,0.101,,,,0,OH,10.6534875446889,,,,,,0
39137,2108,OH,Putnam County,33819,34722,0.46118,0.129,,,,0,OH,10.4551287708019,1990,0,0,0,0,0
39139,2109,OH,Richland County,126137,128932,0.37431,0.126,OH,2000,1,1,OH,11.7670404125781,1990,7,5,0,0,1.94591014905531
39141,2110,OH,Ross County,69330,73382,0.36859,0.113,,,,0,OH,11.2034339529208,1990,3,3,0,0,1.09861228866811
39143,2111,OH,Sandusky County,61963,61797,0.40661,0.119,,,,0,OH,11.0316100985782,1990,2,2,0,0,0.693147180559945
39145,2112,OH,Scioto County,80327,79215,0.27887,0.101,,,,0,OH,11.2799209538091,1990,2,1,0,0,0.693147180559945
39147,2113,OH,Seneca County,59733,58663,0.37976,0.125,,,,0,OH,10.979564483399,1990,0,0,0,0,0
39149,2114,OH,Shelby County,44915,48292,0.44486,0.128,,,,0,OH,10.7850211944523,1990,0,0,0,0,0
39151,2115,OH,Stark County,367585,378144,0.39927,0.179,,,,0,OH,12.8430303544387,1990,16,13,1,0,2.77258872223978
39153,2116,OH,Summit County,514990,542849,0.42173,0.251,OH,2000,0,0,OH,13.2045864755288,1990,28,20,1,0,3.3322045101752
39155,2117,OH,Trumbull County,227795,225105,0.38328,0.145,,,,0,OH,12.3243222389982,1990,10,9,0,0,2.30258509299405
39157,2118,OH,Tuscarawas County,84090,90919,0.35471,0.122,,,,0,OH,11.4177242792258,1990,5,4,0,0,1.6094379124341
39159,2119,OH,Union County,31969,40975,0.51862,0.159,,,,0,OH,10.620717403612,1990,2,2,0,0,0.693147180559945
39161,2120,OH,Van Wert County,30464,29654,0.39193,0.12,,,,0,OH,10.297352302578,1990,0,0,0,0,0
39163,2121,OH,Vinton County,11098,12809,0.29112,0.06,,,,0,OH,9.45790332783114,,,,,,0
39165,2122,OH,Warren County,113973,159551,0.57699,0.284,,,,0,OH,11.9801188993145,1990,4,3,0,0,1.38629436111989
39167,2123,OH,Washington County,62254,63242,0.34175,0.15,,,,0,OH,11.0547239163768,1990,6,6,0,0,1.79175946922806
39169,2124,OH,Wayne County,101461,111562,0.41582,0.172,,,,0,OH,11.6223357691533,1990,1,1,0,0,0
39171,2125,OH,Williams County,36956,39189,0.40612,0.107,,,,0,OH,10.5761513741547,1990,1,1,0,0,0
39173,2126,OH,Wood County,113269,121072,0.44431,0.262,,,,0,OH,11.7041406889343,1990,7,4,1,0,1.94591014905531
39175,2127,OH,Wyandot County,22254,22897,0.39013,0.098,,,,0,OH,10.0387611765937,1990,0,0,0,0,0
40001,2128,OK,Adair County,18421,21009,0.24981,0.098,,,,0,OK,9.95270619632363,1990,1,1,0,0,0
40003,2129,OK,Alfalfa County,6416,6092,0.30101,0.149,,,,0,OK,8.71473171401505,,,,,,0
40005,2130,OK,Atoka County,12778,13876,0.245,0.101,,,,0,OK,9.53791600808964,1990,0,0,0,0,0
40007,2131,OK,Beaver County,6023,5832,0.36544,0.176,,,,0,OK,8.67111527368849,,,,,,0
40009,2132,OK,Beckham County,18812,19807,0.27692,0.155,,,,0,OK,9.89379068955726,1990,0,0,0,0,0
40011,2133,OK,Blaine County,11470,11965,0.28784,0.14,,,,0,OK,9.38974100034247,,,,,,0
40013,2134,OK,Bryan County,32089,36524,0.27825,0.179,,,,0,OK,10.5057248577362,1990,0,0,0,0,0
40015,2135,OK,Caddo County,29550,30146,0.2732,0.142,,,,0,OK,10.3138075233705,,,,,,0
40017,2136,OK,Canadian County,74409,87729,0.45293,0.209,,,,0,OK,11.3820077964481,1990,1,1,0,0,0
40019,2137,OK,Carter County,42919,45614,0.29065,0.151,,,,0,OK,10.7279699659261,1990,3,3,0,0,1.09861228866811
40021,2138,OK,Cherokee County,34049,42475,0.26428,0.221,,,,0,OK,10.6566709465401,1990,2,2,0,0,0.693147180559945
40023,2139,OK,Choctaw County,15302,15334,0.23022,0.099,,,,0,OK,9.63782786411884,1990,0,0,0,0,0
40025,2140,OK,Cimarron County,3301,3139,0.30575,0.177,,,,0,OK,8.05165955684195,,,,,,0
40027,2141,OK,Cleveland County,174253,208036,0.41564,0.28,OK,2000,1,1,OK,12.2454664206305,1990,9,7,1,0,2.19722457733622
40029,2142,OK,Coal County,5780,6035,0.23298,0.124,,,,0,OK,8.70533113353163,,,,,,0
40031,2143,OK,Comanche County,111486,114996,0.33883,0.191,,,,0,OK,11.6526526241318,1990,5,3,0,0,1.6094379124341
40033,2144,OK,Cotton County,6651,6603,0.27259,0.14,,,,0,OK,8.79527937019457,1990,0,0,0,0,0
40035,2145,OK,Craig County,14104,14951,0.30743,0.105,,,,0,OK,9.61253346621393,1990,0,0,0,0,0
40037,2146,OK,Creek County,60915,67340,0.33231,0.117,,,,0,OK,11.1175096927151,1990,1,1,0,0,0
40039,2147,OK,Custer County,26897,26147,0.28613,0.228,,,,0,OK,10.1714897401586,1990,3,2,1,0,1.09861228866811
40041,2148,OK,Delaware County,28070,36949,0.27723,0.133,,,,0,OK,10.5172938624107,1990,0,0,0,0,0
40043,2149,OK,Dewey County,5551,4740,0.27917,0.166,,,,0,OK,8.46379241468912,1990,0,0,0,0,0
40045,2150,OK,Ellis County,4497,4063,0.27944,0.192,,,,0,OK,8.30967689598773,,,,,,0
40047,2151,OK,Garfield County,56735,57811,0.32917,0.196,,,,0,OK,10.9649343479722,1990,4,4,0,0,1.38629436111989
40049,2152,OK,Garvin County,26605,27216,0.28022,0.12,,,,0,OK,10.2115603146356,1990,0,0,0,0,0
40051,2153,OK,Grady County,41747,45476,0.32685,0.144,,,,0,OK,10.724939993249,1990,0,0,0,0,0
40053,2154,OK,Grant County,5689,5144,0.29047,0.162,,,,0,OK,8.54558626591746,1990,0,0,0,0,0
40055,2155,OK,Greer County,6559,6061,0.25707,0.126,,,,0,OK,8.70963008195129,,,,,,0
40057,2156,OK,Harmon County,3793,3285,0.22617,0.121,,,,0,OK,8.09712193091871,,,,,,0
40059,2157,OK,Harper County,4063,3558,0.33278,0.192,,,,0,OK,8.17695386822578,,,,,,0
40061,2158,OK,Haskell County,10940,11778,0.24402,0.103,,,,0,OK,9.37398866350452,1990,0,0,0,0,0
40063,2159,OK,Hughes County,13014,14150,0.22637,0.097,,,,0,OK,9.55746990307138,,,,,,0
40065,2160,OK,Jackson County,28764,28439,0.30239,0.185,,,,0,OK,10.255516721555,1990,2,2,0,0,0.693147180559945
40067,2161,OK,Jefferson County,7010,6820,0.23952,0.106,,,,0,OK,8.82761475083751,,,,,,0
40069,2162,OK,Johnston County,10032,10512,0.24362,0.133,,,,0,OK,9.26027274072439,,,,,,0
40071,2163,OK,Kay County,48056,48086,0.30619,0.183,,,,0,OK,10.7807463534365,1990,1,0,0,0,0
40073,2164,OK,Kingfisher County,13212,13932,0.3655,0.161,,,,0,OK,9.54194363148589,,,,,,0
40075,2165,OK,Kiowa County,11347,10225,0.25924,0.148,,,,0,OK,9.232590980911,1990,0,0,0,0,0
40077,2166,OK,Latimer County,10333,10689,0.23837,0.12,,,,0,OK,9.27697045427395,1990,0,0,0,0,0
40079,2167,OK,Le Flore County,43270,48099,0.26972,0.113,,,,0,OK,10.7810166658569,1990,0,0,0,0,0
40081,2168,OK,Lincoln County,29216,32070,0.31033,0.111,,,,0,OK,10.3756762926872,1990,1,1,0,0,0
40083,2169,OK,Logan County,29011,33911,0.36857,0.191,,,,0,OK,10.4314947245109,1990,0,0,0,0,0
40085,2170,OK,Love County,7788,8826,0.3178,0.108,,,,0,OK,9.08545718982949,,,,,,0
40087,2171,OK,McClain County,22795,27750,0.36849,0.157,,,,0,OK,10.2309911191746,,,,,,0
40089,2172,OK,McCurtain County,33433,34384,0.23943,0.108,,,,0,OK,10.4453466188823,1990,0,0,0,0,0
40091,2173,OK,McIntosh County,16779,19405,0.25861,0.131,,,,0,OK,9.87328604380301,,,,,,0
40093,2174,OK,Major County,8055,7545,0.30571,0.144,,,,0,OK,8.92864037120195,1990,0,0,0,0,0
40095,2175,OK,Marshall County,10829,13131,0.2663,0.114,,,,0,OK,9.482731125859,,,,,,0
40097,2176,OK,Mayes County,33366,38339,0.31382,0.121,,,,0,OK,10.554222933839,1990,1,1,0,0,0
40099,2177,OK,Murray County,12042,12617,0.30097,0.149,,,,0,OK,9.44280038992774,1990,0,0,0,0,0
40101,2178,OK,Muskogee County,68078,69471,0.2817,0.154,,,,0,OK,11.1486646782861,1990,3,2,0,0,1.09861228866811
40103,2179,OK,Noble County,11045,11406,0.34227,0.158,,,,0,OK,9.34189481171648,1990,0,0,0,0,0
40105,2180,OK,Nowata County,9992,10564,0.29798,0.095,,,,0,OK,9.26520727341702,,,,,,0
40107,2181,OK,Okfuskee County,11551,11808,0.24196,0.092,,,,0,OK,9.37653254684025,,,,,,0
40109,2182,OK,Oklahoma County,599611,660581,0.34783,0.254,OK,2000,2,1,OK,13.4008750297934,1990,28,24,0,0,3.3322045101752
40111,2183,OK,Okmulgee County,36490,39672,0.2745,0.114,,,,0,OK,10.588400928169,1990,0,0,0,0,0
40113,2184,OK,Osage County,41645,44413,0.3411,0.146,,,,0,OK,10.7012874983577,,,,,,0
40115,2185,OK,Ottawa County,30561,33164,0.27401,0.122,,,,0,OK,10.4092202292361,1990,1,1,0,0,0
40117,2186,OK,Pawnee County,15575,16610,0.317,0.121,,,,0,OK,9.71776020260734,1990,0,0,0,0,0
40119,2187,OK,Payne County,61507,68201,0.28589,0.342,,,,0,OK,11.1302145064807,1990,6,5,0,0,1.79175946922806
40121,2188,OK,Pittsburg County,40950,43944,0.28582,0.129,,,,0,OK,10.6906713750225,1990,1,1,0,0,0
40123,2189,OK,Pontotoc County,34119,35146,0.26659,0.218,,,,0,OK,10.4672660927548,1990,3,2,0,0,1.09861228866811
40125,2190,OK,Pottawatomie County,58760,65505,0.31637,0.155,,,,0,OK,11.0898817545878,1990,1,1,0,0,0
40127,2191,OK,Pushmataha County,10997,11660,0.22038,0.124,,,,0,OK,9.36391945990448,1990,0,0,0,0,0
40129,2192,OK,Roger Mills County,4147,3432,0.3,0.158,,,,0,OK,8.14089846060785,,,,,,0
40131,2193,OK,Rogers County,55170,70649,0.43887,0.169,,,,0,OK,11.1654792337308,1990,1,1,0,0,0
40133,2194,OK,Seminole County,25412,24966,0.25212,0.121,,,,0,OK,10.125270178211,1990,0,0,0,0,0
40135,2195,OK,Sequoyah County,33828,38952,0.27276,0.109,,,,0,OK,10.5700853978625,1990,0,0,0,0,0
40137,2196,OK,Stephens County,42299,43204,0.30563,0.166,,,,0,OK,10.6736883625384,1990,1,1,0,0,0
40139,2197,OK,Texas County,16419,20098,0.35981,0.177,,,,0,OK,9.9083755866089,1990,1,1,0,0,0
40141,2198,OK,Tillman County,10384,9285,0.25152,0.125,,,,0,OK,9.13615547378681,,,,,,0
40143,2199,OK,Tulsa County,503341,563475,0.38138,0.269,OK,2000,2,1,OK,13.2418782459055,1990,32,25,0,0,3.46573590279973
40145,2200,OK,Wagoner County,47883,57476,0.41308,0.154,,,,0,OK,10.9591227483491,1990,1,1,0,0,0
40147,2201,OK,Washington County,48066,49015,0.35912,0.258,,,,0,OK,10.7998816526958,1990,1,1,0,0,0
40149,2202,OK,Washita County,11441,11510,0.29643,0.151,,,,0,OK,9.35097150171593,1990,0,0,0,0,0
40151,2203,OK,Woods County,9103,9094,0.28945,0.237,,,,0,OK,9.11537013438496,1990,0,0,0,0,0
40153,2204,OK,Woodward County,18976,18489,0.33786,0.152,,,,0,OK,9.82493123963035,1990,0,0,0,0,0
41001,2205,OR,Baker County,15317,16742,0.29978,0.164,,,,0,OR,9.72567581122,1990,1,1,0,0,0
41003,2206,OR,Benton County,70811,78143,0.41878,0.474,,,,0,OR,11.2662957605007,1990,6,5,1,1,1.79175946922806
41005,2207,OR,Clackamas County,278850,338407,0.5168,0.284,OR,2000,1,1,OR,12.7320045920795,1990,14,10,2,0,2.63905732961526
41007,2208,OR,Clatsop County,33301,35634,0.35964,0.191,,,,0,OR,10.4810555172439,1990,5,5,0,0,1.6094379124341
41009,2209,OR,Columbia County,37557,43553,0.45452,0.14,,,,0,OR,10.6817338662456,1990,0,0,0,0,0
41011,2210,OR,Coos County,60273,62795,0.31202,0.15,,,,0,OR,11.0476307314522,1990,4,4,0,0,1.38629436111989
41013,2211,OR,Crook County,14111,19175,0.363,0.126,,,,0,OR,9.86136262623546,1990,0,0,0,0,0
41015,2212,OR,Curry County,19327,21147,0.30135,0.164,,,,0,OR,9.95925333044199,1990,0,0,0,0,0
41017,2213,OR,Deschutes County,74976,115372,0.41593,0.25,OR,2000,1,1,OR,11.6559169693002,1990,8,8,0,0,2.07944154167984
41019,2214,OR,Douglas County,94649,100375,0.33084,0.133,,,,0,OR,11.5166684512491,1990,3,2,0,0,1.09861228866811
41021,2215,OR,Gilliam County,1717,1910,0.3351,0.134,,,,0,OR,7.55485852104068,,,,,,0
41023,2216,OR,Grant County,7853,7934,0.32185,0.157,,,,0,OR,8.97891260107428,1990,0,0,0,0,0
41025,2217,OR,Harney County,7060,7606,0.31267,0.119,,,,0,OR,8.9366926884882,1990,0,0,0,0,0
41027,2218,OR,Hood River County,16903,20407,0.38315,0.231,,,,0,OR,9.92363325822908,1990,2,2,0,0,0.693147180559945
41029,2219,OR,Jackson County,146387,181281,0.36283,0.223,OR,2000,1,1,OR,12.107803592575,1990,12,10,0,0,2.484906649788
41031,2220,OR,Jefferson County,13676,18995,0.35527,0.137,,,,0,OR,9.85193106562173,1990,0,0,0,0,0
41033,2221,OR,Josephine County,62649,75729,0.31042,0.141,,,,0,OR,11.2349164572141,1990,3,3,0,0,1.09861228866811
41035,2222,OR,Klamath County,57702,63771,0.31308,0.159,,,,0,OR,11.0630538205412,1990,3,2,0,0,1.09861228866811
41037,2223,OR,Lake County,7186,7421,0.29663,0.155,,,,0,OR,8.91206909797013,,,,,,0
41039,2224,OR,Lane County,282912,323011,0.36684,0.255,OR,2000,1,1,OR,12.6854416573525,1990,17,14,1,1,2.83321334405622
41041,2225,OR,Lincoln County,38889,44481,0.3269,0.208,,,,0,OR,10.7028174106861,1990,3,3,0,0,1.09861228866811
41043,2226,OR,Linn County,91227,103079,0.37421,0.134,,,,0,OR,11.5432509635163,1990,7,6,0,0,1.94591014905531
41045,2227,OR,Malheur County,26038,31618,0.30412,0.111,,,,0,OR,10.3614818576561,1990,0,0,0,0,0
41047,2228,OR,Marion County,228483,284844,0.4053,0.198,,,,0,OR,12.559696940969,1990,16,13,1,0,2.77258872223978
41049,2229,OR,Morrow County,7625,10995,0.37481,0.11,,,,0,OR,9.30519590298886,,,,,,0
41051,2230,OR,Multnomah County,583887,660602,0.41288,0.307,OR,2000,2,1,OR,13.400906819485,1990,48,35,5,1,3.87120101090789
41053,2231,OR,Polk County,49541,62412,0.4235,0.253,,,,0,OR,11.0415128435611,1990,0,0,0,0,0
41055,2232,OR,Sherman County,1918,1934,0.35594,0.19,,,,0,OR,7.56734567601324,,,,,,0
41057,2233,OR,Tillamook County,21570,24264,0.34346,0.176,,,,0,OR,10.0967490493684,1990,0,0,0,0,0
41059,2234,OR,Umatilla County,59249,70556,0.35998,0.16,,,,0,OR,11.1641619997314,1990,4,4,0,0,1.38629436111989
41061,2235,OR,Union County,23598,24522,0.33591,0.218,,,,0,OR,10.1073259527923,1990,1,1,0,0,0
41063,2236,OR,Wallowa County,6911,7230,0.31986,0.203,,,,0,OR,8.88599431515281,1990,1,1,0,0,0
41065,2237,OR,Wasco County,21683,23797,0.35699,0.157,,,,0,OR,10.0773148012944,1990,1,1,0,0,0
41067,2238,OR,Washington County,311554,445256,0.52054,0.345,OR,2000,2,1,OR,13.0064046766366,1990,16,13,2,0,2.77258872223978
41069,2239,OR,Wheeler County,1396,1551,0.28882,0.143,,,,0,OR,7.34665516317654,,,,,,0
41071,2240,OR,Yamhill County,65551,84975,0.4439,0.206,,,,0,OR,11.3501123745643,1990,1,0,0,0,0
42001,2241,PA,Adams County,78274,91207,0.42913,0.167,,,,0,PA,11.4208869275029,1990,4,3,0,0,1.38629436111989
42003,2242,PA,Allegheny County,"1336,449","1281,795",0.38154,0.283,PA,2000,4,1,PA,,1990,80,67,1,0,4.38202663467388
42005,2243,PA,Armstrong County,73478,72345,0.31694,0.104,,,,0,PA,11.1892016211712,1990,3,3,0,0,1.09861228866811
42007,2244,PA,Beaver County,186093,181448,0.36963,0.158,,,,0,PA,12.1087243902603,1990,7,7,0,0,1.94591014905531
42009,2245,PA,Bedford County,47919,49890,0.32647,0.102,,,,0,PA,10.8175758608551,1990,1,1,0,0,0
42011,2246,PA,Berks County,336523,373712,0.44456,0.185,PA,2000,0,0,PA,12.8312407262773,1990,16,14,0,0,2.77258872223978
42013,2247,PA,Blair County,130542,129105,0.32846,0.139,PA,2000,0,0,PA,11.7683813057517,1990,6,5,1,0,1.79175946922806
42015,2248,PA,Bradford County,60967,62747,0.34986,0.148,,,,0,PA,11.0468660470862,1990,1,1,0,0,0
42017,2249,PA,Bucks County,541174,597548,0.59443,0.312,PA,2000,1,1,PA,13.3005898942892,1990,26,22,0,0,3.25809653802148
42019,2250,PA,Butler County,152013,174105,0.42248,0.235,PA,2000,1,1,PA,12.0674138444708,1990,7,6,0,0,1.94591014905531
42021,2251,PA,Cambria County,163062,152555,0.30192,0.137,,,,0,PA,11.9352804657467,1990,4,4,0,0,1.38629436111989
42023,2252,PA,Cameron County,5913,5971,0.32077,0.121,,,,0,PA,8.69466969654699,,,,,,0
42025,2253,PA,Carbon County,56803,58765,0.35176,0.11,,,,0,PA,10.981301718567,1990,0,0,0,0,0
42027,2254,PA,Centre County,124812,135678,0.36295,0.363,PA,2000,1,1,PA,11.8180397103511,1990,8,6,2,0,2.07944154167984
42029,2255,PA,Chester County,376389,433208,0.65037,0.425,PA,2000,1,1,PA,12.9789732611591,1990,20,19,0,0,2.99573227355399
42031,2256,PA,Clarion County,41699,41739,0.30984,0.153,,,,0,PA,10.63919122251,1990,4,3,1,0,1.38629436111989
42033,2257,PA,Clearfield County,78097,83529,0.31407,0.111,,,,0,PA,11.3329491559316,1990,3,3,0,0,1.09861228866811
42035,2258,PA,Clinton County,37182,37879,0.3089,0.134,,,,0,PA,10.5421521477963,1990,1,0,1,0,0
42037,2259,PA,Columbia County,63202,63947,0.33944,0.158,,,,0,PA,11.0658098942569,1990,5,5,0,0,1.6094379124341
42039,2260,PA,Crawford County,86166,90352,0.33688,0.147,,,,0,PA,11.4114684319126,1990,2,2,0,0,0.693147180559945
42041,2261,PA,Cumberland County,195257,213605,0.46628,0.279,PA,2000,0,0,PA,12.2718837940339,1990,13,6,0,0,2.56494935746154
42043,2262,PA,Dauphin County,237813,251770,0.41496,0.235,,,,0,PA,12.4362712513181,1990,12,8,1,0,2.484906649788
42045,2263,PA,Delaware County,547658,551722,0.49742,0.3,PA,2000,2,1,PA,13.2207995752101,1990,20,13,1,0,2.99573227355399
42047,2264,PA,Elk County,34878,35114,0.37769,0.123,,,,0,PA,10.4663551903292,1990,0,0,0,0,0
42049,2265,PA,Erie County,275575,280907,0.36578,0.209,PA,2000,1,1,PA,12.5457789326822,1990,16,14,1,0,2.77258872223978
42051,2266,PA,Fayette County,145351,148536,0.27582,0.115,,,,0,PA,11.9085826320873,1990,5,5,0,0,1.6094379124341
42053,2267,PA,Forest County,4802,4948,0.27284,0.089,,,,0,PA,8.50673873351238,,,,,,0
42055,2268,PA,Franklin County,121082,129495,0.40379,0.148,,,,0,PA,11.7713975493377,1990,3,3,0,0,1.09861228866811
42057,2269,PA,Fulton County,13837,14259,0.3506,0.093,,,,0,PA,9.56514356528212,,,,,,0
42059,2270,PA,Greene County,39550,40626,0.30235,0.122,,,,0,PA,10.6121635347137,1990,1,1,0,0,0
42061,2271,PA,Huntingdon County,44164,45613,0.33274,0.119,,,,0,PA,10.727948042592,1990,0,0,0,0,0
42063,2272,PA,Indiana County,89994,89593,0.30214,0.17,,,,0,PA,11.4030324709111,1990,4,4,0,0,1.38629436111989
42065,2273,PA,Jefferson County,46083,45915,0.31575,0.117,,,,0,PA,10.7345471400476,1990,2,2,0,0,0.693147180559945
42067,2274,PA,Juniata County,20625,22814,0.3482,0.088,,,,0,PA,10.0351296615878,1990,0,0,0,0,0
42069,2275,PA,Lackawanna County,219097,213292,0.34386,0.196,,,,0,PA,12.2704173978958,1990,8,5,1,0,2.07944154167984
42071,2276,PA,Lancaster County,422822,470783,0.45464,0.205,PA,2000,1,1,PA,13.0621525449653,1990,21,14,1,0,3.04452243772342
42073,2277,PA,Lawrence County,96246,94567,0.33147,0.151,,,,0,PA,11.4570638569728,1990,3,3,0,0,1.09861228866811
42075,2278,PA,Lebanon County,113744,120202,0.40738,0.154,,,,0,PA,11.6969289398799,1990,7,6,0,0,1.94591014905531
42077,2279,PA,Lehigh County,291130,311746,0.43413,0.233,PA,2000,1,1,PA,12.6499440326661,1990,26,24,0,0,3.25809653802148
42079,2280,PA,Luzerne County,328149,319429,0.33616,0.164,PA,2000,0,0,PA,12.6742903058825,1990,14,12,0,0,2.63905732961526
42081,2281,PA,Lycoming County,118710,120003,0.34044,0.151,,,,0,PA,11.6952720214517,1990,6,6,0,0,1.79175946922806
42083,2282,PA,McKean County,47131,45908,0.33177,0.14,,,,0,PA,10.7343946728006,1990,2,2,0,0,0.693147180559945
42085,2283,PA,Mercer County,121003,120368,0.34619,0.173,,,,0,PA,11.6983089958,1990,3,2,0,0,1.09861228866811
42087,2284,PA,Mifflin County,46197,46471,0.31867,0.109,,,,0,PA,10.7465837411072,1990,2,2,0,0,0.693147180559945
42089,2285,PA,Monroe County,95681,138615,0.46341,0.205,,,,0,PA,11.8394555849903,1990,7,6,0,0,1.94591014905531
42091,2286,PA,Montgomery County,678193,749409,0.60617,0.387,PA,2000,2,1,PA,13.5270401748773,1990,45,32,5,1,3.80666248977032
42093,2287,PA,Montour County,17735,18234,0.37747,0.221,,,,0,PA,9.81104326214485,1990,0,0,0,0,0
42095,2288,PA,Northampton County,247110,267446,0.44993,0.212,PA,2000,0,0,PA,12.496672955781,1990,6,6,0,0,1.79175946922806
42097,2289,PA,Northumberland County,96771,94867,0.31243,0.111,,,,0,PA,11.4602311896671,1990,2,2,0,0,0.693147180559945
42099,2290,PA,Perry County,41172,43636,0.41817,0.113,,,,0,PA,10.6836377767176,1990,1,1,0,0,0
42101,2291,PA,Philadelphia County,"1585,577","1517,562",0.30431,0.179,PA,2000,1,1,PA,,1990,73,61,6,0,4.29045944114839
42103,2292,PA,Pike County,28032,46125,0.44047,0.19,,,,0,PA,10.7391103813428,1990,1,1,0,0,0
42105,2293,PA,Potter County,16717,18082,0.32179,0.123,,,,0,PA,9.80267224729731,1990,0,0,0,0,0
42107,2294,PA,Schuylkill County,152585,150263,0.3258,0.107,,,,0,PA,11.9201423711172,1990,4,4,0,0,1.38629436111989
42109,2295,PA,Snyder County,36680,37506,0.35996,0.125,,,,0,PA,10.5322561991599,1990,5,5,0,0,1.6094379124341
42111,2296,PA,Somerset County,78218,80047,0.30715,0.108,,,,0,PA,11.2903692411455,1990,3,3,0,0,1.09861228866811
42113,2297,PA,Sullivan County,6104,6561,0.3,0.128,,,,0,PA,8.78889830934488,,,,,,0
42115,2298,PA,Susquehanna County,40380,42225,0.33689,0.132,,,,0,PA,10.650767741676,1990,0,0,0,0,0
42117,2299,PA,Tioga County,41126,41346,0.31928,0.142,,,,0,PA,10.6297309605853,1990,1,0,1,0,0
42119,2300,PA,Union County,36176,41583,0.40248,0.18,,,,0,PA,10.6354467088815,1990,1,1,0,0,0
42121,2301,PA,Venango County,59381,57500,0.32406,0.131,,,,0,PA,10.9595402267854,1990,1,1,0,0,0
42123,2302,PA,Warren County,45050,43784,0.35683,0.142,,,,0,PA,10.6870237328238,1990,3,3,0,0,1.09861228866811
42125,2303,PA,Washington County,204584,203014,0.37437,0.188,,,,0,PA,12.2210302211632,1990,7,7,0,0,1.94591014905531
42127,2304,PA,Wayne County,39944,47679,0.34202,0.146,,,,0,PA,10.7722463283649,1990,1,1,0,0,0
42129,2305,PA,Westmoreland County,370321,369990,0.37095,0.202,PA,2000,1,1,PA,12.8212312572281,1990,16,15,0,0,2.77258872223978
42131,2306,PA,Wyoming County,28076,28072,0.3661,0.154,,,,0,PA,10.2425279172631,1990,1,1,0,0,0
42133,2307,PA,York County,339574,381791,0.45193,0.184,,,,0,PA,12.8526286174449,1990,22,16,1,0,3.09104245335832
44001,2308,RI,Bristol County,48859,50653,0.50972,0.343,,,,0,RI,10.8327537379327,1990,4,2,0,0,1.38629436111989
44003,2309,RI,Kent County,161143,167220,0.47375,0.248,RI,2000,1,1,RI,12.0270655897041,1990,5,4,0,0,1.6094379124341
44005,2310,RI,Newport County,87194,85442,0.50146,0.383,RI,2000,0,0,RI,11.3555930621598,1990,6,6,0,0,1.79175946922806
44007,2311,RI,Providence County,596270,621404,0.36648,0.213,RI,2000,0,0,RI,13.3397367129979,1990,23,18,2,0,3.13549421592915
44009,2312,RI,Washington County,109998,123540,0.5281,0.355,,,,0,RI,11.7243202692499,1990,11,11,0,0,2.39789527279837
45001,2313,SC,Abbeville County,23862,26153,0.32468,0.128,,,,0,SC,10.1717191856663,,,,,,0
45003,2314,SC,Aiken County,120991,142556,0.37556,0.199,,,,0,SC,11.8674901839496,1990,4,4,0,0,1.38629436111989
45005,2315,SC,Allendale County,11727,11199,0.21332,0.093,,,,0,SC,9.32357976758269,,,,,,0
45007,2316,SC,Anderson County,145177,165734,0.36686,0.159,,,,0,SC,12.0181393724686,1990,5,5,0,0,1.6094379124341
45009,2317,SC,Bamberg County,16902,16704,0.23614,0.154,,,,0,SC,9.72340349068237,1990,1,1,0,0,0
45011,2318,SC,Barnwell County,20293,23491,0.29149,0.116,,,,0,SC,10.0643726480538,1990,0,0,0,0,0
45013,2319,SC,Beaufort County,86425,120931,0.46886,0.332,SC,2000,1,1,SC,11.7029754139918,1990,4,4,0,0,1.38629436111989
45015,2320,SC,Berkeley County,128658,142747,0.39616,0.144,,,,0,SC,11.8688291115356,1990,4,4,0,0,1.38629436111989
45017,2321,SC,Calhoun County,12753,15132,0.3219,0.142,,,,0,SC,9.62456698575292,,,,,,0
45019,2322,SC,Charleston County,295159,309921,0.37808,0.307,SC,2000,2,1,SC,12.6440727052748,1990,37,36,0,0,3.61091791264422
45021,2323,SC,Cherokee County,44506,52532,0.33743,0.118,,,,0,SC,10.8691777867051,1990,1,1,0,0,0
45023,2324,SC,Chester County,32170,34112,0.32336,0.096,,,,0,SC,10.4374045075255,,,,,,0
45025,2325,SC,Chesterfield County,38575,42765,0.29187,0.097,,,,0,SC,10.6634752900149,1990,0,0,0,0,0
45027,2326,SC,Clarendon County,28450,32460,0.26842,0.114,,,,0,SC,10.3877638410686,1990,0,0,0,0,0
45029,2327,SC,Colleton County,34377,38259,0.30213,0.115,,,,0,SC,10.552134105695,1990,0,0,0,0,0
45031,2328,SC,Darlington County,61851,67444,0.30987,0.135,,,,0,SC,11.1190529028979,1990,2,2,0,0,0.693147180559945
45033,2329,SC,Dillon County,29114,30735,0.26366,0.092,,,,0,SC,10.3331573493411,1990,0,0,0,0,0
45035,2330,SC,Dorchester County,83060,96353,0.42939,0.214,,,,0,SC,11.4757738098394,1990,2,2,0,0,0.693147180559945
45037,2331,SC,Edgefield County,18360,24588,0.3469,0.125,,,,0,SC,10.1100137980269,,,,,,0
45039,2332,SC,Fairfield County,22295,23388,0.29685,0.117,,,,0,SC,10.0599783492956,,,,,,0
45041,2333,SC,Florence County,114344,125709,0.34845,0.187,SC,2000,0,0,SC,11.7417249910606,1990,4,3,0,0,1.38629436111989
45043,2334,SC,Georgetown County,46302,55823,0.35164,0.2,,,,0,SC,10.9299412498239,1990,2,2,0,0,0.693147180559945
45045,2335,SC,Greenville County,320127,379648,0.40986,0.262,SC,2000,1,1,SC,12.8469997866175,1990,13,12,0,0,2.56494935746154
45047,2336,SC,Greenwood County,59567,66309,0.34475,0.189,,,,0,SC,11.1020809135676,1990,3,3,0,0,1.09861228866811
45049,2337,SC,Hampton County,18186,21373,0.28369,0.101,,,,0,SC,9.96988372217581,1990,0,0,0,0,0
45051,2338,SC,Horry County,144053,196558,0.36215,0.187,SC,2000,1,1,SC,12.1887128321331,1990,8,8,0,0,2.07944154167984
45053,2339,SC,Jasper County,15487,20672,0.30191,0.087,,,,0,SC,9.93653540658233,1990,0,0,0,0,0
45055,2340,SC,Kershaw County,43599,52649,0.38526,0.163,,,,0,SC,10.8714025240294,1990,0,0,0,0,0
45057,2341,SC,Lancaster County,54516,61404,0.34691,0.102,,,,0,SC,11.0252302585931,1990,0,0,0,0,0
45059,2342,SC,Laurens County,58132,69407,0.33827,0.117,,,,0,SC,11.1477430059617,1990,1,1,0,0,0
45061,2343,SC,Lee County,18437,20089,0.2659,0.092,,,,0,SC,9.90792768056215,,,,,,0
45063,2344,SC,Lexington County,167526,216031,0.44254,0.246,SC,2000,1,1,SC,12.283177194887,1990,1,1,0,0,0
45065,2345,SC,McCormick County,8868,9934,0.32594,0.16,,,,0,SC,9.2037184956673,1990,0,0,0,0,0
45067,2346,SC,Marion County,33899,35475,0.26285,0.102,,,,0,SC,10.4765835020282,,,,,,0
45069,2347,SC,Marlboro County,29716,28820,0.26651,0.083,,,,0,SC,10.2688248695535,1990,0,0,0,0,0
45071,2348,SC,Newberry County,33172,35979,0.32926,0.148,,,,0,SC,10.4906907138998,1990,0,0,0,0,0
45073,2349,SC,Oconee County,57494,66199,0.36595,0.182,,,,0,SC,11.1004206360708,1990,3,3,0,0,1.09861228866811
45075,2350,SC,Orangeburg County,84804,91511,0.29086,0.163,,,,0,SC,11.4242144626172,1990,4,4,0,0,1.38629436111989
45077,2351,SC,Pickens County,93896,110755,0.36189,0.191,,,,0,SC,11.6150758336152,1990,4,3,0,0,1.38629436111989
45079,2352,SC,Richland County,286321,320836,0.39921,0.325,SC,2000,1,1,SC,12.6786853681297,1990,21,15,1,0,3.04452243772342
45081,2353,SC,Saluda County,16441,19180,0.35541,0.119,,,,0,SC,9.86162334843743,,,,,,0
45083,2354,SC,Spartanburg County,226793,253957,0.37332,0.182,SC,2000,1,1,SC,12.4449202403307,1990,10,9,1,0,2.30258509299405
45085,2355,SC,Sumter County,101276,104687,0.33632,0.158,,,,0,SC,11.5587302248707,1990,1,1,0,0,0
45087,2356,SC,Union County,30337,29939,0.316,0.098,,,,0,SC,10.3069172572822,1990,1,1,0,0,0
45089,2357,SC,Williamsburg County,36815,37219,0.24523,0.115,,,,0,SC,10.5245746625597,1990,0,0,0,0,0
45091,2358,SC,York County,131497,164656,0.44542,0.209,,,,0,SC,12.0116137280759,1990,7,6,0,0,1.94591014905531
46003,2359,SD,Aurora County,3135,3051,0.29913,0.127,,,,0,SD,8.02322468471667,,,,,,0
46005,2360,SD,Beadle County,18253,17027,0.30979,0.183,,,,0,SD,9.74255559842064,1990,3,3,0,0,1.09861228866811
46007,2361,SD,Bennett County,3206,3572,0.24623,0.127,,,,0,SD,8.18088094199639,,,,,,0
46009,2362,SD,Bon Homme County,7089,7262,0.30464,0.153,,,,0,SD,8.89041055197428,,,,,,0
46011,2363,SD,Brookings County,25207,28233,0.3549,0.322,,,,0,SD,10.2482467855269,1990,2,2,0,0,0.693147180559945
46013,2364,SD,Brown County,35580,35468,0.34792,0.236,,,,0,SD,10.4763861604999,1990,4,4,0,0,1.38629436111989
46015,2365,SD,Brule County,5485,5362,0.31913,0.206,,,,0,SD,8.58709231879591,,,,,,0
46017,2366,SD,Buffalo County,1759,2032,0.13021,0.054,,,,0,SD,7.61677580869837,,,,,,0
46019,2367,SD,Butte County,7914,9093,0.29328,0.122,,,,0,SD,9.11526016572591,,,,,,0
46021,2368,SD,Campbell County,1965,1782,0.28233,0.148,,,,0,SD,7.48549160803075,,,,,,0
46023,2369,SD,Charles Mix County,9131,9350,0.25728,0.141,,,,0,SD,9.14313162228273,,,,,,0
46025,2370,SD,Clark County,4403,4143,0.30284,0.114,,,,0,SD,8.3291754420774,,,,,,0
46027,2371,SD,Clay County,13186,13538,0.27554,0.387,,,,0,SD,9.51325582506855,1990,1,1,0,0,0
46029,2372,SD,Codington County,22698,25909,0.36309,0.188,,,,0,SD,10.1623456776743,1990,3,3,0,0,1.09861228866811
46031,2373,SD,Corson County,4195,4177,0.20688,0.113,,,,0,SD,8.33734856449718,,,,,,0
46033,2374,SD,Custer County,6179,7268,0.35505,0.244,,,,0,SD,8.89123642951606,1990,0,0,0,0,0
46035,2375,SD,Davison County,17503,18743,0.33518,0.202,,,,0,SD,9.83857562835898,1990,1,1,0,0,0
46037,2376,SD,Day County,6978,6246,0.3025,0.154,,,,0,SD,8.73969653784302,1990,0,0,0,0,0
46039,2377,SD,Deuel County,4522,4498,0.3235,0.133,,,,0,SD,8.41138813251926,,,,,,0
46041,2378,SD,Dewey County,5523,5972,0.23616,0.122,,,,0,SD,8.69483715865908,,,,,,0
46043,2379,SD,Douglas County,3746,3456,0.28476,0.145,,,,0,SD,8.14786712992395,,,,,,0
46045,2380,SD,Edmunds County,4356,4367,0.32392,0.155,,,,0,SD,8.38183155348556,,,,,,0
46047,2381,SD,Fall River County,7353,7453,0.28509,0.192,,,,0,SD,8.91637191488169,1990,1,1,0,0,0
46049,2382,SD,Faulk County,2744,2640,0.30086,0.131,,,,0,SD,7.87853419614036,,,,,,0
46051,2383,SD,Grant County,8372,7845,0.325,0.148,,,,0,SD,8.96763166516713,1990,0,0,0,0,0
46053,2384,SD,Gregory County,5359,4790,0.2277,0.12,,,,0,SD,8.47428569040496,,,,,,0
46055,2385,SD,Haakon County,2624,2196,0.29628,0.154,,,,0,SD,7.69439280262942,,,,,,0
46057,2386,SD,Hamlin County,4974,5530,0.3375,0.128,,,,0,SD,8.61794309451638,,,,,,0
46059,2387,SD,Hand County,4272,3741,0.31639,0.156,,,,0,SD,8.22710823434815,,,,,,0
46061,2388,SD,Hanson County,2994,3144,0.32882,0.14,,,,0,SD,8.0532511535491,,,,,,0
46063,2389,SD,Harding County,1669,1353,0.25491,0.178,,,,0,SD,7.21007962817079,,,,,,0
46065,2390,SD,Hughes County,14817,16483,0.43182,0.32,,,,0,SD,9.71008482573136,1990,1,1,0,0,0
46067,2391,SD,Hutchinson County,8262,8074,0.29444,0.141,,,,0,SD,8.99640430141289,1990,1,1,0,0,0
46069,2392,SD,Hyde County,1696,1671,0.30607,0.16,,,,0,SD,7.42117752859539,,,,,,0
46071,2393,SD,Jackson County,2811,2929,0.24246,0.162,,,,0,SD,7.98241634682773,1990,0,0,0,0,0
46073,2394,SD,Jerauld County,2425,2286,0.30363,0.123,,,,0,SD,7.73455884435476,,,,,,0
46075,2395,SD,Jones County,1324,1193,0.30046,0.178,,,,0,SD,7.08422642209792,,,,,,0
46077,2396,SD,Kingsbury County,5925,5815,0.31173,0.162,,,,0,SD,8.66819606495277,,,,,,0
46079,2397,SD,Lake County,10550,11270,0.34918,0.211,,,,0,SD,9.32989960703382,1990,0,0,0,0,0
46081,2398,SD,Lawrence County,20655,21805,0.31914,0.24,,,,0,SD,9.98989458027687,1990,1,1,0,0,0
46083,2399,SD,Lincoln County,15427,24158,0.47955,0.255,,,,0,SD,10.0923708671652,,,,,,0
46085,2400,SD,Lyman County,3638,3899,0.29009,0.159,,,,0,SD,8.2684753889826,,,,,,0
46087,2401,SD,McCook County,5688,5825,0.35904,0.163,,,,0,SD,8.6699142784339,1990,0,0,0,0,0
46089,2402,SD,McPherson County,3228,2904,0.2263,0.107,,,,0,SD,7.97384437594469,,,,,,0
46091,2403,SD,Marshall County,4844,4578,0.30457,0.162,,,,0,SD,8.42901750051251,,,,,,0
46093,2404,SD,Meade County,21878,24230,0.37002,0.168,,,,0,SD,10.0953468138106,1990,0,0,0,0,0
46095,2405,SD,Mellette County,2137,2083,0.23,0.166,,,,0,SD,7.64156444126097,,,,,,0
46097,2406,SD,Miner County,3272,2836,0.29628,0.135,,,,0,SD,7.95014988765202,,,,,,0
46099,2407,SD,Minnehaha County,123809,148321,0.4268,0.26,SD,2000,1,1,SD,11.907134122956,1990,10,7,0,0,2.30258509299405
46101,2408,SD,Moody County,6507,6586,0.35789,0.174,,,,0,SD,8.79270146293631,,,,,,0
46103,2409,SD,Pennington County,81343,88619,0.37571,0.25,,,,0,SD,11.3921015605553,1990,5,5,0,0,1.6094379124341
46105,2410,SD,Perkins County,3932,3368,0.27551,0.146,,,,0,SD,8.12207437536222,,,,,,0
46107,2411,SD,Potter County,3190,2693,0.30208,0.162,,,,0,SD,7.8984110928116,,,,,,0
46109,2412,SD,Roberts County,9914,10013,0.28226,0.134,,,,0,SD,9.2116395277078,,,,,,0
46111,2413,SD,Sanborn County,2833,2676,0.32863,0.148,,,,0,SD,7.89207842124812,,,,,,0
46115,2414,SD,Spink County,7981,7452,0.32037,0.144,,,,0,SD,8.91623773172148,,,,,,0
46117,2415,SD,Stanley County,2453,2772,0.41328,0.221,,,,0,SD,7.92732436030979,1990,0,0,0,0,0
46119,2416,SD,Sully County,1589,1553,0.325,0.164,,,,0,SD,7.34794382314869,,,,,,0
46121,2417,SD,Todd County,8352,9050,0.20967,0.121,,,,0,SD,9.11052003669397,,,,,,0
46123,2418,SD,Tripp County,6924,6434,0.28136,0.135,,,,0,SD,8.76935170779897,,,,,,0
46125,2419,SD,Turner County,8576,8847,0.35307,0.17,,,,0,SD,9.08783369748339,1990,0,0,0,0,0
46127,2420,SD,Union County,10189,12583,0.44147,0.263,,,,0,SD,9.44010197559197,,,,,,0
46129,2421,SD,Walworth County,6087,5969,0.28113,0.158,,,,0,SD,8.69433468816865,,,,,,0
46135,2422,SD,Yankton County,19252,21657,0.3535,0.23,,,,0,SD,9.98308400680727,1990,1,1,0,0,0
46137,2423,SD,Ziebach County,2220,2519,0.18869,0.12,,,,0,SD,7.83161727635261,,,,,,0
47001,2424,TN,Anderson County,68250,71470,0.35345,0.208,,,,0,TN,11.177033060214,1990,5,5,0,0,1.6094379124341
47003,2425,TN,Bedford County,30411,37608,0.36855,0.111,,,,0,TN,10.534972072704,1990,0,0,0,0,0
47005,2426,TN,Benton County,14524,16534,0.28129,0.063,,,,0,TN,9.71317414581262,,,,,,0
47007,2427,TN,Bledsoe County,9669,12349,0.29324,0.071,,,,0,TN,9.42133036711782,1990,0,0,0,0,0
47009,2428,TN,Blount County,85962,105824,0.37647,0.179,,,,0,TN,11.5695326157815,1990,4,4,0,0,1.38629436111989
47011,2429,TN,Bradley County,73712,87973,0.35011,0.159,,,,0,TN,11.3847852282002,1990,3,2,0,0,1.09861228866811
47013,2430,TN,Campbell County,35079,39839,0.25357,0.07,,,,0,TN,10.5926016109819,1990,1,1,0,0,0
47015,2431,TN,Cannon County,10467,12836,0.31906,0.084,,,,0,TN,9.46000900222975,,,,,,0
47017,2432,TN,Carroll County,27514,29446,0.30242,0.111,,,,0,TN,10.2903133564254,1990,0,0,0,0,0
47019,2433,TN,Carter County,51505,56731,0.273,0.128,,,,0,TN,10.9460760775229,1990,2,1,0,0,0.693147180559945
47021,2434,TN,Cheatham County,27140,35843,0.45556,0.151,,,,0,TN,10.4869035689429,1990,0,0,0,0,0
47023,2435,TN,Chester County,12819,15540,0.34298,0.112,,,,0,TN,9.65117262392164,,,,,,0
47025,2436,TN,Claiborne County,26137,29861,0.25753,0.089,,,,0,TN,10.3043085601506,1990,0,0,0,0,0
47027,2437,TN,Clay County,7238,7960,0.23699,0.068,,,,0,TN,8.98218427883843,,,,,,0
47029,2438,TN,Cocke County,29141,33548,0.25699,0.062,,,,0,TN,10.4207325281043,1990,0,0,0,0,0
47031,2439,TN,Coffee County,40343,48052,0.35185,0.175,,,,0,TN,10.7800390368413,1990,2,2,0,0,0.693147180559945
47033,2440,TN,Crockett County,13378,14529,0.30252,0.091,,,,0,TN,9.58390193107134,,,,,,0
47035,2441,TN,Cumberland County,34736,46781,0.30664,0.137,,,,0,TN,10.7532324165664,1990,1,1,0,0,0
47037,2442,TN,Davidson County,510786,569927,0.39612,0.305,TN,2000,0,0,TN,13.2532635614336,1990,52,36,4,1,3.95124371858143
47039,2443,TN,Decatur County,10472,11711,0.28968,0.073,,,,0,TN,9.36828385004214,,,,,,0
47041,2444,TN,DeKalb County,14360,17413,0.30041,0.113,,,,0,TN,9.76497233267938,,,,,,0
47043,2445,TN,Dickson County,35061,43152,0.38651,0.113,,,,0,TN,10.6724840453795,1990,2,2,0,0,0.693147180559945
47045,2446,TN,Dyer County,34854,37284,0.32623,0.12,,,,0,TN,10.526319559181,1990,3,3,0,0,1.09861228866811
47047,2447,TN,Fayette County,25559,28799,0.40155,0.128,,,,0,TN,10.268095943299,1990,0,0,0,0,0
47049,2448,TN,Fentress County,14669,16615,0.23237,0.083,,,,0,TN,9.71806118078869,1990,0,0,0,0,0
47051,2449,TN,Franklin County,34923,39258,0.35862,0.153,,,,0,TN,10.5779105240978,1990,2,2,0,0,0.693147180559945
47053,2450,TN,Gibson County,46315,48092,0.30689,0.101,,,,0,TN,10.7808711220948,1990,1,1,0,0,0
47055,2451,TN,Giles County,25741,29433,0.34659,0.106,,,,0,TN,10.2898717728315,1990,0,0,0,0,0
47057,2452,TN,Grainger County,17095,20610,0.2797,0.078,,,,0,TN,9.9335316738845,1990,0,0,0,0,0
47059,2453,TN,Greene County,55832,62911,0.30184,0.128,,,,0,TN,11.0494763081618,1990,3,3,0,0,1.09861228866811
47061,2454,TN,Grundy County,13362,14322,0.23289,0.071,,,,0,TN,9.56955209556689,,,,,,0
47063,2455,TN,Hamblen County,50480,58136,0.32168,0.133,,,,0,TN,10.9705403722965,1990,2,2,0,0,0.693147180559945
47065,2456,TN,Hamilton County,285536,308115,0.38509,0.239,TN,2000,1,1,TN,12.6382283688914,1990,18,17,0,0,2.89037175789616
47067,2457,TN,Hancock County,6739,6776,0.18938,0.102,,,,0,TN,8.82114223633189,,,,,,0
47069,2458,TN,Hardeman County,23377,28108,0.28871,0.078,,,,0,TN,10.2438095123121,1990,0,0,0,0,0
47071,2459,TN,Hardin County,22633,25589,0.28443,0.098,,,,0,TN,10.1499178506255,1990,1,1,0,0,0
47073,2460,TN,Hawkins County,44565,53582,0.31308,0.1,,,,0,TN,10.8889684697629,1990,2,2,0,0,0.693147180559945
47075,2461,TN,Haywood County,19437,19790,0.27831,0.111,,,,0,TN,9.89293203859661,1990,0,0,0,0,0
47077,2462,TN,Henderson County,21844,25526,0.31929,0.093,,,,0,TN,10.1474528195426,1990,1,1,0,0,0
47079,2463,TN,Henry County,27888,31112,0.30044,0.121,,,,0,TN,10.3453488758356,1990,1,1,0,0,0
47081,2464,TN,Hickman County,16754,22311,0.31325,0.067,,,,0,TN,10.0128351093714,1990,0,0,0,0,0
47083,2465,TN,Houston County,7018,8079,0.29508,0.103,,,,0,TN,8.99702338147971,1990,0,0,0,0,0
47085,2466,TN,Humphreys County,15813,17932,0.35721,0.093,,,,0,TN,9.79434210527533,1990,0,0,0,0,0
47087,2467,TN,Jackson County,9297,10987,0.26543,0.084,,,,0,TN,9.30446803470088,1990,1,1,0,0,0
47089,2468,TN,Jefferson County,33016,44308,0.32429,0.128,,,,0,TN,10.6989205266368,1990,0,0,0,0,0
47091,2469,TN,Johnson County,13766,17513,0.23591,0.069,,,,0,TN,9.77069874127266,1990,0,0,0,0,0
47093,2470,TN,Knox County,335749,381884,0.3738,0.29,TN,2000,1,1,TN,12.8528721765517,1990,32,27,1,0,3.46573590279973
47095,2471,TN,Lake County,7129,7951,0.22057,0.054,,,,0,TN,8.98105298590148,,,,,,0
47097,2472,TN,Lauderdale County,23491,27134,0.29784,0.077,,,,0,TN,10.2085428330453,1990,0,0,0,0,0
47099,2473,TN,Lawrence County,35303,39910,0.30205,0.087,,,,0,TN,10.5943821980428,1990,1,1,0,0,0
47101,2474,TN,Lewis County,9247,11389,0.30881,0.085,,,,0,TN,9.34040325627435,1990,0,0,0,0,0
47103,2475,TN,Lincoln County,28157,31346,0.33091,0.119,,,,0,TN,10.352841946214,1990,0,0,0,0,0
47105,2476,TN,Loudon County,31255,39086,0.39861,0.17,,,,0,TN,10.57351962559,1990,0,0,0,0,0
47107,2477,TN,McMinn County,42383,49011,0.31482,0.108,,,,0,TN,10.7998000416946,1990,2,2,0,0,0.693147180559945
47109,2478,TN,McNairy County,22422,24644,0.29912,0.088,,,,0,TN,10.1122887421345,1990,0,0,0,0,0
47111,2479,TN,Macon County,15906,20407,0.30494,0.056,,,,0,TN,9.92363325822908,1990,0,0,0,0,0
47113,2480,TN,Madison County,77982,91900,0.36776,0.215,,,,0,TN,11.4284563083438,1990,7,7,0,0,1.94591014905531
47115,2481,TN,Marion County,24683,27765,0.31269,0.095,,,,0,TN,10.2315315136757,1990,0,0,0,0,0
47117,2482,TN,Marshall County,21539,26761,0.38627,0.106,,,,0,TN,10.1947008827517,,,,,,0
47119,2483,TN,Maury County,54812,69542,0.41167,0.136,,,,0,TN,11.1496861655739,1990,2,2,0,0,0.693147180559945
47121,2484,TN,Meigs County,8033,11052,0.28994,0.07,,,,0,TN,9.31036668604331,,,,,,0
47123,2485,TN,Monroe County,30541,38969,0.2999,0.101,,,,0,TN,10.5705217372388,1990,1,1,0,0,0
47125,2486,TN,Montgomery County,100498,134725,0.38876,0.193,,,,0,TN,11.8109909428017,1990,4,4,0,0,1.38629436111989
47127,2487,TN,Moore County,4696,5698,0.36039,0.118,,,,0,TN,8.64787051505785,1990,0,0,0,0,0
47129,2488,TN,Morgan County,17300,19754,0.27911,0.06,,,,0,TN,9.89111128146807,,,,,,0
47131,2489,TN,Obion County,31717,32470,0.32495,0.103,,,,0,TN,10.3880718650969,1990,2,2,0,0,0.693147180559945
47133,2490,TN,Overton County,17636,20124,0.26652,0.083,,,,0,TN,9.90966841161121,1990,1,1,0,0,0
47135,2491,TN,Perry County,6612,7608,0.28627,0.071,,,,0,TN,8.93695560422523,,,,,,0
47137,2492,TN,Pickett County,4548,4941,0.24625,0.091,,,,0,TN,8.50532301884575,,,,,,0
47139,2493,TN,Polk County,13643,16039,0.30014,0.075,,,,0,TN,9.68277853533738,,,,,,0
47141,2494,TN,Putnam County,51373,62315,0.30936,0.202,,,,0,TN,11.0399574462605,1990,3,3,0,0,1.09861228866811
47143,2495,TN,Rhea County,24344,28398,0.30635,0.091,,,,0,TN,10.2540739991343,1990,0,0,0,0,0
47145,2496,TN,Roane County,47227,51921,0.33212,0.148,,,,0,TN,10.8574786115931,1990,0,0,0,0,0
47147,2497,TN,Robertson County,41492,54430,0.42706,0.119,,,,0,TN,10.9046707514282,1990,0,0,0,0,0
47149,2498,TN,Rutherford County,118570,182029,0.46149,0.229,,,,0,TN,12.1119212940249,1990,6,5,0,0,1.79175946922806
47151,2499,TN,Scott County,18358,21129,0.24106,0.075,,,,0,TN,9.95840178341352,1990,1,1,0,0,0
47153,2500,TN,Sequatchie County,8863,11262,0.30856,0.102,,,,0,TN,9.32918950581456,1990,0,0,0,0,0
47155,2501,TN,Sevier County,51050,71200,0.34745,0.135,,,,0,TN,11.1732480974001,1990,5,4,0,0,1.6094379124341
47157,2502,TN,Shelby County,826330,897466,0.39501,0.253,TN,2000,2,1,TN,13.7073305156186,1990,48,42,2,0,3.87120101090789
47159,2503,TN,Smith County,14143,17708,0.36143,0.093,,,,0,TN,9.78177179385203,1990,0,0,0,0,0
47161,2504,TN,Stewart County,9479,12369,0.32774,0.102,,,,0,TN,9.42294862137501,1990,1,1,0,0,0
47163,2505,TN,Sullivan County,143596,153089,0.33571,0.181,,,,0,TN,11.9387747305995,1990,9,9,0,0,2.19722457733622
47165,2506,TN,Sumner County,103281,130528,0.46194,0.186,,,,0,TN,11.7793430421173,1990,4,4,0,0,1.38629436111989
47167,2507,TN,Tipton County,37568,51309,0.41638,0.108,,,,0,TN,10.8456214543678,1990,1,1,0,0,0
47169,2508,TN,Trousdale County,5920,7256,0.3153,0.089,,,,0,TN,8.88958399179497,,,,,,0
47171,2509,TN,Unicoi County,16549,17666,0.30284,0.106,,,,0,TN,9.77939716730508,,,,,,0
47173,2510,TN,Union County,13694,17843,0.27363,0.058,,,,0,TN,9.78936655343143,,,,,,0
47175,2511,TN,Van Buren County,4846,5505,0.2766,0.078,,,,0,TN,8.61341204915678,,,,,,0
47177,2512,TN,Warren County,32992,38275,0.31221,0.091,,,,0,TN,10.5525522205259,1990,1,1,0,0,0
47179,2513,TN,Washington County,92336,107188,0.32974,0.229,TN,2000,0,0,TN,11.5823395810545,1990,4,4,0,0,1.38629436111989
47181,2514,TN,Wayne County,13935,16817,0.26717,0.08,,,,0,TN,9.73014555852275,,,,,,0
47183,2515,TN,Weakley County,31972,34917,0.29825,0.153,,,,0,TN,10.4607290956101,1990,0,0,0,0,0
47185,2516,TN,White County,20090,23139,0.29099,0.079,,,,0,TN,10.0492747846021,1990,0,0,0,0,0
47187,2517,TN,Williamson County,81021,126649,0.69138,0.444,TN,2000,1,1,TN,11.7491747596229,1990,4,3,0,0,1.38629436111989
47189,2518,TN,Wilson County,67675,88794,0.50054,0.196,,,,0,TN,11.3940743591299,1990,1,1,0,0,0
48001,2519,TX,Anderson County,48024,55114,0.32123,0.111,,,,0,TX,10.9171590463518,1990,1,1,0,0,0
48003,2520,TX,Andrews County,14338,13002,0.34131,0.124,,,,0,TX,9.47285847076441,1990,1,1,0,0,0
48005,2521,TX,Angelina County,69884,80123,0.33191,0.147,,,,0,TX,11.291318232913,1990,5,5,0,0,1.6094379124341
48007,2522,TX,Aransas County,17892,22457,0.30334,0.167,,,,0,TX,10.0193576485785,,,,,,0
48009,2523,TX,Archer County,7973,8904,0.38484,0.159,,,,0,TX,9.09425589295538,,,,,,0
48011,2524,TX,Armstrong County,2021,2153,0.37045,0.205,,,,0,TX,7.67461749736436,,,,,,0
48013,2525,TX,Atascosa County,30533,38564,0.3257,0.105,,,,0,TX,10.5600744777843,1990,1,1,0,0,0
48015,2526,TX,Austin County,19832,23586,0.38948,0.173,,,,0,TX,10.0684085946499,1990,0,0,0,0,0
48017,2527,TX,Bailey County,7064,6593,0.29023,0.093,,,,0,TX,8.7937637591133,1990,0,0,0,0,0
48019,2528,TX,Bandera County,10562,17589,0.38942,0.194,,,,0,TX,9.77502898563232,1990,0,0,0,0,0
48021,2529,TX,Bastrop County,38263,57702,0.43674,0.17,,,,0,TX,10.9630471139405,1990,0,0,0,0,0
48023,2530,TX,Baylor County,4385,4091,0.25104,0.121,,,,0,TX,8.3165447179294,,,,,,0
48025,2531,TX,Bee County,25135,32347,0.28169,0.122,,,,0,TX,10.3842765599256,1990,0,0,0,0,0
48027,2532,TX,Bell County,191073,238000,0.36865,0.198,TX,2000,0,0,TX,12.3800259526536,1990,9,9,0,0,2.19722457733622
48029,2533,TX,Bexar County,"1185,394","1393,035",0.382,0.227,TX,2000,4,1,TX,,1990,45,35,3,0,3.80666248977032
48031,2534,TX,Blanco County,5972,8436,0.39731,0.222,,,,0,TX,9.04026354159867,1990,1,1,0,0,0
48033,2535,TX,Borden County,799,729,0.29444,0.214,,,,0,TX,6.59167373200866,,,,,,0
48035,2536,TX,Bosque County,15125,17188,0.34142,0.154,,,,0,TX,9.75196674489489,,,,,,0
48037,2537,TX,Bowie County,81665,89296,0.33053,0.161,,,,0,TX,11.3997119730282,1990,3,3,0,0,1.09861228866811
48039,2538,TX,Brazoria County,191707,241805,0.48191,0.196,TX,2000,0,0,TX,12.3958868951955,1990,6,6,0,0,1.79175946922806
48041,2539,TX,Brazos County,121862,152436,0.28802,0.37,TX,2000,1,1,TX,11.9345001148115,1990,12,5,3,0,2.484906649788
48043,2540,TX,Brewster County,8653,8872,0.27456,0.277,,,,0,TX,9.0906555290302,1990,0,0,0,0,0
48045,2541,TX,Briscoe County,1971,1805,0.28167,0.175,,,,0,TX,7.49831587076698,,,,,,0
48047,2542,TX,Brooks County,8204,7980,0.18836,0.068,,,,0,TX,8.98469369044386,,,,,,0
48049,2543,TX,Brown County,34371,37668,0.31007,0.15,,,,0,TX,10.53656620663,1990,2,2,0,0,0.693147180559945
48051,2544,TX,Burleson County,13625,16449,0.32811,0.132,,,,0,TX,9.70801996407216,,,,,,0
48053,2545,TX,Burnet County,22677,34188,0.37535,0.174,,,,0,TX,10.4396299842859,1990,0,0,0,0,0
48055,2546,TX,Caldwell County,26392,32101,0.36602,0.133,,,,0,TX,10.3766424612809,1990,0,0,0,0,0
48057,2547,TX,Calhoun County,19053,20645,0.35349,0.121,,,,0,TX,9.93522843832019,1990,0,0,0,0,0
48059,2548,TX,Callahan County,11859,12873,0.3233,0.123,,,,0,TX,9.46288737365964,1990,0,0,0,0,0
48061,2549,TX,Cameron County,260120,334884,0.26031,0.134,,,,0,TX,12.7215394821857,1990,8,6,0,0,2.07944154167984
48063,2550,TX,Camp County,9904,11533,0.31243,0.122,,,,0,TX,9.35296777022594,1990,1,1,0,0,0
48065,2551,TX,Carson County,6576,6503,0.39669,0.155,,,,0,TX,8.78001888786915,,,,,,0
48067,2552,TX,Cass County,29982,30427,0.28273,0.12,,,,0,TX,10.3230856511102,1990,0,0,0,0,0
48069,2553,TX,Castro County,9070,8276,0.30082,0.147,,,,0,TX,9.02111503886543,,,,,,0
48071,2554,TX,Chambers County,20088,26006,0.47609,0.121,,,,0,TX,10.1660825596113,1990,0,0,0,0,0
48073,2555,TX,Cherokee County,41049,46716,0.29233,0.114,,,,0,TX,10.7518419973985,1990,0,0,0,0,0
48075,2556,TX,Childress County,5953,7697,0.28694,0.086,,,,0,TX,8.94858592153432,,,,,,0
48077,2557,TX,Clay County,10024,10997,0.3557,0.139,,,,0,TX,9.30537778731093,,,,,,0
48079,2558,TX,Cochran County,4377,3724,0.27482,0.102,,,,0,TX,8.22255363839696,,,,,,0
48081,2559,TX,Coke County,3424,3865,0.29267,0.147,,,,0,TX,8.25971696102152,,,,,,0
48083,2560,TX,Coleman County,9710,9232,0.256,0.117,,,,0,TX,9.13043098874788,,,,,,0
48085,2561,TX,Collin County,264036,491272,0.70292,0.473,TX,2000,2,1,TX,13.1047532248779,1990,8,6,1,0,2.07944154167984
48087,2562,TX,Collingsworth County,3573,3206,0.25242,0.153,,,,0,TX,8.0727793331695,,,,,,0
48089,2563,TX,Colorado County,18383,20356,0.32118,0.144,,,,0,TX,9.92113098770872,,,,,,0
48091,2564,TX,Comal County,51832,78022,0.46093,0.262,,,,0,TX,11.2647461171848,1990,0,0,0,0,0
48093,2565,TX,Comanche County,13381,14027,0.28439,0.13,,,,0,TX,9.54873932271967,,,,,,0
48095,2566,TX,Concho County,3044,3964,0.31381,0.141,,,,0,TX,8.28500889544988,,,,,,0
48097,2567,TX,Cooke County,30777,36370,0.37582,0.157,,,,0,TX,10.501499537981,1990,0,0,0,0,0
48099,2568,TX,Coryell County,64226,74899,0.36244,0.124,,,,0,TX,11.2238958182813,1990,1,1,0,0,0
48101,2569,TX,Cottle County,2247,1899,0.25,0.153,,,,0,TX,7.54908271081229,,,,,,0
48103,2570,TX,Crane County,4652,3996,0.32404,0.128,,,,0,TX,8.29304913976844,,,,,,0
48105,2571,TX,Crockett County,4078,4099,0.27682,0.104,,,,0,TX,8.31849832050434,,,,,,0
48107,2572,TX,Crosby County,7304,7072,0.25078,0.105,,,,0,TX,8.86389860431748,,,,,,0
48109,2573,TX,Culberson County,3407,2979,0.2585,0.139,,,,0,TX,7.99934295271328,,,,,,0
48111,2574,TX,Dallam County,5461,6213,0.27472,0.096,,,,0,TX,8.7343991500637,1990,1,1,0,0,0
48113,2575,TX,Dallas County,"1852,691","2216,808",0.43119,0.27,TX,2000,4,1,TX,,1990,100,76,5,0,4.60517018598809
48115,2576,TX,Dawson County,14349,14987,0.27588,0.105,,,,0,TX,9.614938437645,1990,0,0,0,0,0
48117,2577,TX,Deaf Smith County,19153,18565,0.29549,0.118,,,,0,TX,9.82903336661118,1990,0,0,0,0,0
48119,2578,TX,Delta County,4857,5319,0.30077,0.139,,,,0,TX,8.57904059474232,,,,,,0
48121,2579,TX,Denton County,273644,433065,0.57808,0.366,TX,2000,1,1,TX,12.9786431111919,1990,12,9,1,0,2.484906649788
48123,2580,TX,DeWitt County,18840,19999,0.28722,0.118,,,,0,TX,9.90343755128609,1990,0,0,0,0,0
48125,2581,TX,Dickens County,2571,2760,0.25069,0.084,,,,0,TX,7.9229859587112,,,,,,0
48127,2582,TX,Dimmit County,10433,10205,0.2125,0.101,,,,0,TX,9.23063307524395,,,,,,0
48129,2583,TX,Donley County,3696,3814,0.29286,0.158,,,,0,TX,8.24643378616037,,,,,,0
48131,2584,TX,Duval County,12918,13073,0.22405,0.089,,,,0,TX,9.47830431356186,,,,,,0
48133,2585,TX,Eastland County,18488,18289,0.26862,0.127,,,,0,TX,9.81405506520458,1990,0,0,0,0,0
48135,2586,TX,Ector County,118934,121124,0.31012,0.12,,,,0,TX,11.704570093225,1990,1,1,0,0,0
48137,2587,TX,Edwards County,2266,2160,0.25286,0.173,,,,0,TX,7.67786350067821,,,,,,0
48139,2588,TX,Ellis County,85167,111415,0.50175,0.171,,,,0,TX,11.6210172473211,1990,2,2,0,0,0.693147180559945
48141,2589,TX,El Paso County,591610,679568,0.30858,0.166,TX,2000,2,1,TX,13.4292125811498,1990,32,31,0,0,3.46573590279973
48143,2590,TX,Erath County,27991,32981,0.3083,0.25,,,,0,TX,10.4036869170608,1990,5,4,0,0,1.6094379124341
48145,2591,TX,Falls County,17712,18563,0.27217,0.096,,,,0,TX,9.82892563120922,,,,,,0
48147,2592,TX,Fannin County,24804,31225,0.3469,0.126,,,,0,TX,10.3489743349938,1990,0,0,0,0,0
48149,2593,TX,Fayette County,20095,21818,0.34152,0.146,,,,0,TX,9.9904905961577,1990,0,0,0,0,0
48151,2594,TX,Fisher County,4842,4345,0.27759,0.124,,,,0,TX,8.37678103769949,,,,,,0
48153,2595,TX,Floyd County,8497,7770,0.27148,0.123,,,,0,TX,8.95802544336169,,,,,,0
48155,2596,TX,Foard County,1794,1621,0.2619,0.105,,,,0,TX,7.39079852173568,,,,,,0
48157,2597,TX,Fort Bend County,225421,354286,0.63963,0.369,TX,2000,1,1,TX,12.7778597755371,1990,0,0,0,0,0
48159,2598,TX,Franklin County,7802,9431,0.31258,0.162,,,,0,TX,9.15175741454389,,,,,,0
48161,2599,TX,Freestone County,15818,17851,0.31406,0.109,,,,0,TX,9.78981480804755,,,,,,0
48163,2600,TX,Frio County,13472,16255,0.24144,0.084,,,,0,TX,9.69615583273801,,,,,,0
48165,2601,TX,Gaines County,14123,14463,0.30784,0.105,,,,0,TX,9.57934894307373,,,,,,0
48167,2602,TX,Galveston County,217396,250178,0.4223,0.227,,,,0,TX,12.4299279434926,1990,9,7,0,0,2.19722457733622
48169,2603,TX,Garza County,5143,4876,0.26678,0.1,,,,0,TX,8.49208049060116,,,,,,0
48171,2604,TX,Gillespie County,17204,20806,0.37072,0.229,,,,0,TX,9.94299668563084,1990,0,0,0,0,0
48173,2605,TX,Glasscock County,1447,1413,0.35313,0.187,,,,0,TX,7.25347038268453,,,,,,0
48175,2606,TX,Goliad County,5980,6923,0.34375,0.123,,,,0,TX,8.84260448067803,,,,,,0
48177,2607,TX,Gonzales County,17205,18601,0.27962,0.107,,,,0,TX,9.83097062169695,,,,,,0
48179,2608,TX,Gray County,23967,22742,0.31272,0.119,,,,0,TX,10.0319687141847,1990,2,2,0,0,0.693147180559945
48181,2609,TX,Grayson County,95019,110574,0.37351,0.172,,,,0,TX,11.6134402590601,1990,7,7,0,0,1.94591014905531
48183,2610,TX,Gregg County,104948,111328,0.34532,0.195,,,,0,TX,11.6202360779517,1990,6,4,0,0,1.79175946922806
48185,2611,TX,Grimes County,18843,23544,0.3146,0.103,,,,0,TX,10.0666262899133,,,,,,0
48187,2612,TX,Guadalupe County,64873,88856,0.43666,0.191,,,,0,TX,11.394772360847,1990,1,1,0,0,0
48189,2613,TX,Hale County,34671,36605,0.30877,0.144,,,,0,TX,10.5079401220807,1990,0,0,0,0,0
48191,2614,TX,Hall County,3905,3782,0.22917,0.103,,,,0,TX,8.2380082492184,,,,,,0
48193,2615,TX,Hamilton County,7733,8226,0.31045,0.168,,,,0,TX,9.01505514879037,,,,,,0
48195,2616,TX,Hansford County,5848,5369,0.35696,0.186,,,,0,TX,8.58839695042257,1990,1,1,0,0,0
48197,2617,TX,Hardeman County,5283,4723,0.2847,0.128,,,,0,TX,8.46019946989612,,,,,,0
48199,2618,TX,Hardin County,41320,48075,0.3751,0.13,,,,0,TX,10.780517570457,,,,,,0
48201,2619,TX,Harris County,"2818,101","3401,139",0.42425,0.269,TX,2000,7,1,TX,,1990,127,105,7,0,4.84418708645859
48203,2620,TX,Harrison County,57483,62096,0.33468,0.154,,,,0,TX,11.0364368536087,1990,1,1,0,0,0
48205,2621,TX,Hartley County,3634,5538,0.452,0.176,,,,0,TX,8.61938870373091,1990,0,0,0,0,0
48207,2622,TX,Haskell County,6820,6091,0.23586,0.144,,,,0,TX,8.71456755083649,,,,,,0
48209,2623,TX,Hays County,65614,97918,0.45158,0.313,,,,0,TX,11.491885672701,1990,7,4,1,0,1.94591014905531
48211,2624,TX,Hemphill County,3720,3353,0.35779,0.179,,,,0,TX,8.11761074646623,,,,,,0
48213,2625,TX,Henderson County,58543,73105,0.32488,0.121,,,,0,TX,11.1996520428515,1990,0,0,0,0,0
48215,2626,TX,Hidalgo County,383545,569099,0.24707,0.129,TX,2000,0,0,TX,13.2518096874292,1990,4,4,0,0,1.38629436111989
48217,2627,TX,Hill County,27146,32301,0.31513,0.125,,,,0,TX,10.3828534684838,1990,0,0,0,0,0
48219,2628,TX,Hockley County,24199,22719,0.30725,0.136,,,,0,TX,10.0309568577819,1990,0,0,0,0,0
48221,2629,TX,Hood County,28981,40987,0.43712,0.205,,,,0,TX,10.6210102222374,1990,1,1,0,0,0
48223,2630,TX,Hopkins County,28833,31960,0.3219,0.151,,,,0,TX,10.3722403998802,1990,0,0,0,0,0
48225,2631,TX,Houston County,21375,23148,0.27789,0.122,,,,0,TX,10.0496636626937,1990,0,0,0,0,0
48227,2632,TX,Howard County,32343,33630,0.30169,0.111,,,,0,TX,10.4231738047343,1990,2,2,0,0,0.693147180559945
48229,2633,TX,Hudspeth County,2915,3349,0.20991,0.097,,,,0,TX,8.11641707279421,,,,,,0
48231,2634,TX,Hunt County,64343,76562,0.36708,0.168,,,,0,TX,11.2458561490876,1990,4,4,0,0,1.38629436111989
48233,2635,TX,Hutchinson County,25689,23864,0.35979,0.143,,,,0,TX,10.0801263261946,1990,0,0,0,0,0
48235,2636,TX,Irion County,1629,1765,0.36607,0.215,,,,0,TX,7.4759059693674,,,,,,0
48237,2637,TX,Jack County,6981,8751,0.32426,0.128,,,,0,TX,9.07692325853583,,,,,,0
48239,2638,TX,Jackson County,13039,14387,0.35432,0.128,,,,0,TX,9.57408030003703,,,,,,0
48241,2639,TX,Jasper County,31102,35552,0.30756,0.105,,,,0,TX,10.4787516924394,1990,0,0,0,0,0
48243,2640,TX,Jeff Davis County,1946,2207,0.3125,0.351,,,,0,TX,7.69938940625674,1990,2,2,0,0,0.693147180559945
48245,2641,TX,Jefferson County,239389,251968,0.34386,0.163,TX,2000,0,0,TX,12.4370573743034,1990,9,4,1,0,2.19722457733622
48247,2642,TX,Jim Hogg County,5109,5283,0.26083,0.095,,,,0,TX,8.57224939716432,,,,,,0
48249,2643,TX,Jim Wells County,37679,39344,0.28412,0.109,,,,0,TX,10.580098764456,1990,0,0,0,0,0
48251,2644,TX,Johnson County,97165,126622,0.44299,0.138,,,,0,TX,11.7489615492664,1990,4,4,0,0,1.38629436111989
48253,2645,TX,Jones County,16490,20794,0.29801,0.082,,,,0,TX,9.94241976253791,1990,1,1,0,0,0
48255,2646,TX,Karnes County,12455,15438,0.26442,0.094,,,,0,TX,9.6445872815098,,,,,,0
48257,2647,TX,Kaufman County,52220,71452,0.44654,0.123,,,,0,TX,11.1767811745688,1990,0,0,0,0,0
48259,2648,TX,Kendall County,14589,23793,0.49735,0.314,,,,0,TX,10.0771466987514,1990,0,0,0,0,0
48261,2649,TX,Kenedy County,460,414,0.25,0.203,,,,0,TX,6.02586597382531,,,,,,0
48263,2650,TX,Kent County,1010,859,0.29063,0.151,,,,0,TX,6.75576892198426,,,,,,0
48265,2651,TX,Kerr County,36304,43646,0.34421,0.233,,,,0,TX,10.6838669190389,1990,3,3,0,0,1.09861228866811
48267,2652,TX,Kimble County,4122,4461,0.28147,0.173,,,,0,TX,8.40312823512826,,,,,,0
48269,2653,TX,King County,354,356,0.36667,0.246,,,,0,TX,5.87493073085203,,,,,,0
48271,2654,TX,Kinney County,3119,3375,0.29083,0.177,,,,0,TX,8.12415060330663,,,,,,0
48273,2655,TX,Kleberg County,30274,31610,0.2941,0.204,,,,0,TX,10.3612288052097,1990,1,0,0,0,0
48275,2656,TX,Knox County,4837,4253,0.24792,0.118,,,,0,TX,8.35537989525363,1990,0,0,0,0,0
48277,2657,TX,Lamar County,43949,48491,0.31302,0.145,,,,0,TX,10.7891334926956,1990,2,2,0,0,0.693147180559945
48279,2658,TX,Lamb County,15072,14713,0.2806,0.111,,,,0,TX,9.59648673569795,,,,,,0
48281,2659,TX,Lampasas County,13521,17827,0.36325,0.162,,,,0,TX,9.78846944095186,1990,1,1,0,0,0
48283,2660,TX,La Salle County,5254,5863,0.22717,0.064,,,,0,TX,8.67641669696422,,,,,,0
48285,2661,TX,Lavaca County,18690,19217,0.29084,0.114,,,,0,TX,9.86355058293243,,,,,,0
48287,2662,TX,Lee County,12854,15650,0.35737,0.131,,,,0,TX,9.6582261959683,1990,0,0,0,0,0
48289,2663,TX,Leon County,12665,15307,0.31344,0.121,,,,0,TX,9.63606551909171,1990,0,0,0,0,0
48291,2664,TX,Liberty County,52726,70196,0.37877,0.081,,,,0,TX,11.1590466083335,1990,0,0,0,0,0
48293,2665,TX,Limestone County,20946,22050,0.29733,0.111,,,,0,TX,10.001067880875,,,,,,0
48295,2666,TX,Lipscomb County,3143,3050,0.32303,0.189,,,,0,TX,8.02289686960146,,,,,,0
48297,2667,TX,Live Oak County,9556,12262,0.32126,0.12,,,,0,TX,9.41426032832263,,,,,,0
48299,2668,TX,Llano County,11631,16996,0.34741,0.21,,,,0,TX,9.7407333012347,1990,0,0,0,0,0
48301,2669,TX,Loving County,107,67,0.45417,0.059,,,,0,TX,4.20469261939097,,,,,,0
48303,2670,TX,Lubbock County,222636,242644,0.32076,0.244,TX,2000,1,1,TX,12.3993506275546,1990,13,8,1,0,2.56494935746154
48305,2671,TX,Lynn County,6758,6547,0.26476,0.134,,,,0,TX,8.78676220844109,,,,,,0
48307,2672,TX,McCulloch County,8778,8203,0.25242,0.14,,,,0,TX,9.01225522000275,,,,,,0
48309,2673,TX,McLennan County,189123,213525,0.33263,0.191,TX,2000,1,1,TX,12.2715092008143,1990,6,5,1,0,1.79175946922806
48311,2674,TX,McMullen County,817,847,0.31761,0.162,,,,0,TX,6.74170069465206,,,,,,0
48313,2675,TX,Madison County,10931,12945,0.29747,0.115,,,,0,TX,9.46846489218564,1990,0,0,0,0,0
48315,2676,TX,Marion County,9984,10939,0.25131,0.085,,,,0,TX,9.30008966411979,1990,0,0,0,0,0
48317,2677,TX,Martin County,4956,4746,0.31452,0.118,,,,0,TX,8.46505743699571,,,,,,0
48319,2678,TX,Mason County,3423,3735,0.29911,0.187,,,,0,TX,8.22550309756692,1990,0,0,0,0,0
48321,2679,TX,Matagorda County,36928,37919,0.32531,0.125,,,,0,TX,10.5432075847132,1990,0,0,0,0,0
48323,2680,TX,Maverick County,36378,47285,0.20806,0.091,,,,0,TX,10.7639483994496,1990,0,0,0,0,0
48325,2681,TX,Medina County,27312,39318,0.36027,0.133,,,,0,TX,10.5794377082676,1990,0,0,0,0,0
48327,2682,TX,Menard County,2252,2357,0.24716,0.172,,,,0,TX,7.76514490293613,,,,,,0
48329,2683,TX,Midland County,106611,116034,0.38837,0.248,TX,2000,1,1,TX,11.6616385305904,1990,5,5,0,0,1.6094379124341
48331,2684,TX,Milam County,22946,24235,0.33048,0.116,,,,0,TX,10.0955531482795,,,,,,0
48333,2685,TX,Mills County,4531,5143,0.30408,0.202,,,,0,TX,8.54539184577492,,,,,,0
48335,2686,TX,Mitchell County,8016,9696,0.25907,0.104,,,,0,TX,9.17946870830909,,,,,,0
48337,2687,TX,Montague County,17274,19108,0.30836,0.113,,,,0,TX,9.85786237450985,1990,0,0,0,0,0
48339,2688,TX,Montgomery County,182201,293779,0.50821,0.253,TX,2000,1,1,TX,12.5905830629719,1990,3,3,0,0,1.09861228866811
48341,2689,TX,Moore County,17865,20123,0.3515,0.11,,,,0,TX,9.90961871846637,1990,0,0,0,0,0
48343,2690,TX,Morris County,13200,13043,0.2858,0.112,,,,0,TX,9.47600687037028,,,,,,0
48345,2691,TX,Motley County,1532,1421,0.28871,0.147,,,,0,TX,7.2591161280971,,,,,,0
48347,2692,TX,Nacogdoches County,54753,59197,0.28637,0.228,,,,0,TX,10.9886261439124,1990,3,2,0,0,1.09861228866811
48349,2693,TX,Navarro County,39926,45113,0.3124,0.122,,,,0,TX,10.7169257322922,1990,2,2,0,0,0.693147180559945
48351,2694,TX,Newton County,13569,15054,0.28613,0.055,,,,0,TX,9.61939901559448,,,,,,0
48353,2695,TX,Nolan County,16594,15805,0.26487,0.132,,,,0,TX,9.66808162464972,,,,,,0
48355,2696,TX,Nueces County,291145,313512,0.35779,0.188,TX,2000,1,1,TX,12.6555929158345,1990,12,10,0,0,2.484906649788
48357,2697,TX,Ochiltree County,9128,9001,0.37432,0.161,,,,0,TX,9.10509096125709,1990,1,1,0,0,0
48359,2698,TX,Oldham County,2278,2183,0.34542,0.194,,,,0,TX,7.68845535654994,,,,,,0
48361,2699,TX,Orange County,80509,85033,0.3738,0.11,,,,0,TX,11.3507946954228,1990,1,0,0,0,0
48363,2700,TX,Palo Pinto County,25055,27015,0.31259,0.121,,,,0,TX,10.2041475462782,1990,0,0,0,0,0
48365,2701,TX,Panola County,22035,22759,0.31333,0.134,,,,0,TX,10.0327159505439,1990,0,0,0,0,0
48367,2702,TX,Parker County,64785,88429,0.45554,0.186,,,,0,TX,11.3899552491263,1990,2,2,0,0,0.693147180559945
48369,2703,TX,Parmer County,9863,10008,0.30404,0.134,,,,0,TX,9.21114005214675,,,,,,0
48371,2704,TX,Pecos County,14675,16793,0.28125,0.129,,,,0,TX,9.72871741189501,1990,0,0,0,0,0
48373,2705,TX,Polk County,30687,41152,0.30261,0.104,,,,0,TX,10.6250278075973,1990,1,1,0,0,0
48375,2706,TX,Potter County,97841,113655,0.29446,0.135,TX,2000,1,1,TX,11.6409228230336,1990,6,5,0,0,1.79175946922806
48377,2707,TX,Presidio County,6637,7304,0.19872,0.117,,,,0,TX,8.89617742227481,1990,0,0,0,0,0
48379,2708,TX,Rains County,6715,9128,0.33068,0.115,,,,0,TX,9.11910189154191,,,,,,0
48381,2709,TX,Randall County,89673,104176,0.42726,0.289,,,,0,TX,11.5538370554766,1990,4,4,0,0,1.38629436111989
48383,2710,TX,Reagan County,4514,3325,0.3273,0.092,,,,0,TX,8.10922495308996,,,,,,0
48385,2711,TX,Real County,2412,3046,0.25603,0.173,,,,0,TX,8.02158453345511,,,,,,0
48387,2712,TX,Red River County,14317,14314,0.27373,0.09,,,,0,TX,9.56899335829854,,,,,,0
48389,2713,TX,Reeves County,15852,13141,0.23194,0.08,,,,0,TX,9.48349239264364,,,,,,0
48391,2714,TX,Refugio County,7976,7830,0.29777,0.116,,,,0,TX,8.96571778898485,1990,0,0,0,0,0
48393,2715,TX,Roberts County,1025,887,0.4225,0.254,,,,0,TX,6.78784498230958,,,,,,0
48395,2716,TX,Robertson County,15511,15972,0.28843,0.127,,,,0,TX,9.67859246818311,,,,,,0
48397,2717,TX,Rockwall County,25604,43023,0.65312,0.327,,,,0,TX,10.6694901353973,1990,1,1,0,0,0
48399,2718,TX,Runnels County,11294,11473,0.28546,0.131,,,,0,TX,9.34775172779914,,,,,,0
48401,2719,TX,Rusk County,43735,47410,0.32889,0.128,,,,0,TX,10.7665884558962,1990,0,0,0,0,0
48403,2720,TX,Sabine County,9586,10400,0.274,0.106,,,,0,TX,9.24956108512946,,,,,,0
48405,2721,TX,San Augustine County,7999,8939,0.27164,0.118,,,,0,TX,9.09817900508785,,,,,,0
48407,2722,TX,San Jacinto County,16372,22211,0.32017,0.096,,,,0,TX,10.0083429406385,,,,,,0
48409,2723,TX,San Patricio County,58749,67273,0.34669,0.13,,,,0,TX,11.1165142464278,,,,,,0
48411,2724,TX,San Saba County,5401,6185,0.30069,0.158,,,,0,TX,8.72988228482659,,,,,,0
48413,2725,TX,Schleicher County,2990,2934,0.29683,0.176,,,,0,TX,7.98412195870293,,,,,,0
48415,2726,TX,Scurry County,18634,16366,0.31467,0.118,,,,0,TX,9.70296129108733,1990,1,1,0,0,0
48417,2727,TX,Shackelford County,3316,3302,0.30707,0.208,,,,0,TX,8.10228362448007,,,,,,0
48419,2728,TX,Shelby County,22034,25215,0.2858,0.122,,,,0,TX,10.1351943345108,1990,0,0,0,0,0
48421,2729,TX,Sherman County,2858,3184,0.32568,0.204,,,,0,TX,8.06589354696427,,,,,,0
48423,2730,TX,Smith County,151309,174861,0.36739,0.225,TX,2000,1,1,TX,12.0717466515793,1990,7,4,1,0,1.94591014905531
48425,2731,TX,Somervell County,5360,6913,0.41132,0.172,,,,0,TX,8.84115897594526,1990,0,0,0,0,0
48427,2732,TX,Starr County,40518,53573,0.16287,0.069,,,,0,TX,10.8888004888004,1990,0,0,0,0,0
48429,2733,TX,Stephens County,9010,9676,0.28866,0.134,,,,0,TX,9.17740387172992,,,,,,0
48431,2734,TX,Sterling County,1438,1393,0.34479,0.171,,,,0,TX,7.23921497377981,,,,,,0
48433,2735,TX,Stonewall County,2013,1691,0.2835,0.126,,,,0,TX,7.43307534889858,,,,,,0
48435,2736,TX,Sutton County,4135,4073,0.34019,0.13,,,,0,TX,8.31213510764841,,,,,,0
48437,2737,TX,Swisher County,8133,8369,0.28884,0.162,,,,0,TX,9.03228968203287,1990,0,0,0,0,0
48439,2738,TX,Tarrant County,"1170,103","1449,290",0.45947,0.266,TX,2000,6,1,TX,,1990,51,41,2,0,3.93182563272433
48441,2739,TX,Taylor County,119655,126606,0.33701,0.225,,,,0,TX,11.7488351809341,1990,8,6,0,0,2.07944154167984
48443,2740,TX,Terrell County,1410,1081,0.23466,0.19,,,,0,TX,6.98564181763921,,,,,,0
48445,2741,TX,Terry County,13218,12757,0.27472,0.095,,,,0,TX,9.45383541953829,,,,,,0
48447,2742,TX,Throckmorton County,1880,1847,0.28783,0.182,,,,0,TX,7.52131798019924,,,,,,0
48449,2743,TX,Titus County,24009,28118,0.32097,0.132,,,,0,TX,10.2441652196399,1990,0,0,0,0,0
48451,2744,TX,Tom Green County,98458,104015,0.33025,0.195,,,,0,TX,11.5522903984925,1990,4,4,0,0,1.38629436111989
48453,2745,TX,Travis County,576407,811776,0.46526,0.406,TX,2000,4,1,TX,13.6069797190179,1990,47,33,8,1,3.85014760171006
48455,2746,TX,Trinity County,11445,13748,0.27231,0.094,,,,0,TX,9.52864863796972,,,,,,0
48457,2747,TX,Tyler County,16646,20842,0.2991,0.097,,,,0,TX,9.94472546055237,1990,0,0,0,0,0
48459,2748,TX,Upshur County,31370,35308,0.33237,0.111,,,,0,TX,10.4718648461401,,,,,,0
48461,2749,TX,Upton County,4447,3408,0.2875,0.118,,,,0,TX,8.13388088794921,,,,,,0
48463,2750,TX,Uvalde County,23340,25919,0.27084,0.138,,,,0,TX,10.1627315694751,1990,1,1,0,0,0
48465,2751,TX,Val Verde County,38721,44834,0.28473,0.141,,,,0,TX,10.7107220591338,1990,2,2,0,0,0.693147180559945
48467,2752,TX,Van Zandt County,37944,48129,0.34582,0.116,,,,0,TX,10.7816401850192,1990,1,1,0,0,0
48469,2753,TX,Victoria County,74361,84077,0.38992,0.162,,,,0,TX,11.3394883246098,1990,5,5,0,0,1.6094379124341
48471,2754,TX,Walker County,50917,61757,0.3118,0.183,,,,0,TX,11.0309626083893,1990,6,2,0,0,1.79175946922806
48473,2755,TX,Waller County,23374,32545,0.37425,0.168,,,,0,TX,10.3903790260065,1990,1,1,0,0,0
48475,2756,TX,Ward County,13115,10909,0.29461,0.124,,,,0,TX,9.29734341559776,1990,0,0,0,0,0
48477,2757,TX,Washington County,26154,30412,0.36326,0.19,,,,0,TX,10.3225925463483,1990,1,1,0,0,0
48479,2758,TX,Webb County,133239,193124,0.27979,0.139,,,,0,TX,12.1710877486272,1990,2,2,0,0,0.693147180559945
48481,2759,TX,Wharton County,39955,41191,0.3225,0.143,,,,0,TX,10.6259750648727,1990,4,4,0,0,1.38629436111989
48483,2760,TX,Wheeler County,5879,5289,0.31188,0.13,,,,0,TX,8.57338447106598,,,,,,0
48485,2761,TX,Wichita County,122378,131695,0.3377,0.2,,,,0,TX,11.7882439219385,1990,7,7,0,0,1.94591014905531
48487,2762,TX,Wilbarger County,15121,14679,0.29008,0.171,,,,0,TX,9.59417317995723,,,,,,0
48489,2763,TX,Willacy County,17705,20079,0.21998,0.075,,,,0,TX,9.90742977176875,,,,,,0
48491,2764,TX,Williamson County,139551,250466,0.60627,0.336,TX,2000,0,0,TX,12.4310784617522,1990,3,3,0,0,1.09861228866811
48493,2765,TX,Wilson County,22650,32401,0.40113,0.128,,,,0,TX,10.3859445655017,1990,0,0,0,0,0
48495,2766,TX,Winkler County,8626,7173,0.30394,0.105,,,,0,TX,8.87807925612644,1990,0,0,0,0,0
48497,2767,TX,Wise County,34679,48789,0.4189,0.13,,,,0,TX,10.7952601565966,1990,0,0,0,0,0
48499,2768,TX,Wood County,29380,36729,0.32742,0.145,,,,0,TX,10.511321912742,1990,0,0,0,0,0
48501,2769,TX,Yoakum County,8786,7325,0.3125,0.102,,,,0,TX,8.89904843388527,,,,,,0
48503,2770,TX,Young County,18126,17872,0.30549,0.144,,,,0,TX,9.79099052130898,1990,0,0,0,0,0
48505,2771,TX,Zapata County,9279,12081,0.24095,0.087,,,,0,TX,9.39938924951956,,,,,,0
48507,2772,TX,Zavala County,12162,11645,0.16663,0.076,,,,0,TX,9.36263218231844,,,,,,0
49001,2773,UT,Beaver County,4765,5997,0.34219,0.121,,,,0,UT,8.69901462316851,,,,,,0
49003,2774,UT,Box Elder County,36485,42755,0.44457,0.195,,,,0,UT,10.6632414265901,1990,2,2,0,0,0.693147180559945
49005,2775,UT,Cache County,70183,91389,0.39585,0.319,,,,0,UT,11.4228804000902,1990,4,3,0,0,1.38629436111989
49007,2776,UT,Carbon County,20228,20531,0.33021,0.123,,,,0,UT,9.92969121803277,1990,2,2,0,0,0.693147180559945
49009,2777,UT,Daggett County,690,918,0.30333,0.119,,,,0,UT,6.82219739062049,1990,0,0,0,0,0
49011,2778,UT,Davis County,187941,238997,0.53865,0.288,UT,2000,2,1,UT,12.3842062785336,1990,7,4,0,0,1.94591014905531
49013,2779,UT,Duchesne County,12645,14432,0.31086,0.127,,,,0,UT,9.5772032423024,,,,,,0
49015,2780,UT,Emery County,10332,10859,0.4,0.116,,,,0,UT,9.2927495082169,1990,0,0,0,0,0
49017,2781,UT,Garfield County,3980,4733,0.35474,0.203,,,,0,UT,8.46231452990625,1990,0,0,0,0,0
49019,2782,UT,Grand County,6620,8407,0.32134,0.229,,,,0,UT,9.0368199711353,1990,1,1,0,0,0
49021,2783,UT,Iron County,20789,33793,0.32662,0.238,,,,0,UT,10.4280089594311,1990,1,0,0,0,0
49023,2784,UT,Juab County,5817,8236,0.38362,0.122,,,,0,UT,9.01627006814768,,,,,,0
49025,2785,UT,Kane County,5169,6056,0.33983,0.211,,,,0,UT,8.70880479511729,1990,0,0,0,0,0
49027,2786,UT,Millard County,11333,12405,0.36071,0.168,,,,0,UT,9.4258548961259,,,,,,0
49029,2787,UT,Morgan County,5528,7132,0.505,0.233,,,,0,UT,8.87234697898303,,,,,,0
49031,2788,UT,Piute County,1277,1437,0.31083,0.144,,,,0,UT,7.27031288607903,,,,,,0
49033,2789,UT,Rich County,1725,1961,0.40298,0.22,,,,0,UT,7.58120982619635,,,,,,0
49035,2790,UT,Salt Lake County,725956,898429,0.48192,0.274,UT,2000,5,1,UT,13.7084029614936,1990,40,28,4,0,3.68887945411394
49037,2791,UT,San Juan County,12621,14389,0.27363,0.139,,,,0,UT,9.57421930476342,1990,0,0,0,0,0
49039,2792,UT,Sanpete County,16259,22722,0.33143,0.173,,,,0,UT,10.0310888971299,1990,1,1,0,0,0
49041,2793,UT,Sevier County,15431,18840,0.35714,0.152,,,,0,UT,9.84373754813035,,,,,,0
49043,2794,UT,Summit County,15518,29746,0.65697,0.455,,,,0,UT,10.3004499481525,1990,1,1,0,0,0
49045,2795,UT,Tooele County,26601,40740,0.4595,0.159,,,,0,UT,10.6149656897808,1990,0,0,0,0,0
49047,2796,UT,Uintah County,22211,25174,0.34412,0.132,,,,0,UT,10.1335669948515,1990,2,2,0,0,0.693147180559945
49049,2797,UT,Utah County,263590,368539,0.4577,0.315,UT,2000,1,1,UT,12.8173018194755,1990,10,7,2,0,2.30258509299405
49051,2798,UT,Wasatch County,10089,15206,0.49271,0.263,,,,0,UT,9.62944536578838,1990,0,0,0,0,0
49053,2799,UT,Washington County,48560,90325,0.3751,0.21,UT,2000,0,0,UT,11.4111695560158,1990,2,2,0,0,0.693147180559945
49055,2800,UT,Wayne County,2177,2509,0.32063,0.209,,,,0,UT,7.82763954636642,1990,1,1,0,0,0
49057,2801,UT,Weber County,158330,196526,0.44111,0.199,,,,0,UT,12.1885500170602,1990,8,8,0,0,2.07944154167984
50001,2802,VT,Addison County,32953,35963,0.4316,0.298,,,,0,VT,10.4902459111347,1990,1,0,0,0,0
50003,2803,VT,Bennington County,35845,36969,0.39383,0.271,,,,0,VT,10.5178350026062,1990,5,4,1,0,1.6094379124341
50005,2804,VT,Caledonia County,27846,29606,0.34547,0.225,,,,0,VT,10.2957323224734,1990,4,4,0,0,1.38629436111989
50007,2805,VT,Chittenden County,131761,146615,0.47724,0.412,VT,2000,1,1,VT,11.8955653824364,1990,17,14,0,0,2.83321334405622
50009,2806,VT,Essex County,6405,6450,0.30164,0.108,,,,0,VT,8.77183540978982,,,,,,0
50011,2807,VT,Franklin County,39980,45395,0.41711,0.166,,,,0,VT,10.7231572458059,1990,1,1,0,0,0
50013,2808,VT,Grand Isle County,5318,6885,0.42975,0.25,,,,0,VT,8.83710041116276,1990,0,0,0,0,0
50015,2809,VT,Lamoille County,19735,23225,0.39081,0.312,,,,0,VT,10.052984563682,1990,1,1,0,0,0
50017,2810,VT,Orange County,26149,28314,0.39677,0.239,,,,0,VT,10.2511116609544,1990,2,2,0,0,0.693147180559945
50019,2811,VT,Orleans County,24053,26275,0.31083,0.161,,,,0,VT,10.1763731957452,1990,2,2,0,0,0.693147180559945
50021,2812,VT,Rutland County,62142,63386,0.36509,0.232,,,,0,VT,11.0569982958517,1990,6,5,0,0,1.79175946922806
50023,2813,VT,Washington County,54928,58034,0.40637,0.322,,,,0,VT,10.968784324673,1990,5,5,0,0,1.6094379124341
50025,2814,VT,Windham County,41588,44112,0.38374,0.305,,,,0,VT,10.6944871332636,1990,4,4,0,0,1.38629436111989
50027,2815,VT,Windsor County,54055,57384,0.4047,0.302,,,,0,VT,10.9575207978063,1990,7,7,0,0,1.94591014905531
51001,2816,VA,Accomack County,31703,38301,0.3013,0.135,,,,0,VA,10.5532312844885,1990,2,2,0,0,0.693147180559945
51003,2817,VA,Albemarle County,68177,83024,0.50795,0.477,VA,2000,1,1,VA,11.3268850016075,1990,4,3,0,0,1.38629436111989
51005,2818,VA,Alleghany County,12815,17235,0.38716,0.136,,,,0,VA,9.75469747895097,,,,,,0
51007,2819,VA,Amelia County,8787,11378,0.40161,0.098,,,,0,VA,9.33943694531059,1990,0,0,0,0,0
51009,2820,VA,Amherst County,28578,31888,0.37019,0.131,,,,0,VA,10.3699850424526,1990,0,0,0,0,0
51011,2821,VA,Appomattox County,12300,13703,0.36847,0.105,,,,0,VA,9.5253700659462,1990,1,1,0,0,0
51013,2822,VA,Arlington County,170895,189211,0.6283,0.602,VA,2000,0,0,VA,12.1506180734448,1990,16,10,0,0,2.77258872223978
51015,2823,VA,Augusta County,54557,65385,0.43097,0.154,,,,0,VA,11.0880481533406,1990,1,1,0,0,0
51017,2824,VA,Bath County,4799,5040,0.34756,0.111,,,,0,VA,8.52516136106542,1990,0,0,0,0,0
51019,2825,VA,Bedford County,45553,60226,0.43528,0.209,,,,0,VA,11.0058594317454,1990,0,0,0,0,0
51021,2826,VA,Bland County,6514,6869,0.29962,0.092,,,,0,VA,8.83477381421388,,,,,,0
51023,2827,VA,Botetourt County,24992,30554,0.48419,0.196,,,,0,VA,10.3272508889257,1990,0,0,0,0,0
51025,2828,VA,Brunswick County,15987,18395,0.31138,0.108,,,,0,VA,9.81983416753888,1990,1,1,0,0,0
51027,2829,VA,Buchanan County,31333,26968,0.22026,0.08,,,,0,VA,10.2024062569139,1990,0,0,0,0,0
51029,2830,VA,Buckingham County,12873,15614,0.29507,0.085,,,,0,VA,9.65592322668024,1990,0,0,0,0,0
51031,2831,VA,Campbell County,47499,50997,0.3702,0.146,,,,0,VA,10.8395220864469,1990,0,0,0,0,0
51033,2832,VA,Caroline County,19217,22122,0.39889,0.121,,,,0,VA,10.0043278674622,,,,,,0
51035,2833,VA,Carroll County,26519,29205,0.30112,0.095,,,,0,VA,10.2820952064744,1990,0,0,0,0,0
51036,2834,VA,Charles City County,6282,6932,0.42744,0.105,,,,0,VA,8.8439036508355,1990,0,0,0,0,0
51037,2835,VA,Charlotte County,11688,12471,0.28709,0.103,,,,0,VA,9.43116122792075,,,,,,0
51041,2836,VA,Chesterfield County,209599,259879,0.58264,0.326,VA,2000,1,1,VA,12.4679714170572,1990,9,8,0,0,2.19722457733622
51043,2837,VA,Clarke County,12101,12638,0.51723,0.239,,,,0,VA,9.4444634273334,1990,1,1,0,0,0
51045,2838,VA,Craig County,4372,5076,0.37722,0.108,,,,0,VA,8.53227882883428,,,,,,0
51047,2839,VA,Culpeper County,27791,34260,0.45725,0.157,,,,0,VA,10.4417337718781,1990,1,1,0,0,0
51049,2840,VA,Cumberland County,7825,9002,0.31557,0.118,,,,0,VA,9.10520205385288,,,,,,0
51051,2841,VA,Dickenson County,17620,16380,0.23066,0.067,,,,0,VA,9.70381635740706,1990,1,1,0,0,0
51053,2842,VA,Dinwiddie County,22279,24540,0.41312,0.11,,,,0,VA,10.1080597182649,,,,,,0
51057,2843,VA,Essex County,8689,9991,0.36828,0.174,,,,0,VA,9.20943996673302,1990,1,1,0,0,0
51059,2844,VA,Fairfax County,818310,969987,0.80978,0.548,VA,2000,3,1,VA,13.7850379483279,1990,55,39,3,0,4.00733318523247
51061,2845,VA,Fauquier County,48700,55145,0.61643,0.271,,,,0,VA,10.9177213587402,1990,1,1,0,0,0
51063,2846,VA,Floyd County,11965,13840,0.31877,0.125,,,,0,VA,9.53531822917166,1990,0,0,0,0,0
51065,2847,VA,Fluvanna County,12429,20012,0.4626,0.245,,,,0,VA,9.9040873726081,,,,,,0
51067,2848,VA,Franklin County,39549,47311,0.3786,0.148,,,,0,VA,10.7644981055821,1990,2,2,0,0,0.693147180559945
51069,2849,VA,Frederick County,45723,59226,0.47218,0.186,,,,0,VA,10.9891159136459,1990,1,1,0,0,0
51071,2850,VA,Giles County,16366,16682,0.34781,0.124,,,,0,VA,9.72208557280156,,,,,,0
51073,2851,VA,Gloucester County,30131,34772,0.45234,0.176,,,,0,VA,10.456567744199,1990,0,0,0,0,0
51075,2852,VA,Goochland County,14163,16866,0.56204,0.294,,,,0,VA,9.73305504013459,1990,0,0,0,0,0
51077,2853,VA,Grayson County,16278,16803,0.28856,0.08,,,,0,VA,9.72931272087794,1990,1,1,0,0,0
51079,2854,VA,Greene County,10297,15231,0.45753,0.198,,,,0,VA,9.6310881036155,,,,,,0
51081,2855,VA,Greensville County,8553,11585,0.32544,0.11,,,,0,VA,9.35746643686648,,,,,,0
51083,2856,VA,Halifax County,36030,37350,0.29809,0.095,,,,0,VA,10.528088190561,1990,1,1,0,0,0
51085,2857,VA,Hanover County,63306,86331,0.5918,0.287,VA,2000,0,0,VA,11.3659440246213,1990,0,0,0,0,0
51087,2858,VA,Henrico County,217878,263195,0.48974,0.349,VA,2000,2,1,VA,12.4806504812924,1990,11,6,0,0,2.39789527279837
51089,2859,VA,Henry County,56942,57944,0.3179,0.094,,,,0,VA,10.9672323058752,1990,1,1,0,0,0
51091,2860,VA,Highland County,2635,2531,0.29767,0.132,,,,0,VA,7.83636976054512,,,,,,0
51093,2861,VA,Isle of Wight County,25053,29724,0.45443,0.175,,,,0,VA,10.2997100792774,1990,0,0,0,0,0
51095,2862,VA,James City County,34779,48096,0.5572,0.415,VA,2000,0,0,VA,10.7809542925527,1990,3,1,0,0,1.09861228866811
51097,2863,VA,King and Queen County,6289,6624,0.35987,0.103,,,,0,VA,8.7984546960651,,,,,,0
51099,2864,VA,King George County,13527,16811,0.49981,0.236,,,,0,VA,9.72978871303306,,,,,,0
51101,2865,VA,King William County,10913,13155,0.50096,0.148,,,,0,VA,9.48455719347439,,,,,,0
51103,2866,VA,Lancaster County,10896,11557,0.33405,0.245,,,,0,VA,9.35504659297544,1990,1,1,0,0,0
51105,2867,VA,Lee County,24496,23583,0.23227,0.095,,,,0,VA,10.0682813924619,,,,,,0
51107,2868,VA,Loudoun County,86185,169599,0.80903,0.472,,,,0,VA,12.0411921060961,1990,10,10,0,0,2.30258509299405
51109,2869,VA,Louisa County,20325,25691,0.39205,0.14,,,,0,VA,10.1538960149984,1990,0,0,0,0,0
51111,2870,VA,Lunenburg County,11419,13152,0.27846,0.092,,,,0,VA,9.48432911729596,,,,,,0
51113,2871,VA,Madison County,11949,12509,0.40518,0.194,,,,0,VA,9.43420366421474,,,,,,0
51115,2872,VA,Mathews County,8348,9160,0.42538,0.192,,,,0,VA,9.12260145766818,,,,,,0
51117,2873,VA,Mecklenburg County,29241,32387,0.31474,0.121,,,,0,VA,10.3855123866964,1990,1,1,0,0,0
51119,2874,VA,Middlesex County,8653,9895,0.37281,0.189,,,,0,VA,9.19978485803667,1990,0,0,0,0,0
51121,2875,VA,Montgomery County,73913,83632,0.32472,0.359,VA,2000,0,0,VA,11.3341815009527,1990,5,3,2,1,1.6094379124341
51125,2876,VA,Nelson County,12778,14440,0.36701,0.208,,,,0,VA,9.57775741244682,1990,0,0,0,0,0
51127,2877,VA,New Kent County,10466,13472,0.53553,0.163,,,,0,VA,9.50836873648211,1990,0,0,0,0,0
51131,2878,VA,Northampton County,13061,13096,0.28013,0.157,,,,0,VA,9.48006211905097,,,,,,0
51133,2879,VA,Northumberland County,10524,12257,0.38567,0.217,,,,0,VA,9.41385248134116,1990,0,0,0,0,0
51135,2880,VA,Nottoway County,14993,15738,0.30251,0.111,,,,0,VA,9.66383344909493,1990,0,0,0,0,0
51137,2881,VA,Orange County,21421,25870,0.43305,0.185,,,,0,VA,10.1608392751801,1990,1,1,0,0,0
51139,2882,VA,Page County,21690,23151,0.33435,0.098,,,,0,VA,10.0497932551257,1990,1,1,0,0,0
51141,2883,VA,Patrick County,17473,19429,0.28939,0.086,,,,0,VA,9.87452207424311,,,,,,0
51143,2884,VA,Pittsylvania County,55672,61790,0.35282,0.093,,,,0,VA,11.031496818055,1990,0,0,0,0,0
51145,2885,VA,Powhatan County,15328,22377,0.54844,0.191,,,,0,VA,10.0157889246233,,,,,,0
51147,2886,VA,Prince Edward County,17320,19719,0.30857,0.192,,,,0,VA,9.88933791693169,1990,1,1,0,0,0
51149,2887,VA,Prince George County,27390,33112,0.49714,0.194,,,,0,VA,10.4076510334286,1990,0,0,0,0,0
51153,2888,VA,Prince William County,214954,281317,0.65754,0.315,VA,2000,1,1,VA,12.5472374263526,1990,8,8,0,0,2.07944154167984
51155,2889,VA,Pulaski County,34496,35129,0.34067,0.125,,,,0,VA,10.4667822791559,1990,0,0,0,0,0
51157,2890,VA,Rappahannock County,6622,6994,0.45833,0.229,,,,0,VA,8.85280791762332,1990,0,0,0,0,0
51159,2891,VA,Richmond County,7273,8813,0.32489,0.099,,,,0,VA,9.08398318309966,1990,0,0,0,0,0
51161,2892,VA,Roanoke County,79278,85700,0.4745,0.282,VA,2000,1,1,VA,11.3586081045859,1990,1,1,0,0,0
51163,2893,VA,Rockbridge County,18350,20785,0.36268,0.187,,,,0,VA,9.94198685168674,,,,,,0
51165,2894,VA,Rockingham County,57482,67825,0.40968,0.176,VA,2000,0,0,VA,11.1246861375271,1990,3,2,0,0,1.09861228866811
51167,2895,VA,Russell County,28667,29250,0.26927,0.094,,,,0,VA,10.28363485266,1990,0,0,0,0,0
51169,2896,VA,Scott County,23204,23395,0.27239,0.083,,,,0,VA,10.0602776033003,1990,0,0,0,0,0
51171,2897,VA,Shenandoah County,31636,35068,0.3914,0.147,,,,0,VA,10.4650443127085,1990,0,0,0,0,0
51173,2898,VA,Smyth County,32370,33069,0.29771,0.106,,,,0,VA,10.4063515666314,1990,0,0,0,0,0
51175,2899,VA,Southampton County,17022,17482,0.34227,0.117,,,,0,VA,9.76892705914043,1990,0,0,0,0,0
51177,2900,VA,Spotsylvania County,57397,90289,0.57216,0.228,,,,0,VA,11.4107709158166,1990,1,1,0,0,0
51179,2901,VA,Stafford County,62255,92456,0.67229,0.296,,,,0,VA,11.4344881346553,1990,1,1,0,0,0
51181,2902,VA,Surry County,6145,6824,0.38149,0.128,,,,0,VA,8.82820108917152,,,,,,0
51183,2903,VA,Sussex County,10248,12507,0.30807,0.1,,,,0,VA,9.43404376654891,1990,0,0,0,0,0
51185,2904,VA,Tazewell County,45960,44599,0.27151,0.11,,,,0,VA,10.7054667162321,1990,2,2,0,0,0.693147180559945
51187,2905,VA,Warren County,26142,31553,0.42487,0.15,,,,0,VA,10.3594239506121,1990,1,1,0,0,0
51191,2906,VA,Washington County,45887,51152,0.32767,0.161,,,,0,VA,10.8425568712996,1990,3,3,0,0,1.09861228866811
51193,2907,VA,Westmoreland County,15480,16684,0.37074,0.133,,,,0,VA,9.72220545531684,1990,0,0,0,0,0
51195,2908,VA,Wise County,39573,42153,0.26373,0.108,,,,0,VA,10.6490611352744,1990,2,2,0,0,0.693147180559945
51197,2909,VA,Wythe County,25471,27601,0.31939,0.121,,,,0,VA,10.2256072829329,1990,2,2,0,0,0.693147180559945
51199,2910,VA,York County,42434,56748,0.57911,0.374,,,,0,VA,10.9463756924319,1990,1,1,0,0,0
51510,2911,VA,Alexandria city,111183,128278,0.56161,0.543,VA,2000,1,1,VA,11.7619550627906,1990,13,11,0,0,2.56494935746154
51515,2912,VA,Bedford city,6176,6421,0.2917,0.152,,,,0,VA,8.76732914779405,1990,0,0,0,0,0
51520,2913,VA,Bristol city,18426,17346,0.27012,0.17,,,,0,VA,9.7611172112444,1990,3,3,0,0,1.09861228866811
51530,2914,VA,Buena Vista city,6406,6367,0.31406,0.105,,,,0,VA,8.75888368001703,1990,0,0,0,0,0
51540,2915,VA,Charlottesville city,40470,41280,0.31054,0.408,,,,0,VA,10.6281334001554,1990,10,6,1,0,2.30258509299405
51550,2916,VA,Chesapeake city,151982,199153,0.50692,0.247,VA,2000,1,1,VA,12.2018286525184,1990,8,8,0,0,2.07944154167984
51560,2917,VA,Clifton Forge city,4679,"",0.26042,0.096,,,,0,VA,,,,,,,0
51570,2918,VA,Colonial Heights city,16064,16909,0.42585,0.19,,,,0,VA,9.73560130353843,1990,2,2,0,0,0.693147180559945
51580,2919,VA,Covington city,7352,6294,0.29944,0.064,,,,0,VA,8.74735207762435,1990,0,0,0,0,0
51590,2920,VA,Danville city,53056,48312,0.26753,0.139,,,,0,VA,10.7854352559877,1990,3,3,0,0,1.09861228866811
51595,2921,VA,Emporia city,5556,5651,0.2965,0.142,,,,0,VA,8.63958779962984,,,,,,0
51600,2922,VA,Fairfax city,19945,21576,0.67719,0.457,,,,0,VA,9.97933686481957,1990,7,5,2,0,1.94591014905531
51610,2923,VA,Falls Church city,9464,10432,0.74496,0.637,,,,0,VA,9.25263328416643,1990,0,0,0,0,0
51620,2924,VA,Franklin city,8392,8351,0.31152,0.164,,,,0,VA,9.03013657115323,1990,0,0,0,0,0
51630,2925,VA,Fredericksburg city,19033,19367,0.34158,0.305,,,,0,VA,9.87132586572773,1990,7,6,0,0,1.94591014905531
51640,2926,VA,Galax city,6745,6911,0.27744,0.111,,,,0,VA,8.8408696240914,1990,0,0,0,0,0
51650,2927,VA,Hampton city,133773,146436,0.39358,0.218,VA,2000,0,0,VA,11.8943437519198,1990,5,4,0,0,1.6094379124341
51660,2928,VA,Harrisonburg city,30707,40390,0.30406,0.312,,,,0,VA,10.6063375085575,1990,7,6,1,0,1.94591014905531
51670,2929,VA,Hopewell city,23101,22278,0.32573,0.102,,,,0,VA,10.0113549234051,1990,1,1,0,0,0
51678,2930,VA,Lexington city,6959,6873,0.28737,0.426,,,,0,VA,8.83535597112161,1990,2,2,0,0,0.693147180559945
51680,2931,VA,Lynchburg city,66120,65306,0.32243,0.252,VA,2000,0,0,VA,11.0868391946576,1990,3,2,0,0,1.09861228866811
51683,2932,VA,Manassas city,27757,34692,0.60609,0.281,,,,0,VA,10.4542643918043,1990,7,7,0,0,1.94591014905531
51685,2933,VA,Manassas Park city,6798,10226,0.60897,0.203,,,,0,VA,9.23268877563994,1990,0,0,0,0,0
51690,2934,VA,Martinsville city,16162,15418,0.27604,0.166,,,,0,VA,9.64329093701921,1990,2,2,0,0,0.693147180559945
51700,2935,VA,Newport News city,171477,180272,0.36503,0.199,VA,2000,1,1,VA,12.1022221004039,1990,10,10,0,0,2.30258509299405
51710,2936,VA,Norfolk city,261250,234463,0.31566,0.196,,,,0,VA,12.3650530719035,1990,17,13,1,0,2.83321334405622
51720,2937,VA,Norton city,4247,3945,0.23893,0.14,,,,0,VA,8.28020423327997,1990,1,1,0,0,0
51730,2938,VA,Petersburg city,37071,33752,0.28696,0.148,,,,0,VA,10.4267949538042,1990,5,5,0,0,1.6094379124341
51735,2939,VA,Poquoson city,11005,11566,0.60668,0.316,,,,0,VA,9.35582503871816,1990,1,1,0,0,0
51740,2940,VA,Portsmouth city,103910,100580,0.33712,0.138,,,,0,VA,11.518708709726,1990,3,3,0,0,1.09861228866811
51750,2941,VA,Radford city,15940,15878,0.24346,0.341,,,,0,VA,9.67268978228506,1990,1,0,1,0,0
51760,2942,VA,Richmond city,202713,196991,0.30934,0.295,,,,0,VA,12.1909133213973,1990,28,26,0,0,3.3322045101752
51770,2943,VA,Roanoke city,96487,95006,0.30681,0.187,VA,2000,0,0,VA,11.461695326483,1990,13,12,0,0,2.56494935746154
51775,2944,VA,Salem city,23835,24723,0.39464,0.198,,,,0,VA,10.1154892634315,1990,1,1,0,0,0
51790,2945,VA,Staunton city,24581,23951,0.32949,0.204,,,,0,VA,10.0837653556208,1990,2,2,0,0,0.693147180559945
51800,2946,VA,Suffolk city,52143,63699,0.40533,0.173,,,,0,VA,11.0619241428499,1990,0,0,0,0,0
51810,2947,VA,Virginia Beach city,393089,425236,0.487,0.281,VA,2000,1,1,VA,12.9603995879055,1990,20,19,0,0,2.99573227355399
51820,2948,VA,Waynesboro city,18549,19617,0.33333,0.206,,,,0,VA,9.88415181622939,1990,1,0,0,0,0
51830,2949,VA,Williamsburg city,11600,11998,0.37859,0.45,,,,0,VA,9.39249524821304,1990,2,1,0,0,0.693147180559945
51840,2950,VA,Winchester city,21947,23599,0.34427,0.237,,,,0,VA,10.0689596172346,1990,4,3,0,0,1.38629436111989
53001,2951,WA,Adams County,13603,16426,0.33423,0.122,,,,0,WA,9.70662072430014,1990,1,1,0,0,0
53003,2952,WA,Asotin County,17605,20553,0.33519,0.18,,,,0,WA,9.93076219467101,1990,2,2,0,0,0.693147180559945
53005,2953,WA,Benton County,112560,142473,0.46624,0.263,WA,2000,1,1,WA,11.8669077870542,1990,9,8,0,0,2.19722457733622
53007,2954,WA,Chelan County,52250,66611,0.3712,0.219,,,,0,WA,11.1066250080554,1990,3,3,0,0,1.09861228866811
53009,2955,WA,Clallam County,56210,64183,0.36429,0.208,,,,0,WA,11.0694936571052,1990,4,4,0,0,1.38629436111989
53011,2956,WA,Clark County,238053,345235,0.4815,0.221,WA,2000,1,1,WA,12.75198062355,1990,7,6,0,0,1.94591014905531
53013,2957,WA,Columbia County,4024,4064,0.35337,0.175,,,,0,WA,8.30992298925832,1990,0,0,0,0,0
53015,2958,WA,Cowlitz County,82119,92945,0.39343,0.133,,,,0,WA,11.4397631993412,1990,5,5,0,0,1.6094379124341
53017,2959,WA,Douglas County,26205,32589,0.3895,0.162,,,,0,WA,10.3917300871019,1990,1,1,0,0,0
53019,2960,WA,Ferry County,6295,7262,0.30353,0.135,,,,0,WA,8.89041055197428,,,,,,0
53021,2961,WA,Franklin County,37473,49378,0.39049,0.136,,,,0,WA,10.8072602598513,1990,2,2,0,0,0.693147180559945
53023,2962,WA,Garfield County,2248,2397,0.32452,0.17,,,,0,WA,7.78197323443439,1990,0,0,0,0,0
53025,2963,WA,Grant County,54798,74714,0.35277,0.137,,,,0,WA,11.2214227698927,1990,1,1,0,0,0
53027,2964,WA,Grays Harbor County,64175,67141,0.34102,0.127,,,,0,WA,11.1145501646739,1990,4,4,0,0,1.38629436111989
53029,2965,WA,Island County,60195,71571,0.45366,0.27,,,,0,WA,11.1784452429698,1990,5,5,0,0,1.6094379124341
53031,2966,WA,Jefferson County,20406,26301,0.38171,0.284,,,,0,WA,10.1773622402567,1990,3,3,0,0,1.09861228866811
53033,2967,WA,King County,"1507,305","1737,075",0.52896,0.4,WA,2000,8,1,WA,,1990,103,84,7,1,4.63472898822964
53035,2968,WA,Kitsap County,189731,231982,0.46897,0.253,WA,2000,1,1,WA,12.3544150614316,1990,16,16,0,0,2.77258872223978
53037,2969,WA,Kittitas County,26725,33369,0.32237,0.262,,,,0,WA,10.4153826042601,1990,0,0,0,0,0
53039,2970,WA,Klickitat County,16616,19170,0.34457,0.164,,,,0,WA,9.86110183603969,1990,0,0,0,0,0
53041,2971,WA,Lewis County,59358,68585,0.35178,0.129,,,,0,WA,11.1358291309125,1990,3,3,0,0,1.09861228866811
53043,2972,WA,Lincoln County,8864,10173,0.35206,0.188,,,,0,WA,9.22749243079375,1990,1,1,0,0,0
53045,2973,WA,Mason County,38341,49443,0.39686,0.156,,,,0,WA,10.8085757699023,1990,1,1,0,0,0
53047,2974,WA,Okanogan County,33350,39567,0.29907,0.159,,,,0,WA,10.585750716494,1990,1,1,0,0,0
53049,2975,WA,Pacific County,18882,20979,0.31307,0.152,,,,0,WA,9.95127721637198,1990,2,2,0,0,0.693147180559945
53051,2976,WA,Pend Oreille County,8915,11706,0.3136,0.123,,,,0,WA,9.36785680985117,,,,,,0
53053,2977,WA,Pierce County,586203,700816,0.44853,0.206,WA,2000,1,1,WA,13.4600006493939,1990,31,28,1,0,3.43398720448515
53055,2978,WA,San Juan County,10035,14052,0.43344,0.402,,,,0,WA,9.55052001338572,1990,2,2,0,0,0.693147180559945
53057,2979,WA,Skagit County,79545,103017,0.42442,0.208,,,,0,WA,11.5426493021365,1990,9,8,0,0,2.19722457733622
53059,2980,WA,Skamania County,8289,9876,0.39248,0.168,,,,0,WA,9.19786285046507,,,,,,0
53061,2981,WA,Snohomish County,465628,606043,0.52767,0.244,WA,2000,1,1,WA,13.3147062196298,1990,25,23,0,0,3.2188758248682
53063,2982,WA,Spokane County,361333,417968,0.37191,0.25,WA,2000,1,1,WA,12.9431601535525,1990,19,16,0,0,2.94443897916644
53065,2983,WA,Stevens County,30948,40082,0.34524,0.153,,,,0,WA,10.5986826347134,1990,1,1,0,0,0
53067,2984,WA,Thurston County,161238,207392,0.46929,0.298,WA,2000,1,1,WA,12.2423660012274,1990,12,11,0,0,2.484906649788
53069,2985,WA,Wahkiakum County,3327,3824,0.38987,0.148,,,,0,WA,8.24905227417129,1990,0,0,0,0,0
53071,2986,WA,Walla Walla County,48439,55177,0.35198,0.233,,,,0,WA,10.9183014787688,1990,4,4,0,0,1.38629436111989
53073,2987,WA,Whatcom County,127780,166822,0.40207,0.272,WA,2000,1,1,WA,12.0246826546939,1990,13,8,0,0,2.56494935746154
53075,2988,WA,Whitman County,38775,40742,0.28796,0.44,,,,0,WA,10.6150147803775,1990,1,0,1,1,0
53077,2989,WA,Yakima County,188823,222578,0.34879,0.153,,,,0,WA,12.3130328809538,1990,7,6,0,0,1.94591014905531
54001,2990,WV,Barbour County,15699,15555,0.24389,0.118,,,,0,WV,9.65213740933174,,,,,,0
54003,2991,WV,Berkeley County,59253,75899,0.38492,0.151,,,,0,WV,11.2371587880664,1990,0,0,0,0,0
54005,2992,WV,Boone County,25870,25548,0.25416,0.072,,,,0,WV,10.1483143146815,1990,0,0,0,0,0
54007,2993,WV,Braxton County,12998,14697,0.24136,0.092,,,,0,WV,9.59539867030668,1990,1,1,0,0,0
54009,2994,WV,Brooke County,26992,25427,0.32882,0.134,,,,0,WV,10.1435668805565,1990,1,1,0,0,0
54011,2995,WV,Cabell County,96827,96783,0.28778,0.209,,,,0,WV,11.480226638007,1990,8,7,0,0,2.07944154167984
54013,2996,WV,Calhoun County,7885,7587,0.2177,0.093,,,,0,WV,8.93419153533808,,,,,,0
54015,2997,WV,Clay County,9983,10336,0.22255,0.073,,,,0,WV,9.24338822602238,,,,,,0
54017,2998,WV,Doddridge County,6994,7366,0.26968,0.102,,,,0,WV,8.90463009700501,,,,,,0
54019,2999,WV,Fayette County,47952,47591,0.25032,0.107,,,,0,WV,10.7703989467122,1990,4,4,0,0,1.38629436111989
54021,3000,WV,Gilmer County,7669,7155,0.22945,0.171,,,,0,WV,8.87556669199055,1990,1,1,0,0,0
54023,3001,WV,Grant County,10428,11292,0.28679,0.114,,,,0,WV,9.33184978937338,1990,0,0,0,0,0
54025,3002,WV,Greenbrier County,34693,34448,0.26778,0.136,,,,0,WV,10.4472062196041,1990,2,2,0,0,0.693147180559945
54027,3003,WV,Hampshire County,16498,20171,0.3145,0.113,,,,0,WV,9.91200120830133,,,,,,0
54029,3004,WV,Hancock County,35233,32682,0.33818,0.115,,,,0,WV,10.3945797466117,1990,0,0,0,0,0
54031,3005,WV,Hardy County,10977,12647,0.32357,0.094,,,,0,WV,9.44517531187998,1990,0,0,0,0,0
54033,3006,WV,Harrison County,69371,68635,0.30304,0.163,,,,0,WV,11.1365578876858,1990,3,3,0,0,1.09861228866811
54035,3007,WV,Jackson County,25938,28002,0.32337,0.124,,,,0,WV,10.2400312151779,1990,1,1,0,0,0
54037,3008,WV,Jefferson County,35926,42246,0.44325,0.216,,,,0,WV,10.6512649537472,1990,4,3,0,0,1.38629436111989
54039,3009,WV,Kanawha County,207619,200111,0.33635,0.206,,,,0,WV,12.2066274915746,1990,14,12,0,0,2.63905732961526
54041,3010,WV,Lewis County,17223,16914,0.26926,0.112,,,,0,WV,9.73589696034217,1990,0,0,0,0,0
54043,3011,WV,Lincoln County,21382,22107,0.22738,0.059,,,,0,WV,10.0036495794351,,,,,,0
54045,3012,WV,Logan County,43032,37705,0.24545,0.088,,,,0,WV,10.5375479906367,1990,2,2,0,0,0.693147180559945
54047,3013,WV,McDowell County,35233,27331,0.16922,0.056,,,,0,WV,10.2157768680808,,,,,,0
54049,3014,WV,Marion County,57249,56603,0.28552,0.16,,,,0,WV,10.9438172663202,1990,4,4,0,0,1.38629436111989
54051,3015,WV,Marshall County,37356,35529,0.31318,0.107,,,,0,WV,10.4781045433896,,,,,,0
54053,3016,WV,Mason County,25178,25952,0.26896,0.088,,,,0,WV,10.1640039569151,1990,0,0,0,0,0
54055,3017,WV,Mercer County,64980,62978,0.2669,0.138,,,,0,WV,11.0505407380377,1990,3,3,0,0,1.09861228866811
54057,3018,WV,Mineral County,26697,27086,0.31039,0.117,,,,0,WV,10.2067722682153,1990,0,0,0,0,0
54059,3019,WV,Mingo County,33739,28247,0.2155,0.073,,,,0,WV,10.2487425362453,1990,1,1,0,0,0
54061,3020,WV,Monongalia County,75509,81886,0.28668,0.324,WV,2000,0,0,WV,11.3130833150583,1990,6,5,1,0,1.79175946922806
54063,3021,WV,Monroe County,12406,13184,0.28001,0.082,,,,0,WV,9.48675925214925,1990,0,0,0,0,0
54065,3022,WV,Morgan County,12128,14929,0.34536,0.112,,,,0,WV,9.61106090905359,1990,0,0,0,0,0
54067,3023,WV,Nicholas County,26775,26561,0.27164,0.098,,,,0,WV,10.187199253484,1990,0,0,0,0,0
54069,3024,WV,Ohio County,50871,47432,0.30649,0.231,,,,0,WV,10.7670523853872,1990,3,3,0,0,1.09861228866811
54071,3025,WV,Pendleton County,8054,8186,0.30343,0.108,,,,0,WV,9.01018065705235,,,,,,0
54073,3026,WV,Pleasants County,7546,7513,0.32876,0.097,,,,0,WV,8.92439013236916,1990,1,1,0,0,0
54075,3027,WV,Pocahontas County,9008,9114,0.26189,0.118,,,,0,WV,9.11756697182383,1990,0,0,0,0,0
54077,3028,WV,Preston County,29037,29315,0.28082,0.108,,,,0,WV,10.2858546093983,1990,0,0,0,0,0
54079,3029,WV,Putnam County,42835,51563,0.41842,0.197,,,,0,WV,10.8505596399997,1990,0,0,0,0,0
54081,3030,WV,Raleigh County,76819,79237,0.28319,0.127,,,,0,WV,11.280198640429,1990,2,2,0,0,0.693147180559945
54083,3031,WV,Randolph County,27803,28274,0.27179,0.136,,,,0,WV,10.249697933427,1990,1,1,0,0,0
54085,3032,WV,Ritchie County,10233,10351,0.27408,0.071,,,,0,WV,9.24483841238375,,,,,,0
54087,3033,WV,Roane County,15120,15447,0.24532,0.09,,,,0,WV,9.64517008871425,1990,0,0,0,0,0
54089,3034,WV,Summers County,14204,14381,0.21013,0.101,,,,0,WV,9.57366316988638,,,,,,0
54091,3035,WV,Taylor County,15144,16060,0.27356,0.113,,,,0,WV,9.68408698750075,,,,,,0
54093,3036,WV,Tucker County,7728,7307,0.25365,0.106,,,,0,WV,8.89658807179122,1990,0,0,0,0,0
54095,3037,WV,Tyler County,9796,9583,0.29038,0.085,,,,0,WV,9.16774597434376,1990,0,0,0,0,0
54097,3038,WV,Upshur County,22867,23394,0.26863,0.138,,,,0,WV,10.0602348582107,1990,1,1,0,0,0
54099,3039,WV,Wayne County,41636,42919,0.27491,0.119,,,,0,WV,10.667069897312,,,,,,0
54101,3040,WV,Webster County,10729,9716,0.21021,0.087,,,,0,WV,9.18152929012206,,,,,,0
54103,3041,WV,Wetzel County,19258,17690,0.30719,0.104,,,,0,WV,9.78075478715383,1990,1,1,0,0,0
54105,3042,WV,Wirt County,5192,5865,0.30599,0.099,,,,0,WV,8.67675776108758,,,,,,0
54107,3043,WV,Wood County,86915,87954,0.33339,0.152,,,,0,WV,11.3845692295181,1990,9,9,0,0,2.19722457733622
54109,3044,WV,Wyoming County,28990,25702,0.23907,0.071,,,,0,WV,10.1543240888671,1990,0,0,0,0,0
55001,3045,WI,Adams County,15682,19940,0.33197,0.1,,,,0,WI,9.90048304351583,1990,0,0,0,0,0
55003,3046,WI,Ashland County,16307,16845,0.31797,0.165,,,,0,WI,9.73180915584065,1990,0,0,0,0,0
55005,3047,WI,Barron County,40750,44961,0.37029,0.149,,,,0,WI,10.7135507263131,1990,2,2,0,0,0.693147180559945
55007,3048,WI,Bayfield County,14008,15027,0.33289,0.216,,,,0,WI,9.61760386202573,1990,1,1,0,0,0
55009,3049,WI,Brown County,194594,226633,0.46293,0.225,WI,2000,0,0,WI,12.3310872480408,1990,13,13,0,0,2.56494935746154
55011,3050,WI,Buffalo County,13584,13797,0.3737,0.14,,,,0,WI,9.53220645620803,,,,,,0
55013,3051,WI,Burnett County,13084,15650,0.34181,0.14,,,,0,WI,9.6582261959683,,,,,,0
55015,3052,WI,Calumet County,34291,40683,0.52659,0.208,,,,0,WI,10.6135655937561,,,,,,0
55017,3053,WI,Chippewa County,52360,55217,0.39536,0.147,,,,0,WI,10.9190261558663,1990,0,0,0,0,0
55019,3054,WI,Clark County,31647,33548,0.34607,0.103,,,,0,WI,10.4207325281043,1990,0,0,0,0,0
55021,3055,WI,Columbia County,45088,52510,0.45046,0.167,,,,0,WI,10.8687589066319,1990,3,3,0,0,1.09861228866811
55023,3056,WI,Crawford County,15940,17241,0.34022,0.132,,,,0,WI,9.75504554717585,1990,1,1,0,0,0
55025,3057,WI,Dane County,367085,426475,0.49067,0.406,WI,2000,1,1,WI,12.9633090275487,1990,24,18,1,0,3.17805383034795
55027,3058,WI,Dodge County,76559,85851,0.45334,0.132,,,,0,WI,11.3603685144814,1990,2,2,0,0,0.693147180559945
55029,3059,WI,Door County,25690,27957,0.3897,0.214,,,,0,WI,10.2384228944538,1990,5,5,0,0,1.6094379124341
55031,3060,WI,Douglas County,41758,43288,0.35397,0.183,,,,0,WI,10.6756307393226,1990,1,1,0,0,0
55033,3061,WI,Dunn County,35909,39853,0.38727,0.211,,,,0,WI,10.5929529636934,1990,0,0,0,0,0
55035,3062,WI,Eau Claire County,85183,93128,0.39172,0.27,,,,0,WI,11.4417301699281,1990,7,7,0,0,1.94591014905531
55037,3063,WI,Florence County,4590,5079,0.34777,0.124,,,,0,WI,8.53286967080125,,,,,,0
55039,3064,WI,Fond du Lac County,90083,97284,0.4548,0.169,,,,0,WI,11.4853898147757,1990,3,3,0,0,1.09861228866811
55041,3065,WI,Forest County,8776,10027,0.32025,0.1,,,,0,WI,9.21303673352392,,,,,,0
55043,3066,WI,Grant County,49266,49590,0.36273,0.172,,,,0,WI,10.8115444794832,1990,0,0,0,0,0
55045,3067,WI,Green County,30339,33678,0.43119,0.167,,,,0,WI,10.4246000841703,1990,1,1,0,0,0
55047,3068,WI,Green Lake County,18651,19115,0.39152,0.145,,,,0,WI,9.85822864613051,,,,,,0
55049,3069,WI,Iowa County,20150,22790,0.42548,0.185,,,,0,WI,10.0340771222397,1990,0,0,0,0,0
55051,3070,WI,Iron County,6153,6863,0.29595,0.132,,,,0,WI,8.83389994290864,,,,,,0
55053,3071,WI,Jackson County,16588,19091,0.36931,0.113,,,,0,WI,9.85697229879466,,,,,,0
55055,3072,WI,Jefferson County,67783,75855,0.46897,0.174,,,,0,WI,11.2365789021822,1990,1,1,0,0,0
55057,3073,WI,Juneau County,21650,24323,0.35383,0.1,,,,0,WI,10.0991776837356,1990,0,0,0,0,0
55059,3074,WI,Kenosha County,128181,149584,0.46594,0.192,,,,0,WI,11.9156133869311,1990,2,1,0,0,0.693147180559945
55061,3075,WI,Kewaunee County,18878,20199,0.4414,0.114,,,,0,WI,9.91338837721339,1990,0,0,0,0,0
55063,3076,WI,La Crosse County,97904,107156,0.39361,0.254,WI,2000,1,1,WI,11.5820409956009,1990,8,7,0,0,2.07944154167984
55065,3077,WI,Lafayette County,16074,16149,0.37135,0.133,,,,0,WI,9.68961340722907,1990,0,0,0,0,0
55067,3078,WI,Langlade County,19505,20743,0.33468,0.117,,,,0,WI,9.93996411934615,1990,1,1,0,0,0
55069,3079,WI,Lincoln County,26993,29625,0.39395,0.136,,,,0,WI,10.2963738784374,1990,0,0,0,0,0
55071,3080,WI,Manitowoc County,80421,82907,0.4307,0.155,,,,0,WI,11.3254747766418,1990,4,4,0,0,1.38629436111989
55073,3081,WI,Marathon County,115400,125908,0.4516,0.183,WI,2000,0,0,WI,11.7433067605077,1990,4,4,0,0,1.38629436111989
55075,3082,WI,Marinette County,40548,43392,0.35376,0.129,,,,0,WI,10.6780303713001,1990,1,1,0,0,0
55077,3083,WI,Marquette County,12321,14539,0.35513,0.101,,,,0,WI,9.58458997293143,1990,0,0,0,0,0
55078,3084,WI,Menominee County,4075,4554,0.29005,0.129,,,,0,WI,8.42376124662369,,,,,,0
55079,3085,WI,Milwaukee County,959212,940127,0.37879,0.236,WI,2000,3,1,WI,13.7537702515031,1990,40,31,1,0,3.68887945411394
55081,3086,WI,Monroe County,36633,40885,0.3708,0.132,,,,0,WI,10.6185185265961,,,,,,0
55083,3087,WI,Oconto County,30226,35657,0.41239,0.106,,,,0,WI,10.4817007600038,,,,,,0
55085,3088,WI,Oneida County,31679,36736,0.37065,0.2,,,,0,WI,10.5115124796792,1990,3,2,0,0,1.09861228866811
55087,3089,WI,Outagamie County,140510,161090,0.49504,0.225,WI,2000,1,1,WI,11.989718493992,1990,8,4,2,0,2.07944154167984
55089,3090,WI,Ozaukee County,72894,82322,0.62106,0.386,,,,0,WI,11.3183936656453,1990,3,3,0,0,1.09861228866811
55091,3091,WI,Pepin County,7107,7314,0.37515,0.133,,,,0,WI,8.89754559870933,,,,,,0
55093,3092,WI,Pierce County,32765,36726,0.49846,0.246,,,,0,WI,10.5112402300791,1990,1,1,0,0,0
55095,3093,WI,Polk County,34773,41322,0.41097,0.156,,,,0,WI,10.6291503247728,1990,0,0,0,0,0
55097,3094,WI,Portage County,61405,67181,0.43075,0.234,,,,0,WI,11.1151457484381,1990,2,2,0,0,0.693147180559945
55099,3095,WI,Price County,15600,15819,0.34744,0.13,,,,0,WI,9.66896702819858,1990,0,0,0,0,0
55101,3096,WI,Racine County,175034,188849,0.47528,0.203,WI,2000,0,0,WI,12.1487030329187,1990,6,4,0,0,1.79175946922806
55103,3097,WI,Richland County,17521,17926,0.33822,0.141,,,,0,WI,9.79400745191731,1990,0,0,0,0,0
55105,3098,WI,Rock County,139510,152315,0.45318,0.167,,,,0,WI,11.9337060238562,1990,5,4,0,0,1.6094379124341
55107,3099,WI,Rusk County,15079,15350,0.31023,0.112,,,,0,WI,9.63887075301534,1990,1,1,0,0,0
55109,3100,WI,St. Croix County,50251,63155,0.54621,0.263,,,,0,WI,11.0533473012081,1990,1,1,0,0,0
55111,3101,WI,Sauk County,46975,55187,0.41841,0.176,,,,0,WI,10.9184826972826,1990,1,1,0,0,0
55113,3102,WI,Sawyer County,14181,16221,0.32051,0.165,,,,0,WI,9.69406197805012,1990,0,0,0,0,0
55115,3103,WI,Shawano County,37157,40676,0.37905,0.126,,,,0,WI,10.613393516911,1990,1,1,0,0,0
55117,3104,WI,Sheboygan County,103877,112663,0.46114,0.179,,,,0,WI,11.6321563408888,1990,3,2,0,0,1.09861228866811
55119,3105,WI,Taylor County,18901,19682,0.38194,0.11,,,,0,WI,9.88745979145893,,,,,,0
55121,3106,WI,Trempealeau County,25263,27002,0.37606,0.133,,,,0,WI,10.2036662163172,,,,,,0
55123,3107,WI,Vernon County,25617,28058,0.33072,0.14,,,,0,WI,10.2420290752787,1990,0,0,0,0,0
55125,3108,WI,Vilas County,17707,21055,0.33872,0.176,,,,0,WI,9.95489334059603,1990,1,1,0,0,0
55127,3109,WI,Walworth County,75000,91895,0.46143,0.218,,,,0,WI,11.4284018998996,1990,0,0,0,0,0
55129,3110,WI,Washburn County,13772,16007,0.3378,0.152,,,,0,WI,9.6807814055467,1990,0,0,0,0,0
55131,3111,WI,Washington County,95328,117529,0.56559,0.219,,,,0,WI,11.6744403906248,1990,1,0,0,0,0
55133,3112,WI,Waukesha County,304715,360810,0.62604,0.341,WI,2000,1,1,WI,12.7961067829728,1990,11,9,0,0,2.39789527279837
55135,3113,WI,Waupaca County,46104,51844,0.40774,0.148,,,,0,WI,10.8559944885433,1990,0,0,0,0,0
55137,3114,WI,Waushara County,19385,23047,0.36894,0.117,,,,0,WI,10.0452908881105,1990,0,0,0,0,0
55139,3115,WI,Winnebago County,140320,156752,0.44269,0.228,,,,0,WI,11.9624202175844,1990,8,8,0,0,2.07944154167984
55141,3116,WI,Wood County,73605,75500,0.4159,0.169,,,,0,WI,11.2318879352371,1990,4,4,0,0,1.38629436111989
56001,3117,WY,Albany County,30797,32029,0.29082,0.441,,,,0,WY,10.3743970213853,1990,7,6,0,0,1.94591014905531
56003,3118,WY,Big Horn County,10525,11442,0.32668,0.159,,,,0,WY,9.34504607482847,1990,0,0,0,0,0
56005,3119,WY,Campbell County,29370,33705,0.4906,0.157,,,,0,WY,10.4254014732875,1990,2,2,0,0,0.693147180559945
56007,3120,WY,Carbon County,16659,15626,0.35448,0.172,,,,0,WY,9.65669147255669,1990,0,0,0,0,0
56009,3121,WY,Converse County,11128,12046,0.38826,0.147,,,,0,WY,9.39648793360367,1990,0,0,0,0,0
56011,3122,WY,Crook County,5294,5886,0.35,0.175,,,,0,WY,8.68033192879342,1990,0,0,0,0,0
56013,3123,WY,Fremont County,33662,35805,0.32847,0.197,,,,0,WY,10.485842827441,1990,2,2,0,0,0.693147180559945
56015,3124,WY,Goshen County,12373,12537,0.31645,0.186,,,,0,WY,9.43643955111603,1990,0,0,0,0,0
56017,3125,WY,Hot Springs County,4809,4877,0.29571,0.179,,,,0,WY,8.49228555571005,1990,0,0,0,0,0
56019,3126,WY,Johnson County,6145,7084,0.34594,0.222,,,,0,WY,8.86559399890273,,,,,,0
56021,3127,WY,Laramie County,73142,81617,0.39488,0.234,WY,2000,1,1,WY,11.3097928525872,1990,5,4,0,0,1.6094379124341
56023,3128,WY,Lincoln County,12625,14568,0.41224,0.172,,,,0,WY,9.58658262140744,1990,0,0,0,0,0
56025,3129,WY,Natrona County,61226,66541,0.36359,0.2,,,,0,WY,11.1055735780138,1990,8,8,0,0,2.07944154167984
56027,3130,WY,Niobrara County,2499,2410,0.29006,0.153,,,,0,WY,7.7873820264847,,,,,,0
56029,3131,WY,Park County,23178,25788,0.35519,0.237,,,,0,WY,10.1576645464305,1990,0,0,0,0,0
56031,3132,WY,Platte County,8145,8792,0.33974,0.152,,,,0,WY,9.08159749608346,1990,0,0,0,0,0
56033,3133,WY,Sheridan County,23562,26563,0.33717,0.224,,,,0,WY,10.187274549019,1990,2,2,0,0,0.693147180559945
56035,3134,WY,Sublette County,4843,5913,0.38845,0.216,,,,0,WY,8.68490859582083,,,,,,0
56037,3135,WY,Sweetwater County,38823,37620,0.45871,0.17,,,,0,WY,10.535291102855,1990,3,3,0,0,1.09861228866811
56039,3136,WY,Teton County,11173,18257,0.54123,0.458,,,,0,WY,9.81230384711351,1990,2,2,0,0,0.693147180559945
56041,3137,WY,Uinta County,18705,19745,0.43907,0.15,,,,0,WY,9.89065557372075,1990,2,2,0,0,0.693147180559945
56043,3138,WY,Washakie County,8388,8292,0.3613,0.187,,,,0,WY,9.02304647355567,1990,1,1,0,0,0
56045,3139,WY,Weston County,6518,6643,0.32967,0.145,,,,0,WY,8.80131894766524,1990,0,0,0,0,0
72001,3140,PR,Adjuntas Municipio,19451,19129,0.09766,0.109,,,,0,PR,9.85896078715265,,,,,,0
72003,3141,PR,Aguada Municipio,35911,42074,0.11318,0.128,,,,0,PR,10.647185251694,,,,,,0
72005,3142,PR,Aguadilla Municipio,59335,64733,0.11612,0.157,,,,0,PR,11.0780263968274,,,,,,0
72007,3143,PR,Aguas Buenas Municipio,25424,28644,0.12805,0.124,,,,0,PR,10.2626992761268,,,,,,0
72009,3144,PR,Aibonito Municipio,24971,26489,0.12824,0.147,,,,0,PR,10.1844848314592,,,,,,0
72011,3145,PR,Añasco Municipio,25234,28278,0.12553,0.123,,,,0,PR,10.2498393961518,,,,,,0
72013,3146,PR,Arecibo Municipio,93385,100136,0.12372,0.157,,,,0,PR,11.5142845410079,,,,,,0
72015,3147,PR,Arroyo Municipio,18910,19115,0.11542,0.134,,,,0,PR,9.85822864613051,,,,,,0
72017,3148,PR,Barceloneta Municipio,20947,22324,0.11578,0.091,,,,0,PR,10.0134176119083,,,,,,0
72019,3149,PR,Barranquitas Municipio,25605,28992,0.11262,0.144,,,,0,PR,10.2747752088427,,,,,,0
72021,3150,PR,Bayamón Municipio,220262,224175,0.19682,0.217,,,,0,PR,12.3201822758202,,,,,,0
72023,3151,PR,Cabo Rojo Municipio,38521,46906,0.13609,0.173,,,,0,PR,10.7559008780215,,,,,,0
72025,3152,PR,Caguas Municipio,133447,140526,0.16412,0.211,,,,0,PR,11.8531478040165,,,,,,0
72027,3153,PR,Camuy Municipio,28917,35242,0.13219,0.14,,,,0,PR,10.4699938321287,,,,,,0
72029,3154,PR,Canóvanas Municipio,36816,43386,0.12807,0.109,,,,0,PR,10.677892087403,,,,,,0
72031,3155,PR,Carolina Municipio,177806,185529,0.21237,0.215,,,,0,PR,12.1309664830425,,,,,,0
72033,3156,PR,Cataño Municipio,34587,30071,0.12878,0.182,,,,0,PR,10.3113165311662,,,,,,0
72035,3157,PR,Cayey Municipio,46553,47364,0.13357,0.15,,,,0,PR,10.7656177254508,,,,,,0
72037,3158,PR,Ceiba Municipio,17145,17998,0.16351,0.163,,,,0,PR,9.79801591959389,,,,,,0
72039,3159,PR,Ciales Municipio,18084,19734,0.10991,0.095,,,,0,PR,9.89009831541711,,,,,,0
72041,3160,PR,Cidra Municipio,35601,42719,0.15635,0.159,,,,0,PR,10.6623990651204,,,,,,0
72043,3161,PR,Coamo Municipio,33837,37605,0.12013,0.149,,,,0,PR,10.5348922992605,,,,,,0
72045,3162,PR,Comerío Municipio,20265,20079,0.10893,0.11,,,,0,PR,9.90742977176875,,,,,,0
72047,3163,PR,Corozal Municipio,33095,36780,0.11746,0.118,,,,0,PR,10.5127094981583,,,,,,0
72049,3164,PR,Culebra Municipio,1542,1868,0.17207,0.117,,,,0,PR,7.53262361878879,,,,,,0
72051,3165,PR,Dorado Municipio,30759,34017,0.16777,0.191,,,,0,PR,10.4346156786399,,,,,,0
72053,3166,PR,Fajardo Municipio,36882,40712,0.15333,0.162,,,,0,PR,10.6142781682687,,,,,,0
72054,3167,PR,Florida Municipio,8689,12353,0.1142,0.1,,,,0,PR,9.42165422753681,,,,,,0
72055,3168,PR,Guánica Municipio,19984,21896,0.09858,0.092,,,,0,PR,9.99405925072051,,,,,,0
72057,3169,PR,Guayama Municipio,41588,44297,0.12228,0.149,,,,0,PR,10.6986722336498,,,,,,0
72059,3170,PR,Guayanilla Municipio,21581,23076,0.11504,0.132,,,,0,PR,10.0465483953768,,,,,,0
72061,3171,PR,Guaynabo Municipio,92886,100169,0.26146,0.359,,,,0,PR,11.5146140385271,,,,,,0
72063,3172,PR,Gurabo Municipio,28737,36746,0.16327,0.212,,,,0,PR,10.5117846551797,,,,,,0
72065,3173,PR,Hatillo Municipio,32703,38913,0.12251,0.149,,,,0,PR,10.5690836640088,,,,,,0
72067,3174,PR,Hormigueros Municipio,15212,16611,0.16811,0.181,,,,0,PR,9.71782040549108,,,,,,0
72069,3175,PR,Humacao Municipio,55203,59135,0.1424,0.15,,,,0,PR,10.9875782446852,,,,,,0
72071,3176,PR,Isabela Municipio,39147,44467,0.11731,0.133,,,,0,PR,10.7025026200193,,,,,,0
72073,3177,PR,Jayuya Municipio,15527,17311,0.11182,0.109,,,,0,PR,9.75909741657673,,,,,,0
72075,3178,PR,Juana Díaz Municipio,45198,50539,0.12903,0.153,,,,0,PR,10.8305005944386,,,,,,0
72077,3179,PR,Juncos Municipio,30612,36416,0.12933,0.132,,,,0,PR,10.502763517486,,,,,,0
72079,3180,PR,Lajas Municipio,23271,26283,0.1149,0.131,,,,0,PR,10.1766776213345,,,,,,0
72081,3181,PR,Lares Municipio,29015,34425,0.09632,0.127,,,,0,PR,10.4465383235969,,,,,,0
72083,3182,PR,Las Marías Municipio,9306,11060,0.09644,0.096,,,,0,PR,9.31109027507633,,,,,,0
72085,3183,PR,Las Piedras Municipio,27896,34505,0.14531,0.131,,,,0,PR,10.4488595200547,,,,,,0
72087,3184,PR,Loíza Municipio,29307,32537,0.11064,0.091,,,,0,PR,10.3901331823004,,,,,,0
72089,3185,PR,Luquillo Municipio,18100,19817,0.13418,0.176,,,,0,PR,9.89429543416721,,,,,,0
72091,3186,PR,Manatí Municipio,38692,45506,0.12938,0.149,,,,0,PR,10.7255994643771,,,,,,0
72093,3187,PR,Maricao Municipio,6206,6439,0.09192,0.061,,,,0,PR,8.77012852753818,,,,,,0
72095,3188,PR,Maunabo Municipio,12347,12741,0.11553,0.115,,,,0,PR,9.45258041898138,,,,,,0
72097,3189,PR,Mayagüez Municipio,100371,98445,0.11821,0.186,,,,0,PR,11.4972532955759,,,,,,0
72099,3190,PR,Moca Municipio,32926,39698,0.11126,0.126,,,,0,PR,10.5890560875725,,,,,,0
72101,3191,PR,Morovis Municipio,25288,29974,0.12108,0.118,,,,0,PR,10.3080856182049,,,,,,0
72103,3192,PR,Naguabo Municipio,22620,23756,0.11456,0.123,,,,0,PR,10.0755904091358,,,,,,0
72105,3193,PR,Naranjito Municipio,27914,29699,0.12518,0.12,,,,0,PR,10.2988686541903,,,,,,0
72107,3194,PR,Orocovis Municipio,21158,23835,0.09983,0.111,,,,0,PR,10.0789103676389,,,,,,0
72109,3195,PR,Patillas Municipio,19633,20158,0.11992,0.123,,,,0,PR,9.91135651091482,,,,,,0
72111,3196,PR,Peñuelas Municipio,22515,26718,0.12191,0.128,,,,0,PR,10.1930927745498,,,,,,0
72113,3197,PR,Ponce Municipio,187749,186479,0.13093,0.198,,,,0,PR,12.1360739111899,,,,,,0
72115,3198,PR,Quebradillas Municipio,21425,25462,0.12302,0.112,,,,0,PR,10.1449424236216,,,,,,0
72117,3199,PR,Rincón Municipio,12213,14761,0.11326,0.118,,,,0,PR,9.599743846537,,,,,,0
72119,3200,PR,Río Grande Municipio,45648,52356,0.15021,0.136,,,,0,PR,10.8658218229116,,,,,,0
72121,3201,PR,Sabana Grande Municipio,22843,25902,0.12763,0.133,,,,0,PR,10.1620754647835,,,,,,0
72123,3202,PR,Salinas Municipio,28335,31110,0.11374,0.128,,,,0,PR,10.3452845898917,,,,,,0
72125,3203,PR,San Germán Municipio,34962,37101,0.12918,0.183,,,,0,PR,10.5213992024102,,,,,,0
72127,3204,PR,San Juan Municipio,437745,435072,0.17306,0.289,,,,0,PR,12.9832668136157,,,,,,0
72129,3205,PR,San Lorenzo Municipio,35163,40988,0.12075,0.117,,,,0,PR,10.6210346199196,,,,,,0
72131,3206,PR,San Sebastián Municipio,38799,44166,0.10932,0.127,,,,0,PR,10.6957105412868,,,,,,0
72133,3207,PR,Santa Isabel Municipio,19318,21665,0.11942,0.13,,,,0,PR,9.98345333417401,,,,,,0
72135,3208,PR,Toa Alta Municipio,44101,64339,0.20096,0.2,,,,0,PR,11.0719212582414,,,,,,0
72137,3209,PR,Toa Baja Municipio,89454,93570,0.18199,0.166,,,,0,PR,11.44646509827,,,,,,0
72139,3210,PR,Trujillo Alto Municipio,61120,75774,0.22017,0.271,,,,0,PR,11.2355105048742,,,,,,0
72141,3211,PR,Utuado Municipio,34980,35344,0.09973,0.119,,,,0,PR,10.4728839256599,,,,,,0
72143,3212,PR,Vega Alta Municipio,34559,37915,0.13476,0.119,,,,0,PR,10.543102091135,,,,,,0
72145,3213,PR,Vega Baja Municipio,55997,61916,0.14081,0.144,,,,0,PR,11.0335339066938,,,,,,0
72147,3214,PR,Vieques Municipio,8602,9106,0.09301,0.101,,,,0,PR,9.11668881589473,,,,,,0
72149,3215,PR,Villalba Municipio,23559,27910,0.11476,0.128,,,,0,PR,10.2367403265304,,,,,,0
72151,3216,PR,Yabucoa Municipio,36483,39121,0.12268,0.121,,,,0,PR,10.5744146861942,,,,,,0
72153,3217,PR,Yauco Municipio,42058,46398,0.11935,0.158,,,,0,PR,10.7450116338371,,,,,,0
