"","Hospital.Name","Profile.Page","File.Number","Discharges","X..of.Discharges","LOS","X..of.LOS","Avg..LOS","Charges","X..of.Charges","Avg.Charges","Discharges_0_24_female","Discharges_0_24_male","Discharges_25_54_female","Discharges_25_54_male","Discharges_55_female","Discharges_55_male","county","drop","Discharges_0_24_female_fw","Discharges_25_54_female_fw","Discharges_55_female_fw","Discharges_0_24_male_fw","Discharges_25_54_male_fw","Discharges_55_male_fw","Discharges_0_24_female_cw","Discharges_25_54_female_cw","Discharges_55_female_cw","Discharges_0_24_male_cw","Discharges_25_54_male_cw","Discharges_55_male_cw"
"1","AVENTURA HOSPITAL AND MEDICAL CENTER","http://www.floridahealthfinder.gov/facilitylocator/FacilityProfilePage.aspx?id=9935",100131,3311,"0.5144187968721597044305892000",14686,"0.5414970109999185136596547900",4.43551797040169,351245127,"0.8898838437411387130156344700",106084.302929629,158,106,846,766,646,789,"Miami-Dade",0,0.0477197221383268,0.255511929930535,0.195107218363032,0.0320144971307762,0.231350045303534,0.238296587133796,0.0200050645733097,0.0366027776575953,0.0626211709965103,0.0137573004542505,0.0683196575098109,0.0644397255798759
"2","BAPTIST HOSPITAL","http://www.floridahealthfinder.gov/facilitylocator/FacilityProfilePage.aspx?id=9907",100093,3281,"0.5097577990146650529256306700",13375,"0.4931582815010152608060658300",4.07650106674794,135544419,"0.3434034504836829615407359400",41311.922889363,516,351,887,432,470,625,"Escambia",0,0.157269125266687,0.270344407192929,0.143249009448339,0.106979579396525,0.131667174641877,0.190490704053642,0.230460026797678,0.223876829883897,0.279263220439691,0.207079646017699,0.268156424581006,0.315338042381433
"3","BAPTIST HOSPITAL OF MIAMI","http://www.floridahealthfinder.gov/facilitylocator/FacilityProfilePage.aspx?id=9833",100008,12575,"1.9537349352665080891617816800",56019,"2.0655128053387195435585048000",4.45479125248509,719362825,"1.8225145533634239239190671600",57205.7912524851,1951,1941,4316,1222,1417,1728,"Miami-Dade",0,0.155149105367793,0.343220675944334,0.112683896620278,0.154353876739563,0.0971769383697813,0.13741550695825,0.247024563180552,0.186734738026219,0.137359441644048,0.251914341336794,0.108990367463432,0.141130349558968
"4","BAPTIST MEDICAL CENTER - BEACHES","http://www.floridahealthfinder.gov/facilitylocator/FacilityProfilePage.aspx?id=9923",100117,2647,"0.4112553776262780844541738500",7215,"0.2660289346564355219974403700",2.72572723838308,72376346,"0.1833663616190712018823659400",27342.7827729505,448,383,1017,228,291,280,"Duval",0,0.169248205515678,0.38420853796751,0.109935776350586,0.144692104268984,0.0861352474499433,0.105780128447299,0.0931974204285417,0.071218487394958,0.0501810657009829,0.102242391884677,0.0393782383419689,0.0449077786688051
"5","BAPTIST MEDICAL CENTER - NASSAU","http://www.floridahealthfinder.gov/facilitylocator/FacilityProfilePage.aspx?id=9942",100140,862,"0.1339260051053463199091416200",2087,"0.0769511277377658952749352800",2.42111368909513,23960555,"0.0607043604097344812298003100",27796.4675174014,134,80,271,89,160,128,"Nassau",0,0.155452436194896,0.314385150812065,0.185614849187935,0.0928074245939675,0.103248259860789,0.148491879350348,1,1,1,1,1,1
"6","BAPTIST MEDICAL CENTER JACKSONVILLE","http://www.floridahealthfinder.gov/facilitylocator/FacilityProfilePage.aspx?id=9903",100088,9574,"1.4874797829217931169490972400",35268,"1.3003892539796490630361368000",3.68372675997493,495481255,"1.2553078457401155764762293900",51752.7945477334,1117,829,3570,1291,1391,1376,"Duval",0,0.116670148318362,0.372884896594945,0.145289325255901,0.086588677668686,0.134844370169208,0.143722581992897,0.232369461202413,0.25,0.239868942921193,0.221302722904431,0.222970639032815,0.220689655172414
"7","BAPTIST MEDICAL CENTER SOUTH","http://www.floridahealthfinder.gov/facilitylocator/FacilityProfilePage.aspx?id=165667",23960052,6018,"0.9349961702134270918946800900",17692,"0.6523331825282962238639937700",2.93984712529079,163873413,"0.4151753047592289854267488300",27230.5438683948,1040,901,2520,587,474,496,"Duval",0,0.172814888667331,0.418743768693918,0.0787637088733799,0.149717514124294,0.0975407111997341,0.0824194084413426,0.216351154566258,0.176470588235294,0.0817382307294361,0.240523224773091,0.101381692573402,0.0795509222133119
"8","BAY MEDICAL CENTER SACRED HEART HEALTH SYSTEM","http://www.floridahealthfinder.gov/facilitylocator/FacilityProfilePage.aspx?id=9849",100026,1786,"0.2774847391161815862618641800",7960,"0.2934983118316322598890679600",4.4568868980963,121360301,"0.3074678133013972327488831400",67950.8964165733,48,60,381,374,432,491,"Bay",0,0.0268756998880179,0.213325867861142,0.241881298992161,0.0335946248600224,0.209406494960806,0.27491601343785,0.0808080808080808,0.293754818812645,0.59504132231405,0.130434782608696,0.535816618911175,0.623888182973316
"9","BAYCARE ALLIANT HOSPITAL","http://www.floridahealthfinder.gov/facilitylocator/FacilityProfilePage.aspx?id=242232",23960085,66,"0.0102541952864882333109087500",1978,"0.0729321181913277148317307100",29.969696969697,13812269,"0.0349935531732133447376929600",209276.803030303,0,0,0,0,0,0,"Pinellas",0,0,0,0,0,0,0,0,0,0,0,0,0
"10","BAYFRONT HEALTH BROOKSVILLE","http://www.floridahealthfinder.gov/facilitylocator/FacilityProfilePage.aspx?id=9886",100071,679,"0.1054939181746289457288946100",2059,"0.0759187216157450782803506200",3.03240058910162,64326930,"0.1629730673088232427277113700",94737.7466863034,0,0,155,166,189,139,"Hernando",0,0,0.228276877761414,0.278350515463918,0,0.244477172312224,0.204712812960236,0,0.0898030127462341,0.164921465968586,0,0.14954954954955,0.133397312859885
"11","BAYFRONT HEALTH PORT CHARLOTTE","http://www.floridahealthfinder.gov/facilitylocator/FacilityProfilePage.aspx?id=9892",100077,1799,"0.2795045048544292685806795400",6368,"0.2347986494653058079112543700",3.53974430239022,148166141,"0.37538073820842367459587000",82360.2784880489,234,115,561,216,342,331,"Charlotte",0,0.130072262367982,0.311839911061701,0.190105614230128,0.0639244024458032,0.120066703724291,0.183991106170095,0.835714285714286,0.564954682779456,0.395833333333333,1,0.36,0.361353711790393
"12","BAYFRONT HEALTH PUNTA GORDA","http://www.floridahealthfinder.gov/facilitylocator/FacilityProfilePage.aspx?id=9865",100047,743,"0.1154373802706175356061394700",3003,"0.1107255565867326226692049100",4.04172274562584,46403951,"0.1175649798570884017502129300",62454.8465679677,46,0,176,152,172,171,"Charlotte",0,0.0619111709286676,0.236877523553163,0.231493943472409,0,0.204576043068641,0.230148048452221,0.164285714285714,0.177240684793555,0.199074074074074,0,0.253333333333333,0.186681222707424
"13","BAYFRONT HEALTH SEVEN RIVERS","http://www.floridahealthfinder.gov/facilitylocator/FacilityProfilePage.aspx?id=10028",100249,592,"0.0919770243878944563645148900",1875,"0.0691343385281797094587942800",3.16722972972973,45246711,"0.1146330981022391868193244800",76430.2550675676,43,0,157,72,154,147,"Citrus",0,0.0726351351351351,0.265202702702703,0.260135135135135,0,0.121621621621622,0.248310810810811,0.338582677165354,0.356009070294785,0.364928909952607,0,0.349514563106796,0.37984496124031
"14","BAYFRONT HEALTH SPRING HILL","http://www.floridahealthfinder.gov/facilitylocator/FacilityProfilePage.aspx?id=10138",111525,1065,"0.1654654239410601284260276300",3126,"0.1152607691941812116097018200",2.93521126760563,74466504,"0.1886618025863313427187663100",69921.6,154,113,386,158,144,110,"Hernando",0,0.144600938967136,0.362441314553991,0.135211267605634,0.106103286384977,0.148356807511737,0.103286384976526,0.278481012658228,0.223638470451912,0.12565445026178,0.270334928229665,0.142342342342342,0.105566218809981
"15","BAYFRONT HEALTH ST PETERSBURG","http://www.floridahealthfinder.gov/facilitylocator/FacilityProfilePage.aspx?id=9854",100032,5293,"0.8223553886573063471915157400",15950,"0.5881027730797153951294766300",3.01341394294351,312604756,"0.7919879891772585204987240700",59060.0332514642,940,820,2108,473,516,435,"Pinellas",0,0.177593047421122,0.398261855280559,0.097487247307765,0.154921594558851,0.0893633100321179,0.0821840166257321,0.311774461028192,0.227891891891892,0.0984357115604731,0.313455657492355,0.107110507246377,0.0846632931101596
"16","BETHESDA HOSPITAL EAST","http://www.floridahealthfinder.gov/facilitylocator/FacilityProfilePage.aspx?id=9828",100002,3100,"0.4816364452744473221790475700",12985,"0.4787783390871538812386366200",4.18870967741935,190574194,"0.4828220613992730349684021400",61475.5464516129,370,323,1018,410,395,584,"Palm Beach",0,0.119354838709677,0.328387096774194,0.12741935483871,0.104193548387097,0.132258064516129,0.188387096774194,0.0539044289044289,0.0641381048387097,0.0573045118235892,0.0496083550913838,0.0614324243332334,0.0736443883984868
"17","BETHESDA HOSPITAL WEST","http://www.floridahealthfinder.gov/facilitylocator/FacilityProfilePage.aspx?id=273216",23960098,878,"0.1364118706293434673784528300",3317,"0.1223032538122517846799043300",3.77790432801822,50909942,"0.1289809634045070606590382600",57983.9886104784,0,0,261,177,215,194,"Palm Beach",0,0,0.297266514806378,0.244874715261959,0,0.201594533029613,0.220956719817768,0,0.0164440524193548,0.0311910633976498,0,0.0265208270902008,0.0244640605296343
"18","BLAKE MEDICAL CENTER","http://www.floridahealthfinder.gov/facilitylocator/FacilityProfilePage.aspx?id=9997",100213,2186,"0.3396313772161102729946445100",10603,"0.3909500754209543783421843700",4.85041171088747,239104043,"0.6057730299526305220623172500",109379.708600183,58,75,451,470,586,546,"Manatee",0,0.0265324794144556,0.206312900274474,0.268069533394328,0.0343092406221409,0.215004574565416,0.249771271729186,0.0523938572719061,0.206124314442413,0.390146471371505,0.0936329588014981,0.38971807628524,0.366689053055742
"19","BOCA RATON REGIONAL HOSPITAL","http://www.floridahealthfinder.gov/facilitylocator/FacilityProfilePage.aspx?id=9965",100168,8111,"1.2601784540713039452239531800",26475,"0.9761768600178974975581751600",3.26408580939465,228671871,"0.5793429940480222781163799200",28192.8086549131,1357,1085,2966,612,949,1142,"Palm Beach",0,0.167303661693996,0.365676242140303,0.117001602761682,0.13376895573912,0.0754530883984712,0.140796449266428,0.197698135198135,0.186869959677419,0.137675903090091,0.166641068960221,0.0916991309559485,0.144010088272383
"20","BRANDON REGIONAL HOSPITAL","http://www.floridahealthfinder.gov/facilitylocator/FacilityProfilePage.aspx?id=10024",100243,6552,"1.0179619320768318886829418400",19497,"0.7188865057514238908363263900",2.9757326007326,458096005,"1.1605918556468967001022726100",69916.9726800977,977,702,2287,1003,783,800,"Hillsborough",0,0.149114774114774,0.349053724053724,0.119505494505495,0.107142857142857,0.153083028083028,0.122100122100122,0.134461877236444,0.132364857043639,0.114256529986867,0.108016617941222,0.130429128738622,0.107324926214113
"22","BROWARD HEALTH CORAL SPRINGS","http://www.floridahealthfinder.gov/facilitylocator/FacilityProfilePage.aspx?id=10086",110019,4256,"0.6612402293832412268367827300",14828,"0.5467327849044526569893341400",3.48402255639098,101033975,"0.2559708167038744859294625500",23739.1858552632,668,538,1802,432,458,358,"Broward",0,0.156954887218045,0.423402255639098,0.107612781954887,0.12640977443609,0.101503759398496,0.0841165413533835,0.0774762236140107,0.0845691758963769,0.0537054409005629,0.0681530276159108,0.0463419866981334,0.0366653011061041
"23","BROWARD HEALTH IMPERIAL POINT","http://www.floridahealthfinder.gov/facilitylocator/FacilityProfilePage.aspx?id=9987",100200,1652,"0.2566656153527054762063827700",8016,"0.2955631240756738938782372800",4.85230024213075,45168926,"0.1144360288492744204930661700",27341.9648910412,117,168,395,441,234,297,"Broward",0,0.0708232445520581,0.23910411622276,0.141646489104116,0.101694915254237,0.266949152542373,0.179782082324455,0.0135699373695198,0.0185376384456542,0.0274390243902439,0.0212819863187231,0.0473074447543446,0.0304178615321589
"24","BROWARD HEALTH MEDICAL CENTER","http://www.floridahealthfinder.gov/facilitylocator/FacilityProfilePage.aspx?id=9858",100039,5276,"0.8197141565380593780053725800",28534,"1.0520955816336425758385257800",5.40826383623958,285739193,"0.7239237553161301986067012100",54158.3004169826,635,680,1572,863,647,879,"Broward",0,0.12035633055345,0.297952994692949,0.122630780894617,0.128885519332828,0.163570887035633,0.166603487490523,0.073648805381582,0.0737751079406796,0.0758677298311445,0.0861413731948315,0.0925767002789101,0.090024580090127
"25","BROWARD HEALTH NORTH","http://www.floridahealthfinder.gov/facilitylocator/FacilityProfilePage.aspx?id=9901",100086,2198,"0.3414957763591081335966279200",11127,"0.4102708185616296678122687500",5.06232939035487,138319191,"0.3504333694293350871259310900",62929.5682438581,52,54,419,541,540,592,"Broward",0,0.0236578707916288,0.190627843494086,0.245677888989991,0.0245677888989991,0.246132848043676,0.26933575978162,0.00603108327534215,0.0196639759714661,0.0633208255159475,0.00684063845958956,0.0580347564900236,0.0606308889799263
"26","CALHOUN-LIBERTY HOSPITAL","http://www.floridahealthfinder.gov/facilitylocator/FacilityProfilePage.aspx?id=9919",100112,52,"0.0080790629529907292752614400",186,"0.0068581263819954271783123900",3.57692307692308,628618,"0.0015926114245703603327099300",12088.8076923077,0,0,0,0,0,0,"Calhoun",0,0,0,0,0,0,0,NA,NA,NA,NA,NA,NA
"27","CAPE CANAVERAL HOSPITAL","http://www.floridahealthfinder.gov/facilitylocator/FacilityProfilePage.aspx?id=9973",100177,1865,"0.2897587001409175018915883000",5987,"0.2207505518763796909492273700",3.21018766756032,64785665,"0.1641352780661516746962927500",34737.6219839142,216,135,509,247,320,438,"Brevard",0,0.115817694369973,0.272922252010724,0.171581769436997,0.0723860589812333,0.132439678284182,0.23485254691689,0.130988477865373,0.111500547645126,0.100219229564673,0.1036866359447,0.118635926993276,0.128558849427649
"28","CAPE CORAL HOSPITAL","http://www.floridahealthfinder.gov/facilitylocator/FacilityProfilePage.aspx?id=10025",100244,3478,"0.5403650182788799311415249900",10759,"0.3967020523864989301691560600",3.09344450833813,112237325,"0.2843546415441755056798766500",32270.6512363427,442,333,1173,435,523,572,"Lee",0,0.12708453133985,0.337262794709603,0.150373778033353,0.0957446808510638,0.125071880391029,0.164462334675101,0.181370537546163,0.216820702402957,0.178986995208761,0.157298063297119,0.179307502061006,0.176543209876543
"29","CAPITAL REGIONAL MEDICAL CENTER","http://www.floridahealthfinder.gov/facilitylocator/FacilityProfilePage.aspx?id=10032",100254,3545,"0.5507745801606179861692656900",10418,"0.38412882068617398034225000",2.93878702397743,213258020,"0.5402918132049263547023171600",60157.4104372355,384,266,1164,637,567,527,"Leon",0,0.108321579689704,0.328349788434415,0.159943582510578,0.0750352609308886,0.179689703808181,0.148660084626234,0.190004948045522,0.269631688672689,0.322342239909039,0.174426229508197,0.397627965043695,0.293429844097996
"30","CENTRAL FLORIDA REGIONAL HOSPITAL","http://www.floridahealthfinder.gov/facilitylocator/FacilityProfilePage.aspx?id=9959",100161,2499,"0.3882611215293044703630451200",10009,"0.3690483169752270463856383500",4.00520208083233,226704542,"0.5743587418610206611996039200",90718.1040416167,182,169,679,518,405,546,"Seminole",0,0.0728291316526611,0.271708683473389,0.162064825930372,0.0676270508203281,0.207282913165266,0.218487394957983,0.126301179736294,0.168821481849826,0.239644970414201,0.145189003436426,0.243306716768436,0.301657458563536
"31","CIRCLES OF CARE, INC.","http://www.floridahealthfinder.gov/facilitylocator/FacilityProfilePage.aspx?id=10065",104024,755,"0.1173017794136153962081228800",4993,"0.1841001345446406876414719000",6.61324503311258,5077517,"0.0128639516887047814180636500",6725.1880794702,74,60,163,187,126,145,"Brevard",0,0.0980132450331126,0.215894039735099,0.166887417218543,0.0794701986754967,0.247682119205298,0.19205298013245,0.0448756822316555,0.0357064622124863,0.0394613216410899,0.0460829493087558,0.0898174831892411,0.0425594364543587
"32","CITRUS MEMORIAL HOSPITAL","http://www.floridahealthfinder.gov/facilitylocator/FacilityProfilePage.aspx?id=9846",100023,1063,"0.1651546907505604849923637300",3489,"0.1286451771332368033609243900",3.28222013170273,97141082,"0.2461081244703877201246587400",91383.896519285,84,53,284,134,268,240,"Citrus",0,0.0790216368767639,0.267168391345249,0.25211665098777,0.0498588899341486,0.126058325493885,0.225776105362183,0.661417322834646,0.643990929705215,0.635071090047393,1,0.650485436893204,0.62015503875969
"33","CLEVELAND CLINIC HOSPITAL","http://www.floridahealthfinder.gov/facilitylocator/FacilityProfilePage.aspx?id=9874",100056,4416,"0.6860988846232127015298948600",18058,"0.6658282054089969031503504100",4.08922101449275,244814957,"0.6202417007211080629681102800",55438.1696105072,104,85,1077,923,984,1243,"Broward",0,0.0235507246376812,0.243885869565217,0.222826086956522,0.0192481884057971,0.20901268115942,0.281476449275362,0.0120621665506843,0.0505443964708091,0.115384615384615,0.0107676716493539,0.0990130873203175,0.127304383449406
"34","CORAL GABLES HOSPITAL","http://www.floridahealthfinder.gov/facilitylocator/FacilityProfilePage.aspx?id=9977",100183,1168,"0.1814681832517917652597185700",3955,"0.1458273647354404004850833900",3.3861301369863,79440557,"0.2012636269601457650292900800",68014.1755136986,0,0,296,260,316,244,"Miami-Dade",0,0,0.253424657534247,0.270547945205479,0,0.222602739726027,0.208904109589041,0,0.0128066456106953,0.0306320279177976,0,0.0231894398858366,0.0199281280627246
"36","DELRAY MEDICAL CENTER","http://www.floridahealthfinder.gov/facilitylocator/FacilityProfilePage.aspx?id=10035",100258,3101,"0.4817918118696971438958795200",15546,"0.5732066276048436070647550900",5.01322154143825,372001857,"0.9424712741594887052665248600",119961.901644631,144,195,586,704,686,786,"Palm Beach",0,0.0464366333440826,0.18897129958078,0.221218961625282,0.0628829409867785,0.227023540793292,0.253466623669784,0.020979020979021,0.0369203629032258,0.0995212534455244,0.0299493165412379,0.105483967635601,0.0991172761664565
"37","DEPOO HOSPITAL","http://www.floridahealthfinder.gov/facilitylocator/FacilityProfilePage.aspx?id=9950",100150,114,"0.0177117918584796757188423900",974,"0.035912984387438419740195000",8.54385964912281,3893224,"0.0098635308260525733210857600",34151.0877192982,0,0,0,47,0,0,"Monroe",0,0,0,0,0,0.412280701754386,0,0,0,0,0,0.358778625954198,0
"38","DESOTO MEMORIAL HOSPITAL","http://www.floridahealthfinder.gov/facilitylocator/FacilityProfilePage.aspx?id=9971",100175,101,"0.0156920261202319934000270300",236,"0.0087017087427468860972135700",2.33663366336634,2599439,"0.0065857106364656323759408300",25737.0198019802,0,0,0,0,0,0,"De Soto",0,0,0,0,0,0,0,NA,NA,NA,NA,NA,NA
"39","DOCTORS HOSPITAL","http://www.floridahealthfinder.gov/facilitylocator/FacilityProfilePage.aspx?id=9843",100020,1465,"0.2276120620409888151588079700",5272,"0.1943873241176338284089404900",3.59863481228669,98785549,"0.2502744018145441819906099300",67430.4088737201,0,35,304,296,425,377,"Miami-Dade",0,0,0.207508532423208,0.290102389078498,0.0238907849829352,0.202047781569966,0.257337883959044,0,0.0131527711677411,0.0411981388134936,0.0045425048669695,0.0264002854084909,0.0307905913100294
"40","DOCTORS HOSPITAL OF SARASOTA","http://www.floridahealthfinder.gov/facilitylocator/FacilityProfilePage.aspx?id=9963",100166,1198,"0.1861291811092864167646770900",4177,"0.1540128704171768780850046300",3.48664440734558,106181182,"0.2690113288636098589175839400",88632.0383973289,0,0,263,195,385,338,"Sarasota",0,0,0.219532554257095,0.321368948247078,0,0.162771285475793,0.282136894824708,0,0.0804773561811506,0.186802523047065,0,0.165816326530612,0.155117026158788
"41","DOCTORS MEMORIAL HOSPITAL","http://www.floridahealthfinder.gov/facilitylocator/FacilityProfilePage.aspx?id=9893",100078,58,"0.0090112625244896595762531500",189,"0.0069687413236405147134464600",3.25862068965517,590357,"0.0014956767110949483071398500",10178.5689655172,0,0,0,0,0,0,"Holmes",0,0,0,0,0,0,0,NA,NA,NA,NA,NA,NA
"42","DOCTORS' MEMORIAL HOSPITAL","http://www.floridahealthfinder.gov/facilitylocator/FacilityProfilePage.aspx?id=9914",100106,206,"0.0320055186214632736673818700",596,"0.0219755017401573903133020700",2.89320388349515,3024424,"0.0076624153542290985604865000",14681.6699029126,0,0,0,0,101,63,"Taylor",0,0,0,0.490291262135922,0,0,0.305825242718447,NA,NA,1,NA,NA,1
"44","ED FRASER MEMORIAL HOSPITAL","http://www.floridahealthfinder.gov/facilitylocator/FacilityProfilePage.aspx?id=9937",100134,66,"0.0102541952864882333109087500",200,"0.0073743294430058356756047200",3.03030303030303,1441996,"0.0036533145786228859471513500",21848.4242424242,0,0,0,0,0,0,"Baker",0,0,0,0,0,0,0,NA,NA,NA,NA,NA,NA
"46","ENGLEWOOD COMMUNITY HOSPITAL","http://www.floridahealthfinder.gov/facilitylocator/FacilityProfilePage.aspx?id=10072",110004,341,"0.0529800089801892054396952300",914,"0.0337006855545366690375135800",2.68035190615836,29680191,"0.0751951284723478927005817700",87038.6832844575,0,0,56,34,112,126,"Sarasota",0,0,0.164222873900293,0.328445747800586,0,0.0997067448680352,0.36950146627566,0,0.0171358629130967,0.054342552159146,0,0.0289115646258503,0.0578246902248738
"47","FAWCETT MEMORIAL HOSPITAL","http://www.floridahealthfinder.gov/facilitylocator/FacilityProfilePage.aspx?id=10017",100236,1269,"0.1971602093720237586597456000",5408,"0.1994018681388777966683517000",4.26162332545311,168104617,"0.4258951120668272516571202100",132470.147360126,0,0,256,232,350,414,"Charlotte",0,0,0.201733648542159,0.275807722616233,0,0.182821118991332,0.326241134751773,0,0.257804632426989,0.405092592592593,0,0.386666666666667,0.451965065502183
"48","FLAGLER HOSPITAL","http://www.floridahealthfinder.gov/facilitylocator/FacilityProfilePage.aspx?id=10001",100219,3184,"0.4946872392754323463929314400",10032,"0.3698963648611727174883328900",3.15075376884422,103620016,"0.2625225833427670394439364100",32543.9748743719,476,339,1022,393,415,539,"St Johns",0,0.149497487437186,0.320979899497487,0.130339195979899,0.106469849246231,0.123429648241206,0.16928391959799,1,1,1,1,1,1
"49","FLORIDA HOSPITAL ALTAMONTE","http://www.floridahealthfinder.gov/facilitylocator/FacilityProfilePage.aspx?id=10145",120004,6214,"0.9654480228823921483937424600",19331,"0.7127658123137290472255744700",3.11087866108787,284501931,"0.7207891368413382372470688800",45784.0249436756,840,607,2263,930,781,793,"Seminole",0,0.135178628902478,0.364177663340843,0.125683939491471,0.0976826520759575,0.149662053427744,0.127615062761506,0.58292852185982,0.562655395325709,0.462130177514793,0.521477663230241,0.436824800375763,0.438121546961326
"50","FLORIDA HOSPITAL AT CONNERTON LONG TERM ACUTE CARE","http://www.floridahealthfinder.gov/facilitylocator/FacilityProfilePage.aspx?id=234469",23960082,107,"0.0166242256917309237010187400",2549,"0.0939858287511093756855821900",23.8224299065421,16527463,"0.0418725305240446842049242600",154462.271028037,0,0,0,0,36,31,"Pasco",0,0,0,0.336448598130841,0,0,0.289719626168224,0,0,0.0190677966101695,0,0,0.0150998538723819
"51","FLORIDA HOSPITAL CARROLLWOOD","http://www.floridahealthfinder.gov/facilitylocator/FacilityProfilePage.aspx?id=9884",100069,1109,"0.1723015541320522839666334700",3448,"0.1271334395974206070474254200",3.10910730387737,98376110,"0.2492370830787385516009863100",88707.042380523,0,0,260,280,248,288,"Hillsborough",0,0,0.234445446348061,0.223624887285843,0,0.252479711451758,0.259693417493237,0,0.0150480379673573,0.036188530570553,0,0.0364109232769831,0.0386369734370808
"52","FLORIDA HOSPITAL CELEBRATION HEALTH","http://www.floridahealthfinder.gov/facilitylocator/FacilityProfilePage.aspx?id=10159",23960017,7386,"1.1475376725151832005207888300",21360,"0.7875783845130232501545843800",2.89195775792039,357227462,"0.9050401629470907006790202900",48365.483617655,975,762,2722,1040,847,1040,"Osceola",0,0.132006498781478,0.368535066341728,0.114676414838884,0.103168155970755,0.140806932033577,0.140806932033577,0.674740484429066,0.510502625656414,0.369868995633188,0.626644736842105,0.341767992113046,0.423970648185895
"53","FLORIDA HOSPITAL DADE CITY","http://www.floridahealthfinder.gov/facilitylocator/FacilityProfilePage.aspx?id=9995",100211,244,"0.037909449240956498906996000",760,"0.0280224518834221755672979500",3.11475409836066,19281821,"0.0488507303499433516711474100",79023.856557377,0,0,64,57,59,53,"Pasco",0,0,0.262295081967213,0.241803278688525,0,0.233606557377049,0.217213114754098,0,0.0225193525686137,0.03125,0,0.0262672811059908,0.025815879201169
"54","FLORIDA HOSPITAL DELAND","http://www.floridahealthfinder.gov/facilitylocator/FacilityProfilePage.aspx?id=9863",100045,1245,"0.1934314110860280374557787800",4216,"0.1554508646585630160417475500",3.3863453815261,43672732,"0.1106454029719154748255246700",35078.4995983936,70,46,331,238,270,290,"Volusia",0,0.0562248995983936,0.265863453815261,0.216867469879518,0.0369477911646586,0.191164658634538,0.232931726907631,0.0678952473326867,0.100030220610456,0.12881679389313,0.0522133938706016,0.142259414225941,0.124090714591356
"55","FLORIDA HOSPITAL FISH MEMORIAL","http://www.floridahealthfinder.gov/facilitylocator/FacilityProfilePage.aspx?id=9887",100072,1440,"0.2237278971597432722380091900",5364,"0.1977795156614165128197186600",3.725,56961929,"0.1443137468080228704495249700",39556.8951388889,0,33,354,289,358,380,"Volusia",0,0,0.245833333333333,0.248611111111111,0.0229166666666667,0.200694444444444,0.263888888888889,0,0.106980961015413,0.170801526717557,0.0374574347332577,0.172743574417215,0.16260162601626
"56","FLORIDA HOSPITAL FLAGLER","http://www.floridahealthfinder.gov/facilitylocator/FacilityProfilePage.aspx?id=9924",100118,1161,"0.1803806170850430132418949100",3948,"0.1455692632049351962364372300",3.40051679586563,51438688,"0.1303205478903090576500233100",44305.5021533161,0,0,299,216,323,285,"Flagler",0,0,0.257536606373816,0.278208440999139,0,0.186046511627907,0.245478036175711,NA,1,1,NA,1,1
"57","FLORIDA HOSPITAL HEARTLAND MEDICAL CENTER","http://www.floridahealthfinder.gov/facilitylocator/FacilityProfilePage.aspx?id=9917",100109,1139,"0.1769625519895469354715919900",3702,"0.1364988379900380183554434200",3.25021949078139,43089502,"0.1091677826028643638855795600",37830.9938542581,156,105,343,152,186,197,"Highlands",0,0.136962247585601,0.301141352063213,0.163301141352063,0.0921861281826163,0.133450395083407,0.172958735733099,0.816753926701571,0.732905982905983,0.704545454545455,1,0.710280373831776,0.72962962962963
"58","FLORIDA HOSPITAL HEARTLAND MEDICAL CENTER LAKE PLACID","http://www.floridahealthfinder.gov/facilitylocator/FacilityProfilePage.aspx?id=10154",120013,78,"0.0121185944294860939128921600",300,"0.0110614941645087535134070800",3.84615384615385,2435593,"0.0061706047828786284099818600",31225.5512820513,0,0,0,0,0,0,"Highlands",0,0,0,0,0,0,0,0,0,0,0,0,0
"59","FLORIDA HOSPITAL KISSIMMEE","http://www.floridahealthfinder.gov/facilitylocator/FacilityProfilePage.aspx?id=9904",100089,1891,"0.2937982316174128665292190200",7435,"0.2741406970437419412406055700",3.93178212585933,99301054,"0.2515804400642015949239233800",52512.4558434691,66,58,583,516,335,333,"Osceola",0,0.0349021681649921,0.30830248545743,0.177154944473823,0.0306716023268112,0.272871496562665,0.176097303014278,0.0456747404844291,0.10933983495874,0.146288209606987,0.0476973684210526,0.169569503779165,0.135752140236445
"60","FLORIDA HOSPITAL MEMORIAL MEDICAL CENTER","http://www.floridahealthfinder.gov/facilitylocator/FacilityProfilePage.aspx?id=9966",100169,3520,"0.5468904152793724432484669200",13530,"0.4988733868193447834546594900",3.84375,136275653,"0.3452560408047273523592120500",38714.6741477273,432,352,1155,393,537,651,"Volusia",0,0.122727272727273,0.328125,0.152556818181818,0.1,0.111647727272727,0.184943181818182,0.419010669253152,0.349048050770626,0.256202290076336,0.399545970488082,0.234907352062164,0.278562259306804
"61","FLORIDA HOSPITAL NEW SMYRNA","http://www.floridahealthfinder.gov/facilitylocator/FacilityProfilePage.aspx?id=9837",100014,753,"0.1169910462231157527744589700",3012,"0.1110574014116678852746071200",4,26505809,"0.0671527926831237381684678000",35200.2775564409,0,0,147,154,213,217,"Volusia",0,0,0.195219123505976,0.282868525896414,0,0.204515272244356,0.288180610889774,0,0.0444242973708069,0.10162213740458,0,0.0920502092050209,0.0928540864356012
"62","FLORIDA HOSPITAL NORTH PINELLAS","http://www.floridahealthfinder.gov/facilitylocator/FacilityProfilePage.aspx?id=9873",100055,743,"0.1154373802706175356061394700",2346,"0.0865008843664584524748434000",3.15746971736205,33911084,"0.0859141478576260195425432200",45640.7590847914,0,0,191,139,181,183,"Pinellas",0,0,0.257065948855989,0.243606998654105,0,0.187079407806191,0.246298788694482,0,0.0206486486486486,0.0345288057993132,0,0.0314764492753623,0.035616971584274
"63","FLORIDA HOSPITAL TAMPA","http://www.floridahealthfinder.gov/facilitylocator/FacilityProfilePage.aspx?id=9969",100173,5927,"0.9208578100456933156629725700",25302,"0.9329264178346682713207534600",4.26893875485068,368845148,"0.9344737131328491919285223900",62231.3392947528,813,724,2044,784,742,820,"Hillsborough",0,0.137168888139025,0.344862493673022,0.125189809347056,0.122152859794162,0.132276024970474,0.138349924076261,0.111890999174236,0.118300729251071,0.108273748723187,0.111401754116018,0.101950585175553,0.110008049369466
"64","FLORIDA HOSPITAL WATERMAN","http://www.floridahealthfinder.gov/facilitylocator/FacilityProfilePage.aspx?id=9875",100057,2524,"0.3921452864105500132838438900",8650,"0.3189397484100023929699042600",3.42709984152139,108735268,"0.2754821371174861611245359800",43080.5340729002,220,139,682,425,555,503,"Lake",0,0.0871632329635499,0.270206022187005,0.219889064976228,0.0550713153724247,0.16838351822504,0.199286846275753,0.322108345534407,0.305966801256169,0.394456289978678,0.274161735700197,0.330739299610895,0.340555179417739
"65","FLORIDA HOSPITAL WESLEY CHAPEL","http://www.floridahealthfinder.gov/facilitylocator/FacilityProfilePage.aspx?id=286617",23960099,2694,"0.4185576076030197051452755300",6589,"0.2429472834998272563327975900",2.44580549368968,139323382,"0.3529774996627212369225712100",51716.1774313289,218,167,864,577,416,452,"Pasco",0,0.080920564216778,0.320712694877506,0.15441722345954,0.0619896065330364,0.214179658500371,0.167780252412769,0.241685144124169,0.304011259676284,0.220338983050847,0.225675675675676,0.265898617511521,0.220165611300536
"66","FLORIDA HOSPITAL ZEPHYRHILLS","http://www.floridahealthfinder.gov/facilitylocator/FacilityProfilePage.aspx?id=9864",100046,1087,"0.1688834890365562061963305500",3533,"0.1302675296106980872095574300",3.25022999080037,60349104,"0.1528951962765699216951888900",55518.9549218031,87,41,255,212,232,260,"Pasco",0,0.0800367985280589,0.234590616375345,0.21343146274149,0.0377184912603496,0.195032198712052,0.239190432382705,0.0964523281596452,0.08972554539057,0.122881355932203,0.0554054054054054,0.0976958525345622,0.126643935703848
"67","FLORIDA MEDICAL CENTER - A CAMPUS OF NORTH SHORE","http://www.floridahealthfinder.gov/facilitylocator/FacilityProfilePage.aspx?id=9994",100210,1397,"0.2170471335640009384142353100",4963,"0.1829939851281898122901311900",3.55261274158912,139690115,"0.3539066222229517138670680400",99992.924123121,57,76,334,286,270,374,"Broward",0,0.0408017179670723,0.239083750894775,0.1932712956335,0.0544022906227631,0.204724409448819,0.267716535433071,0.00661099512874043,0.0156748639008823,0.0316604127579737,0.00962756523942235,0.0306801115640421,0.0383039737812372
"68","FORT LAUDERDALE HOSPITAL","http://www.floridahealthfinder.gov/facilitylocator/FacilityProfilePage.aspx?id=10066",104026,1389,"0.2158042008020023646795797000",7466,"0.2752837181074078457703243000",5.37508999280058,16416880,"0.0415923671352087549813384600",11819.2080633549,307,301,237,376,65,103,"Broward",0,0.221022318214543,0.170626349892009,0.046796256299496,0.216702663786897,0.270698344132469,0.074154067674586,0.0356065877986546,0.0111225830673925,0.00762195121951219,0.0381302254877122,0.0403346921261532,0.0105489553461696
"69","FORT WALTON BEACH MEDICAL CENTER","http://www.floridahealthfinder.gov/facilitylocator/FacilityProfilePage.aspx?id=10005",100223,2305,"0.3581200020508390572976466600",8949,"0.3299643709272961173049333200",3.8824295010846,249355647,"0.6317455946112486403284987200",108180.324078091,247,232,620,468,365,373,"Okaloosa",0,0.107158351409978,0.268980477223427,0.158351409978308,0.100650759219089,0.203036876355748,0.161822125813449,0.711815561959654,0.662393162393162,0.634782608695652,0.840579710144927,0.724458204334365,0.664884135472371
"70","GOOD SAMARITAN MEDICAL CENTER","http://www.floridahealthfinder.gov/facilitylocator/FacilityProfilePage.aspx?id=10124",110403,2408,"0.3741227613615706941313376000",9459,"0.3487689110069609982777253600",3.9281561461794,219911909,"0.5571495227188490396140679400",91325.5436046512,200,170,849,349,417,423,"Palm Beach",0,0.0830564784053156,0.352574750830565,0.173172757475083,0.0705980066445183,0.144933554817276,0.175664451827243,0.0291375291375291,0.0534904233870968,0.0604961555200928,0.0261096605744125,0.0522924782738987,0.0533417402269861
"71","GULF BREEZE HOSPITAL","http://www.floridahealthfinder.gov/facilitylocator/FacilityProfilePage.aspx?id=10071",110003,724,"0.1124854149608709229863324000",2265,"0.0835142809420410890262234800",3.12845303867403,32645334,"0.0827073546849043768420039400",45090.2403314917,0,0,162,150,190,189,"Santa Rosa",0,0,0.223756906077348,0.262430939226519,0,0.207182320441989,0.261049723756906,0,0.36734693877551,0.605095541401274,0,0.551470588235294,0.679856115107914
"72","GULF COAST MEDICAL CENTER LEE MEMORIAL HEALTH SYSTEM","http://www.floridahealthfinder.gov/facilitylocator/FacilityProfilePage.aspx?id=10002",100220,3973,"0.6172714829275416809733406500",15131,"0.5579048940106064980378752900",3.80845708532595,239409755,"0.6065475550598152574628839200",60259.1882708281,168,100,953,772,931,1049,"Lee",0,0.0422854266297508,0.239869116536622,0.234331739239869,0.0251698968034231,0.194311603322426,0.264032217467908,0.0689372178908494,0.176155268022181,0.318617385352498,0.0472366556447803,0.318219291014015,0.323765432098765
"73","GULF COAST REGIONAL MEDICAL CENTER","http://www.floridahealthfinder.gov/facilitylocator/FacilityProfilePage.aspx?id=10023",100242,2776,"0.4312976684135050859254955000",8419,"0.3104223979033306527645808000",3.03278097982709,176425822,"0.4469769871470699511222127500",63553.9704610951,546,400,916,324,294,296,"Bay",0,0.196685878962536,0.329971181556196,0.105907780979827,0.144092219020173,0.11671469740634,0.106628242074928,0.919191919191919,0.706245181187355,0.40495867768595,0.869565217391304,0.464183381088825,0.376111817026684
"74","H LEE MOFFITT CANCER CENTER & RESEARCH INSTITUTE HOSPITAL","http://www.floridahealthfinder.gov/facilitylocator/FacilityProfilePage.aspx?id=10076",110009,3828,"0.5947433266163175320327077800",25243,"0.9307509906489815497964500700",6.59430512016719,341093640,"0.8641649267317983926576101300",89104.921630094,60,102,843,846,883,1094,"Hillsborough",0,0.0156739811912226,0.220219435736677,0.230668756530825,0.0266457680250784,0.221003134796238,0.285788923719958,0.00825763831544178,0.0487903692557009,0.128848679410477,0.0156947222649638,0.11001300390117,0.1467668365978
"75","HALIFAX HEALTH MEDICAL CENTER","http://www.floridahealthfinder.gov/facilitylocator/FacilityProfilePage.aspx?id=9840",100017,4187,"0.6505199343110035283753781200",19153,"0.7062026591094538534742862700",4.57439694291856,169551288,"0.4295602708153750624943565100",40494.6950083592,529,450,1262,547,661,738,"Volusia",0,0.126343443993313,0.30140912347743,0.157869596369716,0.107475519465011,0.130642464771913,0.176259851922618,0.513094083414161,0.3813841039589,0.315362595419847,0.510783200908059,0.326957561267185,0.315789473684211
"76","HALIFAX HEALTH MEDICAL CENTER- PORT ORANGE","http://www.floridahealthfinder.gov/facilitylocator/FacilityProfilePage.aspx?id=165514",23960051,239,"0.0371326162647073903228362500",647,"0.0238559557481238784105812800",2.7071129707113,5809339,"0.0147180317149718151959771800",24306.8577405858,0,0,60,52,57,61,"Volusia",0,0,0.251046025104602,0.238493723849372,0,0.217573221757322,0.255230125523013,0,0.0181323662737987,0.0271946564885496,0,0.0310818888224746,0.0261018399657681
"78","HEALTHMARK REGIONAL MEDICAL CENTER","http://www.floridahealthfinder.gov/facilitylocator/FacilityProfilePage.aspx?id=9896",100081,49,"0.0076129631672412641247655900",200,"0.0073743294430058356756047200",4.08163265306122,575645,"0.0014584036783814734444810800",11747.8571428571,0,0,0,0,0,0,"Walton",0,0,0,0,0,0,0,0,0,0,0,0,0
"79","HEALTHPARK MEDICAL CENTER","http://www.floridahealthfinder.gov/facilitylocator/FacilityProfilePage.aspx?id=10146",120005,7426,"1.1537523363251760691940668600",26987,"0.9950551433919924368877232500",3.63412335039052,267197097,"0.6769471273400296414420965000",35981.2950444385,1704,1533,2421,415,580,773,"Lee",0,0.229464045246431,0.3260166980878,0.0781039590627525,0.206436843522758,0.0558847293293833,0.104093724750875,0.699220352892901,0.447504621072089,0.198494182067077,0.724137931034483,0.171063478977741,0.23858024691358
"88","HEALTHSOUTH RIDGELAKE HOSPITAL","http://www.floridahealthfinder.gov/facilitylocator/FacilityProfilePage.aspx?id=165500",23960049,157,"0.0243925554542220095426162800",4724,"0.1741816614437978386577835500",30.0891719745223,25851626,"0.0654954120170280933833468200",164660.03821656,0,0,0,0,41,77,"Sarasota",0,0,0,0.261146496815287,0,0,0.490445859872611,0,0,0.019893255701116,0,0,0.0353373106929784
"92","HENDRY REGIONAL MEDICAL CENTER","http://www.floridahealthfinder.gov/facilitylocator/FacilityProfilePage.aspx?id=9908",100098,75,"0.0116524946437366287623963100",192,"0.0070793562652856022485805300",2.56,1149058,"0.0029111525573463838184446000",15320.7733333333,0,0,0,0,0,0,"Hendry",0,0,0,0,0,0,0,NA,NA,NA,NA,NA,NA
"93","HIALEAH HOSPITAL","http://www.floridahealthfinder.gov/facilitylocator/FacilityProfilePage.aspx?id=9871",100053,2019,"0.3136851558093900462837087200",5348,"0.1971895693059760459656702800",2.64883605745419,98273082,"0.2489760603752037576810564900",48674.1367013373,169,131,690,340,369,320,"Miami-Dade",0,0.0837048043585934,0.341753343239227,0.182763744427935,0.0648836057454185,0.16840019811788,0.158494304110946,0.0213978222334768,0.0298533292952018,0.0357696781698333,0.0170019467878001,0.0303246521584017,0.0261352499183273
"94","HIGHLANDS REGIONAL MEDICAL CENTER","http://www.floridahealthfinder.gov/facilitylocator/FacilityProfilePage.aspx?id=9867",100049,397,"0.0616805383141792215822844800",1179,"0.0434716720665194013076898400",2.96977329974811,22340986,"0.0566011624544102717517282700",56274.523929471,35,0,125,62,78,73,"Highlands",0,0.0881612090680101,0.314861460957179,0.19647355163728,0,0.156171284634761,0.183879093198992,0.183246073298429,0.267094017094017,0.295454545454545,0,0.289719626168224,0.27037037037037
"95","HOLLYWOOD PAVILION","http://www.floridahealthfinder.gov/facilitylocator/FacilityProfilePage.aspx?id=10059",104015,774,"0.1202537447233620088279299400",5510,"0.2031627761548107728629101100",7.11886304909561,7696554,"0.0194993140989006122957980100",9943.86821705426,178,166,137,165,59,69,"Broward",0,0.229974160206718,0.177002583979328,0.0762273901808786,0.214470284237726,0.213178294573643,0.0891472868217054,0.0206448619809789,0.00642951004317627,0.00691838649155722,0.0210286293387383,0.0177000643638704,0.00706677591151168
"96","HOLMES REGIONAL MEDICAL CENTER","http://www.floridahealthfinder.gov/facilitylocator/FacilityProfilePage.aspx?id=9842",100019,8079,"1.2552067230233096502853307500",29150,"1.0748085163181005497193883300",3.60811981680901,398528096,"1.0096758264985624360562622800",49328.8892189627,1055,898,2463,872,1342,1449,"Brevard",0,0.130585468498577,0.304864463423691,0.166109667038,0.111152370342864,0.107934150266122,0.179353880430746,0.639781685870224,0.539539978094195,0.420294393986846,0.689708141321045,0.418828049951969,0.425300851188729
"97","HOLY CROSS HOSPITAL","http://www.floridahealthfinder.gov/facilitylocator/FacilityProfilePage.aspx?id=9888",100073,4299,"0.6679209929789835606605566200",15857,"0.5846737098887176815403204400",3.6885322167946,188867948,"0.4784992661997600095121711800",43932.9955803675,304,310,1051,669,803,1162,"Broward",0,0.070714119562689,0.244475459409165,0.186787625029077,0.0721097929751105,0.155617585484997,0.270295417538963,0.0352586406866156,0.0493241974845129,0.0941604127579737,0.0392703318976438,0.0717657155116928,0.119008603031544
"98","HOMESTEAD HOSPITAL","http://www.floridahealthfinder.gov/facilitylocator/FacilityProfilePage.aspx?id=9929",100125,1576,"0.2448577541137190257271545100",4868,"0.1794911786427620403442189500",3.08883248730964,62728602,"0.1589236836879108684561194100",39802.4124365482,156,125,487,279,259,270,"Miami-Dade",0,0.0989847715736041,0.309010152284264,0.164340101522843,0.0793147208121827,0.177030456852792,0.171319796954315,0.0197518359078248,0.0210703932851642,0.025106630476929,0.0162232316677482,0.0248840528005708,0.0220516171185887
"99","INDIAN RIVER MEDICAL CENTER","http://www.floridahealthfinder.gov/facilitylocator/FacilityProfilePage.aspx?id=9913",100105,2611,"0.4056621801972845026482236200",7871,"0.2902167352294946630134238600",3.01455381080046,75182405,"0.1904755465635342633041573900",28794.4867866718,375,282,651,282,476,545,"Indian River",0,0.143623132899272,0.249329758713137,0.18230563002681,0.108004595940253,0.108004595940253,0.208732286480276,1,0.775923718712753,0.662952646239554,1,0.699751861042184,0.738482384823848
"100","JACKSON HOSPITAL","http://www.floridahealthfinder.gov/facilitylocator/FacilityProfilePage.aspx?id=9943",100142,344,"0.0534461087659386705901910900",1206,"0.0444672065413251891238964800",3.50581395348837,3995253,"0.0101220225508162442538081200",11614.1075581395,54,0,112,44,60,58,"Jackson",0,0.156976744186047,0.325581395348837,0.174418604651163,0,0.127906976744186,0.168604651162791,1,1,1,NA,1,1
"101","JACKSON MEMORIAL HOSPITAL","http://www.floridahealthfinder.gov/facilitylocator/FacilityProfilePage.aspx?id=9845",100022,7487,"1.1632296986354151939208158600",51424,"1.8960875863856604689114862900",6.86843862695339,585113137,"1.4823913197719480057718227500",78150.5458795245,993,962,2101,1387,869,1175,"Miami-Dade",0,0.132629891812475,0.280619740884199,0.116067850941632,0.128489381594764,0.185254441031121,0.156938693735809,0.125728032413269,0.090901224419158,0.0842380767739434,0.12485399091499,0.123706742775598,0.0959653707938582
"102","JACKSON NORTH MEDICAL CENTER","http://www.floridahealthfinder.gov/facilitylocator/FacilityProfilePage.aspx?id=9921",100114,1393,"0.2164256671830016515469075100",5241,"0.1932443030539679238792217600",3.76238334529792,54954166,"0.1392270545853539994138837900",39450.2268485284,113,79,534,232,200,235,"Miami-Dade",0,0.0811198851399856,0.383345297918162,0.143575017946877,0.0567121320890165,0.166547020818378,0.168700646087581,0.0143074195998987,0.0231038809328084,0.019387359441644,0.0102530824140169,0.0206921155904388,0.0191930741587716
"103","JACKSON SOUTH MEDICAL CENTER","http://www.floridahealthfinder.gov/facilitylocator/FacilityProfilePage.aspx?id=9992",100208,1960,"0.3045185266896505649906236300",6569,"0.2422098505555266727652371200",3.3515306122449,78220830,"0.1981734336232433347814523000",39908.5867346939,115,125,568,438,350,364,"Miami-Dade",0,0.0586734693877551,0.289795918367347,0.178571428571429,0.0637755102040816,0.223469387755102,0.185714285714286,0.0145606482653836,0.0245749145502531,0.0339278790228771,0.0162232316677482,0.039065287192294,0.0297288467820974
"104","JAY HOSPITAL","http://www.floridahealthfinder.gov/facilitylocator/FacilityProfilePage.aspx?id=9866",100048,35,"0.0054378308337437600891182800",137,"0.0050514156684589974377892400",3.91428571428571,638118,"0.0016166797912627210719199800",18231.9428571429,0,0,0,0,0,0,"Santa Rosa",0,0,0,0,0,0,0,0,0,0,0,0,0
"105","JFK MEDICAL CENTER","http://www.floridahealthfinder.gov/facilitylocator/FacilityProfilePage.aspx?id=9895",100080,4756,"0.7389235270081520852527581500",18796,"0.6930394810536884367933318400",3.95206055508831,514607197,"1.3037636547288338229192374600",108201.681455004,204,202,1253,1035,893,1169,"Palm Beach",0,0.0428931875525652,0.263456686291001,0.187762825904121,0.0424726661059714,0.217619848612279,0.245794785534062,0.0297202797202797,0.0789440524193548,0.129551719135355,0.031024420211949,0.155079412646089,0.147414880201765
"106","JFK MEDICAL CENTER NORTH CAMPUS","http://www.floridahealthfinder.gov/facilitylocator/FacilityProfilePage.aspx?id=10015",100234,2057,"0.3195890864288832715233228600",6876,"0.2535294462505406305272903700",3.34273213417598,84974348,"0.2152835544324495152812829000",41309.8434613515,469,480,383,363,196,166,"Palm Beach",0,0.228001944579485,0.186193485658726,0.0952843947496354,0.233349538162372,0.176470588235294,0.0807000486144871,0.0683275058275058,0.0241305443548387,0.0284346438415784,0.0737213945630471,0.0543901708121067,0.0209331651954603
"108","JUPITER MEDICAL CENTER","http://www.floridahealthfinder.gov/facilitylocator/FacilityProfilePage.aspx?id=10031",100253,4791,"0.7443613578418958453418764200",14416,"0.5315416662518606354975884100",3.00897516176164,138424230,"0.3506994870260718113033926300",28892.5547902317,669,692,1732,380,646,672,"Palm Beach",0,0.139636819035692,0.361511166771029,0.134836151116677,0.144437486954707,0.0793153830098101,0.140262993112085,0.097465034965035,0.109122983870968,0.0937182649064268,0.106281677161726,0.0569373688942164,0.0847414880201765
"109","KENDALL REGIONAL MEDICAL CENTER","http://www.floridahealthfinder.gov/facilitylocator/FacilityProfilePage.aspx?id=9993",100209,4964,"0.7712397788201150023538039200",21259,"0.783854348144305303138404000",4.28263497179694,651234906,"1.6499116337340080965840636200",131191.560435133,464,556,1412,1090,621,821,"Miami-Dade",0,0.0934730056406124,0.284448025785657,0.125100725221595,0.112006446414182,0.219580983078163,0.16539081385979,0.0587490503925044,0.0610911608185869,0.0601977510663048,0.0721609344581441,0.0972172672136996,0.0670532505717086
"110","KINDRED HOSP-BAY AREA-ST PETERSBURG","http://www.floridahealthfinder.gov/facilitylocator/FacilityProfilePage.aspx?id=10156",23960011,182,"0.0282767203354675524634150500",7112,"0.2622311549932875166245039400",39.0769230769231,55536405,"0.1407021642437322546177702500",305145.082417582,0,0,0,0,76,71,"Pinellas",0,0,0,0.417582417582418,0,0,0.39010989010989,0,0,0.0144982830980542,0,0,0.0138186064616582
"111","KINDRED HOSP-SO.FLA-FT LAUDERDALE","http://www.floridahealthfinder.gov/facilitylocator/FacilityProfilePage.aspx?id=9925",100120,223,"0.0346467507407102428535250300",6677,"0.2461919884547498240300636700",29.9417040358744,48671498,"0.1233098380347897193411113900",218257.838565022,0,0,0,0,80,99,"Broward",0,0,0,0.358744394618834,0,0,0.443946188340807,0,0,0.00938086303939963,0,0,0.0101392871773863
"112","KINDRED HOSP-SOUTH FLORIDA-HOLLYWOOD","http://www.floridahealthfinder.gov/facilitylocator/FacilityProfilePage.aspx?id=9860",100042,274,"0.0425704470984511504119545300",10306,"0.3799991961980907123639113600",37.6131386861314,68217014,"0.1728286429063059199728898100",248967.204379562,0,0,0,0,111,126,"Broward",0,0,0,0.405109489051095,0,0,0.45985401459854,0,0,0.013015947467167,0,0,0.0129045473166735
"113","KINDRED HOSPITAL MELBOURNE","http://www.floridahealthfinder.gov/facilitylocator/FacilityProfilePage.aspx?id=256909",23960090,166,"0.0257908548114704049941038400",4974,"0.1833995732475551332522894500",29.9638554216867,29812315,"0.0755298662492806790487279700",179592.259036145,0,0,0,0,56,83,"Brevard",0,0,0,0.337349397590361,0,0,0.5,0,0,0.0175383651738177,0,0,0.0243616084531846
"114","KINDRED HOSPITAL SOUTH FLORIDA CORAL GABLES","http://www.floridahealthfinder.gov/facilitylocator/FacilityProfilePage.aspx?id=9952",100152,200,"0.0310733190499643433663901700",9313,"0.3433856505135667382345339100",46.565,64752595,"0.1640514948149394252599057600",323762.975,0,0,0,0,84,89,"Miami-Dade",0,0,0,0.42,0,0,0.445,0,0,0.0081426909654905,0,0,0.00726886638353479
"115","KINDRED HOSPITAL THE PALM BEACHES","http://www.floridahealthfinder.gov/facilitylocator/FacilityProfilePage.aspx?id=218831",23960074,216,"0.0335591845739614908357013800",7316,"0.2697529710251534690136207600",33.8703703703704,51296138,"0.1299593957143094762421924800",237482.12037037,0,0,0,0,68,102,"Palm Beach",0,0,0,0.314814814814815,0,0,0.472222222222222,0,0,0.00986508051646598,0,0,0.0128625472887768
"116","KINDRED HOSPITAL-BAY AREA-TAMPA","http://www.floridahealthfinder.gov/facilitylocator/FacilityProfilePage.aspx?id=9922",100115,228,"0.0354235837169593514376847900",10809,"0.3985456347472503890880572400",47.4078947368421,68753795,"0.1741885841633050873364593700",301551.73245614,0,0,0,30,88,89,"Hillsborough",0,0,0,0.385964912280702,0,0.131578947368421,0.390350877192982,0,0,0.0128410914927769,0,0.00390117035110533,0.0119398980413201
"117","KINDRED HOSPITAL-CENTRAL TAMPA","http://www.floridahealthfinder.gov/facilitylocator/FacilityProfilePage.aspx?id=9944",100143,263,"0.0408614145507031115268030700",11888,"0.4383301420922668725579447200",45.2015209125475,84158237,"0.2132159271893264399931297900",319993.296577947,0,0,0,0,100,111,"Hillsborough",0,0,0,0.380228136882129,0,0,0.422053231939163,0,0,0.0145921494236101,0,0,0.0148913335122082
"118","KINDRED HOSPITAL-NORTH FLORIDA","http://www.floridahealthfinder.gov/facilitylocator/FacilityProfilePage.aspx?id=9839",100016,242,"0.0375987160504568554733321000",8515,"0.3139620760359734538888710700",35.1859504132231,56604265,"0.1434076006706906060885961400",233901.921487603,0,0,0,0,77,111,"Clay",0,0,0,0.318181818181818,0,0,0.458677685950413,0,0,0.0983397190293742,0,0,0.123470522803115
"119","LAKE CITY MEDICAL CENTER","http://www.floridahealthfinder.gov/facilitylocator/FacilityProfilePage.aspx?id=9955",100156,730,"0.1134176145323698532873241100",2086,"0.0769142560905508660965572600",2.85753424657534,40172976,"0.1017787281569902483818600300",55031.4739726027,0,0,183,140,203,173,"Columbia",0,0,0.250684931506849,0.278082191780822,0,0.191780821917808,0.236986301369863,0,0.497282608695652,0.712280701754386,NA,0.588235294117647,0.723849372384937
"120","LAKESIDE MEDICAL CENTER","http://www.floridahealthfinder.gov/facilitylocator/FacilityProfilePage.aspx?id=9934",100130,207,"0.0321608852167130953842138200",649,"0.0239296990425539367673373300",3.13526570048309,5113016,"0.0129538888412534249845076100",24700.5603864734,0,0,64,46,0,47,"Palm Beach",0,0,0.309178743961353,0,0,0.222222222222222,0.227053140096618,0,0.00403225806451613,0,0,0.00689241833982619,0.00592686002522068
"121","LAKEWOOD RANCH MEDICAL CENTER","http://www.floridahealthfinder.gov/facilitylocator/FacilityProfilePage.aspx?id=165492",23960046,1961,"0.3046738932849003867074555800",5746,"0.2118644848975576589601236800",2.93013768485467,96815384,"0.2452829645867068245415813300",49370.4150943396,302,227,681,181,280,290,"Manatee",0,0.154003059663437,0.347271800101989,0.14278429372769,0.115757266700663,0.0922998470168282,0.147883732789393,0.272809394760614,0.311243144424132,0.18641810918775,0.283395755305868,0.150082918739635,0.194761584956347
"122","LANDMARK HOSPITAL OF SOUTHWEST FLORIDA","http://www.floridahealthfinder.gov/facilitylocator/FacilityProfilePage.aspx?id=347498",23960116,209,"0.0324716184072127388178777200",5362,"0.1977057723669864544629626100",25.6555023923445,29329934,"0.0743077480604988194970559700",140334.612440191,0,0,0,42,68,74,"Collier",0,0,0,0.325358851674641,0,0.200956937799043,0.354066985645933,0,0,0.0436456996148909,0,0.0343980343980344,0.0385416666666667
"123","LARGO MEDICAL CENTER","http://www.floridahealthfinder.gov/facilitylocator/FacilityProfilePage.aspx?id=10027",100248,2132,"0.3312415810726199002857191700",8416,"0.3103117829616855652294467300",3.94746716697936,280616709,"0.7109458791805774818875787900",131621.345684803,47,31,518,450,569,517,"Pinellas",0,0.0220450281425891,0.24296435272045,0.266885553470919,0.0145403377110694,0.211069418386492,0.24249530956848,0.0155887230514096,0.056,0.108546356352537,0.0118501529051988,0.101902173913043,0.100622810432075
"124","LARGO MEDICAL CENTER - INDIAN ROCKS","http://www.floridahealthfinder.gov/facilitylocator/FacilityProfilePage.aspx?id=9838",100015,684,"0.1062707511508780543130543700",3874,"0.1428407613110230370364634800",5.66374269005848,21143999,"0.0535685811868325028943785500",30912.2792397661,62,83,218,163,91,67,"Pinellas",0,0.0906432748538012,0.318713450292398,0.133040935672515,0.121345029239766,0.238304093567251,0.097953216374269,0.0205638474295191,0.0235675675675676,0.0173597863410912,0.0317278287461774,0.036911231884058,0.0130400934215648
"125","LARKIN COMMUNITY HOSPITAL","http://www.floridahealthfinder.gov/facilitylocator/FacilityProfilePage.aspx?id=9976",100181,571,"0.0887143258876482003110439200",1956,"0.0721209419525970729074141900",3.42556917688266,14484542,"0.0366967650765158111830570800",25366.9737302977,86,114,93,101,94,83,"Miami-Dade",0,0.15061295971979,0.162872154115587,0.164623467600701,0.199649737302977,0.176882661996497,0.145359019264448,0.0108888326158521,0.00402370960065764,0.0091120589375727,0.0147955872809864,0.00900820549411345,0.00677883044756615
"126","LARKIN COMMUNITY HOSPITAL PALM SPRINGS CAMPUS","http://www.floridahealthfinder.gov/facilitylocator/FacilityProfilePage.aspx?id=9868",100050,338,"0.0525139091944397402891993800",1384,"0.0510303597456003828751846800",4.09467455621302,10216592,"0.0258838613265514936134212200",30226.6035502959,0,0,54,61,98,116,"Miami-Dade",0,0,0.159763313609467,0.289940828402367,0,0.180473372781065,0.343195266272189,0,0.00233634751005927,0.00949980612640558,0,0.0054405993578309,0.00947402809539366
"127","LAWNWOOD REGIONAL MEDICAL CENTER & HEART INSTITUTE","http://www.floridahealthfinder.gov/facilitylocator/FacilityProfilePage.aspx?id=10026",100246,2395,"0.3721029956233230118125222400",12453,"0.4591626227687583583415280600",5.19958246346555,339435568,"0.8599641809530261868067165500",141726.750730689,215,199,592,479,428,482,"St Lucie",0,0.0897703549060543,0.247181628392484,0.178705636743215,0.0830897703549061,0.2,0.20125260960334,0.250291036088475,0.246769487286369,0.339952343129468,0.261154855643045,0.393267651888342,0.367378048780488
"128","LEE MEMORIAL HOSPITAL","http://www.floridahealthfinder.gov/facilitylocator/FacilityProfilePage.aspx?id=9836",100012,2409,"0.3742781279568205158481695500",10082,"0.3717399472219241764072340700",4.18513906185139,142653557,"0.3614145389311141237329748200",59216.9186384392,52,88,569,557,610,533,"Lee",0,0.0215857202158572,0.236197592361976,0.253217102532171,0.0365296803652968,0.231216272312163,0.221253632212536,0.0213377102995486,0.105175600739372,0.208761122518823,0.0415682569674067,0.22959604286892,0.164506172839506
"129","LEESBURG REGIONAL MEDICAL CENTER","http://www.floridahealthfinder.gov/facilitylocator/FacilityProfilePage.aspx?id=9899",100084,2003,"0.3111992902853928988143975100",7940,"0.2927608788873316763215074900",3.96405391912132,55369410,"0.1402790803599648039183615500",27643.2401397903,225,188,544,309,326,411,"Lake",0,0.112331502745881,0.271592611083375,0.162755866200699,0.0938592111832252,0.154268597104343,0.205192211682476,0.329428989751098,0.244055630327501,0.231698649609097,0.370808678500986,0.240466926070039,0.278266756939743
"130","LEHIGH REGIONAL MEDICAL CENTER","http://www.floridahealthfinder.gov/facilitylocator/FacilityProfilePage.aspx?id=9915",100107,390,"0.0605929721474304695644608200",1218,"0.0449096663079055392644327600",3.12307692307692,20526662,"0.0520045503143312500878821600",52632.4666666667,0,0,106,108,70,86,"Lee",0,0,0.271794871794872,0.179487179487179,0,0.276923076923077,0.220512820512821,0,0.0195933456561922,0.0239561943874059,0,0.044517724649629,0.0265432098765432
"132","LOWER KEYS MEDICAL CENTER","http://www.floridahealthfinder.gov/facilitylocator/FacilityProfilePage.aspx?id=9983",100195,810,"0.1258469421523555906338801700",2163,"0.0797533729261081128316650800",2.67037037037037,37946610,"0.0961382025486318894858467500",46847.6666666667,128,89,254,84,131,124,"Monroe",0,0.158024691358025,0.31358024691358,0.161728395061728,0.109876543209877,0.103703703703704,0.153086419753086,1,1,1,1,0.641221374045801,0.779874213836478
"133","MANATEE GLENS HOSPITAL","http://www.floridahealthfinder.gov/facilitylocator/FacilityProfilePage.aspx?id=10095",110028,377,"0.0585732064091827872456454600",1738,"0.0640829228597207120210050400",4.61007957559682,2207727,"0.0055933034729079471256831600",5856.03978779841,40,52,98,122,0,37,"Manatee",0,0.106100795755968,0.259946949602122,0,0.137931034482759,0.323607427055703,0.0981432360742706,0.03613369467028,0.0447897623400366,0,0.0649188514357054,0.101160862354892,0.0248488918737408
"134","MANATEE MEMORIAL HOSPITAL","http://www.floridahealthfinder.gov/facilitylocator/FacilityProfilePage.aspx?id=9856",100035,3127,"0.4858313433461925085335102400",11318,"0.4173133031797002408824712600",3.61944355612408,195893948,"0.4962997235029733309532052900",62645.9699392389,430,267,868,359,587,616,"Manatee",0,0.137511992324912,0.277582347297729,0.187719859290054,0.0853853533738407,0.114806523824752,0.196993923888711,0.38843721770551,0.396709323583181,0.390812250332889,0.333333333333333,0.297678275290216,0.413700470114171
"135","MANATEE PALMS YOUTH SERVICES","http://www.floridahealthfinder.gov/facilitylocator/FacilityProfilePage.aspx?id=10113",110049,696,"0.1081351502938759149150377800",3386,"0.1248473974700887979879879500",4.86494252873563,7449200,"0.0188726397015509072130018900",10702.8735632184,277,180,90,74,49,0,"Manatee",0,0.397988505747126,0.129310344827586,0.0704022988505747,0.258620689655172,0.10632183908046,0,0.250225835591689,0.0411334552102377,0.0326231691078562,0.224719101123595,0.0613598673300166,0
"136","MARINERS HOSPITAL","http://www.floridahealthfinder.gov/facilitylocator/FacilityProfilePage.aspx?id=9958",100160,113,"0.0175564252632298540020104400",293,"0.0108033926340035492647609200",2.5929203539823,3853144,"0.0097619876537336450655553500",34098.6194690265,0,0,0,0,0,35,"Monroe",0,0,0,0,0,0,0.309734513274336,0,0,0,0,0,0.220125786163522
"137","MARTIN HOSPITAL SOUTH","http://www.floridahealthfinder.gov/facilitylocator/FacilityProfilePage.aspx?id=10150",120009,766,"0.1190108119613634350932743400",2774,"0.1022819493744909408206375000",3.62140992167102,41980480,"0.1063580617432964384413469200",54804.8041775457,0,0,120,155,241,225,"Martin",0,0,0.156657963446475,0.314621409921671,0,0.202349869451697,0.293733681462141,0,0.13745704467354,0.366261398176292,0,0.292452830188679,0.28957528957529
"138","MARTIN MEDICAL CENTER","http://www.floridahealthfinder.gov/facilitylocator/FacilityProfilePage.aspx?id=9862",100044,2475,"0.3845323232433087491590783000",10172,"0.3750583954712768024612561900",4.10989898989899,145317463,"0.3681635775039541160851950600",58714.1264646465,202,176,753,375,417,552,"Martin",0,0.0816161616161616,0.304242424242424,0.168484848484848,0.0711111111111111,0.151515151515152,0.223030303030303,1,0.862542955326461,0.633738601823708,1,0.707547169811321,0.71042471042471
"139","MAYO CLINIC","http://www.floridahealthfinder.gov/facilitylocator/FacilityProfilePage.aspx?id=9951",100151,5355,"0.8319881175627952936350966900",26577,"0.9799377680338304737527335700",4.96302521008403,399314532,"1.011668271764675426614304000",74568.5400560224,154,124,1230,1042,1257,1548,"Duval",0,0.0287581699346405,0.2296918767507,0.234733893557423,0.023155929038282,0.194584500466853,0.289075630252101,0.0320366132723112,0.0861344537815126,0.216761510605277,0.0331019754404698,0.179965457685665,0.248275862068966
"140","MEASE COUNTRYSIDE HOSPITAL","http://www.floridahealthfinder.gov/facilitylocator/FacilityProfilePage.aspx?id=10069",110001,5396,"0.8383581479680379840252066800",17244,"0.6358146845759631519506391900",3.19570051890289,183692261,"0.4653865996101932224342916600",34042.3018902891,790,728,1803,601,698,776,"Pinellas",0,0.146404744255004,0.334136397331357,0.129355077835434,0.134914751667902,0.111378799110452,0.143810229799852,0.262023217247098,0.194918918918919,0.133155284242655,0.2782874617737,0.136096014492754,0.151031529778124
"141","MEASE DUNEDIN HOSPITAL","http://www.floridahealthfinder.gov/facilitylocator/FacilityProfilePage.aspx?id=9861",100043,1235,"0.1918777451335298202874592700",4036,"0.1488139681598577639337033000",3.26801619433198,44209275,"0.1120047412529911914674171800",35796.983805668,195,119,257,187,248,229,"Pinellas",0,0.157894736842105,0.208097165991903,0.20080971659919,0.0963562753036437,0.151417004048583,0.185425101214575,0.0646766169154229,0.0277837837837838,0.0473101869515452,0.0454892966360856,0.0423460144927536,0.0445698715453484
"142","MEDICAL CENTER OF TRINITY","http://www.floridahealthfinder.gov/facilitylocator/FacilityProfilePage.aspx?id=9982",100191,2629,"0.4084587789117812935511987300",8958,"0.3302962157522313799103355300",3.40737923164701,232468322,"0.5889613492898727645095104900",88424.6184861164,265,237,798,488,404,437,"Pasco",0,0.100798782807151,0.303537466717383,0.153670597185242,0.0901483453784709,0.185621909471282,0.166222898440472,0.293791574279379,0.280788177339901,0.213983050847458,0.32027027027027,0.224884792626728,0.212859230394545
"143","MEDICAL CENTER OF TRINITY WEST PASCO CAMPUS","http://www.floridahealthfinder.gov/facilitylocator/FacilityProfilePage.aspx?id=325102",23960110,370,"0.0574856402424340352278218100",1208,"0.0445409498357552474806525200",3.26486486486486,6631794,"0.0168017315600208206451354000",17923.7675675676,43,50,122,87,37,31,"Pasco",0,0.116216216216216,0.32972972972973,0.1,0.135135135135135,0.235135135135135,0.0837837837837838,0.0476718403547672,0.0429275158339198,0.0195974576271186,0.0675675675675676,0.0400921658986175,0.0150998538723819
"144","MEMORIAL HOSPITAL JACKSONVILLE","http://www.floridahealthfinder.gov/facilitylocator/FacilityProfilePage.aspx?id=9974",100179,3437,"0.533994987873637240751415000",15048,"0.5548445472917590762324993300",4.37823683444865,375836861,"0.9521873039004013583521570200",109350.265056736,276,221,1188,677,527,548,"Duval",0,0.0803025894675589,0.345650276403841,0.153331393657259,0.06430026185627,0.196974105324411,0.15944137329066,0.0574162679425837,0.0831932773109244,0.0908777375409553,0.0589962626801922,0.11692573402418,0.0878909382518043
"145","MEMORIAL HOSPITAL MIRAMAR","http://www.floridahealthfinder.gov/facilitylocator/FacilityProfilePage.aspx?id=165513",23960050,5683,"0.8829483608047368167559765600",17822,"0.6571264966662500170531368400",3.13601970790076,193126285,"0.4892878152961439414201200700",33983.1576632061,1148,948,2645,397,275,270,"Broward",0,0.202005982755587,0.465423191976069,0.0483899348935421,0.166813302833011,0.0698574696463136,0.0475101178954777,0.133147761540246,0.12413178149052,0.0322467166979362,0.120091208512795,0.0425874275906458,0.0276526013928718
"146","MEMORIAL HOSPITAL OF TAMPA","http://www.floridahealthfinder.gov/facilitylocator/FacilityProfilePage.aspx?id=9990",100206,1326,"0.2060161053012635965191668000",4208,"0.1551558914808427826147233600",3.17345399698341,118382358,"0.2999231581316131467693674200",89277.7963800905,63,49,485,276,252,201,"Hillsborough",0,0.0475113122171946,0.365761689291101,0.190045248868778,0.0369532428355958,0.208144796380091,0.15158371040724,0.00867052023121387,0.0280703785160319,0.0367722165474974,0.00753962148022773,0.035890767230169,0.0269653877112959
"147","MEMORIAL HOSPITAL PEMBROKE","http://www.floridahealthfinder.gov/facilitylocator/FacilityProfilePage.aspx?id=10012",100230,1564,"0.2429933549707211651251711000",6557,"0.2417673907889463226247008300",4.19245524296675,91393514,"0.2315465903426742012678125300",58435.7506393862,48,44,478,403,272,319,"Broward",0,0.030690537084399,0.305626598465473,0.173913043478261,0.0281329923273657,0.2576726342711,0.203964194373402,0.00556715379262352,0.0224328890557537,0.0318949343339587,0.00557385355966557,0.0432310662947865,0.032671036460467
"148","MEMORIAL HOSPITAL WEST","http://www.floridahealthfinder.gov/facilitylocator/FacilityProfilePage.aspx?id=10140",111527,8482,"1.3178194609089878021686069400",33329,"1.2288951300297074861611490100",3.9293798632398,479234095,"1.2141454663096465546168625100",56500.1290969111,1281,1117,3464,803,927,890,"Broward",0,0.151025701485499,0.408394246639943,0.109290261730724,0.131690639000236,0.0946710681443056,0.104928082999293,0.14857341684064,0.162568049558851,0.108700750469043,0.14149987332151,0.0861403132375027,0.091151167554281
"149","MEMORIAL REGIONAL HOSPITAL","http://www.floridahealthfinder.gov/facilitylocator/FacilityProfilePage.aspx?id=9857",100038,11590,"1.8006988389454336980823101100",57690,"2.1271253278350333006281822500",4.97756686798965,809527447,"2.0509477307291182753416882200",69847.0618636756,2352,2162,3650,1210,1060,1156,"Broward",0,0.202933563416739,0.314926660914582,0.091458153580673,0.186540120793788,0.104400345125108,0.0997411561691113,0.272790535838553,0.171297165383893,0.124296435272045,0.273878895363567,0.129800472001716,0.11839410077837
"150","MEMORIAL REGIONAL HOSPITAL SOUTH","http://www.floridahealthfinder.gov/facilitylocator/FacilityProfilePage.aspx?id=10007",100225,717,"0.1113978487941221709685087400",7104,"0.2619361818155672831974797500",9.90794979079498,47845492,"0.1212171416876223377882758100",66730.1143654114,0,0,136,159,193,200,"Broward",0,0,0.189679218967922,0.269177126917713,0,0.221757322175732,0.278940027894003,0,0.00638257931293411,0.0226313320825516,0,0.0170564256597297,0.0204834084391643
"151","MERCY HOSPITAL, A CAMPUS OF PLANTATION GENERAL HOSPITAL","http://www.floridahealthfinder.gov/facilitylocator/FacilityProfilePage.aspx?id=9878",100061,4461,"0.6930903814094546787873326500",16751,"0.6176369624989537670102735500",3.7549876709258,278119599,"0.7046194203225605423624406300",62344.6758574311,701,673,1754,536,349,448,"Miami-Dade",0,0.157139654785922,0.39318538444295,0.0782335799148173,0.150863035193903,0.120152432190092,0.100425913472316,0.088756647252469,0.0758880283822957,0.0338309422256689,0.0873458792991564,0.0478059222261862,0.0365893498856583
"152","MORTON PLANT HOSPITAL","http://www.floridahealthfinder.gov/facilitylocator/FacilityProfilePage.aspx?id=9931",100127,6643,"1.0321002922445656649146493600",22742,"0.8385350009641935746730130100",3.4234532590697,308077255,"0.7805175097806237900635399900",46376.2238446485,682,593,2100,789,1258,1221,"Pinellas",0,0.102664458828842,0.316122233930453,0.189372271564052,0.0892668974860756,0.118771639319585,0.183802498870992,0.22620232172471,0.227027027027027,0.23998473864937,0.226681957186544,0.17866847826087,0.237641105488517
"153","MORTON PLANT NORTH BAY HOSPITAL","http://www.floridahealthfinder.gov/facilitylocator/FacilityProfilePage.aspx?id=9880",100063,1069,"0.1660868903220594152933554400",4438,"0.1636363703402994936416688000",4.15154349859682,49609684,"0.1256867437899096301281136700",46407.5622076707,0,0,255,230,283,259,"Pasco",0,0,0.238540692235734,0.264733395696913,0,0.215154349859682,0.242282507015903,0,0.08972554539057,0.14989406779661,0,0.105990783410138,0.126156843643449
"154","MORTON PLANT NORTH BAY HOSPITAL RECOVERY CENTER","http://www.floridahealthfinder.gov/facilitylocator/FacilityProfilePage.aspx?id=302496",23960102,694,"0.1078244171033762714813738800",3002,"0.1106886849395175934908268900",4.32564841498559,7777736,"0.0197049896930921101411191100",11207.1123919308,289,186,113,81,0,0,"Pasco",0,0.4164265129683,0.162824207492795,0,0.268011527377522,0.11671469740634,0,0.32039911308204,0.0397607318789585,0,0.251351351351351,0.0373271889400922,0
"155","MOUNT SINAI MEDICAL CENTER","http://www.floridahealthfinder.gov/facilitylocator/FacilityProfilePage.aspx?id=9855",100034,6564,"1.0198263312198297492849252500",25531,"0.9413700250469099531693208700",3.88954905545399,285605007,"0.7235837934368690282749496300",43510.8176416819,742,707,2157,890,847,1221,"Miami-Dade",0,0.113040828762949,0.328610603290676,0.12903717245582,0.107708714198659,0.135588056063376,0.186014625228519,0.0939478348949101,0.0933241033184788,0.0821054672353626,0.0917585983127839,0.0793792365322868,0.0997223129696178
"156","NAPLES COMMUNITY HOSPITAL","http://www.floridahealthfinder.gov/facilitylocator/FacilityProfilePage.aspx?id=9841",100018,2392,"0.3716368958375735466620263800",9803,"0.3614527576489310356397654800",4.09824414715719,119156440,"0.3018843043869769347408616700",49814.5652173913,36,52,434,469,601,800,"Collier",0,0.0150501672240803,0.181438127090301,0.251254180602007,0.0217391304347826,0.196070234113712,0.334448160535117,0.0521739130434783,0.170062695924765,0.385750962772786,0.0936936936936937,0.384111384111384,0.416666666666667
"157","NCH HEALTHCARE SYSTEM NORTH NAPLES HOSPITAL CAMPUS","http://www.floridahealthfinder.gov/facilitylocator/FacilityProfilePage.aspx?id=10147",120006,3937,"0.6116782854985480991673904200",12796,"0.4718095977635133665251901600",3.250190500381,81830258,"0.2073179637973143072241321900",20784.9271018542,654,503,1694,302,371,413,"Collier",0,0.166116332232664,0.430276860553721,0.0942341884683769,0.127762255524511,0.0767081534163068,0.10490220980442,0.947826086956522,0.663793103448276,0.238125802310655,0.906306306306306,0.247338247338247,0.215104166666667
"159","NORTH FLORIDA REGIONAL MEDICAL CENTER","http://www.floridahealthfinder.gov/facilitylocator/FacilityProfilePage.aspx?id=9989",100204,7080,"1.0999954943687377551702118700",22469,"0.8284690412744906089758125700",3.17358757062147,560190524,"1.4192495736018641363269757100",79122.9553672316,1191,829,2405,721,965,969,"Alachua",0,0.168220338983051,0.339689265536723,0.136299435028249,0.117090395480226,0.10183615819209,0.136864406779661,0.349062133645955,0.427479559189477,0.382026920031671,0.300036192544336,0.268029739776952,0.363465866466617
"160","NORTH OKALOOSA MEDICAL CENTER","http://www.floridahealthfinder.gov/facilitylocator/FacilityProfilePage.aspx?id=9927",100122,762,"0.1183893455803641482259465300",2416,"0.0890818996715104949613050500",3.17060367454068,66266207,"0.1678862494092507434911904900",86963.5262467192,100,44,249,128,129,112,"Okaloosa",0,0.131233595800525,0.326771653543307,0.169291338582677,0.057742782152231,0.167979002624672,0.146981627296588,0.288184438040346,0.266025641025641,0.224347826086957,0.159420289855072,0.198142414860681,0.199643493761141
"161","NORTH SHORE MEDICAL CENTER","http://www.floridahealthfinder.gov/facilitylocator/FacilityProfilePage.aspx?id=9852",100029,1591,"0.2471882530424663514796337700",5235,"0.1930230731706777488089536200",3.29038340666248,95043747,"0.2407945004854695716013835800",59738.3702074167,210,172,617,230,159,203,"Miami-Dade",0,0.131992457573853,0.387806411062225,0.0999371464487744,0.108108108108108,0.144563167818982,0.127592708988058,0.026589009875918,0.0266949335871587,0.015412950756107,0.0223231667748215,0.0205137352836247,0.0165795491669389
"163","NORTHSIDE HOSPITAL","http://www.floridahealthfinder.gov/facilitylocator/FacilityProfilePage.aspx?id=10019",100238,1249,"0.1940528774670273243231065900",5042,"0.1859068452581771173819950600",4.03682946357086,172116765,"0.4360599383076716469308182000",137803.654923939,0,0,258,275,294,394,"Pinellas",0,0,0.206565252201761,0.235388310648519,0,0.22017614091273,0.315452361889512,0,0.0278918918918919,0.0560854635635254,0,0.0622735507246377,0.076683534449202
"164","NORTHWEST FLORIDA COMMUNITY HOSPITAL","http://www.floridahealthfinder.gov/facilitylocator/FacilityProfilePage.aspx?id=9948",100147,79,"0.0122739610247359156297241200",301,"0.0110983658117237826917851100",3.81012658227848,1674398,"0.0042421079003110986328244600",21194.9113924051,0,0,0,0,0,0,"Washington",0,0,0,0,0,0,0,NA,NA,NA,NA,NA,NA
"165","NORTHWEST MEDICAL CENTER","http://www.floridahealthfinder.gov/facilitylocator/FacilityProfilePage.aspx?id=9981",100189,3676,"0.5711276041383446310742512500",12618,"0.4652464445592381727739019500",3.43253536452666,295933947,"0.7497522898014366633966625300",80504.3381392818,447,373,1375,496,439,546,"Broward",0,0.121599564744287,0.3740478781284,0.119423286180631,0.101468988030468,0.134929270946681,0.148531011969532,0.0518441196938065,0.0645297540829735,0.0514774859287054,0.0472510767671649,0.053207466208968,0.0559197050389185
"166","OAK HILL HOSPITAL","http://www.floridahealthfinder.gov/facilitylocator/FacilityProfilePage.aspx?id=10040",100264,2707,"0.4205773733412673874640909000",8876,"0.3272727406805989872833375900",3.27890653860362,238907477,"0.6052750275771304608977316700",88255.4403398596,306,192,810,376,531,492,"Hernando",0,0.113040265977096,0.299224233468785,0.196158108607314,0.0709272257111193,0.138899150350942,0.181751015884743,0.553345388788427,0.469293163383546,0.463350785340314,0.45933014354067,0.338738738738739,0.472168905950096
"167","ORANGE PARK MEDICAL CENTER","http://www.floridahealthfinder.gov/facilitylocator/FacilityProfilePage.aspx?id=10008",100226,3593,"0.5582321767326094285771993300",13888,"0.5120734365223252293139919400",3.86529362649596,355661477,"0.9010727207139605393956673500",98987.3300862789,560,377,1164,565,424,503,"Clay",0,0.155858613971611,0.323963261898135,0.118007236292792,0.104926245477317,0.157250208739215,0.13999443362093,0.793201133144476,0.680701754385965,0.541507024265645,0.774127310061602,0.653179190751445,0.559510567296997
"168","ORLANDO HEALTH SOUTH SEMINOLE HOSPITAL","http://www.floridahealthfinder.gov/facilitylocator/FacilityProfilePage.aspx?id=10039",100263,2392,"0.3716368958375735466620263800",7641,"0.2817362563700379519864784300",3.19439799331104,104483248,"0.2647095922181965074049649800",43680.2876254181,265,250,693,483,361,340,"Seminole",0,0.110785953177258,0.289715719063545,0.150919732441472,0.104515050167224,0.201923076923077,0.142140468227425,0.183900069396253,0.172302337145699,0.213609467455621,0.214776632302405,0.226867073743542,0.187845303867403
"169","OSCEOLA REGIONAL MEDICAL CENTER","http://www.floridahealthfinder.gov/facilitylocator/FacilityProfilePage.aspx?id=9918",100110,5216,"0.8103921608230700749954555300",20594,"0.7593347027463108995170182900",3.94823619631902,545628671,"1.3823569401572058934482272200",104606.723734663,404,396,1605,1144,825,842,"Osceola",0,0.0774539877300613,0.307707055214724,0.15816717791411,0.075920245398773,0.219325153374233,0.161426380368098,0.279584775086505,0.301012753188297,0.360262008733624,0.325657894736842,0.375944791324351,0.343253159396657
"170","OVIEDO MEDICAL CENTER","http://www.floridahealthfinder.gov/facilitylocator/FacilityProfilePage.aspx?id=367444",23960121,1151,"0.1788269511325447960735754000",3017,"0.1112417596477430311664972400",2.62119895742832,58500280,"0.1482111779627133794521062800",50825.6125108601,154,138,387,198,143,131,"Seminole",0,0.133796698523023,0.336229365768897,0.124239791485665,0.11989574283232,0.172024326672459,0.113814074717637,0.106870229007634,0.0962207856787668,0.0846153846153846,0.118556701030928,0.0930014091122593,0.0723756906077348
"171","PALM BAY HOSPITAL","http://www.floridahealthfinder.gov/facilitylocator/FacilityProfilePage.aspx?id=10148",120007,1214,"0.1886150466332835642339883100",4324,"0.1594330025577861673065741000",3.56177924217463,58196251,"0.1474409167567016170119701900",47937.6037891269,0,0,256,175,409,322,"Brevard",0,0,0.210873146622735,0.336902800658979,0,0.144151565074135,0.265238879736409,0,0.056078860898138,0.128092702787347,0,0.0840537944284342,0.094511300264162
"172","PALM BEACH GARDENS MEDICAL CENTER","http://www.floridahealthfinder.gov/facilitylocator/FacilityProfilePage.aspx?id=9972",100176,2059,"0.3198998196193829149569867600",7712,"0.2843541433223050236513181100",3.74550752792618,211047409,"0.5346912030825930635374885400",102499.955803788,44,41,437,453,471,613,"Palm Beach",0,0.021369596891695,0.212238950947062,0.228751821272462,0.0199125789218067,0.220009713453133,0.297717338513842,0.00641025641025641,0.0275327620967742,0.0683301900478747,0.00629703578559361,0.0678753371291579,0.0773013871374527
"173","PALMETTO GENERAL HOSPITAL","http://www.floridahealthfinder.gov/facilitylocator/FacilityProfilePage.aspx?id=9980",100187,3635,"0.5647575737331019406841412700",11617,"0.4283379256969939652175003200",3.1958734525447,256796294,"0.6505965651822395726570307600",70645.4729023384,288,291,958,669,630,799,"Miami-Dade",0,0.0792297111416781,0.263548830811554,0.173314993122421,0.0800550206327373,0.18404401650619,0.21980742778542,0.0364649278298303,0.0414485354562368,0.0610701822411788,0.0377676833225178,0.0596682126293257,0.0652564521398236
"174","PALMS OF PASADENA HOSPITAL","http://www.floridahealthfinder.gov/facilitylocator/FacilityProfilePage.aspx?id=9930",100126,952,"0.1479089986778302744240171900",4899,"0.1806341997064279448739376800",5.14600840336134,134504697,"0.3407693020253550991730566300",141286.446428571,0,0,301,167,233,227,"Pinellas",0,0,0.316176470588235,0.244747899159664,0,0.175420168067227,0.238445378151261,0,0.0325405405405405,0.0444486837085082,0,0.0378170289855072,0.0441806150253017
"175","PALMS WEST HOSPITAL","http://www.floridahealthfinder.gov/facilitylocator/FacilityProfilePage.aspx?id=10074",110006,4434,"0.6888954833377094924328699800",14523,"0.5354869325038687575840369400",3.27537212449256,252481468,"0.6396649005104782969809517100",56942.1443391971,818,629,1556,505,447,479,"Palm Beach",0,0.184483536310329,0.350924672981507,0.100811907983762,0.141858367162833,0.113892647722147,0.108028867839423,0.119172494172494,0.0980342741935484,0.0648483969244161,0.0966057441253264,0.0756667665567875,0.0604035308953342
"176","PARK ROYAL HOSPITAL","http://www.floridahealthfinder.gov/facilitylocator/FacilityProfilePage.aspx?id=308829",23960103,571,"0.0887143258876482003110439200",3576,"0.1318530104409443418798124400",6.26269702276708,5364980,"0.0135922427302296335418046100",9395.76182136602,71,63,188,139,63,47,"Lee",0,0.124343257443082,0.329246935201401,0.110332749562172,0.110332749562172,0.243432574430823,0.0823117338003503,0.0291341813705375,0.0347504621072089,0.0215605749486653,0.0297590930562116,0.0572959604286892,0.0145061728395062
"177","PARRISH MEDICAL CENTER","http://www.floridahealthfinder.gov/facilitylocator/FacilityProfilePage.aspx?id=9851",100028,1105,"0.1716800877510529970993056700",3862,"0.1423983015444426868959271900",3.49502262443439,33079971,"0.0838085128632272815375870300",29936.6253393665,153,112,321,119,180,220,"Brevard",0,0.138461538461538,0.290497737556561,0.16289592760181,0.101357466063348,0.107692307692308,0.199095022624434,0.0927835051546392,0.0703176341730559,0.0563733166301284,0.0860215053763441,0.0571565802113353,0.0645729380686821
"178","PHYSICIANS REGIONAL MEDICAL CENTER - COLLIER BOULEVARD","http://www.floridahealthfinder.gov/facilitylocator/FacilityProfilePage.aspx?id=178823",23960057,671,"0.1042509854126303719942390100",2058,"0.0758818499685300491019726000",3.06706408345753,56545139,"0.1432578042234219196605399800",84269.9538002981,0,0,156,134,188,171,"Collier",0,0,0.232488822652757,0.280178837555887,0,0.199701937406855,0.254843517138599,0,0.061128526645768,0.120667522464698,0,0.10974610974611,0.0890625
"179","PHYSICIANS REGIONAL MEDICAL CENTER - PINE RIDGE","http://www.floridahealthfinder.gov/facilitylocator/FacilityProfilePage.aspx?id=10162",23960025,1079,"0.1676405562745576324616749500",3654,"0.1347289989237166177932982800",3.38646895273401,115473224,"0.2925528314085379713271469100",107018.743280816,0,0,212,172,291,379,"Collier",0,0,0.196478220574606,0.269694161260426,0,0.159406858202039,0.351251158480074,0,0.0830721003134796,0.186777920410783,0,0.140868140868141,0.197395833333333
"180","PLANTATION GENERAL HOSPITAL","http://www.floridahealthfinder.gov/facilitylocator/FacilityProfilePage.aspx?id=9964",100167,3194,"0.4962409052279305635612509500",10789,"0.3978082018029498055204967600",3.37789605510332,137689894,"0.3488390377499242938519660400",43108.9211020664,661,567,1445,241,152,128,"Broward",0,0.206950532247965,0.452410770194114,0.047589229805886,0.177520350657483,0.0754539762053851,0.0400751408891672,0.0766643470192531,0.0678149051999249,0.0178236397748593,0.0718267038256904,0.0258528212829865,0.0131093814010651
"181","POINCIANA MEDICAL CENTER","http://www.floridahealthfinder.gov/facilitylocator/FacilityProfilePage.aspx?id=327537",23960111,577,"0.0896465254591471306120356300",1833,"0.0675857293451484839669172800",3.17677642980936,47800555,"0.1211032932461429046790250600",82843.2495667244,0,0,186,160,99,93,"Osceola",0,0,0.322357019064125,0.17157712305026,0,0.277296360485269,0.161178509532062,0,0.0348837209302326,0.0432314410480349,0,0.0525796910943148,0.0379127598858541
"182","PORT SAINT LUCIE HOSPITAL","http://www.floridahealthfinder.gov/facilitylocator/FacilityProfilePage.aspx?id=10089",110022,186,"0.0288981867164668393307428500",2378,"0.0876807770773393861829401500",12.7849462365591,3584078,"0.0090803056376866203648930600",19269.2365591398,0,0,34,53,0,59,"St Lucie",0,0,0.182795698924731,0,0,0.28494623655914,0.317204301075269,0,0.0141725719049604,0,0,0.0435139573070608,0.0449695121951219
"183","PROMISE HOSPITAL OF FLORIDA AT THE VILLAGES","http://www.floridahealthfinder.gov/facilitylocator/FacilityProfilePage.aspx?id=254284",23960086,274,"0.0425704470984511504119545300",9466,"0.3490270125374662025263715200",34.5474452554745,53993771,"0.1367938820559319160313956100",197057.558394161,0,0,0,48,61,151,"Sumter",0,0,0,0.222627737226277,0,0.175182481751825,0.551094890510949,NA,0,0.162234042553191,NA,0.228571428571429,0.321276595744681
"184","PROMISE HOSPITAL OF FORT MYERS","http://www.floridahealthfinder.gov/facilitylocator/FacilityProfilePage.aspx?id=317825",23960107,379,"0.0588839395996824306793093600",9558,"0.3524192040812488869371497000",25.2189973614776,65761009,"0.1666063240706984002567231500",173511.897097625,0,0,0,0,145,180,"Lee",0,0,0,0.382585751978892,0,0,0.474934036939314,0,0,0.0496235455167693,0,0,0.0555555555555556
"185","PROMISE HOSPITAL OF MIAMI","http://www.floridahealthfinder.gov/facilitylocator/FacilityProfilePage.aspx?id=263959",23960094,427,"0.066341536171673873087243000",12503,"0.4610062051295098172604292400",29.2810304449649,83676609,"0.2119957167352939854558393800",195963.955503513,0,0,0,0,212,196,"Miami-Dade",0,0,0,0.496487119437939,0,0,0.459016393442623,0,0,0.0205506010081427,0,0,0.0160078405749755
"186","PUTNAM COMMUNITY MEDICAL CENTER","http://www.floridahealthfinder.gov/facilitylocator/FacilityProfilePage.aspx?id=10014",100232,502,"0.0779940308154105018496393200",1648,"0.0607644746103680859669829100",3.28286852589641,25342650,"0.0642059150690690407938546800",50483.3665338645,0,0,131,112,97,139,"Putnam",0,0,0.260956175298805,0.193227091633466,0,0.223107569721116,0.276892430278884,NA,1,1,NA,1,1
"187","RAULERSON HOSPITAL","http://www.floridahealthfinder.gov/facilitylocator/FacilityProfilePage.aspx?id=10030",100252,504,"0.0783047640059101452833032200",1586,"0.0584784324830362769075454500",3.1468253968254,31457872,"0.0796989051218260538837043100",62416.4126984127,0,0,146,93,133,115,"Okeechobee",0,0,0.28968253968254,0.263888888888889,0,0.18452380952381,0.228174603174603,NA,1,1,NA,1,1
"188","REGIONAL GENERAL HOSPITAL WILLISTON","http://www.floridahealthfinder.gov/facilitylocator/FacilityProfilePage.aspx?id=9941",100139,67,"0.0104095618817380550277407100",233,"0.0085910938011017985620795000",3.47761194029851,397490,"0.0010070457975312073924845800",5932.68656716418,0,0,0,0,0,0,"Levy",0,0,0,0,0,0,0,NA,NA,NA,NA,NA,NA
"189","REGIONAL MEDICAL CENTER BAYONET POINT","http://www.floridahealthfinder.gov/facilitylocator/FacilityProfilePage.aspx?id=10034",100256,1847,"0.2869621014264207109886131800",7995,"0.2947888194841582811322987900",4.32864103952355,264972790,"0.6713118182334628163105077900",143461.174878181,0,59,371,438,421,530,"Pasco",0,0,0.200866269626421,0.227937195452084,0.0319436924742826,0.23714131023281,0.28695181375203,0,0.130541871921182,0.222987288135593,0.0797297297297297,0.20184331797235,0.25815879201169
"192","SACRED HEART HOSPITAL","http://www.floridahealthfinder.gov/facilitylocator/FacilityProfilePage.aspx?id=9848",100025,6901,"1.0721848738190196678572926700",27378,"1.0094719574530688456335304900",3.96725112302565,244539766,"0.6195445009423251741066415100",35435.4102304014,1394,1115,2220,614,740,818,"Escambia",0,0.201999710186929,0.321692508332126,0.107230836110709,0.161570786842487,0.0889726126648312,0.118533545862918,0.622599374720858,0.560323069156991,0.439691027926322,0.657817109144543,0.38112973308504,0.412714429868819
"193","SACRED HEART HOSPITAL ON THE EMERALD COAST","http://www.floridahealthfinder.gov/facilitylocator/FacilityProfilePage.aspx?id=143584",23960041,2004,"0.3113546568806427205312294600",5068,"0.1868655080857678760198236700",2.52894211576846,53123266,"0.1345884469456652333697065400",26508.6157684631,332,276,699,172,259,266,"Walton",0,0.165668662674651,0.348802395209581,0.129241516966068,0.137724550898204,0.0858283433133733,0.132734530938124,1,1,1,1,1,1
"194","SACRED HEART HOSPITAL ON THE GULF","http://www.floridahealthfinder.gov/facilitylocator/FacilityProfilePage.aspx?id=238505",23960084,89,"0.0138276269772341327980436200",250,"0.0092179118037572945945059000",2.80898876404494,1304107,"0.0033039711033762617398950600",14652.8876404494,0,0,0,0,30,0,"Gulf",0,0,0,0.337078651685393,0,0,0,NA,NA,1,NA,NA,NA
"195","SANTA ROSA MEDICAL CENTER","http://www.floridahealthfinder.gov/facilitylocator/FacilityProfilePage.aspx?id=9928",100124,754,"0.1171464128183655744912909300",2137,"0.0787947100985173541938364600",2.8342175066313,37335751,"0.0945905837687025432970980100",49516.9111405836,93,47,279,122,124,89,"Santa Rosa",0,0.123342175066313,0.370026525198939,0.164456233421751,0.0623342175066313,0.161803713527851,0.118037135278515,1,0.63265306122449,0.394904458598726,1,0.448529411764706,0.320143884892086
"196","SARASOTA MEMORIAL HOSPITAL","http://www.floridahealthfinder.gov/facilitylocator/FacilityProfilePage.aspx?id=9902",100087,8636,"1.3417459165774603465607273600",32001,"1.1799295825281487372751336500",3.70553496989347,446555533,"1.1313539280785891501282826000",51708.6073413617,1404,1182,2736,806,1197,1311,"Sarasota",0,0.162575266327003,0.316813339509032,0.138605836035201,0.136868920796665,0.0933302454840204,0.151806391848078,1,0.837209302325581,0.580786026200873,1,0.685374149659864,0.601652134006425
"203","SHANDS AT VISTA","http://www.floridahealthfinder.gov/facilitylocator/FacilityProfilePage.aspx?id=10152",120011,1322,"0.205394638920264309651839000",5630,"0.2075873738206142742682729400",4.25869894099849,16530164,"0.0418793735407221648740407200",12503.9062027231,373,280,247,307,56,59,"Alachua",0,0.2821482602118,0.186838124054463,0.0423600605143722,0.211800302571861,0.232223903177005,0.0446293494704992,0.109320046893318,0.0439033060789193,0.0221694378463975,0.101339124140427,0.114126394052045,0.0221305326331583
"204","SHANDS LAKE SHORE REGIONAL MEDICAL CENTER","http://www.floridahealthfinder.gov/facilitylocator/FacilityProfilePage.aspx?id=9911",100102,510,"0.0792369635774090755842949200",1947,"0.0717890971276618103020119800",3.81764705882353,21609254,"0.0547473104442487445492388300",42371.0862745098,58,0,185,98,82,66,"Columbia",0,0.113725490196078,0.362745098039216,0.16078431372549,0,0.192156862745098,0.129411764705882,1,0.502717391304348,0.287719298245614,NA,0.411764705882353,0.276150627615063
"205","SHANDS LIVE OAK REGIONAL MEDICAL CENTER","http://www.floridahealthfinder.gov/facilitylocator/FacilityProfilePage.aspx?id=9947",100146,97,"0.0150705597392327065326992300",294,"0.0108402642812185784431389400",3.03092783505155,2692348,"0.0068210967292046369990215300",27756.1649484536,0,0,0,0,32,0,"Suwannee",0,0,0,0.329896907216495,0,0,0,NA,NA,1,NA,NA,NA
"208","SOUTH BAY HOSPITAL","http://www.floridahealthfinder.gov/facilitylocator/FacilityProfilePage.aspx?id=10036",100259,389,"0.0604376055521806478476288700",1238,"0.0456470992522061228319932300",3.18251928020566,30611829,"0.0775554447890360584222843200",78693.64781491,0,0,80,78,123,100,"Hillsborough",0,0,0.205655526992288,0.316195372750643,0,0.200514138817481,0.25706940874036,0,0.00463016552841764,0.0179483437910404,0,0.0101430429128739,0.0134156157767642
"209","SOUTH FLORIDA BAPTIST HOSPITAL","http://www.floridahealthfinder.gov/facilitylocator/FacilityProfilePage.aspx?id=9936",100132,1376,"0.2137844350637546823607643400",4223,"0.1557089661890682202903937200",3.06904069767442,57616068,"0.1459710159995780453533275100",41872.1424418605,100,70,437,279,244,246,"Hillsborough",0,0.0726744186046512,0.317587209302326,0.177325581395349,0.0508720930232558,0.202761627906977,0.178779069767442,0.0137627305257363,0.0252922791989814,0.0356048445936086,0.0107708878288968,0.0362808842652796,0.0330024148108398
"210","SOUTH LAKE HOSPITAL","http://www.floridahealthfinder.gov/facilitylocator/FacilityProfilePage.aspx?id=9869",100051,3061,"0.4755771480597042752226014900",8274,"0.3050760090571514218997673800",2.70303822280301,155623019,"0.3942728302172865760989408100",50840.5811826201,238,180,1003,551,526,563,"Lake",0,0.0777523685070238,0.327670695851029,0.171839268213002,0.0588043123162365,0.18000653381248,0.183926821300229,0.348462664714495,0.44997756841633,0.373845060412225,0.355029585798817,0.428793774319066,0.381178063642519
"211","SOUTH MIAMI HOSPITAL","http://www.floridahealthfinder.gov/facilitylocator/FacilityProfilePage.aspx?id=9954",100154,8014,"1.2451078943320712386912539500",30247,"1.1152567133129875584000802300",3.77427002745196,353978390,"0.8968085991254189226088433000",44170.0012478163,1427,1386,3367,528,606,700,"Miami-Dade",0,0.178063389069129,0.420139755428001,0.0756176690791115,0.172947342151235,0.0658847017718992,0.0873471425006239,0.1806786528235,0.145675593821659,0.0587436991081815,0.179883192731992,0.0470924009989297,0.0571708591963411
"212","SOUTHERN WINDS HOSPITAL","http://www.floridahealthfinder.gov/facilitylocator/FacilityProfilePage.aspx?id=10104",110040,364,"0.0565534406709351049268301000",2554,"0.0941701869871845215774723100",7.01648351648352,3891090,"0.0098581243108397840771411000",10689.8076923077,0,0,75,149,53,42,"Miami-Dade",0,0,0.206043956043956,0.145604395604396,0,0.409340659340659,0.115384615384615,0,0.00324492709730455,0.00513765025203567,0,0.0132893328576525,0.00343025155178046
"214","SPRINGBROOK HOSPITAL","http://www.floridahealthfinder.gov/facilitylocator/FacilityProfilePage.aspx?id=10117",110054,1574,"0.2445470209232193822934906100",11007,"0.4058462208958261664069059100",6.99301143583227,16527855,"0.0418735236608597795112158800",10500.543202033,93,113,375,410,282,301,"Hernando",0,0.0590851334180432,0.238246505717916,0.179161372299873,0.0717916137229987,0.260482846251588,0.191232528589581,0.168173598553345,0.217265353418308,0.246073298429319,0.270334928229665,0.369369369369369,0.288867562380038
"215","ST ANTHONYS HOSPITAL","http://www.floridahealthfinder.gov/facilitylocator/FacilityProfilePage.aspx?id=9882",100067,3637,"0.5650683069236015841178051700",13157,"0.4851202624081388999196566800",3.61754193016222,175879012,"0.4455916372953805010372181800",48358.2656035194,140,119,923,806,831,818,"Pinellas",0,0.0384932636788562,0.25378058839703,0.228485015122354,0.0327192741270278,0.221611218036844,0.224910640637888,0.0464344941956882,0.0997837837837838,0.15852727966425,0.0454892966360856,0.182518115942029,0.159205916699105
"216","ST CLOUD REGIONAL MEDICAL CENTER","http://www.floridahealthfinder.gov/facilitylocator/FacilityProfilePage.aspx?id=9889",100074,783,"0.1216520440806104042794175000",2329,"0.085874066363802956442417000",2.97445721583653,38269174,"0.0969554224048165894313784500",48875.0625798212,0,0,236,183,184,145,"Osceola",0,0,0.301404853128991,0.234993614303959,0,0.233716475095785,0.185185185185185,0,0.0442610652663166,0.0803493449781659,0,0.0601380216891226,0.0591112922951488
"217","ST JOSEPHS HOSPITAL","http://www.floridahealthfinder.gov/facilitylocator/FacilityProfilePage.aspx?id=9890",100075,13564,"2.1073924979685817671085810500",53016,"1.9547872487519869208892998800",3.90858153936892,560722919,"1.4205984028739882832482110300",41339.0533028605,3020,2966,4741,1026,849,962,"Hillsborough",0,0.2226481863757,0.34952816278384,0.0625921557062813,0.218667059864347,0.0756414037157181,0.0709230315541138,0.415634461877236,0.27439518462785,0.12388734860645,0.456377904292968,0.133420026007802,0.129058223772471
"219","ST JOSEPHS HOSPITAL NORTH","http://www.floridahealthfinder.gov/facilitylocator/FacilityProfilePage.aspx?id=291707",23960100,2569,"0.3991367831967919905412816800",7563,"0.2788602678872656760729925900",2.94394706111327,93983905,"0.2381093777599995725944509800",36583.8478007007,224,211,839,441,418,436,"Hillsborough",0,0.0871934604904632,0.32658622031919,0.162709225379525,0.082133125729856,0.171662125340599,0.169715842740366,0.0308285163776493,0.04855886097928,0.0609951845906902,0.0324665333128174,0.0573472041612484,0.0584920847866917
"220","ST JOSEPHS HOSPITAL SOUTH","http://www.floridahealthfinder.gov/facilitylocator/FacilityProfilePage.aspx?id=314126",23960105,3204,"0.4977945711804287807295704600",8949,"0.3299643709272961173049333200",2.79307116104869,101177742,"0.2563350521643229729183058700",31578.5711610487,463,374,1143,483,357,384,"Hillsborough",0,0.144506866416979,0.356741573033708,0.111423220973783,0.116729088639201,0.150749063670412,0.119850187265918,0.0637214423341591,0.066153489987267,0.052093973442288,0.0575473149715341,0.0628088426527958,0.0515159645827743
"221","ST LUCIE MEDICAL CENTER","http://www.floridahealthfinder.gov/facilitylocator/FacilityProfilePage.aspx?id=10037",100260,2055,"0.3192783532383836280896589500",7427,"0.2738457238660217078135813800",3.61411192214112,188026875,"0.4763683974230185438269484500",91497.2627737226,124,128,535,346,486,436,"St Lucie",0,0.0603406326034063,0.260340632603406,0.236496350364963,0.062287104622871,0.168369829683698,0.212165450121654,0.144353899883586,0.223009587328053,0.386020651310564,0.167979002624672,0.284072249589491,0.332317073170732
"222","ST MARY'S MEDICAL CENTER","http://www.floridahealthfinder.gov/facilitylocator/FacilityProfilePage.aspx?id=9835",100010,5039,"0.7828922734638516311162002300",22802,"0.8407472997970953253756944300",4.52510418733876,442393676,"1.1208098122473082670749638000",87793.9424488986,1092,1162,1259,637,411,478,"Palm Beach",0,0.216709664615995,0.249851160944632,0.0815638023417345,0.230601309783687,0.126413971025997,0.094860091287954,0.159090909090909,0.0793220766129032,0.0596257072392282,0.178467209338043,0.0954450104884627,0.0602774274905422
"223","ST PETERSBURG GENERAL HOSPITAL","http://www.floridahealthfinder.gov/facilitylocator/FacilityProfilePage.aspx?id=9975",100180,1068,"0.1659315237268095935765234900",3575,"0.1318161387937293127014344200",3.34737827715356,94504139,"0.2394273969892452143631038300",88487.0215355805,117,61,392,153,185,160,"Pinellas",0,0.109550561797753,0.367041198501873,0.173220973782772,0.0571161048689139,0.143258426966292,0.149812734082397,0.0388059701492537,0.0423783783783784,0.0352918733307898,0.0233180428134557,0.0346467391304348,0.0311405216037369
"224","ST VINCENT'S MEDICAL CENTER CLAY COUNTY","http://www.floridahealthfinder.gov/facilitylocator/FacilityProfilePage.aspx?id=351114",23960117,1669,"0.2593068474719524453925259300",4562,"0.1682084545949631117605437200",2.73337327741162,62378704,"0.1580372128069715381478963800",37374.8975434392,146,110,546,300,282,285,"Clay",0,0.0874775314559617,0.327142001198322,0.168963451168364,0.0659077291791492,0.179748352306771,0.170760934691432,0.206798866855524,0.319298245614035,0.360153256704981,0.225872689938398,0.346820809248555,0.317018909899889
"225","ST VINCENT'S MEDICAL CENTER RIVERSIDE","http://www.floridahealthfinder.gov/facilitylocator/FacilityProfilePage.aspx?id=9859",100040,5004,"0.7774544426301078710270819500",17354,"0.6398705657696163615722217900",3.46802557953637,264130153,"0.6691769870435101030256930100",52783.8035571543,563,363,1687,644,850,897,"Duval",0,0.112509992006395,0.337130295763389,0.16986410871303,0.0725419664268585,0.128697042366107,0.179256594724221,0.117120865404618,0.118137254901961,0.146576996033799,0.096903363587827,0.111226252158895,0.143865276663994
"226","ST VINCENT'S MEDICAL CENTER SOUTHSIDE","http://www.floridahealthfinder.gov/facilitylocator/FacilityProfilePage.aspx?id=256120",23960088,3688,"0.5729920032813424916762346600",10573,"0.3898439260045035029908436600",2.86686550976139,149952760,"0.3799071593906909221249988000",40659.6420824295,531,432,1439,367,463,456,"Duval",0,0.143980477223427,0.390184381778742,0.125542299349241,0.117136659436009,0.0995119305856833,0.123644251626898,0.11046390680258,0.100770308123249,0.079841351957234,0.115323011211959,0.0633851468048359,0.0731355252606255
"227","STEWARD MELBOURNE HOSPITAL","http://www.floridahealthfinder.gov/facilitylocator/FacilityProfilePage.aspx?id=141039",23960034,540,"0.0838979614349037270892534500",1746,"0.0643778960374409454480292300",3.23333333333333,60951178,"0.1544205581510895427161523400",112872.551851852,0,0,114,95,172,154,"Brevard",0,0,0.211111111111111,0.318518518518519,0,0.175925925925926,0.285185185185185,0,0.0249726177437021,0.0538678358910116,0,0.0456292026897214,0.0452010566480775
"228","STEWARD ROCKLEDGE HOSPITAL","http://www.floridahealthfinder.gov/facilitylocator/FacilityProfilePage.aspx?id=9906",100092,1414,"0.2196883656832479076003784700",5340,"0.1968945961282558125386461000",3.77652050919378,97390720,"0.2467405854097927254104396800",68876.0396039604,151,97,358,206,287,315,"Brevard",0,0.106789250353607,0.253182461103253,0.202970297029703,0.0685997171145686,0.145685997171146,0.222772277227723,0.0915706488781079,0.0784227820372399,0.0898841215158158,0.0745007680491551,0.0989433237271854,0.0924567067801585
"229","STEWARD SEBASTIAN RIVER MEDICAL CENTER","http://www.floridahealthfinder.gov/facilitylocator/FacilityProfilePage.aspx?id=9999",100217,764,"0.1187000787708637916596104300",2463,"0.0908148670906168663450721600",3.2238219895288,77814975,"0.1971451949954614329064948700",101852.061518325,0,0,188,121,242,193,"Indian River",0,0,0.246073298429319,0.316753926701571,0,0.158376963350785,0.25261780104712,0,0.224076281287247,0.337047353760446,0,0.300248138957816,0.261517615176152
"230","TALLAHASSEE MEMORIAL HOSPITAL","http://www.floridahealthfinder.gov/facilitylocator/FacilityProfilePage.aspx?id=9938",100135,9475,"1.4720984899920607669827341100",37302,"1.3753861844150184118570368200",3.93688654353562,380886335,"0.9649802083041425742744662000",40199.0854881266,1637,1259,3153,965,1192,1269,"Leon",0,0.172770448548813,0.332770448548813,0.125804749340369,0.13287598944591,0.101846965699208,0.133931398416887,0.809995051954478,0.730368311327311,0.677657760090961,0.825573770491803,0.602372034956305,0.706570155902004
"231","TAMPA COMMUNITY HOSPITAL","http://www.floridahealthfinder.gov/facilitylocator/FacilityProfilePage.aspx?id=10033",100255,732,"0.1137283477228694967209880100",2982,"0.1099512519952170099232664100",4.07377049180328,43295968,"0.1096908667499701483468156200",59147.4972677596,42,0,233,233,99,96,"Hillsborough",0,0.0573770491803279,0.318306010928962,0.135245901639344,0,0.318306010928962,0.131147540983607,0.00578034682080925,0.0134853571015164,0.014446227929374,0,0.0302990897269181,0.0128789911456936
"232","TAMPA GENERAL HOSPITAL","http://www.floridahealthfinder.gov/facilitylocator/FacilityProfilePage.aspx?id=9932",100128,12116,"1.8824216680468399211359162500",64364,"2.3732067013481380371231118500",5.31231429514691,1138081876,"2.8833444123681920998865812000",93932.1455926048,1504,1301,3886,1931,1667,1827,"Hillsborough",0,0.124133377352261,0.320732915153516,0.137586662264774,0.107378672829317,0.159376031693628,0.150792340706504,0.206991467107074,0.224910290542887,0.24325113089158,0.200184643791353,0.25110533159948,0.245103300241481
"233","THE VILLAGES REGIONAL HOSPITAL","http://www.floridahealthfinder.gov/facilitylocator/FacilityProfilePage.aspx?id=10169",23960032,978,"0.1519485301543256390616479100",4095,"0.1509893953455444854580067000",4.18711656441718,36738679,"0.0930778945226245210569270500",37565.1114519427,0,0,173,162,315,319,"Sumter",0,0,0.176891615541922,0.322085889570552,0,0.165644171779141,0.326175869120654,NA,1,0.837765957446808,NA,0.771428571428571,0.678723404255319
"234","TRADITION MEDICAL CENTER","http://www.floridahealthfinder.gov/facilitylocator/FacilityProfilePage.aspx?id=319609",23960108,3213,"0.4991928705376771761810580200",10503,"0.3872629106994514605043820100",3.26890756302521,104861920,"0.2656689623815785732826648500",32636.7631497043,520,435,1238,340,345,335,"St Lucie",0,0.161842514783691,0.385309679427326,0.107376283846872,0.135387488328665,0.105820105820106,0.10426392779334,0.605355064027939,0.516048353480617,0.274027005559968,0.570866141732283,0.279146141215107,0.255335365853659
"235","TWIN CITIES HOSPITAL","http://www.floridahealthfinder.gov/facilitylocator/FacilityProfilePage.aspx?id=9872",100054,282,"0.0438133798604497241466101300",741,"0.0273218905863366211781155000",2.62765957446809,30248107,"0.0766339506342909181289202700",107262.790780142,0,0,67,50,81,76,"Okaloosa",0,0,0.23758865248227,0.287234042553192,0,0.177304964539007,0.269503546099291,0,0.0715811965811966,0.140869565217391,0,0.0773993808049536,0.135472370766488
"236","UF HEALTH JACKSONVILLE","http://www.floridahealthfinder.gov/facilitylocator/FacilityProfilePage.aspx?id=9827",100001,2488,"0.3865520889815564314778936600",12841,"0.4734688218881896795522012200",5.16117363344051,180916186,"0.4583533794980358183182343400",72715.5088424437,293,218,764,522,287,404,"Duval",0,0.117765273311897,0.307073954983923,0.115353697749196,0.087620578778135,0.209807073954984,0.162379421221865,0.0609527771999168,0.0535014005602241,0.0494912916020003,0.0581954084356647,0.0901554404145078,0.0647955092221331
"237","UF HEALTH NORTH","http://www.floridahealthfinder.gov/facilitylocator/FacilityProfilePage.aspx?id=369080",23960123,1640,"0.2548012162097076156043993600",4651,"0.1714900311971007086361878300",2.8359756097561,44725623,"0.1133129152535035159905363200",27271.7213414634,288,188,648,190,168,158,"Duval",0,0.175609756097561,0.395121951219512,0.102439024390244,0.114634146341463,0.115853658536585,0.0963414634146341,0.0599126274183482,0.0453781512605042,0.0289705121572685,0.0501868659903897,0.0328151986183074,0.0253408179631115
"238","UF HEALTH SHANDS HOSPITAL","http://www.floridahealthfinder.gov/facilitylocator/FacilityProfilePage.aspx?id=9920",100113,11281,"1.7526905610132387875812373100",57378,"2.1156213739039441969742388900",5.08625121886358,711626132,"1.8029135466149796623905162800",63081.8306887687,1848,1654,2974,1662,1505,1638,"Alachua",0,0.163815264604202,0.263629110894424,0.133410158673876,0.146618207605709,0.147327364595337,0.145199893626452,0.541617819460727,0.528617134731603,0.595803642121932,0.598624683315237,0.617843866171004,0.614403600900225
"239","UNIVERSITY HOSPITAL AND MEDICAL CENTER","http://www.floridahealthfinder.gov/facilitylocator/FacilityProfilePage.aspx?id=10006",100224,1744,"0.2709593421156890741549222500",6810,"0.2510959175343487047543408100",3.90481651376147,97776689,"0.2477184426123068077422464700",56064.6152522936,213,250,413,345,279,244,"Broward",0,0.122133027522936,0.236811926605505,0.159977064220183,0.143348623853211,0.197821100917431,0.139908256880734,0.0247042449547669,0.0193823915900131,0.0327157598499062,0.0316696224980998,0.0370092254880927,0.0249897582957804
"240","UNIVERSITY OF MIAMI HOSPITAL AND CLINICS-SYLVESTER COMPREHENSIVE","http://www.floridahealthfinder.gov/facilitylocator/FacilityProfilePage.aspx?id=9894",100079,505,"0.0784601306011599670001351700",6628,"0.2443852777412133942895405100",13.1247524752475,208232193,"0.5275588187661508497694922000",412340.976237624,0,0,106,102,93,169,"Miami-Dade",0,0,0.20990099009901,0.184158415841584,0,0.201980198019802,0.334653465346535,0,0.00458616363085709,0.00901512214036448,0,0.00909739564752051,0.0138026788631166
"241","UNIVERSITY OF MIAMI HOSPITAL AND CLINICS-UHEALTH TOWER","http://www.floridahealthfinder.gov/facilitylocator/FacilityProfilePage.aspx?id=9834",100009,5354,"0.8318327509675454719182647400",27901,"1.0287558289465291059252368400",5.21124392977213,595325672,"1.5082649026391657196464044900",111192.691819201,122,129,1460,1141,1102,1400,"Miami-Dade",0,0.0227867015315652,0.272693313410534,0.205827418752335,0.0240941352259993,0.213111692192753,0.261486738886814,0.0154469485945809,0.0631679141608619,0.106824350523459,0.0167423750811162,0.10176596503746,0.114341718392682
"242","VENICE REGIONAL BAYFRONT HEALTH","http://www.floridahealthfinder.gov/facilitylocator/FacilityProfilePage.aspx?id=9885",100070,1029,"0.1598722265120665466200774000",3881,"0.1430988628415282412851096400",3.77162293488824,91322156,"0.2313658039731548878332282200",88748.4509232264,0,0,213,141,326,327,"Sarasota",0,0,0.206997084548105,0.316812439261419,0,0.137026239067055,0.317784256559767,0,0.0651774785801714,0.1581756428918,0,0.119897959183673,0.150068838916934
"243","VIERA HOSPITAL","http://www.floridahealthfinder.gov/facilitylocator/FacilityProfilePage.aspx?id=259436",23960092,1171,"0.1819342830375412304102144200",3282,"0.1210127461597257634366735000",2.80273270708796,57926249,"0.1467568633731573239268973100",49467.3347566183,0,0,381,181,301,281,"Brevard",0,0,0.32536293766012,0.257045260461144,0,0.154568744662681,0.239965841161401,0,0.0834611171960569,0.0942687128092703,0,0.0869356388088377,0.0824772527149985
"244","WEKIVA SPRINGS CENTER FOR WOMEN","http://www.floridahealthfinder.gov/facilitylocator/FacilityProfilePage.aspx?id=187055",23960061,806,"0.1252254757713563037665523700",4223,"0.1557089661890682202903937200",5.2394540942928,9290600,"0.0235378492202154403899902500",11526.7990074442,97,87,217,242,91,72,"Duval",0,0.120347394540943,0.269230769230769,0.112903225806452,0.107940446650124,0.300248138957816,0.0893300248138958,0.0201789057624298,0.0151960784313725,0.0156923607518538,0.0232247730912974,0.0417962003454231,0.0115477145148356
"245","WELLINGTON REGIONAL MEDICAL CENTER","http://www.floridahealthfinder.gov/facilitylocator/FacilityProfilePage.aspx?id=10077",110010,4531,"0.7039660430769421989655692100",15640,"0.5766725624430563498322893100",3.45177664974619,228393874,"0.5786386852337721509144665800",50406.9463694549,620,548,1712,451,603,597,"Palm Beach",0,0.136835135731627,0.37784153608475,0.133083204590598,0.120944603840212,0.0995365261531671,0.131758993599647,0.0903263403263403,0.107862903225806,0.0874800522268969,0.0841652587928122,0.0675756667665568,0.0752837326607818
"246","WEST BOCA MEDICAL CENTER","http://www.floridahealthfinder.gov/facilitylocator/FacilityProfilePage.aspx?id=10075",110008,5183,"0.8052650631798259583400011500",14691,"0.5416813692359936595515449000",2.83445880764036,237215736,"0.6009889809732882451806840600",45768.0370441829,877,984,1796,552,496,478,"Palm Beach",0,0.169207022959676,0.346517460929963,0.0956974725062705,0.189851437391472,0.106502025853753,0.0922245803588655,0.127768065268065,0.113155241935484,0.0719570578848107,0.151128858854247,0.0827090200779143,0.0602774274905422
"247","WEST FLORIDA HOSPITAL","http://www.floridahealthfinder.gov/facilitylocator/FacilityProfilePage.aspx?id=10013",100231,2990,"0.4645461197969669333275329800",11590,"0.4273423912221881774012936800",3.87625418060201,208395044,"0.5279714037750158643738181100",69697.3391304348,329,229,855,565,473,539,"Escambia",0,0.110033444816054,0.285953177257525,0.15819397993311,0.0765886287625418,0.188963210702341,0.180267558528428,0.146940598481465,0.215800100959112,0.281045751633987,0.135103244837758,0.350713842333954,0.271947527749748
"249","WEST KENDALL BAPTIST HOSPITAL","http://www.floridahealthfinder.gov/facilitylocator/FacilityProfilePage.aspx?id=190795",23960064,2338,"0.3632470996940831739531010400",8440,"0.3111967024948462655105193000",3.60992301112062,109322976,"0.2769711025545423658950266200",46759.1856287425,203,173,735,425,423,379,"Miami-Dade",0,0.0868263473053892,0.31437125748503,0.180923866552609,0.0739948674080411,0.181779298545766,0.162104362703165,0.0257027095467207,0.0318002855535846,0.0410042652190772,0.0224529526281635,0.0379058151980021,0.0309539366220189
"250","WESTCHESTER GENERAL HOSPITAL","http://www.floridahealthfinder.gov/facilitylocator/FacilityProfilePage.aspx?id=9962",100165,438,"0.0680505687194219119723944600",1656,"0.0610594477880883193940071000",3.78082191780822,11124383,"0.0281837609758172670669193500",25398.1347031963,0,0,183,70,94,76,"Miami-Dade",0,0,0.417808219178082,0.214611872146119,0,0.159817351598174,0.17351598173516,0,0.00791762211742309,0.0091120589375727,0,0.00624331073849447,0.00620712185560274
"251","WESTSIDE REGIONAL MEDICAL CENTER","http://www.floridahealthfinder.gov/facilitylocator/FacilityProfilePage.aspx?id=10010",100228,2744,"0.4263259373655107909868730800",11047,"0.4073210867844273335420268600",4.02587463556851,320078194,"0.8109220361495346318798284000",116646.572157434,50,55,678,572,680,709,"Broward",0,0.0182215743440233,0.247084548104956,0.247813411078717,0.0200437317784257,0.208454810495627,0.258381924198251,0.00579911853398283,0.0318190351041862,0.0797373358348968,0.00696731694958196,0.0613602231280841,0.0726136829168374
"252","WILLOUGH AT NAPLES, THE","http://www.floridahealthfinder.gov/facilitylocator/FacilityProfilePage.aspx?id=10107",110043,289,"0.0449009460271984761644337900",2480,"0.0914416850932723623774985600",8.58131487889273,3720305,"0.0094254384155182231459844000",12873.0276816609,0,0,56,102,39,83,"Collier",0,0,0.193771626297578,0.134948096885813,0,0.352941176470588,0.28719723183391,0,0.0219435736677116,0.0250320924261874,0,0.0835380835380835,0.0432291666666667
"253","WINDMOOR HEALTHCARE OF CLEARWATER","http://www.floridahealthfinder.gov/facilitylocator/FacilityProfilePage.aspx?id=10061",104017,600,"0.0932199571498930300991705000",2622,"0.0966774589978065057071779100",4.37,5768400,"0.0146143122556014408483434600",9614,42,62,181,213,62,40,"Pinellas",0,0.07,0.301666666666667,0.103333333333333,0.103333333333333,0.355,0.0666666666666667,0.0139303482587065,0.0195675675675676,0.0118275467378863,0.0237003058103976,0.0482336956521739,0.00778513040093422
