File.Number,Hospital.Name.x,Profile.Page,Discharges,X..of.Discharges,LOS,X..of.LOS,Avg..LOS,Charges,X..of.Charges,Avg.Charges,Discharges_0_24_female,Discharges_0_24_male,Discharges_25_54_female,Discharges_25_54_male,Discharges_55_female,Discharges_55_male,county.x,drop,Discharges_0_24_female_fw,Discharges_25_54_female_fw,Discharges_55_female_fw,Discharges_0_24_male_fw,Discharges_25_54_male_fw,Discharges_55_male_fw,Discharges_0_24_female_cw,Discharges_25_54_female_cw,Discharges_55_female_cw,Discharges_0_24_male_cw,Discharges_25_54_male_cw,Discharges_55_male_cw,WTP,prob,match,rpt_rec_num,Provider.CCN,Hospital.Name.y,Street.Address,City,State.Code,Zip.Code,County,Medicare.CBSA.Number,Rural.Versus.Urban,CCN.Facility.Type,Provider.Type,Type.of.Control,Fiscal.Year.Begin.Date,Fiscal.Year.End.Date,FTE...Employees.on.Payroll,Number.of.Interns.and.Residents..FTE.,Total.Days.Title.V,Total.Days.Title.XVIII,Total.Days.Title.XIX,Total.Days..V...XVIII...XIX...Unknown.,Number.of.Beds,Total.Bed.Days.Available,Total.Discharges.Title.V,Total.Discharges.Title.XVIII,Total.Discharges.Title.XIX,Total.Discharges..V...XVIII...XIX...Unknown.,Total.Days.Title.V...Total.for.all.Subproviders,Total.Days.Title.XVIII...Total.for.all.Subproviders,Total.Days.Title.XIX...Total.for.all.Subproviders,Total.Days..V...XVIII...XIX...Unknown....Total.for.all.Subproviders,Number.of.Beds...Total.for.all.Subproviders,Total.Bed.Days.Available...Total.for.all.Subproviders,Total.Discharges.Title.V...Total.for.all.Subproviders,Total.Discharges.Title.XVIII...Total.for.all.Subproviders,Total.Discharges.Title.XIX...Total.for.all.Subproviders,Total.Discharges..V...XVIII...XIX...Unknown....Total.for.all.Subproviders,Hospital.Total.Days.Title.V.For.Adults...Peds,Hospital.Total.Days.Title.XVIII.For.Adults...Peds,Hospital.Total.Days.Title.XIX.For.Adults...Peds,Hospital.Total.Days..V...XVIII...XIX...Unknown..For.Adults...Peds,Hospital.Number.of.Beds.For.Adults...Peds,Hospital.Total.Bed.Days.Available.For.Adults...Peds,Hospital.Total.Discharges.Title.V.For.Adults...Peds,Hospital.Total.Discharges.Title.XVIII.For.Adults...Peds,Hospital.Total.Discharges.Title.XIX.For.Adults...Peds,Hospital.Total.Discharges..V...XVIII...XIX...Unknown..For.Adults...Peds,Cost.of.Charity.Care,Total.Bad.Debt.Expense,Cost.of.Uncompensated.Care,Total.Unreimbursed.and.Uncompensated.Care,Total.Salaries.From.Worksheet.A,Overhead.Non.Salary.Costs,Depreciation.Cost,Total.Costs,Inpatient.Total.Charges,Outpatient.Total.Charges,Combined.Outpatient...Inpatient.Total.Charges,Wage.Related.Costs..Core.,Wage.Related.Costs..RHC.FQHC.,Total.Salaries..adjusted.,Contract.Labor,Wage.Related.Costs.for.Part...A.Teaching.Physicians,Wage.Related.Costs.for.Interns.and.Residents,Cash.on.Hand.and.in.Banks,Temporary.Investments,Notes.Receivable,Accounts.Receivable,Less..Allowances.for.Uncollectible.Notes.and.Accounts.Receivable,Inventory,Prepaid.Expenses,Other.Current.Assets,Total.Current.Assets,Land,Land.Improvements,Buildings,Leasehold.Improvements,Fixed.Equipment,Major.Movable.Equipment,Minor.Equipment.Depreciable,Health.Information.Technology.Designated.Assets,Total.Fixed.Assets,Investments,Other.Assets,Total.Other.Assets,Total.Assets,Accounts.Payable,Salaries..Wages..and.Fees.Payable,Payroll.Taxes.Payable,Notes.and.Loans.Payable..Short.Term.,Deferred.Income,Other.Current.Liabilities,Total.Current.Liabilities,Mortgage.Payable,Notes.Payable,Unsecured.Loans,Other.Long.Term.Liabilities,Total.Long.Term.Liabilities,Total.Liabilities,General.Fund.Balance,Total.Fund.Balances,Total.Liabilities.and.Fund.Balances,DRG.Amounts.Other.Than.Outlier.Payments,DRG.amounts.before.October.1,DRG.amounts.after.October.1,Outlier.payments.for.discharges,Disproportionate.Share.Adjustment,Allowable.DSH.Percentage,Managed.Care.Simulated.Payments,Total.IME.Payment,Inpatient.Revenue,Outpatient.Revenue,Gross.Revenue,Less.Contractual.Allowance.and.discounts.on.patients..accounts,Net.Patient.Revenue,Less.Total.Operating.Expense,Net.Income.from.Service.to.Patients,Total.Other.Income,Total.Income,Total.Other.Expenses,Net.Income,Cost.To.Charge.Ratio,Net.Revenue.from.Medicaid,Medicaid.Charges,Net.Revenue.from.Stand.Alone.SCHIP,Stand.Alone.SCHIP.Charges,Price,Wages,Beds,county.y,teach,short,long,nonprofit,profit,rural
100001,UF HEALTH JACKSONVILLE,http://www.floridahealthfinder.gov/facilitylocator/FacilityProfilePage.aspx?id=9827,2488,0.386552088981556,12841,0.47346882188819,5.16117363344051,180916186,0.458353379498036,72715.5088424437,293,218,764,522,287,404,duval,0,0.117765273311897,0.307073954983923,0.115353697749196,0.087620578778135,0.209807073954984,0.162379421221865,0.0609527771999168,0.0535014005602241,0.0494912916020003,0.0581954084356647,0.0901554404145078,0.0647955092221331,0.0661002264482534,0.0638518324350686,1,684264,100001,SHANDS JACKSONVILLE MEDICAL CENTER,655 WEST 8TH STREET,JACKSONVILLE,FL,32209-,DUVAL,27260,U,STH,5,2,07/01/2018,06/30/2019,4162.47,301.61,,31877,14013,154674,533,194545,,5443,2256,29255,,38225,17278,186510,589,214985,,5443,2256,29255,,20883,7304,96551,348,127020,,5443,2256,29255,80341082,69287473,98667149,142797453,266578578,455868755,33664816,645457091,1737762724,1865580115,3603342839,68109263,,266578578,517172,,135491,102597000,1429000,,119787000,,16691000,11623000,3415000,255542000,23918000,,390938000,,286318000,,,,249153000,,44609000,44609000,549304000,60344000,34655000,,17614000,,4920000,117533000,230786000,909000,,10148000,241843000,359376000,189928000,189928000,549304000,,11920636,39980740,2362201,4124862,0.3179,34038058,12588264,1737762553,1874706153,3612468706,2968336652,644132054,721857653,-77725599,111035777,33310178,-125826,33436004,0.179127,22577656,187723610,,,11.7238514494261,7.07714679511189,6.27852142416584,duval,0.0724593810886325,0,0,1,0,FALSE
100002,BETHESDA HOSPITAL EAST,http://www.floridahealthfinder.gov/facilitylocator/FacilityProfilePage.aspx?id=9828,3100,0.481636445274447,12985,0.478778339087154,4.18870967741935,190574194,0.482822061399273,61475.5464516129,370,323,1018,410,395,584,palm beach,0,0.119354838709677,0.328387096774194,0.12741935483871,0.104193548387097,0.132258064516129,0.188387096774194,0.0539044289044289,0.0641381048387097,0.0573045118235892,0.0496083550913838,0.0614324243332334,0.0736443883984868,0.0639986000141556,0.0619650409956845,1,682877,100002,BETHESDA HOSPITAL,2815 S. SEACREST BLVD,BOYNTON BEACH,FL,33435,PALM BEACH,48424,U,STH,5,2,10/01/2017,09/30/2018,1954.03,35.19,,33205,14291,96152,431,147638,,6783,1327,19615,,38743,14293,103639,467,160778,,7250,1328,20235,,20300,4780,68431,339,115883,,6783,1327,19615,16811190,16488507,20849930,44127832,117503054,213939968,24276979,320301760,1070032870,687703733,1757736603,33882030,,117503054,3493847,,87578,2757251,,,62507978,-19915347,,,13826607,59176489,20282811,6595061,117976141,102256,29340577,13359499,,,165413018,7647910,30025436,37673346,262262853,9284033,22877475,,,,21181867,53343375,,,,54434422,54434422,107777797,154485056,154485056,262262853,,,61957725,914702,2145286,0.1385,29983672,3011889,1073777627,901220160,1974997787,1675130206,299867581,331443022,-31575441,10491422,-21084019,551719,-21635738,0.182224,24117866,260545012,,,11.4886640574826,7.03049430268436,6.06610809010375,palm beach,0.0180089353797025,0,0,1,0,FALSE
100008,BAPTIST HOSPITAL OF MIAMI,http://www.floridahealthfinder.gov/facilitylocator/FacilityProfilePage.aspx?id=9833,12575,1.95373493526651,56019,2.06551280533872,4.45479125248509,719362825,1.82251455336342,57205.7912524851,1951,1941,4316,1222,1417,1728,miami-dade,0,0.155149105367793,0.343220675944334,0.112683896620278,0.154353876739563,0.0971769383697813,0.13741550695825,0.247024563180552,0.186734738026219,0.137359441644048,0.251914341336794,0.108990367463432,0.141130349558968,0.208531869260668,0.186763864056379,1,684024,100008,BAPTIST HOSPITAL,8900 NORTH KENDALL DRIVE,MIAMI,FL,33176,MIAMI-DADE,33124,U,STH,5,2,10/01/2017,09/30/2018,4912.22,,,39871,13185,184360,705,257325,,6049,736,30801,,43814,13200,191436,728,265720,,6321,737,31281,,37149,6179,156387,629,229585,,6049,736,30801,25084694,140694530,59570070,120654541,340601435,708353538,92296412,953405446,2527424958,2459384305,4986809263,74086054,,340601435,651480,205733,,49200,,,277766779,-136760998,,,26388471,167443452,94671661,10595148,737799921,6790701,39249812,310262079,,29160,793849005,,55238117,55238117,1016530574,,55186367,,2929088,1062500,129066958,188244913,,441533705,,63574017,505107722,693352635,323177939,323177939,1016530574,,,60414415,10213937,3342428,0.2213,,,2515783448,2471125915,4986909363,3817535278,1169374085,1048954973,120419112,28806523,149225635,5508926,143716709,0.191185,56004556,614000396,,,11.9793160252334,7.47546034264868,6.55819780281227,miami-dade,0,0,0,1,0,FALSE
100012,LEE MEMORIAL HOSPITAL,http://www.floridahealthfinder.gov/facilitylocator/FacilityProfilePage.aspx?id=9836,2409,0.374278127956821,10082,0.371739947221924,4.18513906185139,142653557,0.361414538931114,59216.9186384392,52,88,569,557,610,533,lee,0,0.0215857202158572,0.236197592361976,0.253217102532171,0.0365296803652968,0.231216272312163,0.221253632212536,0.0213377102995486,0.105175600739372,0.208761122518823,0.0415682569674067,0.22959604286892,0.164506172839506,0.187633716076553,0.169167104652278,1,683332,100012,LEE MEMORIAL HOSPITAL,2776 CLEVELAND AVENUE,FORT MYERS,FL,33901-,LEE,15980,U,STH,5,13,10/01/2017,09/30/2018,5457,20.25,,54784,17382,183739,743,271195,,11387,1649,39787,,86022,18551,223740,818,298895,,12062,1694,41069,,48054,8440,129267,539,196735,,11387,1649,39787,31920736,101368309,52996103,53440098,344164680,395580234,55104618,779295326,2166719674,1843249540,4009969214,94577055,,344164680,988887,,493166,1276229,832269448,,150074445,,19143367,,30145997,1032909486,70439296,18880000,462499178,,224677000,499649000,,,762347952,,32504857,32504857,1827762295,58014721,,,,,118763946,176778667,,,,580042028,580042028,756820695,1070941600,1070941600,1827762295,,,110636671,3095962,4726952,0.1709,50425439,1739872,2180195260,2126984639,4307179899,3366001626,941178273,739744914,201433359,13876137,215309496,-47791558,263101054,0.194339,125410286,712063354,,,11.5605403531456,,6.61069604471776,lee,0.0037108301264431,0,0,0,0,FALSE
100014,FLORIDA HOSPITAL NEW SMYRNA,http://www.floridahealthfinder.gov/facilitylocator/FacilityProfilePage.aspx?id=9837,753,0.116991046223116,3012,0.111057401411668,4,26505809,0.0671527926831237,35200.2775564409,0,0,147,154,213,217,volusia,0,0,0.195219123505976,0.282868525896414,0,0.204515272244356,0.288180610889774,0,0.0444242973708069,0.10162213740458,0,0.0920502092050209,0.0928540864356012,0.0870175074248834,0.0830025975495123,1,692174,100014,ADVENTHEALTH NEW SMYRNA BEACH,401 PALMETTO STREET,NEW SMYRNA BEACH,FL,32168-,VOLUSIA,19660,U,STH,2,1,01/01/2018,12/31/2018,551.8,,,8772,725,24673,112,40880,,1986,63,5605,,8772,725,24673,112,40880,,1986,63,5605,,7780,562,21814,98,35770,,1986,63,5605,4125448,5233073,6204643,11405514,40991252,74469115,5762924,106347291,199116291,206662061,405778352,7194429,,38915848,3549224,,,6660570,,,18472682,-6162946,2717936,1348806,1596222,28245329,6015162,204161,32755648,,2047903,13546384,,5215596,46503709,,3206086,3206086,77955124,1739024,,2428480,342323,,5637135,10146962,,,,,,10146962,67808162,67808162,77955124,,11750891,3430973,445937,,,,,198462808,216266836,414729644,303596343,111133301,115460367,-4327066,1294371,-3032695,,-3032695,0.262082,2734907,30279751,,,11.2117230701553,,4.71849887129509,volusia,0,0,1,0,0,FALSE
100017,HALIFAX HEALTH MEDICAL CENTER,http://www.floridahealthfinder.gov/facilitylocator/FacilityProfilePage.aspx?id=9840,4187,0.650519934311004,19153,0.706202659109454,4.57439694291856,169551288,0.429560270815375,40494.6950083592,529,450,1262,547,661,738,volusia,0,0.126343443993313,0.30140912347743,0.157869596369716,0.107475519465011,0.130642464771913,0.176259851922618,0.513094083414161,0.3813841039589,0.315362595419847,0.510783200908059,0.326957561267185,0.315789473684211,0.490952623249317,0.382837125124306,1,684266,100017,HALIFAX MEDICAL CENTER,HALIFAX MEDICAL CENTER,303 N CLYDE MORRIS BLVD,FL,32114,VOLUSIA,19660,U,STH,1,11,10/01/2017,09/30/2018,3202.64,24.83,,23568,22744,109708,436,159140,,4473,2025,20678,,34936,22744,133320,544,198560,,5444,2025,24020,,15353,16346,73425,310,113150,,4473,2025,20678,30423437,49980852,41775037,68663988,205976618,284070935,14991827,392976311,976039592,873611767,1849651359,48228740,,207541155,,,495787,41599000,227214000,,71183000,,11698000,,17358000,369552000,50431000,6359000,407066000,,31713000,162187000,,,379971000,,216224000,216224000,965747000,55450000,20226000,,,,16254000,91930000,438237000,,,130129000,568366000,660296000,305451000,305451000,965747000,,,43498330,655896,1721447,0.1583,41396398,1234526,976028054,873611767,1849639821,1379129409,470510412,488932333,-18421921,30986744,12564823,6569611,5995212,0.21246,34413594,270613954,,,11.2516146700965,6.73583736781028,6.07764224334903,volusia,0.00775297879249619,1,0,0,0,FALSE
100018,NAPLES COMMUNITY HOSPITAL,http://www.floridahealthfinder.gov/facilitylocator/FacilityProfilePage.aspx?id=9841,2392,0.371636895837574,9803,0.361452757648931,4.09824414715719,119156440,0.301884304386977,49814.5652173913,36,52,434,469,601,800,collier,0,0.0150501672240803,0.181438127090301,0.251254180602007,0.0217391304347826,0.196070234113712,0.334448160535117,0.0521739130434783,0.170062695924765,0.385750962772786,0.0936936936936937,0.384111384111384,0.416666666666667,0.434515541432825,0.345265653880018,1,684267,100018,NAPLES COMMUNITY HOSPITAL,350 7TH STREET NORTH,NAPLES,FL,34102,COLLIER,34940,U,STH,1,2,10/01/2017,09/30/2018,2647.02,15.31,,60306,7762,130500,535,195275,,12821,1313,24467,,70117,8073,146325,602,219730,,13862,1355,26615,,55596,4816,110661,467,170455,,12821,1313,24467,15621494,59619433,28152819,52163187,192915203,290447914,33642393,438449832,1242258943,1040345133,2282604076,37609708,,193300600,2805542,16078,293418,,,83879534,64449436,5949816,11027734,,27565154,208882990,25216389,8317110,185129479,248095718,50825859,283559935,,,327695669,,334759475,334759475,871338134,29613180,,,,,101187823,130801003,,,,110563196,110563196,241364199,576693782,629973935,871338134,,,105263910,1358980,1360536,0.0517,18246784,1760118,1249123602,1034313761,2283437363,1774669878,508767485,483363117,25404368,36383953,61788321,9778935,52009386,0.192083,14542457,202111065,444392,2300134,11.3597175143457,,6.28226674689601,collier,0.00578386260776269,1,0,1,0,FALSE
100019,HOLMES REGIONAL MEDICAL CENTER,http://www.floridahealthfinder.gov/facilitylocator/FacilityProfilePage.aspx?id=9842,8079,1.25520672302331,29150,1.0748085163181,3.60811981680901,398528096,1.00967582649856,49328.8892189627,1055,898,2463,872,1342,1449,brevard,0,0.130585468498577,0.304864463423691,0.166109667038,0.111152370342864,0.107934150266122,0.179353880430746,0.639781685870224,0.539539978094195,0.420294393986846,0.689708141321045,0.418828049951969,0.425300851188729,0.748331345211406,0.515995621389568,1,717951,100019,HOLMES REGL MEDICAL CENTER,1350 SOUTH HICKORY STREET,MELBOURNE,FL,32901,BREVARD,37340,U,STH,2,2,10/01/2017,09/30/2018,2142,,,53380,5062,145675,514,187610,,10197,1574,30103,,53380,5062,145675,514,187610,,10197,1574,30103,,46154,3420,119706,450,164250,,10197,1574,30103,31882763,10907074,40548191,53651247,169900970,311691592,28608898,490001737,1817736039,823371478,2641107517,53013933,,130835320,5618122,,,328354208,101764856,,154983605,-88497511,16095970,2261985,,518285406,18834605,8792586,182686687,113585021,45239305,213500394,,,189414049,1606968,8908944,10515912,718215367,8466561,14238161,,2838682,42168813,10595391,127268376,138838242,7306763,,,146145005,273413381,444801986,444801986,718215367,,,100304686,7279049,1248793,0.0498,,,1817920438,832039165,2649959603,2132848857,517110746,481592562,35518184,28190287,63708471,,63708471,0.185529,25030750,241579870,45085,651215,11.3854301191329,6.15905619880542,6.24222326545517,brevard,0,0,1,1,0,FALSE
100022,JACKSON MEMORIAL HOSPITAL,http://www.floridahealthfinder.gov/facilitylocator/FacilityProfilePage.aspx?id=9845,7487,1.16322969863542,51424,1.89608758638566,6.86843862695339,585113137,1.48239131977195,78150.5458795245,993,962,2101,1387,869,1175,miami-dade,0,0.132629891812475,0.280619740884199,0.116067850941632,0.128489381594764,0.185254441031121,0.156938693735809,0.125728032413269,0.090901224419158,0.0842380767739434,0.12485399091499,0.123706742775598,0.0959653707938582,0.112210756394823,0.105981621421176,1,683333,100022,JACKSON MEMORIAL,1611 NW 12TH AVENUE,MIAMI,FL,33136,DADE,33124,R,STH,5,9,10/01/2017,09/30/2018,9265.52,772.75,,52810,59887,377267,1436,524140,,6828,8409,56014,,61875,67931,429880,1642,599330,,7913,9172,64899,,41316,44005,279522,1148,419020,,6828,8409,56014,148955448,274663265,232744069,383755750,916684401,1026899205,12982376,1595606011,3978504723,1557915241,5536419964,168288999,,916684401,9742046,,15610369,308081873,14364383,,233222173,,35991083,11019507,,1460502309,74689484,37082427,835097372,,103822539,576186325,,,559202957,67582144,269410350,336992494,2356697760,129298655,139076501,,13573731,,825739286,1158591005,,,,575262411,575262411,1733853416,622844344,622844344,2356697760,,,79733184,15730235,9105530,0.4568,98297773,19284427,3978504723,1557915241,5536419964,4359598730,1176821234,1995959656,-819138422,994567508,175429086,,175429086,0.288202,248003000,1608109236,,,11.3540264186807,7.66994721235214,7.26961674960817,dade,0.0834006078449995,0,0,0,0,TRUE
100023,CITRUS MEMORIAL HOSPITAL,http://www.floridahealthfinder.gov/facilitylocator/FacilityProfilePage.aspx?id=9846,1063,0.165154690750561,3489,0.128645177133237,3.28222013170273,97141082,0.246108124470388,91383.896519285,84,53,284,134,268,240,citrus,0,0.0790216368767639,0.267168391345249,0.25211665098777,0.0498588899341486,0.126058325493885,0.225776105362183,0.661417322834646,0.643990929705215,0.635071090047393,1,0.650485436893204,0.62015503875969,0.966720809348023,0.656306480840176,1,718251,100023,CITRUS MEMORIAL HOSPITAL,502 HIGHLAND BLVD,INVERNESS,FL,32652,CITRUS,26140,U,STH,5,4,11/01/2017,10/31/2018,728.85,4.9,,21418,1374,45670,204,74460,,5078,278,10707,,21418,1374,45740,204,74460,,5078,278,10707,,18533,1153,38928,180,65700,,5078,278,10707,9254810,16973392,10862724,19346456,44404951,112276093,8692841,128404338,1036138278,784873501,1821011779,14731782,,44337435,5286216,,96311,522,,,35443599,-18624993,4956526,301608,,22912045,,1439172,44033164,19745661,13498390,29858255,3751702,,93675413,,53111223,53111223,169698681,4214236,3563786,4969079,154584,,54190,12955875,,543225,172786147,169430,173498802,186454677,-16755996,-16755996,169698681,,36365096,3131724,104779,570730,0.0578,20727380,568675,1036138278,784873501,1821011779,1667238694,153773085,156660125,-2887040,1910275,-976765,,-976765,0.070513,7241500,197132722,,,12.0440050939366,5.80768100871842,5.31811999384422,citrus,0.00672291966797009,0,0,0,1,FALSE
100025,SACRED HEART HOSPITAL,http://www.floridahealthfinder.gov/facilitylocator/FacilityProfilePage.aspx?id=9848,6901,1.07218487381902,27378,1.00947195745307,3.96725112302565,244539766,0.619544500942325,35435.4102304014,1394,1115,2220,614,740,818,escambia,0,0.201999710186929,0.321692508332126,0.107230836110709,0.161570786842487,0.0889726126648312,0.118533545862918,0.622599374720858,0.560323069156991,0.439691027926322,0.657817109144543,0.38112973308504,0.412714429868819,0.802346324968953,0.542279704245464,1,683488,100025,SACRED HEART HOSPITAL,5151 NORTH 9TH AVENUE,PENSACOLA,FL,32504-,ESCAMBIA,37860,U,STH,5,1,07/01/2018,06/30/2019,2757.66,54.48,,28546,12220,124370,561,198894,,6316,1032,24138,,28546,12220,124370,561,198894,,6316,1032,24138,,22578,7911,80517,419,148609,,6316,1032,24138,22683163,8943003,34594780,61780472,216050997,445992384,18671105,564229432,1118045783,1442374910,2560420693,34924938,,218587458,3665030,44443,,869829,,,291593562,-179529164,14840917,287390,,242649432,13609712,20803328,299783179,1859795,73676070,179862623,,,255414965,2416946,4626240,7043186,505107583,17007800,14724493,,,,31764996,186676482,66935943,,,518077,67454020,254130502,250977081,250977081,505107583,,13357160,44818164,800223,3320357,0.2283,27238544,1836362,1133819179,1747744027,2881563206,2140042772,741520434,799055806,-57535372,50872864,-6662508,,-6662508,0.220366,39907432,436787845,5114938,27127212,11.6900561225258,6.41348021449193,6.3297209055227,escambia,0.0197558799852049,0,0,0,0,FALSE
100026,BAY MEDICAL CENTER SACRED HEART HEALTH SYSTEM,http://www.floridahealthfinder.gov/facilitylocator/FacilityProfilePage.aspx?id=9849,1786,0.277484739116182,7960,0.293498311831632,4.4568868980963,121360301,0.307467813301397,67950.8964165733,48,60,381,374,432,491,bay,0,0.0268756998880179,0.213325867861142,0.241881298992161,0.0335946248600224,0.209406494960806,0.27491601343785,0.0808080808080808,0.293754818812645,0.59504132231405,0.130434782608696,0.535816618911175,0.623888182973316,0.729352671702414,0.496868883177645,1,720383,100026,BAY COUNTY HEALTH SYSTEM LLC,615 NORTH BONITA AVENUE,PANAMA CITY,FL,32401,BAY,37460,U,STH,5,4,01/01/2018,12/31/2018,1180.31,,,27135,2950,59970,293,106945,,4766,339,11247,,27135,2950,59970,293,106945,,4766,339,11247,,22217,2351,48841,236,86140,,4766,339,11247,7762487,89510056,21271467,21271467,96577663,154140313,7074576,195046612,729793422,601030989,1330824411,14323305,,96252089,5216947,30426,,3400,,,140738730,-127888885,6639645,1911191,,26482678,49757,13128,101746090,,1413102,45870757,,,83074616,,300745,300745,109858039,30060651,591858,6228395,,194332,5955962,-3253878,,13741514,,288642457,302383971,299130093,-189272054,-189272054,109858039,,41712951,2116228,926498,932466,0.0851,10189895,,729697498,635514701,1365212199,1170710132,194502067,250717976,-56215909,5014634,-51201275,,-51201275,0.146561,11634022,84031248,,,11.70671900524,3.96316531482508,5.68017260901707,bay,0,0,0,0,1,FALSE
100028,PARRISH MEDICAL CENTER,http://www.floridahealthfinder.gov/facilitylocator/FacilityProfilePage.aspx?id=9851,1105,0.171680087751053,3862,0.142398301544443,3.49502262443439,33079971,0.0838085128632273,29936.6253393665,153,112,321,119,180,220,brevard,0,0.138461538461538,0.290497737556561,0.16289592760181,0.101357466063348,0.107692307692308,0.199095022624434,0.0927835051546392,0.0703176341730559,0.0563733166301284,0.0860215053763441,0.0571565802113353,0.0645729380686821,0.0728605861009772,0.0701874406099939,1,684270,100028,PARRISH MEDICAL CENTER,951 N. WASHINGTON AVE,TITUSVILLE,FL,32799,BREVARD,37340,U,STH,1,2,10/01/2017,09/30/2018,815.84,,,11212,1183,28902,210,76650,,2380,248,6641,,11212,1183,28902,210,76650,,2380,248,6641,,10196,942,25279,202,73730,,2380,248,6641,2957173,18223564,6651555,11517066,45027231,103442629,8618719,125192794,231649861,393161910,624811771,10638328,,45027231,1934718,,,66526185,,,17528977,,2433781,5987317,,92476260,9201346,5785878,136736460,,74995314,,,,68871006,15824412,41186680,57011092,218358358,15806830,6157681,641194,,1514637,3173955,27294297,,,,91008700,91008700,118302997,38135108,100055361,218358358,,,18962092,318097,335155,0.0707,5969063,,231649860,393161910,624811770,493376255,131435515,148469860,-17034345,5981539,-11052806,,-11052806,0.200369,11004838,79205612,,,11.4519431607998,6.83219297005078,5.34710753071747,brevard,0,1,0,1,0,FALSE
100029,NORTH SHORE MEDICAL CENTER,http://www.floridahealthfinder.gov/facilitylocator/FacilityProfilePage.aspx?id=9852,1591,0.247188253042466,5235,0.193023073170678,3.29038340666248,95043747,0.24079450048547,59738.3702074167,210,172,617,230,159,203,miami-dade,0,0.131992457573853,0.387806411062225,0.0999371464487744,0.108108108108108,0.144563167818982,0.127592708988058,0.026589009875918,0.0266949335871587,0.015412950756107,0.0223231667748215,0.0205137352836247,0.0165795491669389,0.0231727174519604,0.0228966169382981,1,689385,100029,NORTH SHORE MEDICAL CENTER AND FMC C,1100 N.W. 95 ST,MIAMI,FL,33150-2098,DADE,33124,U,STH,5,4,06/01/2018,05/31/2019,1425.1,1.92,,23325,11478,108412,748,273020,,4399,1617,23084,,23325,11478,108412,748,273020,,4399,1617,23084,,18176,6647,79860,660,240900,,4399,1617,23084,26418311,41286430,31277669,62099121,115241805,195553397,12707773,276929677,1961659971,1058294063,3019954034,25608384,,115241805,812900,,113,104531,-395880,289035,213151352,-161367781,4802958,1157064,14542767,72284046,10130100,3732139,98439673,4958436,21309032,118925734,,19890929,130052634,,39256484,39256484,241593164,12571129,1813563,5154944,3073963,,10822340,33435939,1777982,,,1272006,3049988,36485927,205107237,205107237,241593164,,11339222,24766707,1121656,3115040,0.3451,45114352,,1972072533,1061158265,3033230798,2740497194,292733604,310817766,-18084162,7930971,-10153191,,-10153191,0.0917,39435199,711534096,288200,6003027,11.7859991425418,4.36390896072493,6.61740297797448,dade,0.00134727387551751,0,0,0,1,FALSE
100032,BAYFRONT HEALTH ST PETERSBURG,http://www.floridahealthfinder.gov/facilitylocator/FacilityProfilePage.aspx?id=9854,5293,0.822355388657307,15950,0.588102773079715,3.01341394294351,312604756,0.791987989177259,59060.0332514642,940,820,2108,473,516,435,pinellas,0,0.177593047421122,0.398261855280559,0.097487247307765,0.154921594558851,0.0893633100321179,0.0821840166257321,0.311774461028192,0.227891891891892,0.0984357115604731,0.313455657492355,0.107110507246377,0.0846632931101596,0.255118448331259,0.220816620104666,1,716119,100032,BAYFRONT HEALTH ST. PETERSBURG,701 SIXTH STREET SOUTH,ST PETERSBURG,FL,33701,PINELLAS,45300,U,STH,3,4,10/01/2017,09/30/2018,1100.3,41,,15969,8293,71050,337,128721,,3072,3327,15135,,19167,8339,76909,358,135958,,3351,3348,15611,,11864,2201,49760,297,110236,,3072,3327,15135,14758074,71201261,23595391,42241208,84755431,159624295,13971310,226809541,1419220044,553104026,1972324070,15338448,,84755431,3871597,,118160,-2573591,,,144120914,-98903318,10007953,2098488,1583345,56333791,35801678,2267919,110553094,44730868,3487792,46346597,12175803,,188557136,,9275110,9275110,254166037,12988366,7064867,855301,281866,,7425651,147268912,,41693215,,39883441,81576656,228845568,25320469,25320469,254166037,,,28819647,1168235,1407119,0.1953,20671872,1699523,1419220044,553281324,1972501368,1758189060,214312308,244379726,-30067418,2301637,-27765781,,-27765781,0.114996,21294661,303067812,19361,647862,11.7468372312635,6.11491367577228,5.82008293035236,pinellas,0.0372625647550668,0,0,0,1,FALSE
100034,MOUNT SINAI MEDICAL CENTER,http://www.floridahealthfinder.gov/facilitylocator/FacilityProfilePage.aspx?id=9855,6564,1.01982633121983,25531,0.94137002504691,3.88954905545399,285605007,0.723583793436869,43510.8176416819,742,707,2157,890,847,1221,miami-dade,0,0.113040828762949,0.328610603290676,0.12903717245582,0.107708714198659,0.135588056063376,0.186014625228519,0.0939478348949101,0.0933241033184788,0.0821054672353626,0.0917585983127839,0.0793792365322868,0.0997223129696178,0.0955231962912122,0.0910777740333806,1,685711,100034,MT. SINAI MEDICAL CENTER,4300 ALTON ROAD,MIAMI BEACH,FL,33140,DADE,33124,U,STH,1,2,01/01/2018,12/31/2018,3962.04,153.94,,25807,5830,102736,473,172645,,4763,1089,22517,,35069,5993,124187,589,214985,,5719,1124,25501,,20682,1843,77345,401,146365,,4763,1089,22517,14011300,58771656,29706114,29706114,263587448,332102290,34131687,395266213,1377660112,1098128095,2475788207,28103997,,258532358,2584396,334490,1521455,186919742,,,71559298,,10801722,8229890,2751900,286603209,,,452245725,,,,,,452245725,24194959,1089458,25284417,764133351,45885586,28456197,,16985130,,33472658,124799571,,302972879,,73172490,376145369,500944940,263188411,263188411,764133351,,36666855,11090733,980629,1946121,0.163,60208795,7274770,1386282029,1119834347,2506116376,1919263163,586853213,595689738,-8836525,109152194,100315669,71882686,28432983,0.159653,22371876,216869653,,,11.4955271852247,7.01740356949138,6.15909538849193,dade,0.0388537218200725,1,0,1,0,FALSE
100035,MANATEE MEMORIAL HOSPITAL,http://www.floridahealthfinder.gov/facilitylocator/FacilityProfilePage.aspx?id=9856,3127,0.485831343346193,11318,0.4173133031797,3.61944355612408,195893948,0.496299723502973,62645.9699392389,430,267,868,359,587,616,manatee,0,0.137511992324912,0.277582347297729,0.187719859290054,0.0853853533738407,0.114806523824752,0.196993923888711,0.38843721770551,0.396709323583181,0.390812250332889,0.333333333333333,0.297678275290216,0.413700470114171,0.481306248822356,0.381031172960822,1,712049,100035,MANATEE MEMORIAL HOSPITAL,206 SECOND STREET EAST,BRADENTON,FL,34208-,MANATEE,35840,U,STH,5,4,01/01/2018,12/31/2018,1474.73,44.06,,24677,14044,79866,295,107675,,4869,1247,18448,,24677,14044,79866,295,107675,,4869,1247,18448,,23189,12355,68957,254,92710,,4869,1247,18448,18681987,38850541,26352863,45138282,84906216,196413974,12836600,226420809,1331790586,909287732,2241078318,24049565,,86554518,348947,,815683,-551948,,,116540574,-79658090,9205107,1680002,,47965609,3202531,3020900,113973369,,17902075,129593238,,,119161737,,29315729,29315729,196443075,13442784,8487906,,,,4653390,26584080,,,22957517,3836266,26793783,53377863,143065212,143065212,196443075,,36043143,11896981,730117,2238804,0.1868,37596025,3748534,1331790586,909287731,2241078317,1952879386,288198931,279342964,8855967,2684255,11540222,,11540222,0.101032,17597462,314334421,12799,252904,11.7075117359907,6.13144164224774,5.68697535633982,manatee,0.0298766553877659,0,0,0,1,FALSE
100038,MEMORIAL REGIONAL HOSPITAL,http://www.floridahealthfinder.gov/facilitylocator/FacilityProfilePage.aspx?id=9857,11590,1.80069883894543,57690,2.12712532783503,4.97756686798965,809527447,2.05094773072912,69847.0618636756,2352,2162,3650,1210,1060,1156,broward,0,0.202933563416739,0.314926660914582,0.091458153580673,0.186540120793788,0.104400345125108,0.0997411561691113,0.272790535838553,0.171297165383893,0.124296435272045,0.273878895363567,0.129800472001716,0.11839410077837,0.222737828273861,0.197121703082809,1,688248,100038,MEMORIAL REGIONAL HOSPITAL,3501 JOHNSON STREET,HOLLYWOOD,FL,33021,BROWARD,22744,U,STH,1,11,05/01/2018,04/30/2019,7494.94,16.64,,29114,17585,194862,870,317550,,4397,2220,30148,,74889,19765,300120,1013,369745,,5697,2220,34868,,24731,7061,127871,694,253310,,4397,2220,30148,63514995,141450075,96903420,96903420,999402039,1083956349,61084737,923158911,3495566356,2667865230,6163431586,83622065,,675173571,1910616,853286,268844,370846275,1745951687,,799670446,-641926100,25102246,21506870,740284,2356460031,30878588,29849337,801565660,,2332358,520865240,,,515023285,228464378,164322887,392787265,3264270581,51885776,162628385,,161182126,-1962853,39666609,1637940200,690315163,,,261261637,951576800,2589517000,674753581,674753581,3264270581,,20289835,28244204,6700824,5252597,0.4329,48396316,504900,3543858326,3136270213,6680128539,5590398100,1089730439,2083358388,-993627949,226397265,-767230684,,-767230684,0.14978,35363026,314668224,6356725,28009926,12.1630782845436,8.44765352720673,6.76849321164863,broward,0.00222016453767475,1,0,0,0,FALSE
100039,BROWARD HEALTH MEDICAL CENTER,http://www.floridahealthfinder.gov/facilitylocator/FacilityProfilePage.aspx?id=9858,5276,0.819714156538059,28534,1.05209558163364,5.40826383623958,285739193,0.72392375531613,54158.3004169826,635,680,1572,863,647,879,broward,0,0.12035633055345,0.297952994692949,0.122630780894617,0.128885519332828,0.163570887035633,0.166603487490523,0.073648805381582,0.0737751079406796,0.0758677298311445,0.0861413731948315,0.0925767002789101,0.090024580090127,0.0849348574543932,0.0813929708705856,1,684028,100039,BROWARD HEALTH MEDICAL CENTER,1600 SOUTH ANDREWS AVENUE,FT. LAUDERDALE,FL,33316-,BROWARD,22744,U,STH,1,11,07/01/2018,06/30/2019,2867.6,104.41,,18364,19158,134220,572,208780,,3051,3014,22268,,22992,20121,150778,632,230680,,3511,3102,24589,,15083,9197,77372,339,123735,,3051,3014,22268,18298202,224137244,69144772,89641930,182073295,337603004,13374703,468877529,1341537036,732308833,2073845869,41799742,,182056243,1884922,34048,566641,9052,,,188749045,-110611686,17411945,,13611416,109169772,4602717,2102924,311467208,458238,15812150,1897840647,,,1904464901,18414523,6977608766,6996023289,9009657962,71430141,17166566,,,,6309022049,6397618756,135434991,1812982,,67651177,204899150,6602517906,2407140056,2407140056,9009657962,,7719462,26050063,2274152,2515830,0.298,26870483,2269684,1341527964,732317796,2073845760,1610255303,463590457,519676299,-56085842,81372671,25286829,,25286829,0.226091,83457532,485231939,990818,4496407,11.3426161081724,6.54841974542546,6.3491389913798,broward,0.0364102385269912,1,0,0,0,FALSE
100040,ST VINCENT'S MEDICAL CENTER RIVERSIDE,http://www.floridahealthfinder.gov/facilitylocator/FacilityProfilePage.aspx?id=9859,5004,0.777454442630108,17354,0.639870565769616,3.46802557953637,264130153,0.66917698704351,52783.8035571543,563,363,1687,644,850,897,duval,0,0.112509992006395,0.337130295763389,0.16986410871303,0.0725419664268585,0.128697042366107,0.179256594724221,0.117120865404618,0.118137254901961,0.146576996033799,0.096903363587827,0.111226252158895,0.143865276663994,0.133734491396892,0.125035935933543,1,683489,100040,ST. VINCENTS MEDICAL CENTER-RIVERSI,1 SHIRCLIFF WAY,JACKSONVILLE,FL,32204,DUVAL,27260,U,STH,5,1,07/01/2018,06/30/2019,1988.77,31.55,,32027,15199,100077,479,174835,,7251,576,22120,,32027,15199,100077,479,174835,,7251,576,22120,,25313,12291,80806,418,152570,,7251,576,22120,19753281,34879722,32105930,35575174,119466063,338694759,15027432,400779385,1421707533,1224252431,2645959964,26978908,,119695675,2258085,32413,393021,3293915,,,189819863,-120736333,11475901,331075,203169,92923909,5907356,8232455,157148675,72023852,168112843,150867011,,,120735131,204432,8173008,8464836,222123876,16792707,9180411,1119448,4181833,,64341030,95615429,,238366763,,38117,238404880,334020309,-111896433,-111896433,222123876,,18917707,60245654,675324,1545665,0.0781,58636726,2619911,1464939431,1229099220,2694038651,2220121702,473916949,458160822,15756127,12812439,28568566,-259175,28827741,0.151468,24311897,192881887,,,11.710069806263,6.02834507720003,6.17170059741092,duval,0.0158640767911825,0,0,0,0,FALSE
100043,MEASE DUNEDIN HOSPITAL,http://www.floridahealthfinder.gov/facilitylocator/FacilityProfilePage.aspx?id=9861,1235,0.19187774513353,4036,0.148813968159858,3.26801619433198,44209275,0.112004741252991,35796.983805668,195,119,257,187,248,229,pinellas,0,0.157894736842105,0.208097165991903,0.20080971659919,0.0963562753036437,0.151417004048583,0.185425101214575,0.0646766169154229,0.0277837837837838,0.0473101869515452,0.0454892966360856,0.0423460144927536,0.0445698715453484,0.0456451326038068,0.0445536280879733,1,693503,100043,MEASE HOSPITAL AND CLINIC,601 MAIN ST,DUNEDIN,FL,34698-5848,PINELLAS,45300,U,STH,2,2,01/01/2018,12/31/2018,600.27,,,9276,1804,28977,112,40880,,1894,202,6705,,9276,1804,28977,112,40880,,1894,202,6705,,8353,1561,26242,92,33580,,1894,202,6705,6729691,7185157,8474697,13078594,37433742,59330778,5098232,88610917,241954018,205381912,447335930,9498025,,37433742,123930,,,7963,,,32529216,-25225048,2059945,390749,,17281623,602263,705754,46063214,,26223257,19605583,689092,,28161840,770514,2163036,2933550,48377013,3069310,2405365,,,,,5474675,,,,,,5474675,42902338,42902338,48377013,,10710855,3509081,193908,297553,0.0837,,,247982047,208748431,456730478,363620949,93109529,96764520,-3654991,2047863,-1607128,,-1607128,0.198086,5159312,46382200,137515,447768,11.1289952154875,5.88260342144252,4.71849887129509,pinellas,0,0,1,1,0,FALSE
100044,MARTIN MEDICAL CENTER,http://www.floridahealthfinder.gov/facilitylocator/FacilityProfilePage.aspx?id=9862,2475,0.384532323243309,10172,0.375058395471277,4.10989898989899,145317463,0.368163577503954,58714.1264646465,202,176,753,375,417,552,martin,0,0.0816161616161616,0.304242424242424,0.168484848484848,0.0711111111111111,0.151515151515152,0.223030303030303,1,0.862542955326461,0.633738601823708,1,0.707547169811321,0.71042471042471,1.23567047932347,0.787575139860605,1,688665,100044,MARTIN MEDICAL CENTER,200 HOSPITAL AVENUE,STUART,FL,34995,MARTIN,38940,U,STH,1,2,10/01/2017,09/30/2018,3167.77,,,52021,3692,123046,521,190165,,11024,1060,26870,,52021,3692,123046,521,190165,,11024,1060,26870,,44314,2280,99516,447,163155,,11024,1060,26870,21108123,28978898,39952588,52273007,200965307,283613667,39313081,435527045,1500925355,1397998885,2898924240,53547522,,197362846,1850774,23455,,21055220,180172780,,147032802,-93079132,10474731,5293732,43940159,317700469,23061785,22419756,323714825,,78907744,344608454,,,369904594,,12151256,12151256,699756319,22284391,34019654,647111,7530000,,1368455,65849611,,298578975,,52001703,350580678,416430289,283326030,283326030,699756319,,,89934507,1279156,825149,0.0367,,,1500925356,1445769573,2946694929,2463518770,483176159,484578974,-1402815,33657272,32254457,4239745,28014712,0.150237,20377367,217138535,175119,2528179,11.6051843145619,7.14368327278279,6.25575004175337,martin,0,1,0,1,0,FALSE
100045,FLORIDA HOSPITAL DELAND,http://www.floridahealthfinder.gov/facilitylocator/FacilityProfilePage.aspx?id=9863,1245,0.193431411086028,4216,0.155450864658563,3.3863453815261,43672732,0.110645402971915,35078.4995983936,70,46,331,238,270,290,volusia,0,0.0562248995983936,0.265863453815261,0.216867469879518,0.0369477911646586,0.191164658634538,0.232931726907631,0.0678952473326867,0.100030220610456,0.12881679389313,0.0522133938706016,0.142259414225941,0.124090714591356,0.124058309476285,0.116376761945228,1,691411,100045,ADVENTHEALTH DELAND,701 WEST PLYMOUTH AVENUE,DELAND,FL,32720-0509,"",36740,U,STH,2,1,01/01/2018,12/31/2018,785.96,,,11751,1294,34262,154,56210,,2740,279,8436,,12316,1348,36684,164,59860,,2846,279,8940,,10171,1033,28886,130,47450,,2740,279,8436,6984214,9900725,10546263,21926039,66747617,89101675,10829641,128392365,344951831,401180034,746131865,10441655,,50570630,1391854,,,77915406,9187000,2777,13133016,-12243281,1711417,1426879,,100010162,5915832,1738218,80821660,,13819103,46149230,,,57417265,71393,2867159,2938552,160365979,8942602,4133308,,846226,,4716795,18638931,,25213202,,81963,25295165,43934096,116431883,116431883,160365979,,16004171,4963663,158663,426172,0.0813,,,345128694,441732287,786860981,624447426,162413555,155849292,6564263,254911,6819174,,6819174,0.172077,8106041,110675432,,,11.3852712783921,6.13629774468856,5.03695260241363,"",0,0,1,0,0,FALSE
100046,FLORIDA HOSPITAL ZEPHYRHILLS,http://www.floridahealthfinder.gov/facilitylocator/FacilityProfilePage.aspx?id=9864,1087,0.168883489036556,3533,0.130267529610698,3.25022999080037,60349104,0.15289519627657,55518.9549218031,87,41,255,212,232,260,pasco,0,0.0800367985280589,0.234590616375345,0.21343146274149,0.0377184912603496,0.195032198712052,0.239190432382705,0.0964523281596452,0.08972554539057,0.122881355932203,0.0554054054054054,0.0976958525345622,0.126643935703848,0.112744336736197,0.106430917058606,1,692939,100046,ADVENTHEALTH ZEPHYRHILLS,7050 GALL BOULEVARD,ZEPHYRHILLS,FL,33541,PASCO,45300,U,STH,4,1,01/01/2018,12/31/2018,795,,,10654,1096,34001,149,54385,,2841,190,8942,,10654,1096,34137,149,54385,,2841,190,8942,,9084,826,28052,135,49275,,2841,190,8942,5545323,7599108,7606624,17643838,58590208,94032423,10635002,136872199,515335341,480325551,995660892,10951816,,55884916,1881605,4744,,75077589,8464000,5485,4575553,-5255807,5633203,2273694,238479,111830298,22497244,2566820,83965291,,33401184,64984181,,,75908150,674178,4329930,5004108,192742556,4839955,5356656,,1671436,,9294912,21162959,,49800224,,,49800224,70963183,121779373,121779373,192742556,,17139388,6013640,91294,382025,0.066,,,514104766,493491141,1007595907,845649612,161946295,152622897,9323398,-220473,9102925,,9102925,0.137469,7704918,129062782,,,11.6323184835127,6.39533590096156,5.00394630594546,pasco,0,0,0,0,0,FALSE
100047,BAYFRONT HEALTH PUNTA GORDA,http://www.floridahealthfinder.gov/facilitylocator/FacilityProfilePage.aspx?id=9865,743,0.115437380270618,3003,0.110725556586733,4.04172274562584,46403951,0.117564979857088,62454.8465679677,46,0,176,152,172,171,charlotte,0,0.0619111709286676,0.236877523553163,0.231493943472409,0,0.204576043068641,0.230148048452221,0.164285714285714,0.177240684793555,0.199074074074074,0,0.253333333333333,0.186681222707424,0.216032613413362,0.193030147875081,1,715838,100047,BAYFRONT HEALTH PUNTA GORDA,809 EAST MARION AVENUE,PUNTA GORDA,FL,33950,CHARLOTTE,39460,U,STH,2,4,10/01/2017,09/30/2018,383.45,,,8183,737,16972,124,45260,,1798,192,3944,,15805,1983,30728,176,64240,,2349,354,5305,,7172,643,14802,114,41610,,1798,192,3944,2570531,16426238,4809840,6951401,25763069,41968411,3829606,60010303,372170252,221233895,593404147,4252587,,25680372,279050,,,-151372,,,32196827,-20401549,1470917,466361,24640,13605824,4085057,652499,28144239,4572473,1155488,6613835,2337981,,35162080,,2883792,2883792,51651696,2133271,1768977,225452,11247,,1273387,41778796,,9517356,,18896,9536252,51315048,336648,336648,51651696,,,15028211,190197,,,5934764,,372170252,221233895,593404147,526158045,67246102,67731480,-485378,1308975,823597,,823597,0.101129,2099541,41959288,,,11.6249812032891,5.80950692031344,4.82028156560504,charlotte,0,0,1,0,1,FALSE
100048,JAY HOSPITAL,http://www.floridahealthfinder.gov/facilitylocator/FacilityProfilePage.aspx?id=9866,35,0.00543783083374376,137,0.005051415668459,3.91428571428571,638118,0.00161667979126272,18231.9428571429,0,0,0,0,0,0,santa rosa,0,0,0,0,0,0,0,0,0,0,0,0,0,0,0,1,679027,100048,JAY HOSPITAL,14114 ALABAMA ST,JAY,FL,32565,SANTA ROSA,37860,U,STH,5,2,10/01/2017,09/30/2018,93.91,,,1647,34,3126,21,7665,,255,12,509,,1647,34,3126,21,7665,,255,12,509,,1318,34,2254,21,7665,,255,12,509,557022,3242658,1494545,1845708,5611294,6921739,443567,11258541,11972119,34382632,46354751,931115,,5611294,,,,66483,,,4006274,-3127675,131396,63515,,1142610,62193,176381,5773893,,818651,4555329,,1011359,2568337,,,,3710947,518018,366199,,,,905297,1789514,,10127121,,444333,10571454,12360968,-8650021,-8650021,3710947,,,1295749,1190,,,620853,,12145608,36636069,48781677,40472804,8308873,12533033,-4224160,521883,-3702277,507662,-4209939,0.242878,1163121,8212153,,,11.4704173124544,6.57848416392007,3.04452243772342,santa rosa,0,0,0,1,0,FALSE
100049,HIGHLANDS REGIONAL MEDICAL CENTER,http://www.floridahealthfinder.gov/facilitylocator/FacilityProfilePage.aspx?id=9867,397,0.0616805383141792,1179,0.0434716720665194,2.96977329974811,22340986,0.0566011624544103,56274.523929471,35,0,125,62,78,73,highlands,0,0.0881612090680101,0.314861460957179,0.19647355163728,0,0.156171284634761,0.183879093198992,0.183246073298429,0.267094017094017,0.295454545454545,0,0.289719626168224,0.27037037037037,0.295877787822515,0.253263156441105,1,690262,100049,HIGHLANDS REGIONAL MEDICAL CENTER,3600 S. HIGHLANDS AVENUE,SEBRING,FL,33870,"",42700,U,STH,2,4,11/01/2017,10/31/2018,264.7,,,5798,573,13058,110,40150,,1379,174,3269,,5798,573,13078,110,40150,,1379,174,3269,,4334,376,9544,94,34310,,1379,174,3269,2019227,197035,2093787,5997407,17001177,42871866,2096882,50773208,194656669,222317705,416974374,4117021,,17235913,1501807,,,1767,,,11757194,-5349778,1585851,149481,,8179352,200000,60000,3340000,3268913,37453,4630426,3615430,,13434891,,748748,748748,22362991,1758652,1545148,2027184,255374,,,5586358,,1359772,24892647,5827,26258246,31844604,-9481613,-9481613,22362991,,9446134,573339,159138,259505,0.1036,3721848,,194656669,222317705,416974374,367129165,49845209,59865881,-10020672,424645,-9596027,1,-9596028,0.121766,3360900,59659676,,,11.7562959179131,6.15839084988219,4.70048036579242,"",0,0,1,0,1,FALSE
100050,LARKIN COMMUNITY HOSPITAL PALM SPRINGS CAMPUS,http://www.floridahealthfinder.gov/facilitylocator/FacilityProfilePage.aspx?id=9868,338,0.0525139091944397,1384,0.0510303597456004,4.09467455621302,10216592,0.0258838613265515,30226.6035502959,0,0,54,61,98,116,miami-dade,0,0,0.159763313609467,0.289940828402367,0,0.180473372781065,0.343195266272189,0,0.00233634751005927,0.00949980612640558,0,0.0054405993578309,0.00947402809539366,0.00739275324876845,0.00736096918882928,1,684275,100050,LARKIN HOSP PALM SPRINGS CAMPUS  LLC,1475 W 75TH STREET,HIALEAH,FL,33012,MIAMI-DADE,33124,U,STH,1,4,01/01/2018,12/31/2018,548.77,48.67,,9334,116,21726,119,50370,,2196,6,3979,,9334,116,23310,119,50370,,2196,6,3979,,6699,67,15565,105,45260,,2196,6,3979,678287,13701604,3888764,3888764,29475366,32591979,814830,57434968,145477212,119008000,264485212,3911844,,29475366,,,311697,-706287,,,49413024,-35374907,1528472,2457763,,17495065,11010000,,33990000,,3070677,853971,-2818385,,49333009,,460417,856288,67684362,4846394,1088524,275519,8082107,,9148982,23401526,,35629584,-31333,457504,36055755,59457281,8164414,8164414,67621695,,8735385,2730088,142194,1025874,0.3579,7116973,2397969,145477212,119008000,264485212,205332512,59152700,62067345,-2914645,1825286,-1089359,,-1089359,0.217158,263047,3085757,,,11.10451008801,5.6115473976776,4.77912349311153,miami-dade,0.0886892505056763,1,0,0,1,FALSE
100051,SOUTH LAKE HOSPITAL,http://www.floridahealthfinder.gov/facilitylocator/FacilityProfilePage.aspx?id=9869,3061,0.475577148059704,8274,0.305076009057151,2.70303822280301,155623019,0.394272830217287,50840.5811826201,238,180,1003,551,526,563,lake,0,0.0777523685070238,0.327670695851029,0.171839268213002,0.0588043123162365,0.18000653381248,0.183926821300229,0.348462664714495,0.44997756841633,0.373845060412225,0.355029585798817,0.428793774319066,0.381178063642519,0.524505498446798,0.406951343359945,1,684031,100051,SOUTH LAKE HOSPITAL,1900 DON WICKHAM DRIVE,CLERMONT,FL,34711,LAKE,36740,U,STH,5,2,10/01/2017,09/30/2018,1251.23,,,14759,2231,42571,140,51100,,3780,1,12081,,28201,2231,58720,170,62050,,3780,1,12081,,13854,2094,38576,124,45260,,3780,1,12081,6300507,20646947,12576422,20145396,78323756,128439609,26212841,162014752,658335072,736792660,1395127732,19320424,,78393789,1278740,,,57727900,1514380,5573789,26136797,,3574791,,40082685,134676735,16333473,9726319,184797978,639724,9889772,84825672,,,185122171,39775812,9430480,51606876,371405782,24525131,,,2182725,,4486915,31194771,74682981,,,4569405,79252386,110447157,260958625,260958625,371405782,,,27633378,302114,425554,0.0616,,,658335072,715688835,1374023907,1148107210,225916697,206763365,19153332,14989846,34143178,100928,34042250,0.116129,9246970,144804000,,,11.641620180639,,4.9416424226093,lake,0,0,0,1,0,FALSE
100053,HIALEAH HOSPITAL,http://www.floridahealthfinder.gov/facilitylocator/FacilityProfilePage.aspx?id=9871,2019,0.31368515580939,5348,0.197189569305976,2.64883605745419,98273082,0.248976060375204,48674.1367013373,169,131,690,340,369,320,miami-dade,0,0.0837048043585934,0.341753343239227,0.182763744427935,0.0648836057454185,0.16840019811788,0.158494304110946,0.0213978222334768,0.0298533292952018,0.0357696781698333,0.0170019467878001,0.0303246521584017,0.0261352499183273,0.0293213130235408,0.0288830892286966,1,717478,100053,HIALEAH HOSPITAL,651 EAST 25TH STREET,HIALEAH,FL,33013,DADE,33124,U,STH,2,4,06/01/2018,05/31/2019,680.5,,,8650,4956,51546,362,132130,,1937,711,12735,,8650,4956,51546,362,132130,,1937,711,12735,,7249,4172,41946,331,120815,,1937,711,12735,11048969,40120345,15047194,27452496,52312021,93149563,5373645,122009566,875839105,511466492,1387305597,11693499,,52312021,133417,,,425,14907,,127797905,-100606390,2046454,365313,3773744,33392358,2585000,1106869,68768105,932333,11504940,39851033,,10465545,59135238,,29291722,29291722,121819318,5095614,883866,2246567,352150,,4199134,12777331,533831,,,,533831,13311162,108508156,108508156,121819318,,4567398,9044932,71587,1605235,0.4717,,,882915905,513270620,1396186525,1260073386,136113139,145462268,-9349129,1811549,-7537580,,-7537580,0.087947,17057338,321924715,158243,2560826,11.6049010588443,4.23995135900584,5.89164421182577,dade,0,0,1,0,1,FALSE
100054,TWIN CITIES HOSPITAL,http://www.floridahealthfinder.gov/facilitylocator/FacilityProfilePage.aspx?id=9872,282,0.0438133798604497,741,0.0273218905863366,2.62765957446809,30248107,0.0766339506342909,107262.790780142,0,0,67,50,81,76,okaloosa,0,0,0.23758865248227,0.287234042553192,0,0.177304964539007,0.269503546099291,0,0.0715811965811966,0.140869565217391,0,0.0773993808049536,0.135472370766488,0.114773967687659,0.107702993517907,1,710138,100054,TWIN CITIES HOSPITAL,2190 HIGHWAY 85 NORTH,NICEVILLE,FL,32578-,OKALOOSA,18880,U,STH,2,4,06/01/2018,05/31/2019,182.85,,,5384,122,8503,65,23725,,1357,43,2282,,5384,122,8685,65,23725,,1357,43,2282,,4282,60,6373,57,20805,,1357,43,2282,2848480,6765731,3377710,6007458,13067668,30725179,2628965,42030757,229444705,416820439,646265144,3860939,,13163497,1852894,,,33236,,,10148736,-4216130,,2302765,308788,8533969,1137678,757985,12395035,3191406,15318474,14857521,3435998,,19538712,,3167316,3167316,31239997,1536828,1240626,1326247,66513,,194957,4365171,,100042,-72414846,370470,-71944334,-67579163,98819160,98819160,31239997,,3063546,7229941,115890,,,,,229444705,416820439,646265144,586046753,60218391,43778668,16439723,128926,16568649,-127,16568776,0.065036,1470416,52164704,,,12.553912886746,6.29831911848069,4.17438726989564,okaloosa,0,0,1,0,1,FALSE
100055,FLORIDA HOSPITAL NORTH PINELLAS,http://www.floridahealthfinder.gov/facilitylocator/FacilityProfilePage.aspx?id=9873,743,0.115437380270618,2346,0.0865008843664585,3.15746971736205,33911084,0.085914147857626,45640.7590847914,0,0,191,139,181,183,pinellas,0,0,0.257065948855989,0.243606998654105,0,0.187079407806191,0.246298788694482,0,0.0206486486486486,0.0345288057993132,0,0.0314764492753623,0.035616971584274,0.0288394575817821,0.0283805356537888,1,684276,100055,ADVENTHEALTH - NORTH PINELLAS,1395 S. PINELLAS AVENUE,TARPON SPRINGS,FL,34689,"",45300,U,STH,1,2,01/01/2018,12/31/2018,585.41,,,7308,939,20947,136,49640,,1849,111,5389,,13281,939,30319,168,61320,,1849,111,5389,,6647,807,18688,123,44895,,1849,111,5389,3336706,8379429,5192664,12654001,40780994,75158783,5063469,105776332,282881979,283987136,566869115,8554645,,40780994,3998397,,,-11104265,,,38419933,-24944204,4236433,2076249,2059613,11211251,10310232,542871,15514176,2848456,2580320,25084200,,,35827480,,3699817,3699817,50738548,3143189,3317487,47953,,,12092628,18754822,,311532,,8277205,8588737,27343559,23394989,23394989,50738548,,11587834,3703623,83473,149857,0.0392,,,,,,,,115939777,-115939777,940575,-114999202,,-114999202,0.186597,4550048,64370729,,,,6.42260300863391,4.91265488573605,"",0,1,0,1,0,FALSE
100057,FLORIDA HOSPITAL WATERMAN,http://www.floridahealthfinder.gov/facilitylocator/FacilityProfilePage.aspx?id=9875,2524,0.39214528641055,8650,0.318939748410002,3.42709984152139,108735268,0.275482137117486,43080.5340729002,220,139,682,425,555,503,lake,0,0.0871632329635499,0.270206022187005,0.219889064976228,0.0550713153724247,0.16838351822504,0.199286846275753,0.322108345534407,0.305966801256169,0.394456289978678,0.274161735700197,0.330739299610895,0.340555179417739,0.41111830257634,0.336144363810033,1,715949,100057,FLORIDA HOSPTIAL WATERMAN,1000 WATERMAN WAY,TAVARES,FL,32778-,LAKE,36740,U,STH,3,1,01/01/2018,12/31/2018,1371.3,,,30158,2751,65446,269,98185,,6522,579,15150,,48151,2751,107271,269,98185,,6522,579,15150,,27716,2134,55251,229,83585,,6522,579,15150,12359001,12435369,16730272,30655791,91714355,154449287,12335646,211990370,717767489,609497787,1327265276,18644819,,90033143,3504498,,,292496087,14108000,8709,8275592,-12124976,4133907,3172559,,328814431,12058106,8047244,146274073,,11028951,79054775,,18098321,110190672,28053269,50470222,78523491,517528594,14241810,9596749,,2653744,,19449314,45941617,,79178601,,178724,79357325,125298942,392229652,392229652,517528594,,44648312,13095826,278197,552901,0.0383,,,715003186,613724727,1328727913,1068545360,260182553,231983679,28198874,-4694130,23504744,,23504744,0.15972,9468891,146839124,,,11.3817320541553,6.45117914231377,5.59471137960184,lake,0,0,0,0,0,FALSE
100063,MORTON PLANT NORTH BAY HOSPITAL,http://www.floridahealthfinder.gov/facilitylocator/FacilityProfilePage.aspx?id=9880,1069,0.166086890322059,4438,0.163636370340299,4.15154349859682,49609684,0.12568674378991,46407.5622076707,0,0,255,230,283,259,pasco,0,0,0.238540692235734,0.264733395696913,0,0.215154349859682,0.242282507015903,0,0.08972554539057,0.14989406779661,0,0.105990783410138,0.126156843643449,0.122194775493448,0.11445513372219,1,718586,100063,MORTON PLANT NORTH BAY HOSPITAL,6600 MADISON STREET,NEW PORT RICHEY,FL,34652-1971,PASCO,45300,U,STH,2,2,01/01/2018,12/31/2018,935.76,,,12240,4049,53266,187,68255,,2614,560,12375,,16768,4094,60794,217,79205,,2984,565,12974,,11011,3719,48613,165,60225,,2614,560,12375,14902936,10948452,17379845,24115902,59206296,89200739,4706726,129717134,448506294,266549108,715055402,12280539,,59206296,154105,,,1101,,,66744478,-52751757,2404410,710500,,-98394111,4965131,1454812,118339588,820011,35658555,12771104,324312,,93148209,,3258140,3258140,-1987762,3978092,3877305,,,,,7855397,,,,,,7855397,-9843159,-9843159,-1987762,,13664563,4595504,34920,709860,0.1555,,,455090393,272055852,727146245,589123467,138022778,148407035,-10384257,1396508,-8987749,,-8987749,0.181409,13536270,123847505,171199,566956,10.9339355438052,5.69994824885984,5.23110861685459,pasco,0,0,1,1,0,FALSE
100067,ST ANTHONYS HOSPITAL,http://www.floridahealthfinder.gov/facilitylocator/FacilityProfilePage.aspx?id=9882,3637,0.565068306923602,13157,0.485120262408139,3.61754193016222,175879012,0.445591637295381,48358.2656035194,140,119,923,806,831,818,pinellas,0,0.0384932636788562,0.25378058839703,0.228485015122354,0.0327192741270278,0.221611218036844,0.224910640637888,0.0464344941956882,0.0997837837837838,0.15852727966425,0.0454892966360856,0.182518115942029,0.159205916699105,0.153129885826264,0.141075253953714,1,719383,100067,ST. ANTHONYS HOSPITAL,1200 7TH AVENUE NORTH,ST. PETERSBURG,FL,33705-,PINELLAS,45300,U,STH,2,2,01/01/2018,12/31/2018,1911.96,,,32425,4819,87153,308,112420,,6657,569,20441,,36270,5555,103425,358,130670,,7026,685,23030,,28949,4091,77469,280,102200,,6657,569,20441,27281800,28600997,33543258,55687541,126548591,240345251,10676821,324494963,1046880867,840960827,1887841694,28567610,,126548591,275951,,,4800,,,157401086,-117917306,7766424,1563658,,194994130,950012,1825969,171816625,28162,75910081,56154852,1098405,,101210263,16298409,8749393,25047802,321252195,7146201,8294277,,,,,15440478,,,,78098,78098,15518576,305733619,305733619,321252195,,41189985,14239945,849882,964481,0.0696,,,1064764629,848216257,1912980886,1517663367,395317519,366893842,28423677,2629915,31053592,,31053592,0.171887,20364248,227769802,7155,79339,11.3273755429037,5.88652332405289,5.73009978297357,pinellas,0,0,1,1,0,FALSE
100069,FLORIDA HOSPITAL CARROLLWOOD,http://www.floridahealthfinder.gov/facilitylocator/FacilityProfilePage.aspx?id=9884,1109,0.172301554132052,3448,0.127133439597421,3.10910730387737,98376110,0.249237083078739,88707.042380523,0,0,260,280,248,288,hillsborough,0,0,0.234445446348061,0.223624887285843,0,0.252479711451758,0.259693417493237,0,0.0150480379673573,0.036188530570553,0,0.0364109232769831,0.0386369734370808,0.0313947822952132,0.0308473871239356,1,713369,100069,ADVENTHEALTH CARROLLWOOD,7171 NORTH DALE MABRY HIGHWAY,TAMPA,FL,33614,"",45300,U,STH,2,1,01/01/2018,12/31/2018,559.25,,,4893,408,19364,103,37595,,1241,109,5157,,4893,408,19364,103,37595,,1241,109,5157,,4521,379,17651,95,34675,,1241,109,5157,5178063,10075960,7567051,17276517,37413577,92173715,13491168,124537411,407061891,379254806,786316697,8096684,,37413577,4444437,,,61877894,6065,,56051822,-46278383,4754276,1471386,763655,90301459,11638454,2837812,121850474,11093278,20293621,50141880,,,166031957,,5763347,5763347,262096763,6557641,3472592,42022,,,5840245,16311912,,3973981,,57858962,61832943,78144855,183951908,183951908,262096763,,8899927,3677745,665904,345886,0.11,12879567,114746,405671893,380644798,786316691,643781665,142535026,129587292,12947734,615295,13563029,,13563029,0.158381,4452074,89414386,,,11.9347598899524,6.51230155308921,4.63472898822964,"",0,0,1,0,0,FALSE
100070,VENICE REGIONAL BAYFRONT HEALTH,http://www.floridahealthfinder.gov/facilitylocator/FacilityProfilePage.aspx?id=9885,1029,0.159872226512067,3881,0.143098862841528,3.77162293488824,91322156,0.231365803973155,88748.4509232264,0,0,213,141,326,327,sarasota,0,0,0.206997084548105,0.316812439261419,0,0.137026239067055,0.317784256559767,0,0.0651774785801714,0.1581756428918,0,0.119897959183673,0.150068838916934,0.137673640903131,0.127722240127346,1,715950,100070,VENICE REGIONAL MEDICAL CENTER,540 THE RIALTO,VENICE,FL,34285,SARASOTA,35840,U,STH,2,4,01/01/2018,12/31/2018,788.6,,,18310,1534,34319,229,83585,,4241,268,8315,,18310,1534,34319,229,83585,,4241,268,8315,,16200,1534,30087,197,71905,,4241,268,8315,3381153,17994616,5390653,7411043,52505923,104171844,6928599,147993467,665308200,722687065,1387995265,12089994,,52505923,1981799,,,-146292,,,50134075,-27571768,8571441,1059588,59184,32106228,16211273,2445469,18765954,16172123,2443640,16372806,3499356,,52972704,,2327077,2327077,87406009,6663844,4539093,497494,37360,,2860909,37311291,,65800,,186883,252683,37563974,49842035,49842035,87406009,,30646797,9946297,397937,,,,,665309895,722685370,1387995265,1221281792,166713473,156677767,10035706,352256,10387962,,10387962,0.106624,2291896,40443857,,,12.0253098960149,6.30242137869619,5.43372200355424,sarasota,0,0,1,0,1,FALSE
100071,BAYFRONT HEALTH BROOKSVILLE,http://www.floridahealthfinder.gov/facilitylocator/FacilityProfilePage.aspx?id=9886,679,0.105493918174629,2059,0.0759187216157451,3.03240058910162,64326930,0.162973067308823,94737.7466863034,0,0,155,166,189,139,hernando,0,0,0.228276877761414,0.278350515463918,0,0.244477172312224,0.204712812960236,0,0.0898030127462341,0.164921465968586,0,0.14954954954955,0.133397312859885,0.140558846872908,0.130275516578024,1,710522,100071,BROOKSVILLE REGIONAL HOSPTAL,17240 CORTEZ BLVD,BROOKSVILLE,FL,34601,HERNANDO,45300,U,STH,2,4,10/01/2017,09/30/2018,690.26,,,10838,3613,38369,244,89060,,2275,1614,9534,,10838,3613,38369,244,89060,,2275,1614,9534,,8974,3157,29818,214,78110,,2275,1614,9534,7791397,63708859,12403222,21424034,42063873,71101530,6485144,108795412,884529497,711791916,1596321413,9288731,,42063873,973681,,,-18591,,,107442794,-86857764,5347781,1342069,62277,27318566,5330284,1083115,59856486,7610821,643781,23990122,4475321,,72884722,,5064929,5064929,105268217,3564791,2635315,382299,245870,,3856376,35249747,,4120938,,592319,4713257,39963004,65305213,65305213,105268217,,,16436360,46187,450356,0.1096,-3929,,884529497,711792910,1596322407,1491097595,105224812,113165403,-7940591,953204,-6987387,,-6987387,0.068154,10176185,281715767,,,12.0283486892066,5.62189364163997,5.4971682252932,hernando,0,0,1,0,1,FALSE
100072,FLORIDA HOSPITAL FISH MEMORIAL,http://www.floridahealthfinder.gov/facilitylocator/FacilityProfilePage.aspx?id=9887,1440,0.223727897159743,5364,0.197779515661417,3.725,56961929,0.144313746808023,39556.8951388889,0,33,354,289,358,380,volusia,0,0,0.245833333333333,0.248611111111111,0.0229166666666667,0.200694444444444,0.263888888888889,0,0.106980961015413,0.170801526717557,0.0374574347332577,0.172743574417215,0.16260162601626,0.160142395862558,0.147198481252287,1,683494,100072,ADVENTHEALTH FISH MEMORIAL,1055 SAXON BLVD,ORANGE CITY,FL,32673,VOLUSIA,19660,U,STH,5,1,01/01/2018,12/31/2018,784.61,,,14746,1131,42707,179,65335,,3164,173,9710,,14746,1131,42707,179,65335,,3164,173,9710,,11782,856,34909,158,57670,,3164,173,9710,5625282,11853361,10214891,19238744,60298824,91375310,9756641,125751118,399636416,354041425,753677841,10376711,,49977563,1114500,,,106605865,10537000,5215,15333847,-14780150,2930129,1428250,,133193876,20134565,8906021,86594613,,1192231,57099608,,,64266295,172136,8307828,8479964,205940135,5359955,4077226,,1589058,,10856406,21882645,,47345764,,121250,47467014,69349659,136590476,136590476,205940135,,18489299,6768171,139654,949050,0.1503,,,399554315,377651030,777205345,611897121,165308224,151674134,13634090,-1697225,11936865,,11936865,0.16685,5520007,82269453,,,11.2903035914102,6.04001585189603,5.18738580584076,volusia,0,0,0,0,0,FALSE
100073,HOLY CROSS HOSPITAL,http://www.floridahealthfinder.gov/facilitylocator/FacilityProfilePage.aspx?id=9888,4299,0.667920992978984,15857,0.584673709888718,3.6885322167946,188867948,0.47849926619976,43932.9955803675,304,310,1051,669,803,1162,broward,0,0.070714119562689,0.244475459409165,0.186787625029077,0.0721097929751105,0.155617585484997,0.270295417538963,0.0352586406866156,0.0493241974845129,0.0941604127579737,0.0392703318976438,0.0717657155116928,0.119008603031544,0.082102725294557,0.0783071023628411,1,685712,100073,HOLY CROSS HOSPITAL,4725 NORTH FEDERAL HIGHWAY,FORT LAUDERDALE,FL,33308,BROWARD,22744,U,STH,1,1,07/01/2018,06/30/2019,2493.55,69.63,,25148,2259,67517,319,113519,,6185,1615,15923,,55580,2566,114626,367,131039,,6644,1633,16687,,21279,2259,49103,268,94904,,6185,1615,15923,7820318,25266410,13667023,22970697,223122608,277908708,16484567,390559350,798674510,926546212,1725220722,46159031,,223122608,,,,20382993,,,94673373,-13579477,8211182,24736822,,348644410,7419505,2093899,357054344,4226708,45460144,221774228,,,221450496,3146482,72163898,75310380,645405286,237296897,11410094,-20547,3770093,9730449,18956611,281143597,11010778,149470357,,37376925,197858060,479001657,166403629,166403629,645405286,,20217362,41627538,1071390,394262,0.0255,30187016,7124656,798803189,929232105,1728035294,1252847826,475187468,501031316,-25843848,21825701,-4018147,,-4018147,0.226382,7163017,72738516,,,11.5478656797413,6.5276237080448,5.76519110278484,broward,0.0279240440336067,1,0,0,0,FALSE
100075,ST JOSEPHS HOSPITAL,http://www.floridahealthfinder.gov/facilitylocator/FacilityProfilePage.aspx?id=9890,13564,2.10739249796858,53016,1.95478724875199,3.90858153936892,560722919,1.42059840287399,41339.0533028605,3020,2966,4741,1026,849,962,hillsborough,0,0.2226481863757,0.34952816278384,0.0625921557062813,0.218667059864347,0.0756414037157181,0.0709230315541138,0.415634461877236,0.27439518462785,0.12388734860645,0.456377904292968,0.133420026007802,0.129058223772471,0.393912363106665,0.315243573152671,1,683495,100075,ST. JOSEPHS HOSPITAL,3001 W. MARTIN LUTHER KING JR. BLVD.,TAMPA,FL,33607-4227,HILLSBOROUGH,45300,U,STH,5,2,01/01/2018,12/31/2018,5742.9,,,53856,31282,272183,1062,387630,,11841,1787,51623,,53856,31282,272183,1062,387630,,11841,1787,51623,,47102,20741,208762,866,316090,,11841,1787,51623,57785400,90342587,78519116,161497895,376746321,723489685,50667969,947187867,2775649954,2236280131,5011930085,89881865,,376746321,969427,,,35068,,,457619522,-318107655,25942579,5550652,,1266127800,5736410,22657330,918236728,1312923,318578785,106173293,8810755,,587607663,5745236,67728552,73473788,1927209251,31033938,26404185,,,,,57438123,,,,19993116,19993116,77431239,1849778012,1849778012,1927209251,,72427265,21146557,2094540,6140782,0.2625,80978610,,2816035290,2357617542,5173652832,3902295979,1271356853,1100236006,171120847,11777045,182897892,,182897892,0.188987,139218419,1124682880,2125342,16460204,11.5151222312965,6.23731048968763,6.96790920180188,hillsborough,0,0,0,1,0,FALSE
100077,BAYFRONT HEALTH PORT CHARLOTTE,http://www.floridahealthfinder.gov/facilitylocator/FacilityProfilePage.aspx?id=9892,1799,0.279504504854429,6368,0.234798649465306,3.53974430239022,148166141,0.375380738208424,82360.2784880489,234,115,561,216,342,331,charlotte,0,0.130072262367982,0.311839911061701,0.190105614230128,0.0639244024458032,0.120066703724291,0.183991106170095,0.835714285714286,0.564954682779456,0.395833333333333,1,0.36,0.361353711790393,0.726357592664707,0.533763089771561,1,719116,100077,PEACE RIVER REGIONAL MEDICAL CENTER,2500 HARBOR BLVD,PORT CHARLOTTE,FL,33952,CHARLOTTE,39460,U,STH,2,4,01/01/2018,12/31/2018,750.33,,,20466,3700,49813,254,92710,,4015,1394,10620,,20466,3700,49813,254,92710,,4015,1394,10620,,17467,954,40361,225,82125,,4015,1394,10620,5045187,18904496,6702609,11442069,48282469,92273528,7539423,131634911,1006037668,662665201,1668702869,10237050,,48161500,1947950,,,-137187,,,66530257,-41402263,8393664,811489,50329,34246289,2118383,730160,41764776,6249290,8412741,18892936,3493453,,52602086,,1028019,1028019,87876394,6766039,4406938,433568,,,2915825,10080798,,,,,,10080798,77795596,77795596,87876394,,26880254,2523567,607895,447673,0.0609,,,1006037668,662665201,1668702869,1510449484,158253385,140555997,17697388,561170,18258558,,18258558,0.078885,7451538,154796749,,,11.9648181416222,6.02819638040189,5.53733426701854,charlotte,0,0,1,0,1,FALSE
100079,UNIVERSITY OF MIAMI HOSPITAL AND CLINICS-SYLVESTER COMPREHENSIVE,http://www.floridahealthfinder.gov/facilitylocator/FacilityProfilePage.aspx?id=9894,505,0.07846013060116,6628,0.244385277741213,13.1247524752475,208232193,0.527558818766151,412340.976237624,0,0,106,102,93,169,miami-dade,0,0,0.20990099009901,0.184158415841584,0,0.201980198019802,0.334653465346535,0,0.00458616363085709,0.00901512214036448,0,0.00909739564752051,0.0138026788631166,0.00912978568034606,0.00907945898581891,1,656430,100079,UNIVERSITY OF MIAMI HOSP & CLINICS,1475 N.W. 12TH AVENUE,MIAMI,FL,33136-,MIAMI-DADE,33124,U,STH,1,2,06/01/2018,05/31/2019,4238.71,187.83,,29066,3291,110826,524,191260,,4792,379,18851,,29066,3291,110826,524,191260,,4792,379,18851,,24377,2994,93198,453,165345,,4792,379,18851,,,,,280144010,1230406098,34415792,1247330918,2276300993,5263559582,7539860575,,,,,,,20600,,,1006221620,-687281887,28442102,,48799479,396201914,29740828,,456733104,,,274753525,,,331983087,6999759,59334023,66333782,794518783,75431286,,30090764,12769860,,6703145,124995055,,364190683,,31680530,395871213,520866268,273652515,273652515,794518783,,,,,,,,,2284689965,5287785379,7572475344,5934309752,1638165592,1510550108,127615484,44200334,171815818,,171815818,,,,,,12.9034646030014,,6.26149168432104,miami-dade,0.0443130103262549,1,0,1,0,FALSE
100080,JFK MEDICAL CENTER,http://www.floridahealthfinder.gov/facilitylocator/FacilityProfilePage.aspx?id=9895,4756,0.738923527008152,18796,0.693039481053688,3.95206055508831,514607197,1.30376365472883,108201.681455004,204,202,1253,1035,893,1169,palm beach,0,0.0428931875525652,0.263456686291001,0.187762825904121,0.0424726661059714,0.217619848612279,0.245794785534062,0.0297202797202797,0.0789440524193548,0.129551719135355,0.031024420211949,0.155079412646089,0.147414880201765,0.126221027115775,0.117697989877973,1,699217,100080,JFK MEDICAL CENTER,5301 SOUTH CONGRESS AVENUE,ATLANTIS,FL,33462-,PALM BEACH,48424,U,STH,5,4,07/01/2018,06/30/2019,2204.97,63.07,,39808,13493,144489,623,227395,,8835,1503,32869,,45180,15961,174178,715,260975,,9572,1995,38714,,35562,11858,127879,551,201115,,8835,1503,32869,55281912,80179265,65139809,102577551,156662449,371979823,23018074,485192888,3620352030,2144790755,5765142785,46392843,,157117975,8790971,,128996,265515,,,175874466,-110650318,17938403,1490857,,84039925,13556738,12129884,161639669,31128379,107923283,139741684,24609253,,231401172,7074325,93204399,100278724,415719821,18377837,10141590,15338070,691808,,2572181,47121486,,1298963,-12406015,6045659,-5061393,42060093,373659728,373659728,415719821,,21068410,68415486,2155185,4724750,0.2112,74611005,4436164,3620352030,2144790755,5765142785,5160409267,604733518,528414541,76318977,2929059,79248036,32,79248004,0.08416,38760443,823187238,,,11.9111391872181,5.56819877786297,6.43454651878745,palm beach,0.0286035637673075,0,0,0,1,FALSE
100081,HEALTHMARK REGIONAL MEDICAL CENTER,http://www.floridahealthfinder.gov/facilitylocator/FacilityProfilePage.aspx?id=9896,49,0.00761296316724126,200,0.00737432944300584,4.08163265306122,575645,0.00145840367838147,11747.8571428571,0,0,0,0,0,0,walton,0,0,0,0,0,0,0,0,0,0,0,0,0,0,0,1,684035,100081,HEALTHMARK REGIONAL MED CTR,4413 HIGHWAY 331 SOUTH,DEFUNIAK SPRINGS,FL,32433,WALTON,18880,R,STH,1,4,10/01/2017,09/30/2018,110.3,,,1283,30,2441,50,18250,,293,9,587,,6298,30,14664,50,18250,,293,9,587,,1209,30,2314,44,16060,,293,9,587,,58926,20625,20625,4753388,5553617,511940,8861096,6476457,22771498,29247955,549146,13035,4653113,,,,3120538,,,1508368,,292756,,1127526,6049188,,49700,8078566,333936,,6690071,,,5420453,,615463,615463,12085104,218135,,,41741,,4758915,5018791,35308,,,489378,524686,5543477,6541627,6541627,12085104,,,1562245,,35151,0.09,,,6931857,26179750,33111607,22166098,10945509,10307005,638504,162221,800725,625583,175142,0.302965,827296,1140866,,,10.9403696237033,,3.91202300542815,walton,0,1,0,0,1,TRUE
100084,LEESBURG REGIONAL MEDICAL CENTER,http://www.floridahealthfinder.gov/facilitylocator/FacilityProfilePage.aspx?id=9899,2003,0.311199290285393,7940,0.292760878887332,3.96405391912132,55369410,0.140279080359965,27643.2401397903,225,188,544,309,326,411,lake,0,0.112331502745881,0.271592611083375,0.162755866200699,0.0938592111832252,0.154268597104343,0.205192211682476,0.329428989751098,0.244055630327501,0.231698649609097,0.370808678500986,0.240466926070039,0.278266756939743,0.316608608505005,0.269997750464695,1,683496,100084,LEESBURG REGIONAL MEDICAL CENTER,600 E DIXIE AVENUE,LEESBURG,FL,34748,LAKE,36740,U,STH,1,2,07/01/2018,06/30/2019,1272.9,,,28932,1637,67813,308,112420,,5619,283,13986,,30454,1650,70313,329,120085,,5761,285,14303,,23967,1289,55837,262,95630,,5619,283,13986,6215732,16907502,12335075,16841768,83198693,130388052,15046200,192026395,458634235,382311130,840945365,15575473,,83198693,2255136,,,12644626,,,24041299,,6907705,6210230,3227615,53031475,8735203,6668726,155480384,34324869,868602,167746760,,,113416227,149689154,43280397,192969551,359417253,11033772,6422536,,3505000,,4292929,26744393,,33582202,,13285746,46867948,73612341,285804912,285804912,359417253,,13075137,39225410,272150,600149,0.0459,,,458634237,388255620,846889857,635645169,211244688,213586745,-2342057,18854726,16512669,936009,15576660,0.228346,7946910,73227435,9792,182249,10.9888566207446,6.10709902878946,5.73009978297357,lake,0,1,0,1,0,FALSE
100086,BROWARD HEALTH NORTH,http://www.floridahealthfinder.gov/facilitylocator/FacilityProfilePage.aspx?id=9901,2198,0.341495776359108,11127,0.41027081856163,5.06232939035487,138319191,0.350433369429335,62929.5682438581,52,54,419,541,540,592,broward,0,0.0236578707916288,0.190627843494086,0.245677888989991,0.0245677888989991,0.246132848043676,0.26933575978162,0.00603108327534215,0.0196639759714661,0.0633208255159475,0.00684063845958956,0.0580347564900236,0.0606308889799263,0.0517300896926983,0.050230096476347,1,683713,100086,BROWARD HEALTH NORTH,201 EAST SAMPLE ROAD,POMPANO BEACH,FL,33064,BROWARD,22744,U,STH,1,11,07/01/2018,06/30/2019,1173.02,,,16248,5397,65622,304,110960,,3318,583,12749,,22108,5976,86486,334,121910,,3568,622,13346,,15425,5028,52022,251,91615,,3318,583,12749,5245490,140859788,39021117,53428587,90960027,165442173,5905996,241695908,637329308,377571624,1014900932,19539012,,90676322,78216,4501,,3924,,,93413109,-62488826,9533228,,6754983,47216418,1670507,1130341,185108386,86236,4822001,88030383,,,113929891,5982634,2386010821,2391993455,2553139764,24621917,8350078,,,,2287096318,2320068313,20583618,338685,,26995204,47917507,2367985820,185153944,185153944,2553139764,,6591989,22597351,1476922,810005,0.111,,,637328785,377572148,1014900933,798213671,216687262,256402200,-39714938,45696019,5981081,,5981081,0.238147,15375892,136254642,42137,238104,11.2390848482575,6.43880944463722,5.71702770140622,broward,0,1,0,0,0,FALSE
100087,SARASOTA MEMORIAL HOSPITAL,http://www.floridahealthfinder.gov/facilitylocator/FacilityProfilePage.aspx?id=9902,8636,1.34174591657746,32001,1.17992958252815,3.70553496989347,446555533,1.13135392807859,51708.6073413617,1404,1182,2736,806,1197,1311,sarasota,0,0.162575266327003,0.316813339509032,0.138605836035201,0.136868920796665,0.0933302454840204,0.151806391848078,1,0.837209302325581,0.580786026200873,1,0.685374149659864,0.601652134006425,0.943259860928151,0.800484372027965,1,719384,100087,SARASOTA MEMORIAL HOSPITAL,1700 S. TAMIAMI TRAIL,SARASOTA,FL,34239-3509,SARASOTA,35840,U,STH,5,9,10/01/2017,09/30/2018,4424.31,16.42,,65752,9217,149311,673,244727,,15703,1011,33296,,80592,9636,174749,766,278672,,17010,1092,35719,,58928,6450,122456,578,210052,,15703,1011,33296,15472011,136634906,38410541,108903229,295978269,450966069,47856656,648179588,2501488613,1617303873,4118792486,91022393,,296197898,6524959,147203,315104,44834236,,,511463639,-434871515,14097882,10476250,2365649,152894867,81168269,10632729,640306444,5934647,67102985,324693635,,,600753028,1178876131,70633278,1249509409,2003157304,26529798,,,10375000,,37342117,148248167,,660672354,,54825874,715498228,863746395,1139410909,1139410909,2003157304,,,164993457,5387057,4458948,0.1081,39363777,2343237,2537001557,1674508880,4211510437,3422816583,788693854,746944338,41749516,114223066,155972582,15528206,140444376,0.157371,20038124,631167020,141531,1992070,11.6776491548532,,6.51174532964473,sarasota,0.00371131317651792,0,0,0,0,FALSE
100088,BAPTIST MEDICAL CENTER JACKSONVILLE,http://www.floridahealthfinder.gov/facilitylocator/FacilityProfilePage.aspx?id=9903,9574,1.48747978292179,35268,1.30038925397965,3.68372675997493,495481255,1.25530784574012,51752.7945477334,1117,829,3570,1291,1391,1376,duval,0,0.116670148318362,0.372884896594945,0.145289325255901,0.086588677668686,0.134844370169208,0.143722581992897,0.232369461202413,0.25,0.239868942921193,0.221302722904431,0.222970639032815,0.220689655172414,0.269486501682807,0.236128933106628,1,684037,100088,BAPTIST MEDICAL CENTER,800 PRUDENTIAL DRIVE,JACKSONVILLE,FL,32207,DUVAL,27260,U,STH,1,2,10/01/2017,09/30/2018,5292,51.49,,62739,13025,234200,855,312075,,12222,1877,47191,,101198,14195,327701,903,329595,,12460,2000,49819,,51147,7855,164953,665,242725,,12222,1877,47191,43558741,45801897,81212801,125877789,329252057,768246841,65579420,957783950,2890096672,2447537761,5337634433,72741284,,329460840,8507706,,,19000,,,288182000,-102158000,18215000,9157000,12485000,238822000,28851407,5819593,1127715000,51366000,,704369000,,,944948000,,1685831000,1685831000,2869601000,145858000,,,80223000,,10491000,236572000,,,,712502000,712502000,949074000,1920527000,1920527000,2869601000,,,113562920,5893668,4744091,0.1671,40475635,2189266,2890101696,2476750261,5366851957,4157984000,1208867957,1096083000,112784957,101176242,213961199,-527801,214489000,0.17944,116317045,897688692,,,11.5873556294672,,6.75110146893676,duval,0.00972978080120937,1,0,1,0,FALSE
100092,STEWARD ROCKLEDGE HOSPITAL,http://www.floridahealthfinder.gov/facilitylocator/FacilityProfilePage.aspx?id=9906,1414,0.219688365683248,5340,0.196894596128256,3.77652050919378,97390720,0.246740585409793,68876.0396039604,151,97,358,206,287,315,brevard,0,0.106789250353607,0.253182461103253,0.202970297029703,0.0685997171145686,0.145685997171146,0.222772277227723,0.0915706488781079,0.0784227820372399,0.0898841215158158,0.0745007680491551,0.0989433237271854,0.0924567067801585,0.0921511116352628,0.0880000202611624,1,715519,100092,WUESTOFF MEDICAL CENTER - ROCKLEDGE,110 LONGWOOD AVENUE,ROCKLEDGE,FL,32955,BREVARD,37340,U,STH,2,4,01/01/2018,12/31/2018,850,,,15909,1863,41296,274,100010,,3040,202,7766,,17718,2591,47243,298,108770,,3361,390,9308,,13141,1739,35030,243,88695,,3040,202,7766,6548092,5931540,7242682,18095310,48769352,102445706,7266272,146827082,687576359,690597978,1378174337,13363814,,48769352,986671,20833,,2720892,,,63696185,-26507974,5884375,603941,-21532,51452880,,,,73419,,9358213,,,3185695,,1357317,1357317,55995892,4908011,5938261,,17803750,-244997,6241323,34646348,,,,23421057,23421057,58067405,-2071513,-2071513,55995892,,19026080,7045629,1109385,529256,0.0812,,,687576359,690597978,1378174337,1217799436,160374901,151215058,9159843,1138837,10298680,,10298680,0.106537,6873246,166024729,131231,1589381,11.9053959916272,6.45829736311104,5.61312810638807,brevard,0,0,1,0,1,FALSE
100093,BAPTIST HOSPITAL,http://www.floridahealthfinder.gov/facilitylocator/FacilityProfilePage.aspx?id=9907,3281,0.509757799014665,13375,0.493158281501015,4.07650106674794,135544419,0.343403450483683,41311.922889363,516,351,887,432,470,625,escambia,0,0.157269125266687,0.270344407192929,0.143249009448339,0.106979579396525,0.131667174641877,0.190490704053642,0.230460026797678,0.223876829883897,0.279263220439691,0.207079646017699,0.268156424581006,0.315338042381433,0.294718463228236,0.254301933313281,1,684039,100093,BAPTIST HOSPITAL,1000 WEST MORENO STREET,PENSACOLA,FL,32501-2316,ESCAMBIA,37860,U,STH,1,2,10/01/2017,09/30/2018,1627.04,,,23499,4579,71207,266,97090,,4935,594,15285,,27034,5670,88779,326,118990,,5339,786,18104,,20873,3293,62523,229,83585,,4935,594,15285,8099655,47530953,24416082,33435033,104114246,219891203,15894705,286816357,765883445,947036837,1712920282,14081215,,104114246,3096212,,,137421789,,,100136191,-57975689,8766393,2229631,125165,200006169,8589007,,159721422,,11562784,201215364,,,133221842,7227950,219053142,226281092,559509103,24759507,6754883,,7946370,,56799752,96260512,,37854202,,164580689,202434891,298695403,260813700,260813700,559509103,,,49824539,655180,1819841,0.1461,18123088,,780758722,953335818,1734094540,1408500072,325594468,324005449,1589019,31487491,33076510,,33076510,0.167443,21407074,181709745,,,11.4698630478431,5.92188802140973,5.5834963087817,escambia,0,1,0,1,0,FALSE
100102,SHANDS LAKE SHORE REGIONAL MEDICAL CENTER,http://www.floridahealthfinder.gov/facilitylocator/FacilityProfilePage.aspx?id=9911,510,0.0792369635774091,1947,0.0717890971276618,3.81764705882353,21609254,0.0547473104442488,42371.0862745098,58,0,185,98,82,66,columbia,0,0.113725490196078,0.362745098039216,0.16078431372549,0,0.192156862745098,0.129411764705882,1,0.502717391304348,0.287719298245614,,0.411764705882353,0.276150627615063,,,1,684279,100102,SHANDS LAKE SHORE,368 NE FRANKLIN STREET,LAKE CITY,FL,32056,COLUMBIA,99910,R,STH,1,4,07/01/2018,06/30/2019,252.44,,,2963,2328,10381,87,31755,,534,740,2311,,2963,2328,10381,87,31755,,534,740,2311,,2179,2328,7413,78,28470,,534,740,2311,2249296,10654532,4068685,6306603,15064866,27548888,2010157,39902152,112190396,134611558,246801954,2897754,,15064866,303100,,,-437260,,,17414518,-11773890,1474992,467127,-27040,7118447,,2475,,8803674,351165,3742733,1607951,,8307601,,108198,108198,15534246,1139704,1150427,133756,150380,,1055413,35914685,,6794330,,-13800896,-7006566,28908119,-13373873,-13373873,15534246,,906816,2438557,33363,100362,0.12,1956593,,112190396,134611558,246801954,212448293,34353661,42613754,-8260093,1588,-8258505,,-8258505,0.161677,9423447,74178942,,,11.5786611570318,6.21020812549648,4.46590811865458,columbia,0,1,0,0,1,TRUE
100105,INDIAN RIVER MEDICAL CENTER,http://www.floridahealthfinder.gov/facilitylocator/FacilityProfilePage.aspx?id=9913,2611,0.405662180197285,7871,0.290216735229495,3.01455381080046,75182405,0.190475546563534,28794.4867866718,375,282,651,282,476,545,indian river,0,0.143623132899272,0.249329758713137,0.18230563002681,0.108004595940253,0.108004595940253,0.208732286480276,1,0.775923718712753,0.662952646239554,1,0.699751861042184,0.738482384823848,0.981111075216012,0.795670135976609,1,713738,100105,INDIAN RIVER MEMORIAL HOSPITA.L,1000 36TH STREET,VERO BEACH,FL,32960,"",42680,U,STH,2,2,10/01/2017,09/30/2018,1465.1,,,27746,2347,57207,310,113150,,6521,584,13462,,29628,2441,62236,332,121180,,6744,612,14367,,25306,1860,50064,286,104390,,6521,584,13462,12337380,16111976,16541222,26816800,134638459,156207151,13160514,230643961,528436671,539007508,1067444179,15793926,1977602,135123625,3442951,143473,,28308293,,,104514765,-67381189,5132783,2685816,19975790,96377583,1631582,6461725,127809063,,34955649,152442174,,,99734509,3663504,9309597,12973101,209085193,10829830,12611302,,,,11933300,35374432,,,,24001841,24001841,59376273,149708920,149708920,209085193,,,58740700,596493,772440,0.0526,,,554169664,661911316,1216080980,944425328,271655652,290845610,-19189958,17670767,-1519191,,-1519191,0.216071,10469545,96010675,,,11.346210024657,6.77741476498811,5.73657229747919,"",0,0,1,1,0,FALSE
100106,DOCTORS' MEMORIAL HOSPITAL,http://www.floridahealthfinder.gov/facilitylocator/FacilityProfilePage.aspx?id=9914,206,0.0320055186214633,596,0.0219755017401574,2.89320388349515,3024424,0.0076624153542291,14681.6699029126,0,0,0,0,101,63,taylor,0,0,0,0.490291262135922,0,0,0.305825242718447,,,1,,,1,,,1,684041,100106,DOCTORS MEMORIAL,333 BYRON BUTLER PARKWAY,PERRY,FL,32347,TAYLOR,99910,R,STH,1,9,06/01/2018,05/31/2019,184.93,,,852,98,1924,48,17520,,331,13,711,,7385,3364,23410,48,17520,,331,13,711,,672,98,1454,42,15330,,331,13,711,247674,3108196,1613042,2467034,9760527,12784245,-126749,20092561,9305882,38919422,48225304,1285304,194778,9760527,,,,472777,,,7729190,-5667143,578449,311986,,3425259,250000,15250,1167279,1178705,80387,10166453,,,2021570,,,,5446829,477182,764595,20238,,,228909,1490924,,736271,,129330,865601,2356525,3090304,3090304,5446829,,558644,1213771,,36467,0.0823,383093,,9397727,46115912,55513639,36644074,18869565,22434618,-3565053,2623442,-941611,,-941611,0.416639,2068075,7941999,,,11.2654668664701,6.98042913105284,3.87120101090789,taylor,0,1,0,0,0,TRUE
100107,LEHIGH REGIONAL MEDICAL CENTER,http://www.floridahealthfinder.gov/facilitylocator/FacilityProfilePage.aspx?id=9915,390,0.0605929721474305,1218,0.0449096663079055,3.12307692307692,20526662,0.0520045503143313,52632.4666666667,0,0,106,108,70,86,lee,0,0,0.271794871794872,0.179487179487179,0,0.276923076923077,0.220512820512821,0,0.0195933456561922,0.0239561943874059,0,0.044517724649629,0.0265432098765432,0.0282734236553841,0.0278063039954293,1,716506,100107,LEHIGH REGIONAL,1500 LEE BOULEVARD,LEHIGH ACRES,FL,33936,LEE,15980,U,STH,2,4,01/01/2018,12/31/2018,246.1,,,3183,337,9451,78,28470,,799,81,2473,,3183,337,9451,78,28470,,799,81,2473,,2438,269,7308,70,25550,,799,81,2473,111461,45198929,4855926,8046320,13592012,22233716,2080203,30394714,141816980,149502995,291319975,3316387,,13592012,23769,,,3779881,,,83280113,-76558964,697479,414530,21981,12203012,2700000,297652,4737918,54319,,4272427,11935,,10433208,,961751,961751,23597971,1430127,991310,178913,414442,,15509244,18524036,,,,964326,964326,19488362,4109609,4109609,23597971,,5345447,1828135,73646,199963,0.1115,,,141816982,149502993,291319975,253917403,37402572,35825728,1576844,175238,1752082,71515,1680567,0.104334,2626685,55754390,,,11.6767455239763,5.99359531221223,4.35670882668959,lee,0,0,1,0,1,FALSE
100109,FLORIDA HOSPITAL HEARTLAND MEDICAL CENTER,http://www.floridahealthfinder.gov/facilitylocator/FacilityProfilePage.aspx?id=9917,1139,0.176962551989547,3702,0.136498837990038,3.25021949078139,43089502,0.109167782602864,37830.9938542581,156,105,343,152,186,197,highlands,0,0.136962247585601,0.301141352063213,0.163301141352063,0.0921861281826163,0.133450395083407,0.172958735733099,0.816753926701571,0.732905982905983,0.704545454545455,1,0.710280373831776,0.72962962962963,1.22061861807011,0.760794971999226,1,684280,100109,ADVENTHEALTH SEBRING,4200 SUN N LAKE BLVD,SEBRING,FL,33872-,HIGHLANDS,42700,U,STH,5,1,01/01/2018,12/31/2018,1284.21,,,21179,2032,45483,180,65700,,4681,383,10927,,41465,2035,85421,197,67757,,4734,384,11017,,19327,1743,39707,158,57670,,4681,383,10927,5112731,12089350,7864249,21452707,95717696,132169262,9260697,183759099,548077268,590314290,1138391558,15810231,81296,95717696,5874718,,,86416276,11773015,,5391377,-9539380,3969634,1877364,658928,114802555,6650291,4704081,83120138,,22062918,58303508,,,67976035,46337,10970653,11016990,193795580,7716313,6849856,,1832825,,4270455,20669449,,54608758,,210512,54819270,75488719,118306861,118306861,193795580,,27607290,9657231,238173,721069,0.0774,,,533495858,667966911,1201462769,974580165,226882604,205010336,21872268,377408,22249676,,22249676,0.16142,9329683,142142683,,,11.5996108122212,6.43254337477957,5.19295685089021,highlands,0,0,0,0,0,FALSE
100110,OSCEOLA REGIONAL MEDICAL CENTER,http://www.floridahealthfinder.gov/facilitylocator/FacilityProfilePage.aspx?id=9918,5216,0.81039216082307,20594,0.759334702746311,3.94823619631902,545628671,1.38235694015721,104606.723734663,404,396,1605,1144,825,842,osceola,0,0.0774539877300613,0.307707055214724,0.15816717791411,0.075920245398773,0.219325153374233,0.161426380368098,0.279584775086505,0.301012753188297,0.360262008733624,0.325657894736842,0.375944791324351,0.343253159396657,0.407451072687324,0.333848620209018,1,706700,100110,OSCEOLA REGIONAL MEDICAL CENTER,700 WEST OAK STREET,KISSIMMEE,FL,34741,OSCEOLA,36740,U,STH,5,4,01/01/2018,12/31/2018,1384.31,87.9,,23663,5790,106404,351,127331,,4196,1033,22863,,27347,6482,120367,404,146676,,4547,1170,24743,,20435,4224,87553,275,100375,,4196,1033,22863,26432730,55261438,31296728,71319521,101782231,206170319,16786211,272833463,2520810859,1345222922,3866033781,21093150,,102815687,3630943,41141,,-550780,,,152164095,-149993445,10483678,1381028,,15432499,12149045,4842125,51744542,20827847,85621022,76378649,13900437,,154202815,,2919856,2919856,172555170,7549761,7847148,10285574,357073,,-19121,26020435,,734593,-286581900,592072,-285255235,-259234800,431789970,431789970,172555170,,28847867,9138987,455721,2301054,0.2423,51289533,5123211,2520821494,1345459665,3866281159,3445350205,420930954,307800967,113129987,7445838,120575825,-124,120575949,0.070572,7229944,675866531,,,11.9592610414511,5.7593628119323,5.86078622346587,osceola,0.0634973380239975,0,0,0,1,FALSE
100113,UF HEALTH SHANDS HOSPITAL,http://www.floridahealthfinder.gov/facilitylocator/FacilityProfilePage.aspx?id=9920,11281,1.75269056101324,57378,2.11562137390394,5.08625121886358,711626132,1.80291354661498,63081.8306887687,1848,1654,2974,1662,1505,1638,alachua,0,0.163815264604202,0.263629110894424,0.133410158673876,0.146618207605709,0.147327364595337,0.145199893626452,0.541617819460727,0.528617134731603,0.595803642121932,0.598624683315237,0.617843866171004,0.614403600900225,0.860835976709963,0.575576314201126,1,685713,100113,UF HEALTH SHANDS,1600 ARCHER RD,GAINESVILLE,FL,32610,ALACHUA,23540,U,STH,5,2,07/01/2018,06/30/2019,7686.47,672.61,,72167,18214,293094,921,339349,,11817,2607,47352,,109799,20287,382483,1050,381626,,12760,2782,51772,,45834,8155,163592,519,194859,,11817,2607,47352,64674653,35359821,74010660,74089346,493535000,999586268,106538561,1362579177,3523528302,1999836739,5523365041,148459018,,491694204,67719899,,,2953,,,280464499,-39357354,36889415,7965725,78443488,365799357,41428970,,1245848726,,434474561,,,,1028006252,,23744253,23744253,1417549862,76290963,60666168,,10359613,,97035826,244352570,,,,10323443,10323443,254676013,1162873849,1162873849,1417549862,,32150812,104259238,15946360,7280887,0.2135,69139445,31334480,3523528302,2062709563,5586237865,4021506023,1564731842,1493121268,71610574,30525950,102136524,67469609,34666915,0.246694,272431132,954073424,564650,2607830,11.5889671443492,7.06629199499663,6.82546003625531,alachua,0.0875057080818633,0,0,1,0,FALSE
100117,BAPTIST MEDICAL CENTER - BEACHES,http://www.floridahealthfinder.gov/facilitylocator/FacilityProfilePage.aspx?id=9923,2647,0.411255377626278,7215,0.266028934656436,2.72572723838308,72376346,0.183366361619071,27342.7827729505,448,383,1017,228,291,280,duval,0,0.169248205515678,0.38420853796751,0.109935776350586,0.144692104268984,0.0861352474499433,0.105780128447299,0.0931974204285417,0.071218487394958,0.0501810657009829,0.102242391884677,0.0393782383419689,0.0449077786688051,0.0745301177098764,0.071588813227318,1,690095,100117,BAPTIST MEDICAL CENTER-BEACHES,1350 THIRTEENTH AVENUE SOUTH,JACKSONVILLE BEACH,FL,32250,DUVAL,27260,U,STH,1,2,10/01/2017,09/30/2018,636.3,,,11813,851,28911,135,49275,,2692,178,7141,,11813,851,28911,135,49275,,2692,178,7141,,11813,781,26983,135,49275,,2692,178,7141,5323177,8474730,6753331,9899118,37712368,73459528,6388934,102060647,309367380,322580261,631947641,9089242,,37623633,501449,,,2000,,,26882000,-10308000,1752000,549000,611000,19488000,2648000,2158000,81540000,1903000,20143000,50228000,,,67250000,62782000,70036000,132818000,219556000,9817000,,,1414000,,5492000,20139000,,,,6919000,6919000,27058000,192498000,192498000,219556000,,,19264317,406428,,,5938615,,309367380,322580261,631947641,498310441,133637200,119646896,13990304,4374675,18364979,-21,18365000,0.161502,3575147,41615178,,,11.3907090006111,,4.90527477843843,duval,0,1,0,1,0,FALSE
100118,FLORIDA HOSPITAL FLAGLER,http://www.floridahealthfinder.gov/facilitylocator/FacilityProfilePage.aspx?id=9924,1161,0.180380617085043,3948,0.145569263204935,3.40051679586563,51438688,0.130320547890309,44305.5021533161,0,0,299,216,323,285,flagler,0,0,0.257536606373816,0.278208440999139,0,0.186046511627907,0.245478036175711,,1,1,,1,1,,,1,713555,100118,ADVENTHEALTH PALM COAST,60 MEMORIAL MEDICAL PARKWAY,PALM COAST,FL,32614,FLAGLER,19660,U,STH,2,1,01/01/2018,12/31/2018,696.8,,,14469,1036,32683,99,36135,,3571,179,8093,,69364,1036,105928,131,47815,,3571,179,8093,,12676,852,28519,81,29565,,3571,179,8093,4387690,8738725,7373067,9944383,50672466,129343721,9352872,131791994,341262585,410729621,751992206,8937611,,50672466,2146658,,,244671816,6298,,66092682,-61527966,3039899,1879137,48510,262523255,7311502,6261142,51139828,24499600,29790484,44522254,,11549236,85510152,50000,18300994,18350994,366384401,1540864,3746836,67567,478742,,2291134,18506494,,59090618,,259922,59350540,77857034,288527367,288527367,366384401,,19425752,7051790,79890,,,,,339502980,475389356,814892336,600456181,214436155,180016187,34419968,-3449833,30970135,,30970135,0.175257,7660121,59462898,,,11.5198117899156,6.13766753897425,4.59511985013459,flagler,0,0,1,0,0,FALSE
100122,NORTH OKALOOSA MEDICAL CENTER,http://www.floridahealthfinder.gov/facilitylocator/FacilityProfilePage.aspx?id=9927,762,0.118389345580364,2416,0.0890818996715105,3.17060367454068,66266207,0.167886249409251,86963.5262467192,100,44,249,128,129,112,okaloosa,0,0.131233595800525,0.326771653543307,0.169291338582677,0.057742782152231,0.167979002624672,0.146981627296588,0.288184438040346,0.266025641025641,0.224347826086957,0.159420289855072,0.198142414860681,0.199643493761141,0.26853822423664,0.234562324332907,1,716579,100122,NORTH OKALOOSA MEDICAL CENTER,151 REDSTONE AVENUE,CRESTVIEW,FL,32536,OKALOOSA,18880,U,STH,2,4,04/01/2018,03/31/2019,449.17,,,10326,1104,21143,110,40150,,2271,691,5130,,12094,2723,29848,110,40150,,2271,691,5130,,8941,413,17650,90,32850,,2271,691,5130,2780712,29230142,4839565,4844956,26904111,37565245,5049761,68668073,495815620,714483729,1210299349,4708125,65300,26866220,913871,15828,,39975,,,52146848,-33971263,3820985,448927,19053,22504525,726490,3133777,60583914,11216902,4851707,25264653,6049927,,39984631,,5889995,5889995,68379151,2959204,2648312,237844,1147101,,1633276,-230967542,,4027944,,831806,4859750,-226107792,294486943,294486943,68379151,,8639959,9177322,80167,400889,0.09,,,495915658,714383690,1210299348,1111680964,98618384,64469356,34149028,580956,34729984,,34729984,0.056736,9598027,167516334,67622,1286889,12.3712726228345,6.24657207570684,4.70048036579242,okaloosa,0,0,1,0,1,FALSE
100124,SANTA ROSA MEDICAL CENTER,http://www.floridahealthfinder.gov/facilitylocator/FacilityProfilePage.aspx?id=9928,754,0.117146412818366,2137,0.0787947100985174,2.8342175066313,37335751,0.0945905837687025,49516.9111405836,93,47,279,122,124,89,santa rosa,0,0.123342175066313,0.370026525198939,0.164456233421751,0.0623342175066313,0.161803713527851,0.118037135278515,1,0.63265306122449,0.394904458598726,1,0.448529411764706,0.320143884892086,0.595027889935126,0.595081897796505,1,718676,100124,SANTA ROSA MEDICAL CENTER,6002 BERRYHILL ROAD,MILTON,FL,32570,SANTA ROSA,37860,U,STH,2,4,06/01/2018,05/31/2019,366.2,,,5577,885,15065,108,39440,,1455,636,4399,,5577,885,15134,108,39440,,1455,636,4399,,4992,300,12712,100,36520,,1455,636,4399,3340431,24531011,5477481,8740607,22577665,39981728,5389534,59773470,249780766,520442097,770222863,4175607,,22577665,187937,,,-10206,,,43600169,-32389740,3189187,617779,22843,15030032,1224090,21357,32285439,6712842,1277935,11662809,3264835,,43898269,,11384519,11384519,70312820,1752723,1833847,-1081,2134701,,1807455,1686795,,7481817,,,7481817,9168612,61144208,61144208,70312820,,2989469,7123294,51446,306923,0.1214,,,249780766,520448097,770228863,693999625,76229238,62559393,13669845,157230,13827075,,13827075,0.077605,7152885,134227369,,,12.0730657319761,6.03279398276046,4.68213122712422,santa rosa,0,0,1,0,1,FALSE
100125,HOMESTEAD HOSPITAL,http://www.floridahealthfinder.gov/facilitylocator/FacilityProfilePage.aspx?id=9929,1576,0.244857754113719,4868,0.179491178642762,3.08883248730964,62728602,0.158923683687911,39802.4124365482,156,125,487,279,259,270,miami-dade,0,0.0989847715736041,0.309010152284264,0.164340101522843,0.0793147208121827,0.177030456852792,0.171319796954315,0.0197518359078248,0.0210703932851642,0.025106630476929,0.0162232316677482,0.0248840528005708,0.0220516171185887,0.0223123618221442,0.0220619774980121,1,718148,100125,HOMESTEAD HOSPITAL,975 BAPTIST WAY,HOMESTEAD,FL,33033,MIAMI-DADE,33124,U,STH,2,2,10/01/2017,09/30/2018,1091.55,,,5240,3584,34865,142,51830,,1274,237,9170,,5240,3584,34865,142,51830,,1274,237,9170,,4798,763,29778,126,45990,,1274,237,9170,23908833,107553223,45951113,71090004,79602621,151322215,13671345,206084804,454157559,612830358,1066987917,18154091,,79602621,751614,,,4460,,,86062161,-70973532,,,11200313,26293402,5592721,1878327,21243198,5230188,1787964,33981274,,1858523,31692074,,1402973,5573159,63558635,,12622457,,1714214,112970,31766350,46215991,,112398696,,373421051,485819747,532035738,-468477103,-468477103,63558635,,,9969950,629106,994752,0.3991,,,454157560,612830952,1066988512,889048972,177939540,230924444,-52984904,8776863,-44208041,-746682,-43461359,0.193146,21768442,277214348,,,11.6644134773221,7.22729552184372,4.95582705760126,miami-dade,0,0,1,1,0,FALSE
100126,PALMS OF PASADENA HOSPITAL,http://www.floridahealthfinder.gov/facilitylocator/FacilityProfilePage.aspx?id=9930,952,0.14790899867783,4899,0.180634199706428,5.14600840336134,134504697,0.340769302025355,141286.446428571,0,0,301,167,233,227,pinellas,0,0,0.316176470588235,0.244747899159664,0,0.175420168067227,0.238445378151261,0,0.0325405405405405,0.0444486837085082,0,0.0378170289855072,0.0441806150253017,0.0391246079166809,0.0383358082543155,1,690174,100126,PALMS OF PASADENA,1501 PASADENA AVE S,ST PETERSBURG,FL,33707,"",45300,U,STH,2,4,10/01/2017,09/30/2018,405.09,0.64,,12239,510,26964,167,60955,,2182,91,5017,,14777,553,30963,187,68255,,2381,95,5344,,10964,469,23804,149,54385,,2182,91,5017,3861035,5905691,4505777,6976601,30748302,67895152,4054507,78543505,619967226,358127504,978094730,8575146,,30847725,1973459,,,819,,,23132055,-10340023,2460534,264083,,15604195,12840000,176907,12343767,1959120,15395531,18010857,4075943,,40281971,,118165876,118165876,174052042,1995856,2134995,2444241,167110,,,6742202,,440174,163557689,49171,164047034,170789236,3262806,3262806,174052042,,,17065236,1219960,,,,,619967226,358341984,978309210,884217467,94091743,98622424,-4530681,351413,-4179268,,-4179268,0.080303,2001096,55688083,,,12.117606628457,5.99024514750526,5.11799381241676,"",0.001579895825619,0,1,0,1,FALSE
100127,MORTON PLANT HOSPITAL,http://www.floridahealthfinder.gov/facilitylocator/FacilityProfilePage.aspx?id=9931,6643,1.03210029224457,22742,0.838535000964194,3.4234532590697,308077255,0.780517509780624,46376.2238446485,682,593,2100,789,1258,1221,pinellas,0,0.102664458828842,0.316122233930453,0.189372271564052,0.0892668974860756,0.118771639319585,0.183802498870992,0.22620232172471,0.227027027027027,0.23998473864937,0.226681957186544,0.17866847826087,0.237641105488517,0.255897305930076,0.225572657105952,1,683498,100127,MORTON PLANT HOSPITAL,300 PINELLAS ST,CLEARWATER,FL,33756-3804,PINELLAS,45300,U,STH,5,2,01/01/2018,12/31/2018,2642.91,23.21,,41868,8600,124626,530,193409,,9111,502,24682,,57110,16350,165306,650,237209,,9111,502,24682,,36556,6212,103084,456,166399,,9111,502,24682,30879162,31625295,38451811,65500821,174802340,416300154,24472443,505758709,1520350570,1137259412,2657609982,35867029,,174802340,2887184,,11233,249756,,,219207060,-153473103,12320966,2729291,,773733194,26326203,15163348,482844075,5798065,143528129,79645894,1968460,,354768351,5905800,6745039,12650839,1141152384,15352700,12287476,,452283,,,28092459,,,,2212287,2212287,30304746,1110847638,1110847638,1141152384,,66393540,21609244,1378867,1482847,0.0674,62019800,1974606,1542654707,1229288298,2771943005,2123679862,648263143,591102494,57160649,8140718,65301367,,65301367,0.190306,24622893,264142886,41270,544746,11.6289848450827,6.21026157821805,6.27287700654617,pinellas,0.00878198652243171,0,0,1,0,FALSE
100128,TAMPA GENERAL HOSPITAL,http://www.floridahealthfinder.gov/facilitylocator/FacilityProfilePage.aspx?id=9932,12116,1.88242166804684,64364,2.37320670134814,5.31231429514691,1138081876,2.88334441236819,93932.1455926048,1504,1301,3886,1931,1667,1827,hillsborough,0,0.124133377352261,0.320732915153516,0.137586662264774,0.107378672829317,0.159376031693628,0.150792340706504,0.206991467107074,0.224910290542887,0.24325113089158,0.200184643791353,0.25110533159948,0.245103300241481,0.26132233457176,0.229774227237314,1,694995,100128,TAMPA GENERAL HOSPITAL,1 TAMPA GENERAL CIRCLE,TAMPA,FL,33606-3508,HILLSBOROUGH,45300,U,STH,5,2,10/01/2017,09/30/2018,6711.72,302.09,,67580,25334,275918,916,334340,,9862,4151,49181,,73549,25407,292423,975,355875,,10294,4151,50132,,51920,18811,197773,694,253310,,9862,4151,49181,41503101,53645942,81506575,108342554,454513565,806945463,54852301,1123388438,4518024093,2395877018,6913901111,106083913,,449166948,18841722,,,94629130,5137454,,309706006,-167102141,25726652,122025119,,520465308,46639635,7996827,563646551,13220511,20309246,448328162,,,509283265,767203092,44289320,811492412,1841240985,125021378,102928137,,,,45904265,346986545,357560745,19627433,,73924315,451112493,798099038,1043141947,1043141947,1841240985,,,108737335,14967901,6744433,0.2481,61028849,13141124,4518024092,2395877018,6913901110,5637947000,1275954110,1326768079,-50813969,157554242,106740273,3986453,102753820,0.162483,179784993,1271646706,,,11.8343850697484,7.62712679792814,6.82001636467413,hillsborough,0.0450093269683479,0,0,1,0,FALSE
100130,LAKESIDE MEDICAL CENTER,http://www.floridahealthfinder.gov/facilitylocator/FacilityProfilePage.aspx?id=9934,207,0.0321608852167131,649,0.0239296990425539,3.13526570048309,5113016,0.0129538888412534,24700.5603864734,0,0,64,46,0,47,palm beach,0,0,0.309178743961353,0,0,0.222222222222222,0.227053140096618,0,0.00403225806451613,0,0,0.00689241833982619,0.00592686002522068,0.00413587595794426,0.00412404918331598,1,684282,100130,LAKESIDE MEDICAL CENTER,39200 HOOKER HIGHWAY,BELLE GLADE,FL,33430,PALM BEACH,48424,U,STH,1,11,10/01/2017,09/30/2018,281,15.02,,1779,661,8337,54,19710,,378,180,1981,,1779,661,8337,54,19710,,378,180,1981,,1453,528,6439,48,17520,,378,180,1981,716078,14053738,4945032,8345263,18634731,30190234,3586646,39023693,54873205,74941843,129815048,4738362,,18634731,148637,,215202,5841094,,,15703864,-13194472,785770,,397880,9534136,,,72373737,,,,,,38964563,,,,48498699,2131201,2359706,,,,2076847,6567754,,47353,,749897,797250,7365004,41133695,41133695,48498699,,,2693577,42229,80807,0.12,449140,271747,54873205,75608635,130481840,103227101,27254739,48824965,-21570226,16496955,-5073271,-858,-5072413,0.30061,9299620,48289872,,,11.0953875712571,7.08269054627179,3.98898404656427,palm beach,0.0534519572953737,1,0,0,0,FALSE
100131,AVENTURA HOSPITAL AND MEDICAL CENTER,http://www.floridahealthfinder.gov/facilitylocator/FacilityProfilePage.aspx?id=9935,3311,0.51441879687216,14686,0.541497010999919,4.43551797040169,351245127,0.889883843741139,106084.302929629,158,106,846,766,646,789,miami-dade,0,0.0477197221383268,0.255511929930535,0.195107218363032,0.0320144971307762,0.231350045303534,0.238296587133796,0.0200050645733097,0.0366027776575953,0.0626211709965103,0.0137573004542505,0.0683196575098109,0.0644397255798759,0.0557973270338122,0.0541268805641323,1,699218,100131,AVENTURA HOSPITAL AND MED CTR,2801 NE 209TH ST AT BISCAYNE BLVD,MIAMI,FL,33180,MIAMI-DADE,33124,U,STH,5,4,01/01/2018,12/31/2018,1388.53,105.23,,27284,3883,93237,351,128115,,4784,531,17469,,30461,4270,109924,407,148555,,5178,601,20317,,22783,3066,77407,274,100010,,4784,531,17469,21968849,31598624,26505069,33813730,91942950,168367247,13493493,270151948,2067966527,767819182,2835785709,22078241,,98963887,2766329,,1604980,2230,,,65938711,-63651028,12934050,705879,,17996949,5289363,5507604,93854702,38872559,95793775,86855594,15162117,,140737438,,417537,417537,159151924,9364802,6574822,8018142,565957,,13714,24537437,,647807,-585998200,491191,-584859202,-560321765,719473689,719473689,159151924,,33406335,10490181,1924818,1715257,0.1563,49345451,6922656,2067966527,767819182,2835785709,2487055249,348730460,260190070,88540390,6932060,95472450,8,95472442,0.095265,16317499,309519743,,,11.8463716287624,5.77954481042069,5.86078622346587,miami-dade,0.0757851828912591,0,0,0,1,FALSE
100132,SOUTH FLORIDA BAPTIST HOSPITAL,http://www.floridahealthfinder.gov/facilitylocator/FacilityProfilePage.aspx?id=9936,1376,0.213784435063755,4223,0.155708966189068,3.06904069767442,57616068,0.145971015999578,41872.1424418605,100,70,437,279,244,246,hillsborough,0,0.0726744186046512,0.317587209302326,0.177325581395349,0.0508720930232558,0.202761627906977,0.178779069767442,0.0137627305257363,0.0252922791989814,0.0356048445936086,0.0107708878288968,0.0362808842652796,0.0330024148108398,0.0296155088142675,0.0291508023581914,1,684283,100132,SOUTH FLORIDA BAPTIST HOSPITAL,301 N. ALEXANDER STREET,PLANT CITY,FL,33564-,HILLSBOROUGH,45300,U,STH,5,2,01/01/2018,12/31/2018,694.53,,,6664,2457,27339,147,53655,,1723,374,7317,,6664,2457,27339,147,53655,,1723,374,7317,,6000,1855,23928,122,44530,,1723,374,7317,10137719,17133829,13586150,22102034,45391883,81038025,4014275,112677425,313338852,347603387,660942239,10011074,,45391883,125128,,,1225,,,55747608,-42557958,4482871,1054029,,144318119,2754751,1680059,68418428,59922,41853258,6316320,615705,,42009619,8388606,2200650,10589256,196916994,2867201,2916169,,,,,5783370,,,,343261,343261,6126631,190790363,190790363,196916994,,8478474,2771408,60987,394590,0.1403,15719101,,318047916,354691069,672738985,533393698,139345287,126429908,12915379,1003753,13919132,,13919132,0.17048,11283091,114856080,76299,928300,11.4289122874577,5.98782563965152,4.99043258677874,hillsborough,0,0,0,1,0,FALSE
100134,ED FRASER MEMORIAL HOSPITAL,http://www.floridahealthfinder.gov/facilitylocator/FacilityProfilePage.aspx?id=9937,66,0.0102541952864882,200,0.00737432944300584,3.03030303030303,1441996,0.00365331457862289,21848.4242424242,0,0,0,0,0,0,baker,0,0,0,0,0,0,0,,,,,,,,,1,717525,100134,ED FRASER MEMORIAL HOSPITAL,159 NORTH 3RD STREET,MACCLENNY,FL,32063,BAKER,27260,R,STH,2,2,10/01/2017,09/30/2018,193.53,,,714,10,925,21,7665,,215,2,313,,2955,16295,23207,89,32485,,215,2,313,,714,10,925,21,7665,,215,2,313,1804328,5687979,4752170,4752170,17002383,14796781,2077877,24288188,13249573,51911741,65161314,2537915,42465,17002383,,204524,,4192689,584635,,7130396,-4807589,861133,,1515988,9477252,,191162,13349441,749285,439583,14196560,,,12290129,8331638,601083,8932721,30700102,803063,1144879,,584635,,4243942,6776519,,3190598,,755280,3945878,10722397,19977705,19977705,30700102,,,994739,73548,,,,,13592748,57380154,70972902,41646892,29326010,31799164,-2473154,1305277,-1167877,,-1167877,0.372739,4383088,11103586,,,12.3316055096421,8.20460632199024,3.04452243772342,baker,0,0,1,1,0,TRUE
100135,TALLAHASSEE MEMORIAL HOSPITAL,http://www.floridahealthfinder.gov/facilitylocator/FacilityProfilePage.aspx?id=9938,9475,1.47209848999206,37302,1.37538618441502,3.93688654353562,380886335,0.964980208304143,40199.0854881266,1637,1259,3153,965,1192,1269,leon,0,0.172770448548813,0.332770448548813,0.125804749340369,0.13287598944591,0.101846965699208,0.133931398416887,0.809995051954478,0.730368311327311,0.677657760090961,0.825573770491803,0.602372034956305,0.706570155902004,1.35568909007487,0.733921388318161,1,682885,100135,TALLAHASSEE MEMORIAL HOSPITAL,MAGNOLIA DRIVE & MICCOSUKEE ROAD,TALLAHASSEE,FL,32308-,LEON,45220,U,STH,1,2,10/01/2017,09/30/2018,3899.99,63.92,,28591,7039,130219,386,140890,,6430,1217,29878,,44315,8980,233046,475,173375,,6628,1236,31328,,25286,2993,99975,306,111690,,6430,1217,29878,24032560,94241027,47947904,80308058,270704054,437660982,27201223,620241128,1464810694,1260291510,2725102204,64013164,971953,267772112,16889850,48937,840705,306250434,1452193,184972448,,-93923842,10225266,,,439063751,,,446258459,,,,,,446258459,27300,171553176,171580476,1056902686,84578616,,,3246874,,9590069,99274343,386700855,,,37728834,424429689,523704032,533198654,533198654,1056902686,,,60863307,1135895,2177385,0.1431,47883575,4750503,1464810693,1462493377,2927304070,2186421816,740882254,704546594,36335660,16326277,52661937,2502021,50159916,0.227603,47062838,358732566,336228,2812755,11.4450801784537,,5.95583736946483,leon,0.0163897856148349,1,0,1,0,FALSE
100140,BAPTIST MEDICAL CENTER - NASSAU,http://www.floridahealthfinder.gov/facilitylocator/FacilityProfilePage.aspx?id=9942,862,0.133926005105346,2087,0.0769511277377659,2.42111368909513,23960555,0.0607043604097345,27796.4675174014,134,80,271,89,160,128,nassau,0,0.155452436194896,0.314385150812065,0.185614849187935,0.0928074245939675,0.103248259860789,0.148491879350348,1,1,1,1,1,1,0,1,1,684043,100140,BAPTIST MEDICAL CTR-NASSAU,1250 SOUTH 18TH STREET,FERNANDINA BEACH,FL,32034,NASSAU,27260,U,STH,1,1,10/01/2017,09/30/2018,411.16,,,5718,388,12556,54,19710,,1410,136,4122,,5718,388,12556,54,19710,,1410,136,4122,,5718,319,11683,54,19710,,1410,136,4122,3481008,3144145,5232628,5232628,20725966,42800156,3636198,56445588,132309529,195551415,327860944,4801797,,20725966,766,,,1000,,,14024000,-4880000,1434000,,628000,11207000,477000,1572000,60472000,422000,2362000,36502000,,,54334000,12372000,58700000,71072000,136613000,4915000,,,520000,,4520000,9955000,,,,2404000,2404000,12359000,124254000,124254000,136613000,,,9698102,48994,139168,0.0574,2562178,,132309057,195551000,327860057,246308000,81552057,66317122,15234935,1666684,16901619,-381,16902000,0.172163,7843620,28321952,,,11.2840036583669,,3.98898404656427,nassau,0,1,0,0,0,FALSE
100142,JACKSON HOSPITAL,http://www.floridahealthfinder.gov/facilitylocator/FacilityProfilePage.aspx?id=9943,344,0.0534461087659387,1206,0.0444672065413252,3.50581395348837,3995253,0.0101220225508162,11614.1075581395,54,0,112,44,60,58,jackson,0,0.156976744186047,0.325581395348837,0.174418604651163,0,0.127906976744186,0.168604651162791,1,1,1,,1,1,,,1,715839,100142,JACKSON HOSPITAL  MARIANNA,4250 HOSPITAL DRIVE,MARIANNA,FL,32466,JACKSON,99910,R,STH,2,11,10/01/2017,09/30/2018,458.16,,,6729,656,13510,66,24090,,1246,83,2733,,6729,656,13510,66,24090,,1246,83,2733,,5834,160,10871,59,21535,,1246,83,2733,2045678,5480380,3757398,3757398,26081952,29818530,3217187,41382835,36181623,101183738,137365361,3248932,,26081952,185300,,,12655191,13624685,,19007043,-13465762,867134,697932,,36702099,782090,1206415,48200496,253697,4648101,28021423,,,37843161,,1020912,1020912,75566172,10526543,,,-943643,,,9582900,4533486,,,6437366,10970852,20553752,55012420,55012420,75566172,,,7344864,10266,218326,0.1189,,,36065886,119146960,155212846,95567949,59644897,55900482,3744415,2708373,6452788,,6452788,0.301261,7556149,23951611,,,10.9471527469786,,4.18965474202643,jackson,0,0,1,0,0,TRUE
100150,DEPOO HOSPITAL,http://www.floridahealthfinder.gov/facilitylocator/FacilityProfilePage.aspx?id=9950,114,0.0177117918584797,974,0.0359129843874384,8.54385964912281,3893224,0.00986353082605257,34151.0877192982,0,0,0,47,0,0,monroe,0,0,0,0,0,0.412280701754386,0,0,0,0,0,0.358778625954198,0,0.183209514428231,0.147917503682871,1,711367,100150,LOWER KEYS MEDICAL CENTER,5900 COLLEGE ROAD,KEY WEST,FL,33040,MONROE,99910,R,STH,2,4,10/01/2017,09/30/2018,318.8,,,4193,737,10960,99,36135,,902,371,2784,,6795,737,17717,120,43666,,1052,499,3461,,3606,562,8930,90,32850,,902,371,2784,4772929,26026671,8353666,9967702,26044792,44255814,6618254,55747733,190853402,224946740,415800142,3804797,,26044791,791756,,,-8081,,,39806751,-24686895,1847409,473529,1145459,18578172,,,25761499,7588692,1850593,8667585,5693749,,33336479,,4319705,4319705,56234356,2260723,1896202,249608,618700,,1723817,-79322813,,7414743,,,7414743,-71908070,128142426,128142426,56234356,,,7182737,241308,117797,0.0656,,,189994239,224946740,414940979,327925100,87015879,70300606,16715273,10033251,26748524,,26748524,0.134073,4437886,45202191,437,10430,11.6943340051684,6.30605065257116,4.59511985013459,monroe,0,0,1,0,1,TRUE
100151,MAYO CLINIC,http://www.floridahealthfinder.gov/facilitylocator/FacilityProfilePage.aspx?id=9951,5355,0.831988117562795,26577,0.97993776803383,4.96302521008403,399314532,1.01166827176468,74568.5400560224,154,124,1230,1042,1257,1548,duval,0,0.0287581699346405,0.2296918767507,0.234733893557423,0.023155929038282,0.194584500466853,0.289075630252101,0.0320366132723112,0.0861344537815126,0.216761510605277,0.0331019754404698,0.179965457685665,0.248275862068966,0.200859745421069,0.179142469051703,1,678693,100151,MAYO CLINIC FLORIDA,4500 SAN PABLO ROAD,JACKSONVILLE,FL,32224,DUVAL,27260,U,STH,1,2,01/01/2018,12/31/2018,1545.29,142.06,,31073,320,72919,277,100313,,6328,33,14727,,31073,320,72919,277,100313,,6328,33,14727,,27606,219,59730,223,80603,,6328,33,14727,1145745,14450430,15541612,15541612,105913740,209099821,22633824,480578009,984526317,786464622,1770990939,39388159,,128440840,671624,,2643472,8275,,,372193518,-244003727,10939022,245517,,271947266,35888,,274742679,30468773,,128399391,,,211546434,679675,26775240,27454915,510948615,6500567,1670703,,168286924,,11122711,307572255,,,,4356000,4356000,311928255,199020362,199020362,510948617,,57685057,17634801,8207553,,,14303157,9470568,979202395,794311238,1773513633,1113514606,659999027,525301053,134697974,11704451,146402425,-7437,146409862,0.271361,4488233,13387956,,,11.6987906964817,4.73131723117261,5.62401750618734,duval,0.0919309644144465,1,0,1,0,FALSE
100154,SOUTH MIAMI HOSPITAL,http://www.floridahealthfinder.gov/facilitylocator/FacilityProfilePage.aspx?id=9954,8014,1.24510789433207,30247,1.11525671331299,3.77427002745196,353978390,0.896808599125419,44170.0012478163,1427,1386,3367,528,606,700,miami-dade,0,0.178063389069129,0.420139755428001,0.0756176690791115,0.172947342151235,0.0658847017718992,0.0873471425006239,0.1806786528235,0.145675593821659,0.0587436991081815,0.179883192731992,0.0470924009989297,0.0571708591963411,0.148827936773223,0.137025123275222,1,684044,100154,SOUTH MIAMI HOSPITAL,6200 SW 73RD STREET,MIAMI,FL,33143,MIAMI-DADE,33124,U,STH,5,2,10/01/2017,09/30/2018,2200.55,,,14806,13264,80997,436,159140,,2906,340,15532,,14806,13264,80997,436,159140,,2906,340,15532,,13287,1241,52201,346,126290,,2906,340,15532,10207633,62061218,24695758,56620584,156787734,301272438,30886453,413593599,1029960993,912419755,1942380748,34440342,,156787734,1044075,137136,,12245,335043,,117017250,-63145563,,,18129982,72348957,40517125,4599568,148174551,120042080,59776907,100731628,,25000,231397165,17314993,12894578,30209571,333955693,,26267807,,2096902,370723,46496483,75231915,,137491086,,34170204,171661290,246893205,87062488,87062488,333955693,,,25775003,2716586,1651533,0.2563,,,1030167495,916613802,1946781297,1458247644,488533653,458060172,30473481,7190357,37663838,9378,37654460,0.212931,23572150,261362282,,,11.7387855379784,7.43319698807168,6.07764224334903,miami-dade,0,0,0,1,0,FALSE
100156,LAKE CITY MEDICAL CENTER,http://www.floridahealthfinder.gov/facilitylocator/FacilityProfilePage.aspx?id=9955,730,0.11341761453237,2086,0.0769142560905509,2.85753424657534,40172976,0.10177872815699,55031.4739726027,0,0,183,140,203,173,columbia,0,0,0.250684931506849,0.278082191780822,0,0.191780821917808,0.236986301369863,0,0.497282608695652,0.712280701754386,,0.588235294117647,0.723849372384937,,,1,689556,100156,LAKE CITY MEDICAL CENTER,1050 N. COMMERCE BLVD,LAKE CITY,FL,32055-,COLUMBIA,99910,R,STH,2,4,11/01/2017,10/31/2018,345.18,,,13721,337,22216,91,33215,,3418,98,6083,,13721,337,22235,91,33215,,3418,98,6083,,12051,288,18538,73,26645,,3418,98,6083,5033744,10266928,6133885,9325138,22858427,52751908,4919075,61891463,312415376,418659362,731074738,6132427,,22962796,571116,,,10137,,,14947185,-15137408,2976029,342456,,2434126,2446326,2030214,18785721,4907050,25669689,22390323,6173711,,38715658,,11682140,11682140,52831924,1486303,2531476,3540876,68766,,4714,7632135,,167470,11766868,26965,11961303,19593438,33238486,33238486,52831924,,19745324,2053661,4519,,,,,308140276,418659362,726799638,626659051,100140587,75594185,24546402,930678,25477080,-34,25477114,0.084658,4992458,96703903,,,11.6909081220917,6.03105981548132,4.51085950651685,columbia,0,0,1,0,1,TRUE
100161,CENTRAL FLORIDA REGIONAL HOSPITAL,http://www.floridahealthfinder.gov/facilitylocator/FacilityProfilePage.aspx?id=9959,2499,0.388261121529304,10009,0.369048316975227,4.00520208083233,226704542,0.574358741861021,90718.1040416167,182,169,679,518,405,546,seminole,0,0.0728291316526611,0.271708683473389,0.162064825930372,0.0676270508203281,0.207282913165266,0.218487394957983,0.126301179736294,0.168821481849826,0.239644970414201,0.145189003436426,0.243306716768436,0.301657458563536,0.251321891367368,0.220067069687189,1,716004,100161,CENTRAL FLORIDA REGIONAL HOSPITAL,1401 W. SEMINOLE BLVD,SANFORD,FL,32771,SEMINOLE,36740,U,STH,4,4,06/01/2018,05/31/2019,807.65,,,14950,2635,51163,208,75920,,3176,388,11676,,17125,2699,55210,221,80665,,3333,396,11978,,12453,2130,41953,180,65700,,3176,388,11676,19331441,27023617,22290779,35125282,56803696,116318581,2169707,151580769,1005898700,601592093,1607490793,12943329,,56916458,2341036,,,7101,,,78032576,-45986273,6070053,1013565,,39140934,16738106,1855822,27634505,13366865,15528213,48241662,8047700,,62288255,,9412849,9412849,110842038,6266417,3460182,5684930,354241,,228255,15994025,,601505,-60433831,491712,-59340614,-43346589,154188627,154188627,110842038,,9304615,20148594,499735,725285,0.0985,,,1005898699,601592260,1607490959,1399895508,207595451,173143273,34452178,888994,35341172,,35341172,0.094297,12583667,239070739,,,11.8071134769746,5.66600483398218,5.33753807970132,seminole,0,0,0,0,1,FALSE
100166,DOCTORS HOSPITAL OF SARASOTA,http://www.floridahealthfinder.gov/facilitylocator/FacilityProfilePage.aspx?id=9963,1198,0.186129181109286,4177,0.154012870417177,3.48664440734558,106181182,0.26901132886361,88632.0383973289,0,0,263,195,385,338,sarasota,0,0,0.219532554257095,0.321368948247078,0,0.162771285475793,0.282136894824708,0,0.0804773561811506,0.186802523047065,0,0.165816326530612,0.155117026158788,0.161938901502593,0.148454302640987,1,679035,100166,DOCTORS HOSPITAL OF SARASOTA,5731 BEE RIDGE RD,SARASOTA,FL,34233-,SARASOTA,35840,U,STH,1,4,01/01/2018,12/31/2018,508.66,,,14927,721,29635,139,50735,,4024,104,7665,,18395,721,34767,155,56575,,4322,104,8167,,13541,638,26725,123,44895,,4024,104,7665,5614695,6319674,6505712,9036612,39236218,89371284,7340839,126513920,721609163,566427335,1288036498,9406758,,39902633,1377525,,,-122311,,,32921450,-12207514,6650798,567478,,27837302,10833924,1451173,44011494,6753149,20750674,35629990,8608372,,63453706,1770253,19060520,20830773,112121781,4285635,4003779,3426791,253818,,,11970023,,209970,-84100526,110377,-83780179,-71810156,183931937,183931937,112121781,,28714343,8934194,571748,,,16351639,,721609164,566427355,1288036519,1135651331,152385188,128511223,23873965,464595,24338560,,24338560,0.098222,2399606,50197571,,,11.9685278941292,6.19489229973049,4.93447393313069,sarasota,0,1,0,0,1,FALSE
100167,PLANTATION GENERAL HOSPITAL,http://www.floridahealthfinder.gov/facilitylocator/FacilityProfilePage.aspx?id=9964,3194,0.496240905227931,10789,0.39780820180295,3.37789605510332,137689894,0.348839037749924,43108.9211020664,661,567,1445,241,152,128,broward,0,0.206950532247965,0.452410770194114,0.047589229805886,0.177520350657483,0.0754539762053851,0.0400751408891672,0.0766643470192531,0.0678149051999249,0.0178236397748593,0.0718267038256904,0.0258528212829865,0.0131093814010651,0.0648697818192425,0.0626208943196929,1,691658,100167,PLANTATION GENERAL HOSPITAL,401 NW 42ND STREET,PLANTATION,FL,33317-,BROWARD,22744,U,STH,5,4,09/01/2018,08/31/2019,1712.57,14.19,,17256,10008,109586,574,209510,,3272,1415,21688,,20817,10824,128227,645,235425,,3715,1564,25435,,14563,5306,77506,462,168630,,3272,1415,21688,35761586,46490569,40717879,68153104,125792731,270688117,23059169,339128746,2381355236,1720715955,4102071191,31661093,,125900397,6480815,,,38493,,,134946722,-83532582,12421055,1149490,,65368500,80523314,11288037,84654204,47399002,80820324,78565600,18655273,,233411894,,13194541,13194541,311974935,10147992,10582395,13790083,296843,,632183,35449496,,738204,83534726,5526435,89799365,125248861,186726074,186726074,311974935,,2443230,26129509,1260559,2929420,0.4101,39359055,372646,2381355236,1720726879,4102082115,3686154977,415927138,396480848,19446290,4468732,23915022,-252050,24167072,0.082673,43743194,862156354,,,11.9908790574231,6.03082087203002,6.35262939631957,broward,0.00828579269752477,0,0,0,1,FALSE
100168,BOCA RATON REGIONAL HOSPITAL,http://www.floridahealthfinder.gov/facilitylocator/FacilityProfilePage.aspx?id=9965,8111,1.2601784540713,26475,0.976176860017897,3.26408580939465,228671871,0.579342994048022,28192.8086549131,1357,1085,2966,612,949,1142,palm beach,0,0.167303661693996,0.365676242140303,0.117001602761682,0.13376895573912,0.0754530883984712,0.140796449266428,0.197698135198135,0.186869959677419,0.137675903090091,0.166641068960221,0.0916991309559485,0.144010088272383,0.183363412649498,0.167004321375112,1,691412,100168,BOCA RATON REGIONAL HOSPITAL,800 MEADOWS ROAD,BOCA RATON,FL,33486,PALM BEACH,48424,U,STH,1,2,07/01/2018,06/30/2019,623.47,64.64,,48137,741,90734,370,135050,,9899,185,19708,,58971,741,103187,370,135050,,9899,185,19708,,43084,555,74500,319,116435,,9899,185,19708,2780908,6931424,6054092,8014802,165290185,352958525,24483315,472823340,880549659,1401310558,2281860217,36957476,,165290185,7598918,182416,,-1449775,,,153948024,-92442945,10774372,5105536,149259356,230471019,15176314,1346013,215659191,,83468855,230375101,,,212100024,,307866646,307866646,750437689,31250161,18290760,836671,1300080,32727,23311474,75021873,,1325590,,69114105,70439695,145461568,604976121,604976121,750437689,,21685805,73336009,1939491,,,26458019,9335323,880549658,1416207804,2296757462,1763733702,533023760,518248710,14775050,9380709,24155759,-2,24155761,0.20721,3532524,24163933,1787,17872,11.6659842423854,6.83312664860097,5.91350300563827,palm beach,0.103677803262386,1,0,1,0,FALSE
100173,FLORIDA HOSPITAL TAMPA,http://www.floridahealthfinder.gov/facilitylocator/FacilityProfilePage.aspx?id=9969,5927,0.920857810045693,25302,0.932926417834668,4.26893875485068,368845148,0.934473713132849,62231.3392947528,813,724,2044,784,742,820,hillsborough,0,0.137168888139025,0.344862493673022,0.125189809347056,0.122152859794162,0.132276024970474,0.138349924076261,0.111890999174236,0.118300729251071,0.108273748723187,0.111401754116018,0.101950585175553,0.110008049369466,0.118817326272657,0.112013484682139,1,683501,100173,ADVENTHEALTH TAMPA - AMENDED,3100 E FLETCHER AVE,TAMPA,FL,33613-,HILLSBOROUGH,45300,U,STH,5,1,01/01/2018,12/31/2018,2579.23,7.22,,31598,4971,116953,506,184690,,5237,618,21845,,35750,5044,125736,536,195640,,5546,623,22447,,27974,3414,97272,420,153300,,5237,618,21845,18805604,30583292,24981153,51517755,169069774,332412134,40914442,424529837,1758541592,1257234302,3015775894,41030713,,169069774,7455145,,,143673476,358024,,209559740,-207478036,18793678,4151830,140012,267577154,12757926,8151008,392158964,30679395,20535267,205769471,,,425709360,17167113,19461442,36628555,729915069,20939586,16778516,253812,1384209,,6887299,63673329,,170545242,,16328010,186873252,250546581,479368488,479368488,729915069,,39105865,11652987,2340612,1607786,0.1267,46652276,,1751346294,1264729599,3016075893,2482868896,533206997,501481908,31725089,2091169,33816258,,33816258,0.14077,32928626,461808411,,,11.8083101962855,6.61669756252346,6.22653666928747,hillsborough,0.00279928505794365,0,0,0,0,FALSE
100175,DESOTO MEMORIAL HOSPITAL,http://www.floridahealthfinder.gov/facilitylocator/FacilityProfilePage.aspx?id=9971,101,0.015692026120232,236,0.00870170874274689,2.33663366336634,2599439,0.00658571063646563,25737.0198019802,0,0,0,0,0,0,de soto,0,0,0,0,0,0,0,,,,,,,,,1,684048,100175,DESOTO MEMORIAL HOSPITAL,900 NORTH ROBERT ROAD,ARCADIA,FL,34266,DE SOTO,99910,R,STH,2,9,10/01/2017,09/30/2018,214.5,,,1489,626,3314,49,17885,,524,291,1181,,8413,753,12809,49,17885,,524,291,1181,,1197,328,2347,41,14965,,524,291,1181,1933230,6296785,4102749,4102749,13292257,21068469,1638871,31236415,28100112,90034786,118134898,2779433,,13292257,271948,,,4943331,,,2325150,,951590,531172,794746,10069328,,803850,27615739,,7327618,12030066,,,17164332,,,,27233660,1018900,1358223,,1084192,,642172,4103487,,16010070,,600000,16610070,20713557,6520103,6520103,27233660,,,3025594,36873,74808,0.0989,,,30983182,90368111,121351293,86601243,34750050,34362360,387690,1741793,2129483,,2129483,0.264413,3654590,20903699,,,11.5400833290125,7.04757096949867,3.89182029811063,de soto,0,0,1,0,0,TRUE
100176,PALM BEACH GARDENS MEDICAL CENTER,http://www.floridahealthfinder.gov/facilitylocator/FacilityProfilePage.aspx?id=9972,2059,0.319899819619383,7712,0.284354143322305,3.74550752792618,211047409,0.534691203082593,102499.955803788,44,41,437,453,471,613,palm beach,0,0.021369596891695,0.212238950947062,0.228751821272462,0.0199125789218067,0.220009713453133,0.297717338513842,0.00641025641025641,0.0275327620967742,0.0683301900478747,0.00629703578559361,0.0678753371291579,0.0773013871374527,0.0617953546870576,0.0596837514972642,1,676831,100176,PALM BEACH GARDENS,3360 BURNS ROAD,PALM BEACH GARDENS,FL,33410,PALM BEACH,48424,U,STH,1,4,01/01/2018,12/31/2018,677,,,21211,1656,47526,199,72635,,4512,173,10297,,21211,1656,47562,199,72635,,4512,173,10297,,16243,1233,35939,155,56575,,4512,173,10297,6944012,20525917,9480353,19257548,56484461,137519578,8541653,182794068,1116656753,600805413,1717462166,13545855,,56484461,1991621,,,1152579,,,93220911,-64602416,7090210,645803,,42903502,9194741,715631,102654632,7894108,6265148,67506573,,10544069,128214139,4240796,58344994,62585790,233703431,10144776,1554699,2309884,522624,,4758900,19290883,263647,,,98317,361964,19652847,214050584,214050584,233703431,,33587672,10440614,3600478,,,21612875,,1120324925,601543572,1721868497,1506210957,215657540,194006523,21651017,1656962,23307979,,23307979,0.106433,7063204,116632727,18289,269686,12.0270680039448,5.01718464606997,5.29330482472449,palm beach,0,1,0,0,1,FALSE
100177,CAPE CANAVERAL HOSPITAL,http://www.floridahealthfinder.gov/facilitylocator/FacilityProfilePage.aspx?id=9973,1865,0.289758700140917,5987,0.22075055187638,3.21018766756032,64785665,0.164135278066152,34737.6219839142,216,135,509,247,320,438,brevard,0,0.115817694369973,0.272922252010724,0.171581769436997,0.0723860589812333,0.132439678284182,0.23485254691689,0.130988477865373,0.111500547645126,0.100219229564673,0.1036866359447,0.118635926993276,0.128558849427649,0.123611801381092,0.116207500965238,1,710880,100177,CAPE CANAVERAL HOSPITAL INC,701 WEST COCOA BEACH CAUSEWAY,COCOA BEACH,FL,32933,BREVARD,37340,U,STH,2,2,10/01/2017,09/30/2018,542.37,,,11676,1111,30752,150,54750,,2679,510,7668,,68511,1111,174239,150,54750,,2679,510,7668,,10448,860,26093,138,50370,,2679,510,7668,10113445,3655725,12902109,17860354,58871977,74262392,9952393,142142824,305919314,365976951,671896265,14813755,,46541002,866789,,,94531240,21150786,,17029290,-2574986,3507814,441918,,134679381,71173,2463252,43855423,58474784,15337623,70288606,74481,,50709211,6113426,1093345,7206771,192595363,1513646,4722978,,972331,2495297,8570212,28957101,47786963,2306798,,,50093761,79050862,113544501,113544501,192595363,,,20734750,135076,266442,0.0514,,,305996031,365900233,671896264,533924837,137971427,133134369,4837058,9149269,13986327,,13986327,0.211555,5281887,56930638,19815,281656,11.3808034133581,6.42313898664555,5.01063529409626,brevard,0,0,1,1,0,FALSE
100179,MEMORIAL HOSPITAL JACKSONVILLE,http://www.floridahealthfinder.gov/facilitylocator/FacilityProfilePage.aspx?id=9974,3437,0.533994987873637,15048,0.554844547291759,4.37823683444865,375836861,0.952187303900401,109350.265056736,276,221,1188,677,527,548,duval,0,0.0803025894675589,0.345650276403841,0.153331393657259,0.06430026185627,0.196974105324411,0.15944137329066,0.0574162679425837,0.0831932773109244,0.0908777375409553,0.0589962626801922,0.11692573402418,0.0878909382518043,0.092450628763084,0.0881391333227512,1,688667,100179,MEMORIAL HOSPITAL OF JACKSONVILLE,3625 UNIVERSITY BLVD SOUTH,JACKSONVILLE,FL,32216-,DUVAL,27260,U,STH,1,4,01/01/2018,12/31/2018,1373.5,1.91,,30372,5489,103754,377,137605,,5362,790,19782,,32876,5984,118341,418,152570,,5636,810,21945,,27392,4033,88856,316,115340,,5362,790,19782,29512459,58045915,35162763,61538860,100042976,194472247,24145353,301152506,2367479404,1475537760,3843017164,22559076,,100664240,4124657,,,-45349,,,104808299,-48032771,14813516,794904,,73802286,14378235,4231592,158031432,35494016,87913147,103485127,22876502,,183859923,,189986,189986,257852195,10194923,8196245,11766660,933138,,,31090966,,2108910,-765357330,307621,-762940799,-731849833,989702028,989702028,257852195,,38149505,12379913,1063919,1825375,0.1445,33145945,75643,2246400282,1475537760,3721938042,3346754286,375183756,294508131,80675625,2600670,83276295,24,83276271,0.078364,33636193,768067149,,,12.0412157464789,5.92289207840237,5.93224518744801,duval,0.00139060793593011,1,0,0,1,FALSE
100180,ST PETERSBURG GENERAL HOSPITAL,http://www.floridahealthfinder.gov/facilitylocator/FacilityProfilePage.aspx?id=9975,1068,0.16593152372681,3575,0.131816138793729,3.34737827715356,94504139,0.239427396989245,88487.0215355805,117,61,392,153,185,160,pinellas,0,0.109550561797753,0.367041198501873,0.173220973782772,0.0571161048689139,0.143258426966292,0.149812734082397,0.0388059701492537,0.0423783783783784,0.0352918733307898,0.0233180428134557,0.0346467391304348,0.0311405216037369,0.0375919924269672,0.0368796390947176,1,707448,100180,ST. PETERSBURG GENERAL,6500 38TH AVENUE,SAINT PETERSBURG,FL,33710,PINELLAS,45300,U,STH,5,4,05/01/2018,04/30/2019,458.46,32.8,,7203,1225,24048,168,61320,,1393,242,5482,,7203,1225,24161,168,61320,,1393,242,5482,,5877,952,19345,147,53655,,1393,242,5482,10496670,19442830,12103875,18772732,30226062,49246913,3655074,77191299,583762660,609283681,1193046341,8430148,,32259840,1316297,,536737,65186,,,-1295595,,2646192,505753,,1770941,1509394,788740,34037579,8673716,18451674,33684102,7255084,,21545040,,216214,216214,23532195,1797742,2113236,2209791,13166,,30819,6164754,,48051,-129072601,230978,-128793572,-122628818,146161013,146161013,23532195,,4588805,6877613,205528,622341,0.2171,9328172,1202002,583767914,607992960,1191760874,1095644205,96116669,79413663,16703006,1689785,18392791,12,18392779,0.064701,7087615,219647738,,,12.2894724995418,5.95450570303959,5.12396397940326,pinellas,0.0715438642411552,0,0,0,1,FALSE
100181,LARKIN COMMUNITY HOSPITAL,http://www.floridahealthfinder.gov/facilitylocator/FacilityProfilePage.aspx?id=9976,571,0.0887143258876482,1956,0.0721209419525971,3.42556917688266,14484542,0.0366967650765158,25366.9737302977,86,114,93,101,94,83,miami-dade,0,0.15061295971979,0.162872154115587,0.164623467600701,0.199649737302977,0.176882661996497,0.145359019264448,0.0108888326158521,0.00402370960065764,0.0091120589375727,0.0147955872809864,0.00900820549411345,0.00677883044756615,0.00937794100485978,0.00932810292476738,1,684050,100181,LARKIN COMMUNITY HOSPITAL,7031 SW 62ND AVENUE,MIAMI,FL,33143,MIAMI-DADE,33124,U,STH,1,4,01/01/2018,12/31/2018,914.43,263.67,,9257,635,25570,111,40515,,1265,74,4124,,9257,726,28998,121,44165,,1265,94,4630,,8658,635,24687,103,37595,,1265,74,4124,1884943,3471937,7372423,7372423,44839294,52531217,1740504,67574225,217619647,192835347,410454994,4263172,,46189010,,,1937115,166988,,,74023534,-116944364,1727873,1980457,,60960448,2485000,,24316876,1360544,19298313,18499384,1437463,,24977703,86049,,86049,86024200,9828614,2409902,,1785784,,29930624,43954924,21748157,4015702,,,25763859,69718783,18189955,18189955,87908738,,7231892,2183151,193983,765443,0.3252,5232348,8311478,217619647,194905762,412525409,309641121,102884288,97370511,5513777,2740622,8254399,,8254399,0.164632,321909,4980976,,,11.3974962123374,6.25478449365935,4.70953020131233,miami-dade,0.288343558282209,1,0,0,1,FALSE
100183,CORAL GABLES HOSPITAL,http://www.floridahealthfinder.gov/facilitylocator/FacilityProfilePage.aspx?id=9977,1168,0.181468183251792,3955,0.14582736473544,3.3861301369863,79440557,0.201263626960146,68014.1755136986,0,0,296,260,316,244,miami-dade,0,0,0.253424657534247,0.270547945205479,0,0.222602739726027,0.208904109589041,0,0.0128066456106953,0.0306320279177976,0,0.0231894398858366,0.0199281280627246,0.0211114320762078,0.020858052688709,1,685397,100183,CORAL GABLES HOSPITAL,3100 DOUGLAS ROAD,CORAL GABLES,FL,33134,DADE,33124,U,STH,1,4,01/01/2018,12/31/2018,500.9,,,8592,680,29292,245,89425,,1769,165,7861,,8592,680,29984,245,89425,,1769,165,7861,,7304,550,24793,229,83585,,1769,165,7861,5249610,12039079,6911287,13249202,37411690,74436774,4491526,104173476,617968532,501024856,1118993388,8780042,,37411690,,,,57759,,,53735358,-32135577,2283591,735265,,29158116,6490698,430947,72751047,798832,4132855,35457275,,10524993,60615367,,4516500,4516500,94289983,4696744,991537,1297464,1084170,,2117754,10187669,1106054,,,412072,1518126,11705795,82584188,82584188,94289983,,9519988,2662659,66420,951160,0.3123,21887442,,618070188,501109079,1119179267,1000144233,119035034,111856211,7178823,174659,7353482,,7353482,0.093096,5853157,114205300,10424,265214,11.866192352511,4.83734243964813,5.50125821054473,dade,0,1,0,0,1,FALSE
100187,PALMETTO GENERAL HOSPITAL,http://www.floridahealthfinder.gov/facilitylocator/FacilityProfilePage.aspx?id=9980,3635,0.564757573733102,11617,0.428337925696994,3.1958734525447,256796294,0.65059656518224,70645.4729023384,288,291,958,669,630,799,miami-dade,0,0.0792297111416781,0.263548830811554,0.173314993122421,0.0800550206327373,0.18404401650619,0.21980742778542,0.0364649278298303,0.0414485354562368,0.0610701822411788,0.0377676833225178,0.0596682126293257,0.0652564521398236,0.0542592138711986,0.0527461200411553,1,680668,100187,PALMETTO GENERAL HOSPITAL,2001 W. 68TH STREET,HIALEAH,FL,33016,DADE,33124,U,STH,1,4,01/01/2018,12/31/2018,1268,96.47,,12130,5613,77738,367,134032,,2811,692,19282,,12130,5613,78504,367,134032,,2811,692,19282,,10006,3862,58351,295,107752,,2811,692,19282,17600876,26961699,21373061,41678200,98705366,193330180,12308163,258276448,1530572521,827649679,2358222200,23241244,,98705366,921741,,1211755,-3939,,,130031439,-84737459,5823169,497330,,62201491,5678264,6136684,138659648,276872,19885544,105299129,,10293102,130603596,23195,101093115,101116310,293921397,12703241,2772338,4200651,2114876,,7695347,29486453,1186987,,,715603,1902590,31389043,262532354,262532354,293921397,,18670702,5352961,469584,2362728,0.3934,62019752,1736502,1536757847,823804224,2360562071,2041973204,318588867,292151960,26436907,2560713,28997620,,28997620,0.109522,28097840,425645269,1067199,12057672,11.7152382960806,4.96827426825624,5.90536184805457,dade,0.0760804416403786,1,0,0,1,FALSE
100189,NORTHWEST MEDICAL CENTER,http://www.floridahealthfinder.gov/facilitylocator/FacilityProfilePage.aspx?id=9981,3676,0.571127604138345,12618,0.465246444559238,3.43253536452666,295933947,0.749752289801437,80504.3381392818,447,373,1375,496,439,546,broward,0,0.121599564744287,0.3740478781284,0.119423286180631,0.101468988030468,0.134929270946681,0.148531011969532,0.0518441196938065,0.0645297540829735,0.0514774859287054,0.0472510767671649,0.053207466208968,0.0559197050389185,0.0585720899053704,0.0568686244600032,1,684284,100189,NORTHWEST MEDICAL CENTER,2801 NORTH STATE ROAD 7,MARGATE,FL,33063,"",22744,U,STH,1,4,01/01/2018,12/31/2018,851.55,6.41,,11901,3102,60740,228,83220,,2845,556,14230,,11901,3102,60992,228,83220,,2845,556,14230,,10478,1536,45821,193,70445,,2845,556,14230,12439026,23274904,15136266,23489173,58567626,132184613,9338980,181314960,1440138665,855629607,2295768272,14931458,,59145687,5556451,,88627,51460,,,55791957,-53839814,5697888,625496,,8239079,5503131,1982812,45474196,8240847,44902761,58855776,11718122,,113591150,455043,11196179,11651222,133481451,5421209,3923272,5205208,107460,,,14657149,,258242,-49937303,191816,-49487245,-34830096,168311547,168311547,133481451,,17896271,5533069,347844,910816,0.1555,33374034,387568,1440075465,855595571,2295671036,2057031931,238639105,190196815,48442290,682820,49125110,,49125110,0.078978,17212248,324124241,,,11.9911833370512,5.61932886639709,5.42934562895444,"",0.00752744994421937,1,0,0,1,FALSE
100191,MEDICAL CENTER OF TRINITY,http://www.floridahealthfinder.gov/facilitylocator/FacilityProfilePage.aspx?id=9982,2629,0.408458778911781,8958,0.330296215752231,3.40737923164701,232468322,0.588961349289873,88424.6184861164,265,237,798,488,404,437,pasco,0,0.100798782807151,0.303537466717383,0.153670597185242,0.0901483453784709,0.185621909471282,0.166222898440472,0.293791574279379,0.280788177339901,0.213983050847458,0.32027027027027,0.224884792626728,0.212859230394545,0.293982240558468,0.253723926124748,1,684285,100191,MEDICAL CENTER OF TRINITY,9330 SR 54,TRINITY,FL,34655,PASCO,45300,U,STH,1,4,07/01/2018,06/30/2019,1040.03,,,17393,2174,61641,245,88666,,3576,628,13759,,19878,2566,74639,307,108240,,3955,697,16439,,15182,1430,50033,199,71876,,3576,628,13759,18444171,28247424,21408272,40060162,75500548,169942844,17123436,211339070,1506604313,1127581725,2634186038,23700918,,75479858,2507452,,,6706,,,77308222,-49331607,5610620,812508,-6593,34405310,37940145,3481283,154573720,5886912,92232611,41867331,13040674,,247511991,,10057429,10057429,291974730,6469650,6362097,7240054,875576,,,20947377,,1509738,246833587,152354,248495679,269443056,22531674,22531674,291974730,,6971642,22523223,230039,623816,0.0846,,,1506538163,1127982926,2634521089,2383326532,251194557,245358467,5836090,663343,6499433,,6499433,0.080229,15399420,382822056,,,11.9845554130066,5.95845675844323,5.50125821054473,pasco,0,1,0,0,1,FALSE
100200,BROWARD HEALTH IMPERIAL POINT,http://www.floridahealthfinder.gov/facilitylocator/FacilityProfilePage.aspx?id=9987,1652,0.256665615352706,8016,0.295563124075674,4.85230024213075,45168926,0.114436028849274,27341.9648910412,117,168,395,441,234,297,broward,0,0.0708232445520581,0.23910411622276,0.141646489104116,0.101694915254237,0.266949152542373,0.179782082324455,0.0135699373695198,0.0185376384456542,0.0274390243902439,0.0212819863187231,0.0473074447543446,0.0304178615321589,0.03006091327686,0.0295416726869533,1,684286,100200,BROWARD HEALTH IMPERIAL POINT,6401 N FEDERAL HIGHWAY,FT. LAUDERDALE,FL,33308-,BROWARD,22744,U,STH,1,11,07/01/2018,06/30/2019,644.97,,,6017,1985,25598,129,47085,,1294,203,5477,,9493,2324,39315,174,63510,,1694,248,7508,,2898,1143,14079,72,26280,,1294,203,5477,1728745,64906536,16647949,23153388,45315767,75177839,1470624,115497619,243997614,268530568,512528182,9878330,,45099989,185635,,,1650,,,40100212,-27277232,3007511,,1150832,16982973,7600914,3043472,58069845,,4777372,59503863,,,42396977,5505868,1270897714,1276403582,1335783532,10180155,4237481,,,,1197476330,1211893966,20920133,306525,,16621189,37847847,1249741813,86041719,86041719,1335783532,,2645858,7564184,330876,224111,0.0878,,,243997616,268530566,512528182,413531109,98997073,120493606,-21496533,16594997,-4901536,,-4901536,0.225349,6640290,58086989,18892,165362,11.1311418590269,6.33575514917858,4.85981240436167,broward,0,1,0,0,0,FALSE
100204,NORTH FLORIDA REGIONAL MEDICAL CENTER,http://www.floridahealthfinder.gov/facilitylocator/FacilityProfilePage.aspx?id=9989,7080,1.09999549436874,22469,0.828469041274491,3.17358757062147,560190524,1.41924957360186,79122.9553672316,1191,829,2405,721,965,969,alachua,0,0.168220338983051,0.339689265536723,0.136299435028249,0.117090395480226,0.10183615819209,0.136864406779661,0.349062133645955,0.427479559189477,0.382026920031671,0.300036192544336,0.268029739776952,0.363465866466617,0.462640987658995,0.368171636929121,1,699149,100204,NORTH FLORIDA REGIONAL MED CTR,6500 NEWBERRY ROAD,GAINESVILLE,FL,32605,"",23540,U,STH,5,4,03/01/2018,02/28/2019,1620.47,100.71,,51516,4551,118860,381,139065,,11102,615,23841,,54771,5187,129134,414,151110,,11394,615,25396,,45271,2695,94371,321,117165,,11102,615,23841,19645598,37734111,23431486,41188811,105514386,290769422,20309073,348793967,2969747241,1727113539,4696860780,23790268,,106006643,16344362,,,61492,,,126683351,-56546947,16903817,2037040,,90406961,24716598,5604228,107944922,30505988,106712180,86869576,22839053,,195853309,-62280836,15508769,-46772067,239488203,14701101,9185298,11054775,291672,,1530444,36763290,,840386,-220897070,14877443,-205179241,-168415951,407904154,407904154,239488203,,61788266,44211480,841898,3397292,0.1282,38342126,14975538,2969747241,1727113539,4696860780,4181663526,515197254,395750247,119447007,6726080,126173087,,126173087,0.074261,23094840,520316440,,,12.1278132430658,5.89076776001723,5.9427993751267,"",0.0621486358895876,0,0,0,1,FALSE
100206,MEMORIAL HOSPITAL OF TAMPA,http://www.floridahealthfinder.gov/facilitylocator/FacilityProfilePage.aspx?id=9990,1326,0.206016105301264,4208,0.155155891480843,3.17345399698341,118382358,0.299923158131613,89277.7963800905,63,49,485,276,252,201,hillsborough,0,0.0475113122171946,0.365761689291101,0.190045248868778,0.0369532428355958,0.208144796380091,0.15158371040724,0.00867052023121387,0.0280703785160319,0.0367722165474974,0.00753962148022773,0.035890767230169,0.0269653877112959,0.029978919864643,0.029504005326425,1,712305,100206,MEMORIAL HOSPITAL OF TAMPA,2901 SWANN AVENUE,TAMPA,FL,33609,HILLSBOURGH,45300,U,STH,2,4,11/01/2017,10/31/2018,361.34,,,6871,449,16067,147,53655,,1432,95,4039,,10218,693,25567,183,66795,,1827,95,5479,,5823,425,13594,135,49275,,1432,95,4039,4558704,6999243,5427656,9539367,27205020,66860136,5943423,81036843,428357107,456490935,884848042,5859492,,27249007,2222599,,,-16855,,,25850931,-14922750,2847814,406168,,14137570,18430000,331200,19462465,1295760,14919808,24182958,6981624,,61786581,,-40005264,-40005264,35918887,2849829,2203598,2701346,157477,,,7912250,,364848,30601038,67434,31033320,38945570,-3026683,-3026683,35918887,,10126737,916734,185618,239919,0.0869,,,428366044,456481998,884848042,787053948,97794094,93982995,3811099,310524,4121623,,4121623,0.091583,3119127,65426133,,,11.9922486027362,5.99692415543614,4.99043258677874,hillsbourgh,0,0,1,0,1,FALSE
100209,KENDALL REGIONAL MEDICAL CENTER,http://www.floridahealthfinder.gov/facilitylocator/FacilityProfilePage.aspx?id=9993,4964,0.771239778820115,21259,0.783854348144305,4.28263497179694,651234906,1.64991163373401,131191.560435133,464,556,1412,1090,621,821,miami-dade,0,0.0934730056406124,0.284448025785657,0.125100725221595,0.112006446414182,0.219580983078163,0.16539081385979,0.0587490503925044,0.0610911608185869,0.0601977510663048,0.0721609344581441,0.0972172672136996,0.0670532505717086,0.0736826012893647,0.0709190373511634,1,699469,100209,KENDALL REGIONAL MEDICAL CENTER,11750 BIRD ROAD,MIAMI,FL,33175-,DADE,33124,U,STH,5,4,01/01/2018,12/31/2018,1615.37,104.21,,16656,6527,109639,394,143810,,2832,915,21569,,18134,6969,118750,417,152205,,3015,1091,23099,,9854,3947,82751,322,117530,,2832,915,21569,28985858,43116604,34053681,46914979,105537969,203011255,30947394,312570150,2926720849,1187835168,4114556017,25991458,,113164685,4934323,,1508172,5082,,,122798245,-115985507,13218590,801976,,22374305,9140949,1919672,26827716,60072702,67175268,85938635,17470142,,139116844,,2646018,2646018,164137167,11804699,8367262,11395872,384259,,,31952092,,716165,-754145021,4908717,-748520139,-716568047,880705214,880705214,164137167,,21541212,6763276,941069,2969849,0.4197,60932736,4111312,2926720849,1187835168,4114556017,3635503194,479052823,308302612,170750211,3522517,174272728,,174272728,0.075967,37979436,703204425,,,12.0902521659218,5.89229266275141,5.97635090929793,dade,0.0645115360567548,0,0,0,1,FALSE
100211,FLORIDA HOSPITAL DADE CITY,http://www.floridahealthfinder.gov/facilitylocator/FacilityProfilePage.aspx?id=9995,244,0.0379094492409565,760,0.0280224518834222,3.11475409836066,19281821,0.0488507303499434,79023.856557377,0,0,64,57,59,53,pasco,0,0,0.262295081967213,0.241803278688525,0,0.233606557377049,0.217213114754098,0,0.0225193525686137,0.03125,0,0.0262672811059908,0.025815879201169,0.0255506174472187,0.0252068245290767,1,691659,100211,PASCO REGIONAL MEDICAL CENTER,13100 FORT KING ROAD,DADE CITY,FL,33525,PASCO,45300,U,STH,2,4,10/01/2017,03/31/2018,119.38,,,1361,101,4799,120,21840,,332,127,1113,,1361,101,4799,120,21840,,332,127,1113,,1077,79,3967,108,19656,,332,127,1113,1087871,6357021,1737554,3708323,7648048,14087361,1435218,19347638,95616837,107626399,203243236,1684833,,7648048,144812,,,-228710,,,26213457,-19735003,1369704,390603,-83171,7926880,1103531,497654,15535835,3879946,429789,8922950,1957241,,22974313,,-7521332,-7521332,23379861,1181912,1115917,145821,,,755789,28666366,,,,,,28666366,-5286505,-5286505,23379861,,,2543131,1107,16848,0.0265,,,95616837,107626399,203243236,185885039,17358197,21735409,-4377212,60823,-4316389,1,-4316390,0.095194,1143635,32724274,,,12.1150996753501,6.9103726951222,4.78749174278205,pasco,0,0,1,0,1,FALSE
100211,FLORIDA HOSPITAL DADE CITY,http://www.floridahealthfinder.gov/facilitylocator/FacilityProfilePage.aspx?id=9995,244,0.0379094492409565,760,0.0280224518834222,3.11475409836066,19281821,0.0488507303499434,79023.856557377,0,0,64,57,59,53,pasco,0,0,0.262295081967213,0.241803278688525,0,0.233606557377049,0.217213114754098,0,0.0225193525686137,0.03125,0,0.0262672811059908,0.025815879201169,0.0255506174472187,0.0252068245290767,1,695916,100211,ADVENTHEALTH DADE CITY,13100 FORT KING ROAD,DADE CITY,FL,33525,PASCO,45300,U,STH,2,4,04/01/2018,09/30/2018,208.12,,,958,68,3455,120,21960,,244,17,935,,958,68,3455,120,21960,,244,17,935,,738,36,2655,108,19764,,244,17,935,1617714,,1617714,3372513,7450439,14104838,260654,18936061,75103362,93064567,168167929,1542356,,7450439,,,,4645974,-3474,,9293472,-2820979,1393388,1152047,,13634660,930000,101591,4713904,38470,11018,1991640,724,,7376778,,1457970,1457970,22469408,1758278,931166,37738,342717,,835442,18973252,,,,,,18973252,3496156,3496156,22469408,,1898190,,,22589,0.0476,,,74994865,93173064,168167929,152851413,15316516,21555277,-6238761,188555,-6050206,,-6050206,0.112602,1327341,27371986,,,12.099927086215,6.90364631397655,4.78749174278205,pasco,0,0,1,0,1,FALSE
100213,BLAKE MEDICAL CENTER,http://www.floridahealthfinder.gov/facilitylocator/FacilityProfilePage.aspx?id=9997,2186,0.33963137721611,10603,0.390950075420954,4.85041171088747,239104043,0.605773029952631,109379.708600183,58,75,451,470,586,546,manatee,0,0.0265324794144556,0.206312900274474,0.268069533394328,0.0343092406221409,0.215004574565416,0.249771271729186,0.0523938572719061,0.206124314442413,0.390146471371505,0.0936329588014981,0.38971807628524,0.366689053055742,0.405264470724556,0.327094662621963,1,679928,100213,BLAKE MEDICAL CENTER,2020 59TH STREET,BRADENTON,FL,34209,MANATEE,35840,U,STH,1,4,05/01/2018,04/30/2019,1040.7,55.76,,27683,2696,68516,355,118263,,5717,335,13892,,31643,2917,75894,383,128483,,6082,371,14523,,24305,2045,58720,312,102568,,5717,335,13892,18317228,20870594,20801366,30199672,70866588,135575725,11627057,199600803,1460687856,612210106,2072897962,16367317,,73953570,8031115,,726966,38586,,,79077157,-37722212,11265522,818271,,54158064,2607697,2122502,51055706,14154838,32402795,68956738,15064816,,62257105,,10368379,10368379,126783548,6339030,5296362,6048715,136469,,137159,17958724,,328340,-345335463,515483,-344491640,-326532916,453316464,453316464,126783548,,20474537,32301866,805335,,,31445146,4909367,1460632093,567511165,2028143258,1778636311,249506947,206312429,43194518,2112850,45307368,-1,45307369,0.096291,10663049,183405829,,,11.8468976816121,5.89904184912951,5.87211778947542,manatee,0.0535793216104545,1,0,0,1,FALSE
100217,STEWARD SEBASTIAN RIVER MEDICAL CENTER,http://www.floridahealthfinder.gov/facilitylocator/FacilityProfilePage.aspx?id=9999,764,0.118700078770864,2463,0.0908148670906169,3.2238219895288,77814975,0.197145194995461,101852.061518325,0,0,188,121,242,193,indian river,0,0,0.246073298429319,0.316753926701571,0,0.158376963350785,0.25261780104712,0,0.224076281287247,0.337047353760446,0,0.300248138957816,0.261517615176152,0.325759663947922,0.275516655804873,1,711239,100217,SEBASTIAN RIVER MEDICAL CENTER,13695 US HIGHWAY 1,SEBASTIAN,FL,32958,INDIAN RIVER,42680,U,STH,2,4,01/01/2018,12/31/2018,495.6,,,9529,320,20752,121,44165,,2106,62,4738,,13383,320,26612,154,56210,,2106,62,4738,,8397,286,18255,105,38325,,2106,62,4738,2655325,2979950,3015994,7854070,29818107,93882464,4237997,112724565,464028355,528308081,992336436,7310898,,29682183,,,,750,,,170506665,-150959112,4042554,637176,34083,24282892,,,,,13897411,,,,8066618,,1000,1000,32350510,8178526,951051,1638129,,,1751538,19223314,,14868115,,-1118024,13750091,32973405,-622895,-622895,32350510,,12789283,4153646,134167,,,,,464323445,528012992,992336437,874643635,117692802,123700571,-6007769,1114311,-4893458,-3,-4893455,0.113595,946369,50658688,27224,502617,12.2522023732336,5.30195258313113,4.79579054559674,indian river,0,0,1,0,1,FALSE
100220,GULF COAST MEDICAL CENTER LEE MEMORIAL HEALTH SYSTEM,http://www.floridahealthfinder.gov/facilitylocator/FacilityProfilePage.aspx?id=10002,3973,0.617271482927542,15131,0.557904894010607,3.80845708532595,239409755,0.606547555059815,60259.1882708281,168,100,953,772,931,1049,lee,0,0.0422854266297508,0.239869116536622,0.234331739239869,0.0251698968034231,0.194311603322426,0.264032217467908,0.0689372178908494,0.176155268022181,0.318617385352498,0.0472366556447803,0.318219291014015,0.323765432098765,0.318339473273411,0.268338561614115,1,680160,100220,GULF COAST MEDICAL CENTER,13681 DOCTORS WAY,FORT MYERS,FL,33912-,LEE,15980,U,STH,5,4,10/01/2017,09/30/2018,2237,,,44163,6041,103496,356,129940,,8853,1311,22364,,44163,6041,103496,356,129940,,8853,1311,22364,,40432,5648,95073,320,116800,,8853,1311,22364,12528313,38979679,20092532,30818569,114712575,180402525,22701594,337094915,1276603900,636880140,1913484040,30915436,,114712575,371772,,,,,,138618543,-84644242,10251881,,7014056,71240238,58162311,18796582,225559429,103640174,,,,,209196282,,175671095,175671095,456107615,1464873,3976691,,,,22738573,28180137,,,,318645365,318645365,346825502,109282113,109282113,456107615,,,82651674,1777064,1084803,0.0525,,,1289792091,679238414,1969030505,1576857336,392173169,295115100,97058069,2818285,99876354,125328,99751026,0.176168,12346271,169962834,,,11.3855993269727,5.18075282226839,5.87493073085203,lee,0,0,0,0,1,FALSE
100223,FORT WALTON BEACH MEDICAL CENTER,http://www.floridahealthfinder.gov/facilitylocator/FacilityProfilePage.aspx?id=10005,2305,0.358120002050839,8949,0.329964370927296,3.8824295010846,249355647,0.631745594611249,108180.324078091,247,232,620,468,365,373,okaloosa,0,0.107158351409978,0.268980477223427,0.158351409978308,0.100650759219089,0.203036876355748,0.161822125813449,0.711815561959654,0.662393162393162,0.634782608695652,0.840579710144927,0.724458204334365,0.664884135472371,1.20835225228394,0.694256213264645,1,710055,100223,FORT WALTON BEACH MEDICAL CTR,1000 MAR-WALT DRIVE,FORT WALTON BEACH,FL,32547,"",18880,U,STH,5,4,06/01/2018,05/31/2019,760.64,,,25565,4284,60963,189,68985,,5100,626,12160,,32240,5392,83465,267,96535,,5669,626,15017,,21042,3219,47845,150,54750,,5100,626,12160,17886380,32613207,20544552,34123448,59172820,154964649,10110305,199557033,1727441301,1341796763,3069238064,13370118,,59259899,12890367,,,24710,,,21294694,-19055670,7472442,1006032,,10981080,4385668,3685182,72584146,20998971,53951085,51708818,9140557,,83152746,408186,509461,917647,95051473,6777994,4110101,6564213,691213,,223601,18367122,,944917,-258236530,885063,-256406550,-238039428,333090901,333090901,95051473,,14463802,32333632,311986,1800532,0.1539,12452302,,1727441301,1341797011,3069238312,2759551648,309686664,213636625,96050039,2086107,98136146,,98136146,0.065018,15812855,396379048,,,12.2277570892413,5.61201998869944,5.24174701505964,"",0,0,0,0,1,FALSE
100224,UNIVERSITY HOSPITAL AND MEDICAL CENTER,http://www.floridahealthfinder.gov/facilitylocator/FacilityProfilePage.aspx?id=10006,1744,0.270959342115689,6810,0.251095917534349,3.90481651376147,97776689,0.247718442612307,56064.6152522936,213,250,413,345,279,244,broward,0,0.122133027522936,0.236811926605505,0.159977064220183,0.143348623853211,0.197821100917431,0.139908256880734,0.0247042449547669,0.0193823915900131,0.0327157598499062,0.0316696224980998,0.0370092254880927,0.0249897582957804,0.0286255037361587,0.0281982329944105,1,698946,100224,UNIVERSITY HOSPITAL,7201 UNIVERSITY DRIVE,TAMARAC,FL,33321-,BROWARD,22744,U,STH,5,4,05/01/2018,04/30/2019,529.23,22.59,,10450,1532,29681,245,89425,,2311,240,7158,,13476,2189,47842,305,111325,,2643,338,10454,,8979,1409,25776,230,83950,,2311,240,7158,10187511,15383549,11810992,17256665,38633038,49231827,4720441,94453023,720753497,423146386,1143899883,10492672,,40121509,1169520,,461297,1280,,,20723717,-22691443,3047896,351153,,1247007,3061046,3291324,23729882,5907612,26541665,27600914,5423346,,31356101,449049,20260,843258,33446366,2571477,3342939,3012324,607168,,,9533908,,343821,-272269892,651328,-271274743,-261740835,295187201,295187201,33446366,,7212731,10397251,105660,322263,0.0732,18875817,481457,720753637,423148471,1143902108,1029818373,114083735,87340821,26742914,1426150,28169064,,28169064,0.082571,6352621,134687928,,,11.6029711970398,5.76762095887943,5.50125821054473,broward,0.0426846550649056,0,0,0,1,FALSE
100226,ORANGE PARK MEDICAL CENTER,http://www.floridahealthfinder.gov/facilitylocator/FacilityProfilePage.aspx?id=10008,3593,0.558232176732609,13888,0.512073436522325,3.86529362649596,355661477,0.90107272071396,98987.3300862789,560,377,1164,565,424,503,clay,0,0.155858613971611,0.323963261898135,0.118007236292792,0.104926245477317,0.157250208739215,0.13999443362093,0.793201133144476,0.680701754385965,0.541507024265645,0.774127310061602,0.653179190751445,0.559510567296997,1.14490812782635,0.670318538539656,1,709891,100226,ORANGE PARK MEDICAL CENTER,2001 KINGSLEY AVENUE,ORANGE PARK,FL,32073-,CLAY,27260,U,STH,5,4,07/01/2018,06/30/2019,1247.26,73.93,,26408,3444,81759,273,99645,,5432,621,17604,,30064,4497,96312,317,115705,,5753,634,19385,,20763,2450,67541,229,83585,,5432,621,17604,29690305,52273495,33686710,51914027,84044052,189414982,18356959,239964834,2370145494,1420570101,3790715595,18569671,,90952633,873694,,615713,286694,,,74732885,-78498712,7538133,1338887,,6892614,8261574,3111890,64640548,42075316,77952464,85424991,17243463,,139662134,268551,160007,428558,146983306,10738087,6205801,8001154,446733,,111937,25503712,,1905292,-150731573,245402,-148580879,-123077167,270060473,270060473,146983306,,11830456,40544229,280935,3277346,0.2503,24748328,7413008,2370146389,1420650723,3790797112,3447854962,342942150,273459034,69483116,6537941,76021057,,76021057,0.063303,27894643,662009713,,,12.1835873036105,5.76874020762849,5.60947179518496,clay,0.059273928451165,0,0,0,1,FALSE
100228,WESTSIDE REGIONAL MEDICAL CENTER,http://www.floridahealthfinder.gov/facilitylocator/FacilityProfilePage.aspx?id=10010,2744,0.426325937365511,11047,0.407321086784427,4.02587463556851,320078194,0.810922036149535,116646.572157434,50,55,678,572,680,709,broward,0,0.0182215743440233,0.247084548104956,0.247813411078717,0.0200437317784257,0.208454810495627,0.258381924198251,0.00579911853398283,0.0318190351041862,0.0797373358348968,0.00696731694958196,0.0613602231280841,0.0726136829168374,0.0615064711651695,0.0594201899943863,1,698947,100228,WESTSIDE REGIONAL MEDICAL CENTER,8201 WEST BROWARD BOULEVARD,PLANTATION,FL,33324-,BROWARD,22744,U,STH,5,4,02/01/2018,01/31/2019,861.04,8.16,,15974,1838,59869,224,81760,,3469,330,13562,,15974,1838,60265,224,81760,,3469,330,13562,,13236,1327,48770,192,70080,,3469,330,13562,12589970,22498301,14911373,20738675,58052812,105697575,7064471,179025738,1509178731,680916394,2190095125,16008411,,58461888,2527880,,124557,189,,,45424722,-44722252,7911789,630374,,10594196,828451,2383782,18811527,48676908,44644437,58287658,5801147,,89917036,,2650681,2650681,103161913,6248128,4841783,5936719,437738,,76315,17540683,,488849,-425833187,487111,-424857227,-407316544,510478457,510478457,103161913,,20511741,10420584,551723,405214,0.0524,40837019,589044,1509178732,680916394,2190095126,1940152124,249943002,163658854,86284148,627950,86912098,-6,86912104,0.081743,7949261,168904403,,,11.9921837731174,5.87776655604042,5.41164605185504,broward,0.00947691164173558,0,0,0,1,FALSE
100230,MEMORIAL HOSPITAL PEMBROKE,http://www.floridahealthfinder.gov/facilitylocator/FacilityProfilePage.aspx?id=10012,1564,0.242993354970721,6557,0.241767390788946,4.19245524296675,91393514,0.231546590342674,58435.7506393862,48,44,478,403,272,319,broward,0,0.030690537084399,0.305626598465473,0.173913043478261,0.0281329923273657,0.2576726342711,0.203964194373402,0.00556715379262352,0.0224328890557537,0.0318949343339587,0.00557385355966557,0.0432310662947865,0.032671036460467,0.0310625027852869,0.0305338851623058,1,684287,100230,MEMORIAL HOSPITAL PEMBROKE,7800 SHERIDAN STREET,PEMBROKE PINES,FL,33024,BROWARD,22744,U,STH,1,11,05/01/2018,04/30/2019,848.49,0.89,,6781,1669,31335,301,109865,,1291,275,6501,,6781,1669,31335,301,109865,,1291,275,6501,,6082,1412,28156,277,101105,,1291,275,6501,15056114,41714122,23076412,23076412,60341042,85019176,3707420,141926033,427418830,556936353,984355183,13971437,,61494911,621497,28135,17770,,,,89576321,-77050196,2376880,149345,,16055092,70000,691490,46068335,,96876,40699242,,,16440616,,1578418,1578418,34074126,2918138,2832853,,,982301,8507562,43694081,,,,3931863,3931863,47625944,-13551818,-13551818,34074126,,4230053,5965100,713950,858433,0.3368,9235879,18494,437409317,586594592,1024003909,887110361,136893548,145360218,-8466670,7227804,-1238866,,-1238866,0.144182,2467065,39005969,163341,1062378,11.9672748907348,6.07708359880447,5.70711026474888,broward,0.00104892220297234,1,0,0,0,FALSE
100231,WEST FLORIDA HOSPITAL,http://www.floridahealthfinder.gov/facilitylocator/FacilityProfilePage.aspx?id=10013,2990,0.464546119796967,11590,0.427342391222188,3.87625418060201,208395044,0.527971403775016,69697.3391304348,329,229,855,565,473,539,escambia,0,0.110033444816054,0.285953177257525,0.15819397993311,0.0765886287625418,0.188963210702341,0.180267558528428,0.146940598481465,0.215800100959112,0.281045751633987,0.135103244837758,0.350713842333954,0.271947527749748,0.289137152808741,0.247979553574235,1,699064,100231,WEST FLORIDA HOSPITAL,8383 NORTH DAVIS HWY,PENSACOLA,FL,32523-,ESCAMBIA,37860,U,STH,5,4,06/01/2018,05/31/2019,1115.44,,,33323,2724,84999,356,129940,,7281,520,19029,,38800,2832,96053,397,144905,,7654,527,19755,,28762,2237,73094,320,116800,,7281,520,19029,17466699,28130105,20571509,35037004,76511013,176495895,11496207,231255024,1501607529,1207360889,2708968418,17161443,,76570447,5276472,,,88410,,,83211547,-44587038,6530714,1150297,,47347294,8087740,4708267,95066303,7508816,76541542,56883339,9104197,,98601557,,25353451,28912016,174860867,5339996,5668325,7773051,292274,,1033486,20107132,,602859,-153616215,2758074,-150255282,-130148150,305009017,305009017,174860867,,18009680,38159004,406260,2215855,0.1578,23818688,,1501127076,1197102243,2698229319,2370288204,327941115,252960711,74980404,2937297,77917701,-146,77917847,0.085366,16049534,308678535,,,11.8246996841974,5.65924231475291,5.87493073085203,escambia,0,0,0,0,1,FALSE
100232,PUTNAM COMMUNITY MEDICAL CENTER,http://www.floridahealthfinder.gov/facilitylocator/FacilityProfilePage.aspx?id=10014,502,0.0779940308154105,1648,0.0607644746103681,3.28286852589641,25342650,0.0642059150690691,50483.3665338645,0,0,131,112,97,139,putnam,0,0,0.260956175298805,0.193227091633466,0,0.223107569721116,0.276892430278884,,1,1,,1,1,,,1,710011,100232,PUTNAM COMMUNITY MEDICAL CENTER,611 ZEAGLER DRIVE,PALATKA,FL,32177,PUTNAM,99910,R,STH,5,4,09/01/2018,08/31/2019,406.2,,,11509,961,24017,99,36135,,2543,228,5873,,11509,961,24057,99,36135,,2543,228,5873,,10120,701,20308,89,32485,,2543,228,5873,7310670,11066002,8629684,8629684,25325917,52356918,3198450,65251720,330956860,400588575,731545435,5425869,,25442082,1080446,,,12360,,,28834497,-18965440,1846077,278549,,11741554,1215000,582628,6272496,735020,9867443,12888521,2969938,,25970944,,,,37712498,1747236,2084654,2405167,,,,6237057,,,20978103,13168,20991271,27228328,10484170,10484170,37712498,,1420876,17605951,33418,713981,0.1501,,,330956860,400588575,731545435,646745594,84799841,77651887,7147954,378365,7526319,-122,7526441,0.089197,17059986,156533345,,,11.7325490330715,5.87199259667955,4.59511985013459,putnam,0,0,0,0,1,TRUE
100236,FAWCETT MEMORIAL HOSPITAL,http://www.floridahealthfinder.gov/facilitylocator/FacilityProfilePage.aspx?id=10017,1269,0.197160209372024,5408,0.199401868138878,4.26162332545311,168104617,0.425895112066827,132470.147360126,0,0,256,232,350,414,charlotte,0,0,0.201733648542159,0.275807722616233,0,0.182821118991332,0.326241134751773,0,0.257804632426989,0.405092592592593,0,0.386666666666667,0.451965065502183,0.488964254960499,0.381875963036475,1,705400,100236,FAWCETT MEMORIAL HOSPITAL,21298 OLEAN BLVD,PORT CHARLOTTE,FL,33952,CHARLOTTE,39460,U,STH,5,4,01/01/2018,12/31/2018,731.66,0.38,,26141,1929,51555,217,79205,,5538,218,10640,,29626,1974,56698,237,86505,,5797,218,10997,,23449,1442,45565,198,72270,,5538,218,10640,5026172,9908255,6053873,10346481,52512922,105677718,5981527,141389464,1378005404,668642903,2046648307,14380952,,52585630,2466954,,,-6410,,,11712232,-9506999,6727018,362484,,9295281,4807180,2073451,49761714,11271892,34332819,54762582,7070254,,70412407,,13319108,13319108,93026796,4880410,4269608,4448561,222081,,,13820660,,419123,-116781022,128686,-116233213,-102412553,195439349,195439349,93026796,,38993270,12622032,310045,,,24703010,24930,1378006608,669772264,2047778872,1865146913,182631959,158123515,24508444,716677,25225121,,25225121,0.069083,5302905,138898287,,,12.134643778327,5.961654790401,5.37989735354046,charlotte,0.000519366919060766,0,0,0,1,FALSE
100238,NORTHSIDE HOSPITAL,http://www.floridahealthfinder.gov/facilitylocator/FacilityProfilePage.aspx?id=10019,1249,0.194052877467027,5042,0.185906845258177,4.03682946357086,172116765,0.436059938307672,137803.654923939,0,0,258,275,294,394,pinellas,0,0,0.206565252201761,0.235388310648519,0,0.22017614091273,0.315452361889512,0,0.0278918918918919,0.0560854635635254,0,0.0622735507246377,0.076683534449202,0.058754379069158,0.0568645103427106,1,699220,100238,NORTHSIDE HOSPITAL,6000 49TH STREET NORTH,ST PETERSBURG,FL,33709,PINELLAS,45300,U,STH,5,4,10/01/2017,09/30/2018,803.05,33.5,,15585,2131,45613,221,81165,,3030,229,9340,,15585,2131,45769,221,81165,,3030,229,9340,,12803,1642,36965,189,69485,,3030,229,9340,13982522,20252607,16054126,21722235,53400479,104387596,5511838,138784874,1169665809,606115463,1775781272,13985344,,53514544,2622148,,541362,1971,,,33396705,-33455786,6603703,375663,56616,6897192,3486248,2764666,27072052,20720183,38269638,49983402,11448559,,38256878,,,,45154070,4484352,3192798,4386525,102598,,,12166273,,207421,250756,-48587926,-48129749,-35963476,81117546,81117546,45154070,,29305463,,278037,940705,0.1284,26444668,1934835,1169613558,606167720,1775781278,1612898991,162882287,157738040,5144247,2886339,8030586,,8030586,0.078154,8169501,199336598,,,12.1554447884301,5.83434667508416,5.39816270151775,pinellas,0.0417159579104663,0,0,0,1,FALSE
100242,GULF COAST REGIONAL MEDICAL CENTER,http://www.floridahealthfinder.gov/facilitylocator/FacilityProfilePage.aspx?id=10023,2776,0.431297668413505,8419,0.310422397903331,3.03278097982709,176425822,0.44697698714707,63553.9704610951,546,400,916,324,294,296,bay,0,0.196685878962536,0.329971181556196,0.105907780979827,0.144092219020173,0.11671469740634,0.106628242074928,0.919191919191919,0.706245181187355,0.40495867768595,0.869565217391304,0.464183381088825,0.376111817026684,1.37062568609161,0.676299648903196,1,718475,100242,GULF COAST REGIONAL MED CTR,449 WEST 23RD STREET,PANAMA CITY,FL,32404,"",37460,U,STH,2,4,02/01/2018,01/31/2019,845.03,,,17474,4639,54372,222,72610,,3736,503,12143,,17474,4639,54507,222,72610,,3736,503,12143,,15524,2967,39864,170,55190,,3736,503,12143,13469738,25129921,16092297,29346336,54753309,135461047,10712182,173102829,1054198312,937572374,1991770686,13753711,,54868725,4607730,,,20998,,,53790684,-26796260,7768918,1139558,,35956289,7622054,6389643,40883437,14475983,54876636,56331280,10842734,,101875849,,8685823,8685823,146517961,13070793,4351504,5976658,225678,,302054,23926687,,450875,-66010852,574322,-64985655,-41058968,187576929,187576929,146517961,,22570463,8366683,131943,1854682,0.2398,,,1054023054,914021929,1968044983,1759227377,208817606,190597833,18219773,624486,18844259,,18844259,0.086909,23343546,389853674,,,11.9957983414769,5.88152393938072,5.40267738187228,"",0,0,1,0,1,FALSE
100243,BRANDON REGIONAL HOSPITAL,http://www.floridahealthfinder.gov/facilitylocator/FacilityProfilePage.aspx?id=10024,6552,1.01796193207683,19497,0.718886505751424,2.9757326007326,458096005,1.1605918556469,69916.9726800977,977,702,2287,1003,783,800,hillsborough,0,0.149114774114774,0.349053724053724,0.119505494505495,0.107142857142857,0.153083028083028,0.122100122100122,0.134461877236444,0.132364857043639,0.114256529986867,0.108016617941222,0.130429128738622,0.107324926214113,0.133095937442638,0.124551063490444,1,699537,100243,BRANDON REGIONAL HOSPITAL,119 OAKFIELD DRIVE,BRANDON,FL,33511,HILLSBOROUGH,45300,U,STH,5,4,01/01/2018,12/31/2018,1542.33,87.65,,23658,5026,95442,393,143869,,5382,,24027,,25305,5026,103070,418,152994,,5640,,25576,,20223,2775,71945,317,115705,,5382,,24027,27254630,43884409,31447591,46095281,104820997,160216896,17728183,269629211,2150492295,1588850683,3739342978,26996251,,105120766,2670731,,1374679,6533,,,83529069,-82477184,8967497,664500,367822,11005562,11760217,3903638,66563829,59046149,79091494,86178401,21161644,,138914765,,533305,533305,150453632,8725849,8802957,8749731,693843,,,26972380,,1224518,-851665828,,-850441310,-823468930,973922562,973922562,150453632,,35220666,10721541,283829,2420006,0.2107,42645568,5672944,2150407679,1588935306,3739342985,3333166234,406176751,264771075,141405676,7360099,148765775,,148765775,0.072106,30799731,631396718,,,11.8927660697411,5.84118855499304,5.97380961186926,hillsborough,0.0568296019658569,0,0,0,1,FALSE
100244,CAPE CORAL HOSPITAL,http://www.floridahealthfinder.gov/facilitylocator/FacilityProfilePage.aspx?id=10025,3478,0.54036501827888,10759,0.396702052386499,3.09344450833813,112237325,0.284354641544176,32270.6512363427,442,333,1173,435,523,572,lee,0,0.12708453133985,0.337262794709603,0.150373778033353,0.0957446808510638,0.125071880391029,0.164462334675101,0.181370537546163,0.216820702402957,0.178986995208761,0.157298063297119,0.179307502061006,0.176543209876543,0.210560509263528,0.189611384281804,1,717012,100244,CAPE CORAL HOSPITAL,636 DEL PRADO BLVD.,CAPE CORAL,FL,33990-,LEE,15980,U,STH,2,13,10/01/2017,09/30/2018,1534,,,25960,2684,66464,280,102200,,5875,473,16010,,25960,2684,66464,280,102200,,5875,473,16010,,23439,2268,54791,235,85775,,5875,473,16010,10040197,31756346,15871164,18983436,79252993,101938544,12374468,202128745,689681314,539143836,1228825150,27429029,,79252993,187450,,,,,,34234436,,4207460,,535825,38977721,8729000,1298000,93069000,,16416000,76681000,,,81277254,,341665226,341665226,461920201,1379355,,,,,12239420,13618775,,61134750,,12491633,73626383,87245158,374675043,374675043,461920201,,,46917317,522850,561835,0.0479,,,689572312,605585241,1295157553,1034529192,260628361,181191537,79436824,3104681,82541505,64732,82476773,0.164489,12608146,132067131,,,11.3009293812551,,5.63478960316925,lee,0,0,1,0,0,FALSE
100246,LAWNWOOD REGIONAL MEDICAL CENTER & HEART INSTITUTE,http://www.floridahealthfinder.gov/facilitylocator/FacilityProfilePage.aspx?id=10026,2395,0.372102995623323,12453,0.459162622768758,5.19958246346555,339435568,0.859964180953026,141726.750730689,215,199,592,479,428,482,st lucie,0,0.0897703549060543,0.247181628392484,0.178705636743215,0.0830897703549061,0.2,0.20125260960334,0.250291036088475,0.246769487286369,0.339952343129468,0.261154855643045,0.393267651888342,0.367378048780488,0.387381556470268,0.318505617173963,1,684288,100246,LAWNWOOD REGIONAL MEDICAL CENTER,1700 SOUTH 23RD STREET,FT. PIERCE,FL,34950-,ST. LUCIE,38940,U,STH,5,4,10/01/2017,09/30/2018,1207.38,,,26995,7178,91467,312,109948,,5084,1327,16421,,36350,8869,112722,380,134768,,5792,1327,18349,,22958,4385,70590,255,89143,,5084,1327,16421,24344894,41451330,28171772,44521415,86535352,187514738,9639146,247016024,2236743170,855513454,3092256624,26134328,,86814484,5124159,,,105202,,,156004344,-102664222,9140597,542827,,63636027,6725981,3343823,44930457,14321527,46256146,56360952,8392472,,70464416,,11583321,11583321,145683764,6665463,7381215,9388974,1515910,,,24951562,,2078418,-156522307,95897,-154347992,-129396430,275080194,275080194,145683764,,,47684867,1427986,2259071,0.1895,29827048,,2236743170,855513454,3092256624,2750973479,341283145,273950963,67332182,1317259,68649441,-16,68649457,0.079882,34960646,642623661,,,12.0348366042617,5.99711846108733,5.74300318780948,st. lucie,0,0,0,0,1,FALSE
100248,LARGO MEDICAL CENTER,http://www.floridahealthfinder.gov/facilitylocator/FacilityProfilePage.aspx?id=10027,2132,0.33124158107262,8416,0.310311782961686,3.94746716697936,280616709,0.710945879180578,131621.345684803,47,31,518,450,569,517,pinellas,0,0.0220450281425891,0.24296435272045,0.266885553470919,0.0145403377110694,0.211069418386492,0.24249530956848,0.0155887230514096,0.056,0.108546356352537,0.0118501529051988,0.101902173913043,0.100622810432075,0.0935894106174115,0.08900040935381,1,706128,100248,LARGO MEDICAL CENTER,201 14TH STREET,LARGO,FL,33770,PINELLAS,45300,U,STH,5,4,03/01/2018,02/28/2019,1144.76,115.87,,24139,1852,64095,262,95630,,4967,297,12139,,34593,2700,93982,363,132495,,5931,433,17759,,20005,1535,53054,220,80300,,4967,297,12139,19386450,26730139,22234806,37465057,87126785,158361840,9868592,231182322,1847189328,927775361,2774964689,19099947,,87250986,4038364,,2060493,25579,,,85501835,-45813992,10574742,903884,,51832131,16756761,2200786,56537459,16671747,48644455,67990394,20310650,,90429642,,13092577,13092577,155354350,9975244,8196549,6336598,950046,,64612,25523049,,478801,-369111829,672072,-367960956,-342437907,497792257,497792257,155354350,,25989126,17741479,1000628,678918,0.0621,36114227,9228863,1847189328,927775361,2774964689,2482414383,292550306,245617148,46933158,10644321,57577479,,57577479,0.08331,12876432,263823378,,,11.9592561507246,6.13457606133759,5.5683445037611,pinellas,0.101217722492051,0,0,0,1,FALSE
100249,BAYFRONT HEALTH SEVEN RIVERS,http://www.floridahealthfinder.gov/facilitylocator/FacilityProfilePage.aspx?id=10028,592,0.0919770243878945,1875,0.0691343385281797,3.16722972972973,45246711,0.114633098102239,76430.2550675676,43,0,157,72,154,147,citrus,0,0.0726351351351351,0.265202702702703,0.260135135135135,0,0.121621621621622,0.248310810810811,0.338582677165354,0.356009070294785,0.364928909952607,0,0.349514563106796,0.37984496124031,0.435780342034909,0.350766535697818,1,715841,100249,SEVEN RIVERS REGIONAL MEDICAL CENTER,6201 N. SUNCOAST BLVD,CRYSTAL RIVER,FL,34428,CITRUS,26140,R,STH,2,4,10/01/2017,09/30/2018,425.83,,,11014,906,24309,128,46720,,2607,694,5922,,11014,906,24329,128,46720,,2607,694,5922,,9115,465,19611,112,40880,,2607,694,5922,3195535,17589713,5045940,9354425,24971461,52589571,3748637,76025652,451424375,332843866,784268241,6586656,,24866589,2434396,,,3052,,,33839202,-21534668,2687407,658996,23819,15677808,980000,610000,23862184,6081083,800500,13211486,1395684,,31041663,,1342264,1342264,48061735,3559454,1909620,254916,,,1719474,-4910023,,,,80067,80067,-4829956,52891691,52891691,48061735,,,21593434,126355,172208,0.0319,11101527,,451424375,332843866,784268241,701206682,83061559,77561032,5500527,152262,5652789,,5652789,0.096938,3604070,81639974,,,11.7938321552678,5.77598531868795,4.85203026391962,citrus,0,0,1,0,1,TRUE
100252,RAULERSON HOSPITAL,http://www.floridahealthfinder.gov/facilitylocator/FacilityProfilePage.aspx?id=10030,504,0.0783047640059102,1586,0.0584784324830363,3.1468253968254,31457872,0.0796989051218261,62416.4126984127,0,0,146,93,133,115,okeechobee,0,0,0.28968253968254,0.263888888888889,0,0.18452380952381,0.228174603174603,,1,1,,1,1,,,1,677589,100252,RAULERSON HOSPITAL,1796 HIGHWAY 441 NORTH,OKEECHOBEE,FL,34972-,OKEECHOBEE,99910,R,STH,1,4,05/01/2018,04/30/2019,325.02,,,7334,836,17327,100,36500,,1712,204,4383,,7334,836,17329,100,36500,,1712,204,4383,,6197,666,14828,92,33580,,1712,204,4383,5668548,8603713,6657445,7399314,22050054,29098316,2215360,57193802,296844766,303930945,600775711,6770849,,21984608,1345188,,,67651,,,22774769,-12632706,1831066,220400,,12234996,1141770,624758,11156751,526358,13089216,22712291,3266512,,15966850,,4018352,4018352,32220198,1191325,2063566,1888939,36427,,176041,5356298,,148616,-181337556,271619,-180917321,-175561023,207781221,207781221,32220198,,4541143,7021274,54540,,,7181223,,296844766,303930945,600775711,518323971,82451740,51127399,31324341,161092,31485433,-25,31485458,0.0952,10363184,106041073,,,11.8282435294152,6.15445741173684,4.60517018598809,okeechobee,0,1,0,0,1,TRUE
100253,JUPITER MEDICAL CENTER,http://www.floridahealthfinder.gov/facilitylocator/FacilityProfilePage.aspx?id=10031,4791,0.744361357841896,14416,0.531541666251861,3.00897516176164,138424230,0.350699487026072,28892.5547902317,669,692,1732,380,646,672,palm beach,0,0.139636819035692,0.361511166771029,0.134836151116677,0.144437486954707,0.0793153830098101,0.140262993112085,0.097465034965035,0.109122983870968,0.0937182649064268,0.106281677161726,0.0569373688942164,0.0847414880201765,0.10265967471723,0.0974486571302342,1,677590,100253,JUPITER MEDICAL CENTER,1210 SOUTH OLD DIXIE HIGHWAY,JUPITER,FL,33458,PALM BEACH,48424,U,STH,1,2,10/01/2017,09/30/2018,1187.2,,,18913,928,46549,207,75555,,4333,212,12704,,18913,928,46549,207,75555,,4333,212,12704,,15357,644,38613,190,69350,,4333,212,12704,2577169,4277992,3457158,7439997,82323417,154506912,12722528,213882596,459016875,596372618,1055389493,14083153,,82323417,3624945,,,15024712,29538430,,73231165,-46109069,4837800,4417130,46927035,134913227,13438568,,338801989,,,,,,171965799,289393,829486,1118879,307997905,26081636,8707882,217430,,,20452159,55459107,113753560,1875873,,5295469,120924902,176384009,131613896,131613896,307997905,,,39832021,579783,,,,,459012875,596376618,1055389493,818482309,236907184,236830329,76855,7405488,7482343,5210368,2271975,0.202657,3166498,35278019,,,11.3275035399322,6.53006696699992,5.33271879326537,palm beach,0,1,0,1,0,FALSE
100254,CAPITAL REGIONAL MEDICAL CENTER,http://www.floridahealthfinder.gov/facilitylocator/FacilityProfilePage.aspx?id=10032,3545,0.550774580160618,10418,0.384128820686174,2.93878702397743,213258020,0.540291813204926,60157.4104372355,384,266,1164,637,567,527,leon,0,0.108321579689704,0.328349788434415,0.159943582510578,0.0750352609308886,0.179689703808181,0.148660084626234,0.190004948045522,0.269631688672689,0.322342239909039,0.174426229508197,0.397627965043695,0.293429844097996,0.345330141661964,0.288830791061939,1,689557,100254,CAPITAL REGIONAL MEDICAL CENTER,2626 CAPITAL MEDICAL BLVD,TALLAHASSEE,FL,32308,LEON,45220,U,STH,5,4,05/01/2018,04/30/2019,820.25,,,19294,2557,66844,266,97090,,4152,507,16269,,19298,2558,66879,266,97114,,4153,507,16270,,14279,2106,59692,246,89790,,4152,507,16269,16923655,29099421,20001555,33848476,52460652,135739728,11545875,171101461,1102371535,892965486,1995337021,9968368,,52562030,8801923,,,24407,,,49163557,-18989154,5164307,824763,,36071997,12887078,6347685,39787406,6406327,53450496,44448819,15169270,,78806932,,9864814,9864814,124743743,5375664,4539169,5774115,212359,,526865,16428172,,369332,-188164578,855120,-186940126,-170511954,295255697,295255697,124743743,,11648774,20635995,125267,1352732,0.1676,23941227,,1115310051,880026970,1995337021,1739743073,255593948,188200380,67393568,1560988,68954556,-50113,69004669,0.085751,23079061,430683109,,,11.7170006056397,5.63117631340307,5.5834963087817,leon,0,0,0,0,1,FALSE
100255,TAMPA COMMUNITY HOSPITAL,http://www.floridahealthfinder.gov/facilitylocator/FacilityProfilePage.aspx?id=10033,732,0.11372834772287,2982,0.109951251995217,4.07377049180328,43295968,0.10969086674997,59147.4972677596,42,0,233,233,99,96,hillsborough,0,0.0573770491803279,0.318306010928962,0.135245901639344,0,0.318306010928962,0.131147540983607,0.00578034682080925,0.0134853571015164,0.014446227929374,0,0.0302990897269181,0.0128789911456936,0.0181158696880012,0.0179113529952102,1,713740,100255,TAMPA COMMUNITY HOSPITAL,6001 WEBB ROAD,TAMPA,FL,33615,HILLSBOROUGH,45300,U,STH,2,4,11/01/2017,10/31/2018,258.73,,,4451,616,14911,182,66299,,861,121,3184,,7242,1566,21013,201,73365,,1207,307,4159,,3586,541,12400,171,62284,,861,121,3184,6518196,8753921,7738510,11411547,19829926,37915712,4170986,49885859,305955288,239225958,545181246,4508595,,19871124,789861,,,560,,,20568547,-13273467,1399235,79893,,8814474,4000000,447200,11954687,4156043,6776408,9351040,3117100,,23310116,,-22891550,-22891550,9233040,531097,1250705,1660822,69948,,,3512572,,293105,27567820,58787,27919712,31432284,-22199244,-22199244,9233040,,5633859,441645,107826,372277,0.2451,,,305953314,239227932,545181246,493885760,51295486,57731829,-6436343,1292130,-5144213,-5,-5144208,0.091503,3044170,78431495,,,11.7835989190662,5.70618801054735,5.2040066870768,hillsborough,0,0,1,0,1,FALSE
100256,REGIONAL MEDICAL CENTER BAYONET POINT,http://www.floridahealthfinder.gov/facilitylocator/FacilityProfilePage.aspx?id=10034,1847,0.286962101426421,7995,0.294788819484158,4.32864103952355,264972790,0.671311818233463,143461.174878181,0,59,371,438,421,530,pasco,0,0,0.200866269626421,0.227937195452084,0.0319436924742826,0.23714131023281,0.28695181375203,0,0.130541871921182,0.222987288135593,0.0797297297297297,0.20184331797235,0.25815879201169,0.227413722744867,0.201539940378983,1,718151,100256,REGIONAL MEDICAL CENTRE BAYONET POIN,14000 FIVAY ROAD,HUDSON,FL,34667,PASCO,45300,U,STH,3,4,03/01/2018,02/28/2019,1085.98,73.12,,22453,4722,74093,290,105850,,4890,409,16433,,22453,4722,74398,290,105850,,4890,409,16433,,17377,3648,56993,230,83950,,4890,409,16433,15632265,19611825,17616795,23730830,70134643,126468329,7986952,195248215,1955730985,771745504,2727476489,16609609,,70381298,6371028,,1078966,3574,,,76098201,-36821486,11021875,623850,,51733503,7918466,6419729,44789005,11327304,42111421,54804443,12943270,,54922516,,9995823,9995823,116651842,7650957,7797191,5804122,39878,,53774,21345922,,127638,-526089581,547788,-525414155,-504068233,620720075,620720075,116651842,,25294135,20892291,297692,1166207,0.101,50515894,6302092,1955957955,771995862,2727953817,2456947339,271006478,196177786,74828692,6774018,81602710,,81602710,0.071586,14046944,312356216,,,12.0197708603508,6.16222731141167,5.66988092298052,pasco,0.0673308900716404,0,0,0,1,FALSE
100258,DELRAY MEDICAL CENTER,http://www.floridahealthfinder.gov/facilitylocator/FacilityProfilePage.aspx?id=10035,3101,0.481791811869697,15546,0.573206627604844,5.01322154143825,372001857,0.942471274159489,119961.901644631,144,195,586,704,686,786,palm beach,0,0.0464366333440826,0.18897129958078,0.221218961625282,0.0628829409867785,0.227023540793292,0.253466623669784,0.020979020979021,0.0369203629032258,0.0995212534455244,0.0299493165412379,0.105483967635601,0.0991172761664565,0.0849594478598602,0.0809206386822761,1,679039,100258,DELRAY MEDICAL CENTER,5352 LINTON BLVD.,DELRAY BEACH,FL,33484,PALM BEACH,48424,U,STH,5,4,01/01/2018,12/31/2018,1145.11,29.01,,38523,3950,78272,356,129804,,8176,284,16226,,51962,5195,107168,512,186744,,9299,341,19429,,31750,2820,62897,304,110824,,8176,284,16226,9951007,30915249,13376586,24196125,103913055,224743038,9172233,301261350,2313001689,961738772,3274740461,21449158,,103913055,4167451,,90718,954,,,175416456,-110328740,8615222,678238,,81004713,6106003,1861234,112602902,3421575,20885526,124022068,,9228407,186426750,7886,5286106,5293992,272725455,19493949,1871323,4892744,3875841,,9168219,39302076,3784666,,,488686,4273352,43575428,229150027,229150027,272725455,,59963184,19321451,3665840,,,35842792,2436338,2320284623,935190228,3255474851,2872682827,382792024,325571789,57220235,1330803,58551038,,58551038,0.091995,13425660,219132150,91480,1921582,12.0290819112876,4.56763415106798,5.87493073085203,palm beach,0.0253338107256072,0,0,0,1,FALSE
100259,SOUTH BAY HOSPITAL,http://www.floridahealthfinder.gov/facilitylocator/FacilityProfilePage.aspx?id=10036,389,0.0604376055521807,1238,0.0456470992522061,3.18251928020566,30611829,0.0775554447890361,78693.64781491,0,0,80,78,123,100,hillsborough,0,0,0.205655526992288,0.316195372750643,0,0.200514138817481,0.25706940874036,0,0.00463016552841764,0.0179483437910404,0,0.0101430429128739,0.0134156157767642,0.0121974567934435,0.0121099703173572,1,677593,100259,SOUTH BAY HOSPITAL,4016 SUN CITY CENTER BLD,SUN CITY CENTER,FL,33573-,HILLSBOROUGH,45300,U,STH,1,4,09/01/2018,08/31/2019,359.64,,,12455,1451,24575,138,50370,,3095,76,6366,,12455,1451,24710,138,50370,,3095,76,6366,,11406,1392,22437,126,45990,,3095,76,6366,3931379,5137538,4489587,8265989,24888360,50659895,5309300,66695161,525897409,311607363,837504772,7516258,,24906075,1098686,,,2602,,,18895310,-10960087,2121729,196958,,10262126,13230498,,25579102,8325309,23190162,29195448,6320592,,45459630,,178825,178825,55900581,1576588,1489434,2416602,81934,,25835,5590393,,139121,35438580,195322,35773023,41363416,14537165,14537165,55900581,,1602237,20015953,61475,,,13887163,,525897409,311607363,837504772,767660674,69844098,75549101,-5705003,398986,-5306017,14,-5306031,0.079636,1844648,54764138,,,11.7872109117157,5.45518013214051,4.92725368515721,hillsborough,0,1,0,0,1,FALSE
100260,ST LUCIE MEDICAL CENTER,http://www.floridahealthfinder.gov/facilitylocator/FacilityProfilePage.aspx?id=10037,2055,0.319278353238384,7427,0.273845723866022,3.61411192214112,188026875,0.476368397423019,91497.2627737226,124,128,535,346,486,436,st lucie,0,0.0603406326034063,0.260340632603406,0.236496350364963,0.062287104622871,0.168369829683698,0.212165450121654,0.144353899883586,0.223009587328053,0.386020651310564,0.167979002624672,0.284072249589491,0.332317073170732,0.343881667135217,0.286859661284364,1,684290,100260,ST. LUCIE MEDICAL CENTER,1800 S.E. TIFFANY AVE,PORT ST. LUCIE,FL,34952-,ST. LUCIE,38940,U,STH,5,4,10/01/2017,09/30/2018,775.72,38.29,,23136,1791,52133,207,75555,,5248,363,12279,,24477,2003,58064,229,83585,,5459,414,13606,,20328,1275,44566,189,68985,,5248,363,12279,10411503,22139591,12694726,19103091,50969405,84651768,6827241,143537774,1195548848,540598956,1736147804,14821796,,53628099,1539866,,767728,7881,,,62925314,-38732340,7171247,627932,,32646494,4386802,3991715,32904030,7888212,38680637,44850679,8056659,,38467142,,7750270,7750270,78863906,3595612,4336302,5340863,334708,,,13607485,,369162,-437015056,69111,-436576783,-422969298,501833204,501833204,78863906,,,40330519,647967,336760,0.0334,20545511,3759611,1195548849,540598955,1736147804,1530485542,205662262,135584450,70077812,2333639,72411451,-10,72411461,0.082676,8866889,171177123,,,11.7566684392083,5.7642663182177,5.33271879326537,st. lucie,0.0493605940287733,0,0,0,1,FALSE
100264,OAK HILL HOSPITAL,http://www.floridahealthfinder.gov/facilitylocator/FacilityProfilePage.aspx?id=10040,2707,0.420577373341267,8876,0.327272740680599,3.27890653860362,238907477,0.605275027577131,88255.4403398596,306,192,810,376,531,492,hernando,0,0.113040265977096,0.299224233468785,0.196158108607314,0.0709272257111193,0.138899150350942,0.181751015884743,0.553345388788427,0.469293163383546,0.463350785340314,0.45933014354067,0.338738738738739,0.472168905950096,0.619971161405864,0.459310924779704,1,700274,100264,OAK HILL HOSPITAL,11375 CORTEZ BLVD,SPRING HILL,FL,34613-,HERNANDO,45300,U,STH,5,4,03/01/2018,02/28/2019,1186.28,79,,32751,2808,88093,280,102200,,6556,539,19220,,32751,2808,88243,280,102200,,6556,539,19220,,29569,2269,77417,256,93440,,6556,539,19220,9534911,18180487,11370469,18428051,76244800,121013314,10841268,186958261,2159919262,893399764,3053319026,21059475,,76493239,2804955,,1274171,15924,,,66991299,-35848396,5204587,404229,,36735172,7827778,3777952,58889173,9729773,52411552,62983535,18179007,,87449066,,6826941,6826941,131011179,5567489,7784475,5622759,291959,,,19266682,,269731,-295816725,1640457,-293906537,-274639855,405651034,405651034,131011179,,29451614,22272979,409653,757765,0.0586,50648937,8290573,2159919262,893399764,3053319026,2791770342,261548684,197181940,64366744,4566384,68933128,-66,68933194,0.061231,10628771,297979414,,,11.9757883586212,6.00393524107238,5.63478960316925,hernando,0.0665947331152848,0,0,0,1,FALSE
104017,WINDMOOR HEALTHCARE OF CLEARWATER,http://www.floridahealthfinder.gov/facilitylocator/FacilityProfilePage.aspx?id=10061,600,0.093219957149893,2622,0.0966774589978065,4.37,5768400,0.0146143122556014,9614,42,62,181,213,62,40,pinellas,0,0.07,0.301666666666667,0.103333333333333,0.103333333333333,0.355,0.0666666666666667,0.0139303482587065,0.0195675675675676,0.0118275467378863,0.0237003058103976,0.0482336956521739,0.00778513040093422,0.0287220967511619,0.028191189340899,1,690486,104017,WINDMOOR HEALTHCARE,11300 US 19 NORTH,CLEARWATER,FL,33764,PINELLAS,45300,U,PH,2,4,07/01/2018,06/30/2019,194.37,,,9458,,28279,144,52560,,808,,4066,,9458,,28279,144,52560,,808,,4066,,9458,,28279,144,52560,,808,,4066,,,,,11170054,11193562,1125775,18463935,62606900,10189360,72796260,,,,,,,-54098,,,6544579,-4147206,52159,24659,,2842424,1910000,,,18803757,,1892598,,,13985800,12099165,1174123,13273288,30101512,479690,276991,389124,,,11514961,12660766,,14400000,,-15469294,-1069294,11591472,18510040,18510040,30101512,,,,,,,,,62828115,10189360,73017475,50680956,22336519,22363616,-27097,16699,-10398,,-10398,,,,,,9.79579435983834,4.22132529947861,4.969813299576,pinellas,0,0,1,0,1,FALSE
104024,"CIRCLES OF CARE, INC.",http://www.floridahealthfinder.gov/facilitylocator/FacilityProfilePage.aspx?id=10065,755,0.117301779413615,4993,0.184100134544641,6.61324503311258,5077517,0.0128639516887048,6725.1880794702,74,60,163,187,126,145,brevard,0,0.0980132450331126,0.215894039735099,0.166887417218543,0.0794701986754967,0.247682119205298,0.19205298013245,0.0448756822316555,0.0357064622124863,0.0394613216410899,0.0460829493087558,0.0898174831892411,0.0425594364543587,0.054480407231438,0.0527748939779477,1,691661,104024,CIRCLES OF CARE  INC.,400 EAST SHERIDAN ROAD,MELBOURNE,FL,32901,BREVARD,37340,U,PH,2,2,07/01/2018,06/30/2019,446.9,,,4251,,38812,172,62780,,428,,1556,,4251,,38812,172,62780,,428,,1556,,4251,,12620,52,18980,,428,,1556,,,,,19953183,19369707,852819,35856736,38064635,11756395,49821030,5863905,,19953183,,,,10999850,14560058,,1520000,,4400679,,,31480587,1110682,,19742620,,,3391380,,,10746787,8000000,617393,8617393,50844767,266896,1787010,,,,2674969,4728875,,3505885,,,3505885,8234760,42610007,42610007,50844767,,,,,,,,,38064636,11756394,49821030,26782450,23038580,39322890,-16284310,18159619,1875309,3709,1871600,,,,,,10.3740740372742,7.04618068535847,5.14749447681345,brevard,0,0,1,1,0,FALSE
104026,FORT LAUDERDALE HOSPITAL,http://www.floridahealthfinder.gov/facilitylocator/FacilityProfilePage.aspx?id=10066,1389,0.215804200802002,7466,0.275283718107408,5.37508999280058,16416880,0.0415923671352088,11819.2080633549,307,301,237,376,65,103,broward,0,0.221022318214543,0.170626349892009,0.046796256299496,0.216702663786897,0.270698344132469,0.074154067674586,0.0356065877986546,0.0111225830673925,0.00762195121951219,0.0381302254877122,0.0403346921261532,0.0105489553461696,0.0306356802538813,0.0300880388641596,1,667839,104026,FT. LAUDERDALE HOSPITAL,1601 EAST LAS OLAS BLVD,FT. LAUDERDALE,FL,33301,BROWARD,22744,U,PH,2,4,01/01/2018,12/31/2018,207.22,,,7166,,32425,182,66430,,571,,4999,,7166,,32425,182,66430,,571,,4999,,7166,,32425,182,66430,,571,,4999,,,,,10729193,10620275,2672716,17147447,71453985,3350196,74804181,,,,,,,-179048,,,7047113,-2819811,127496,20172,,4435740,,,,1368187,,1346457,,,47804777,23828093,1309484,25137577,77378094,352911,323208,386104,,,8235297,9297520,,9587000,,44955987,54542987,63840507,13537587,13537587,77378094,,,,,,,,,72408380,3350197,75758577,53440120,22318457,21349468,968989,49252,1018241,802162,216079,,,,,,9.62606905225318,4.16905818638442,5.2040066870768,broward,0,0,1,0,1,FALSE
