town,town_n,state,agent,id_fe,id_cluster,first,n,corp,boat,tons,blt,dyear,dep_mo,arr_mo,ayear,sp,wh,bn,capown,owners,agt_shr,grounds,lost,cap,capexp,capleft,capdied,idle,crew,pacific,atlantic,dcapexp,vesselage,logvesselage,prob,ny,voyagelength,sp_relprice,bn_relprice,output_nb,output_wb,lprod_wb,prod_wb,crewtons,spvoy,ownrs2,logowners
bristol,5,ri,dewolf,dewolf,dewolf,32,0,0,anne,222,7,33,7,12,36,800,0,0,,3,,pac,0,swainb,3,0,0,,,1,FALSE,TRUE,26,3.29583686600433,0,FALSE,41,2.0227,0.5682,50972.04,50972.04,1.72278307749984,5.60009228740936,,TRUE,9,1.09861228866811
bristol,5,ri,dewolf,dewolf,dewolf,32,0,0,anne,222,7,37,12,6,40,1300,0,0,,3,,pac,0,richmondg,0,0,0,12,,1,FALSE,FALSE,30,3.43398720448515,0,FALSE,30,3.3333,0.6333,136498.635,136498.635,3.02019513002272,20.4952905405405,,TRUE,9,1.09861228866811
bristol,5,ri,dewolf,dewolf,dewolf,32,0,0,corinthian,503,22,32,12,6,36,1200,0,0,1,24,,pac,0,grinnells,3,0,0,,,1,FALSE,TRUE,10,2.39789527279837,0,FALSE,42,2.0227,0.5682,76458.06,76458.06,1.28623784580148,3.61914512922465,,TRUE,576,3.17805383034795
bristol,5,ri,dewolf,dewolf,dewolf,32,0,0,corinthian,503,22,37,1,3,39,300,3000,0,0,24,,pac,0,gardnerba,2,0,0,7,,1,FALSE,TRUE,15,2.77258872223978,0,FALSE,26,2.9167,0.5,122062.815,122062.815,2.23360436013965,9.33344662792476,,FALSE,576,3.17805383034795
bristol,5,ri,dewolf,dewolf,dewolf,32,0,0,corinthian,503,22,39,9,5,42,300,2400,22000,1,24,,ind,0,heathnb,0,0,0,6,,0,FALSE,FALSE,17,2.89037175789616,0,FALSE,32,2.1471,0.6765,95890.095,110773.095,1.92891312599937,6.88202627982107,,FALSE,576,3.17805383034795
bristol,5,ri,dewolf,dewolf,dewolf,32,0,0,corinthian,503,22,42,11,4,46,700,2000,6000,,24,,pac,0,easterbrooksgt,0,0,0,6,,1,FALSE,FALSE,20,3.04452243772342,0,FALSE,41,2.6037,1.0074,120411.585,126455.985,1.81348734513484,6.13179387092082,,FALSE,576,3.17805383034795
bristol,5,ri,dewolf,dewolf,dewolf,32,0,0,ganges,380,11,32,3,7,35,2700,0,0,0,2,,pac,0,clarktm,0,0,0,,,1,FALSE,FALSE,21,3.09104245335832,0,FALSE,40,2.1538,0.5385,183180.69,183180.69,2.48917761490228,12.0513611842105,,TRUE,4,0.693147180559945
bristol,5,ri,dewolf,dewolf,dewolf,32,0,0,ganges,380,11,36,2,10,39,750,1750,0,0,2,,pac,0,harriswp,0,0,1,7,,1,FALSE,FALSE,25,3.25809653802148,1,FALSE,44,2.9167,0.5,124032.0375,124032.0375,2.00393429151298,7.41818406100479,,FALSE,4,0.693147180559945
bristol,5,ri,dewolf,dewolf,dewolf,32,0,0,general jackson,329,,32,6,10,35,1400,0,0,0,2,,pac,0,smithr,0,0,0,,,1,FALSE,FALSE,,,0,FALSE,40,2.1538,0.5385,94982.58,94982.58,1.97651158046827,7.21752127659574,,TRUE,4,0.693147180559945
bristol,5,ri,dewolf,dewolf,dewolf,32,0,0,general jackson,329,,36,7,1,39,2000,0,0,0,2,,pac,0,crockersr,0,0,0,9,,1,FALSE,FALSE,,,0,FALSE,30,2.9167,0.5,183752.1,183752.1,2.92408771315368,18.6172340425532,,TRUE,4,0.693147180559945
bristol,5,ri,dewolf,dewolf,dewolf,32,0,0,govfenner,375,27,34,8,3,38,1350,300,0,0,47,,pac,0,swaina,1,0,0,,,1,FALSE,TRUE,7,2.07944154167984,0,FALSE,43,2.6875,0.625,123735.9375,123735.9375,2.03777889594623,7.67354651162791,,TRUE,2209,3.85014760171006
bristol,5,ri,dewolf,dewolf,dewolf,32,0,0,leonidas,353,23,33,11,9,37,1400,0,0,0,25,,pac,0,clevelandh,1,0,0,,,1,FALSE,TRUE,10,2.39789527279837,0,FALSE,46,2.3571,0.5714,103948.11,103948.11,1.85653765788029,6.40153405591822,,TRUE,625,3.2188758248682
bristol,5,ri,dewolf,dewolf,dewolf,32,0,0,metacom,359,36,37,12,5,41,1700,100,0,1,27,,pac,0,grinnellj,4,0,0,,,1,FALSE,TRUE,1,0.693147180559945,0,FALSE,41,2.9375,0.625,160453.125,160453.125,2.38886266762817,10.9010887288539,,TRUE,729,3.29583686600433
bristol,5,ri,dewolf,dewolf,dewolf,32,0,0,saralee,235,19,35,2,4,37,1700,0,0,0,5,,ind,0,weeksw,0,0,0,,,0,FALSE,FALSE,16,2.83321334405622,0,FALSE,26,2.3571,0.5714,126222.705,126222.705,3.028121073578,20.6583805237316,,TRUE,25,1.6094379124341
bristol,5,ri,homer,homer,homer,32,0,0,cantonpacket,312,15,32,11,12,35,1600,0,0,1,19,,pac,0,bradfordbw,0,0,0,,,1,FALSE,FALSE,17,2.89037175789616,0,FALSE,37,2.1538,0.5385,108551.52,108551.52,2.2410590775184,9.40328482328482,,TRUE,361,2.94443897916644
bristol,5,ri,homer,homer,homer,32,0,0,cantonpacket,312,15,36,6,4,38,300,1200,0,,19,,atl,0,downscc,0,0,0,6,,0,TRUE,FALSE,21,3.09104245335832,0,FALSE,22,2.6875,0.625,63196.875,63196.875,2.21996449154212,9.20700393356643,,FALSE,361,2.94443897916644
bristol,5,ri,homer,homer,homer,32,0,0,fama,362,19,33,12,3,36,450,1450,0,0,9,,ind,0,littlefieldg,1,0,0,,,0,FALSE,TRUE,14,2.70805020110221,0,FALSE,27,2.0227,0.5682,74346.7725,74346.7725,2.02901446356655,7.60658609576427,,FALSE,81,2.19722457733622
bristol,5,ri,homer,homer,homer,32,0,0,fama,362,19,36,7,4,38,120,2680,0,,9,,atl,0,littlefieldg,2,0,0,4,,0,TRUE,TRUE,17,2.89037175789616,0,FALSE,21,2.6875,0.625,94578.75,94578.75,2.52102145023653,12.4412983425414,,FALSE,81,2.19722457733622
bristol,5,ri,homer,homer,homer,32,0,0,golcondax,359,25,35,12,3,38,200,1400,0,1,26,,ind,0,chasetl,0,0,0,,,0,FALSE,FALSE,10,2.39789527279837,0,FALSE,27,2.6875,0.625,61031.25,61031.25,1.83998205256648,6.2964252553389,,FALSE,676,3.25809653802148
bristol,5,ri,taylor,taylor,taylor,27,6,0,bowditch,398,23,32,8,11,35,2600,0,0,1,34,,pac,0,gardnerba,1,0,0,,,1,FALSE,TRUE,9,2.30258509299405,0,FALSE,39,2.1538,0.5385,176396.22,176396.22,2.43047434233972,11.3642713567839,,TRUE,1156,3.52636052461616
bristol,5,ri,taylor,taylor,taylor,27,6,0,bowditch,398,23,36,7,1,38,300,2400,0,1,34,,pac,0,ramsdelljs,2,0,0,8,,1,FALSE,TRUE,13,2.63905732961526,0,FALSE,18,2.6875,0.625,100996.875,100996.875,2.64602109157006,14.0978329145729,,FALSE,1156,3.52636052461616
bristol,5,ri,taylor,taylor,taylor,27,6,0,essex,200,20,32,6,3,33,0,900,0,,38,,atl,0,wilcoxa,2,0,0,,,0,TRUE,TRUE,12,2.56494935746154,0,FALSE,9,3.2692,0.5,28350,28350,2.75684036527164,15.75,,FALSE,1444,3.63758615972639
bristol,5,ri,taylor,taylor,taylor,27,6,0,essex,200,20,34,1,1,37,500,0,0,,38,,pac,0,colemanjw,1,0,0,10,,1,FALSE,TRUE,14,2.70805020110221,0,FALSE,36,2.3571,0.5714,37124.325,37124.325,1.64019138911738,5.15615625,,TRUE,1444,3.63758615972639
bristol,5,ri,taylor,taylor,taylor,27,6,0,essex,200,20,42,2,,,,,,,,,pac,1,devollob,1,0,0,,,1,FALSE,TRUE,22,3.13549421592915,0,FALSE,,0,0,,,,,,,,
bristol,5,ri,taylor,taylor,taylor,27,6,0,leonidas,353,23,43,6,4,46,170,4100,22000,0,7,,pac,0,waldronn,3,0,0,,,1,FALSE,TRUE,20,3.04452243772342,0,FALSE,34,2.6037,1.0074,143092.8135,165255.6135,2.62242014533033,13.7690062906182,,FALSE,49,1.94591014905531
coldspring,0,ny,cswco,jones,cswco,37,2,1,monmouth,255,36,41,7,6,42,0,1850,14000,,50,0.0317073166370392,atl,0,hedgeswh,1,0,0,,,0,TRUE,TRUE,5,1.79175946922806,0,TRUE,11,2.1471,0.6765,58275,67746,3.18436187845178,24.151871657754,,FALSE,2500,3.91202300542815
coldspring,0,ny,cswco,jones,cswco,37,2,1,monmouth,255,36,42,8,7,43,75,1550,12400,,50,0.0317073166370392,atl,0,hedgeshb,1,0,0,2,,0,TRUE,TRUE,6,1.94591014905531,0,TRUE,11,1.8529,0.9444,53202.47625,64913.03625,3.14164493128239,23.1419024064171,,FALSE,2500,3.91202300542815
coldspring,0,ny,cswco,jones,cswco,37,2,1,monmouth,255,36,43,10,1,46,150,2000,5000,,50,0.0317073166370392,ind,0,hedgeshb,2,1,0,3,,0,FALSE,TRUE,7,2.07944154167984,1,TRUE,27,2.6037,1.0074,75302.4825,80339.4825,2.45691605535561,11.6687701525054,,FALSE,2500,3.91202300542815
coldspring,0,ny,cswco,jones,cswco,37,2,1,monmouth,255,36,46,3,8,50,300,1600,2432,,50,0.0317073166370392,pac,0,halseye,0,0,0,2,,1,FALSE,FALSE,10,2.39789527279837,0,TRUE,53,2.4582,0.6599,73629.99,75234.8668,1.71681459802828,5.56676779874214,,FALSE,2500,3.91202300542815
coldspring,0,ny,cswco,jones,cswco,37,2,1,tuscarora,379,19,41,7,6,43,75,1770,11000,,50,0.0317073166370392,ind,0,whiteeh,0,0,0,,,0,FALSE,FALSE,22,3.13549421592915,0,TRUE,23,1.8529,0.9444,60132.47625,70520.87625,2.09063364097607,8.09003972123437,,FALSE,2500,3.91202300542815
coldspring,0,ny,cswco,jones,cswco,37,2,1,tuscarora,379,19,43,9,5,45,0,2400,23000,,50,0.0317073166370392,np,0,whiteeh,1,0,0,3,,1,FALSE,TRUE,24,3.2188758248682,0,TRUE,20,2.6667,1.0303,75600,99296.9,2.57260115237983,13.0998548812665,,FALSE,2500,3.91202300542815
coldspring,0,ny,cswco,jones,cswco,37,2,1,tuscarora,379,19,45,8,3,48,300,150,1000,,50,0.0317073166370392,np,0,doanee,2,0,0,3,,1,FALSE,TRUE,26,3.29583686600433,0,TRUE,31,3.0303,0.7575,33361.335,34118.835,1.06608144725816,2.90397778534343,,TRUE,2500,3.91202300542815
coldspring,0,ny,cswco,jones,cswco,37,2,1,tuscarora,379,19,48,8,3,51,0,2000,0,,50,0.0317073166370392,pac,1,leeksc,1,0,0,5,,1,FALSE,TRUE,29,3.40119738166216,0,TRUE,31,2.8083,0.7599,63000,63000,1.6793665958061,5.3621584815729,,FALSE,2500,3.91202300542815
coldspring,0,ny,jones,jones,jones,37,0,0,alice,281,30,44,9,6,46,150,2000,19000,,14,,np,0,smithfh,0,0,0,,,1,FALSE,FALSE,14,2.70805020110221,0,TRUE,21,2.6037,1.0074,75302.4825,94443.0825,2.7728755233809,16.0045894763599,,FALSE,196,2.63905732961526
coldspring,0,ny,jones,jones,jones,37,0,0,alice,281,30,46,9,4,49,0,1900,15000,,14,,pac,0,wooleyj,0,0,0,3,,1,FALSE,FALSE,16,2.83321334405622,0,TRUE,31,2.7287,0.5842,59850,68613,2.06389542631458,7.87659281368385,,FALSE,196,2.63905732961526
coldspring,0,ny,jones,jones,jones,37,0,0,alice,281,30,49,9,3,51,0,2800,46214,,14,,np,0,smithrp,0,0,0,5,,1,FALSE,FALSE,19,2.99573227355399,0,TRUE,18,2.8083,0.7599,88200,123318.0186,3.19379538749871,24.3807865954923,,FALSE,196,2.63905732961526
coldspring,0,ny,jones,jones,jones,37,0,0,huntsville,523,31,44,10,6,47,200,2900,31000,0,16,,np,0,howegt,2,0,0,,,1,FALSE,TRUE,13,2.63905732961526,0,TRUE,32,2.7986,0.8611,108981.18,135675.28,2.09270229582012,8.10679254302103,,FALSE,256,2.77258872223978
coldspring,0,ny,jones,jones,jones,37,0,0,huntsville,523,31,47,9,4,49,0,4200,50000,,16,,pac,0,smithfh,1,0,0,3,,1,FALSE,TRUE,16,2.83321334405622,0,TRUE,19,2.7287,0.5842,132300,161510,2.7883018960012,16.253396397303,,FALSE,256,2.77258872223978
coldspring,0,ny,jones,jones,jones,37,0,0,huntsville,523,31,49,10,3,51,0,3350,45000,0,16,,np,0,smithfh,2,0,0,6,,1,FALSE,TRUE,18,2.94443897916644,0,TRUE,17,2.8083,0.7599,105525,139720.5,2.75460446937897,15.7148239793049,,FALSE,256,2.77258872223978
coldspring,0,ny,jones,jones,jones,37,0,0,nptalmage,370,36,43,6,2,45,200,2500,22000,1,10,,pac,0,hedgeswh,2,0,0,,,1,FALSE,TRUE,7,2.07944154167984,0,TRUE,20,2.6667,1.0303,95550.21,118216.81,2.77104031123212,15.9752445945946,,FALSE,100,2.30258509299405
coldspring,0,ny,jones,jones,jones,37,0,0,nptalmage,370,36,45,6,5,48,45,1775,0,,10,,np,0,mulfordj,0,0,0,4,,1,FALSE,FALSE,9,2.30258509299405,0,TRUE,35,3.0303,0.7575,60207.95025,60207.95025,1.53670861940304,4.64926256756757,,FALSE,100,2.30258509299405
coldspring,0,ny,jones,jones,jones,37,0,0,nptalmage,370,36,48,9,3,51,0,2700,0,,10,,np,0,mulfordj,1,0,0,4,,1,FALSE,TRUE,12,2.56494935746154,0,TRUE,30,2.8083,0.7599,85050,85050,2.03629421052358,7.66216216216216,,FALSE,100,2.30258509299405
coldspring,0,ny,jones,jones,jones,37,0,0,richmond,437,25,43,12,3,46,100,3800,12000,0,10,,np,0,ludlowj,1,0,0,,,1,FALSE,TRUE,18,2.94443897916644,0,TRUE,27,2.6037,1.0074,127901.655,139990.455,2.47355945959583,11.8646033562166,,FALSE,100,2.30258509299405
coldspring,0,ny,jones,jones,jones,37,0,0,richmond,437,25,46,7,,,,,,0,10,,np,1,wintersp,1,0,0,4,,1,FALSE,TRUE,21,3.09104245335832,0,TRUE,,0,0,,,,,,,100,2.30258509299405
coldspring,0,ny,jones,jones,jones,37,0,0,splendid,473,32,44,6,4,48,0,2400,24016,0,17,,np,0,fordhamhb,1,0,0,,,1,FALSE,TRUE,12,2.56494935746154,0,TRUE,46,3.0303,0.7575,75600,93792.12,1.46109933795559,4.31069583601434,,FALSE,289,2.83321334405622
coldspring,0,ny,jones,jones,jones,37,0,0,splendid,473,32,48,10,3,51,0,3400,38000,0,17,,np,0,piersonsb,1,0,0,6,,1,FALSE,TRUE,16,2.83321334405622,0,TRUE,29,2.8083,0.7599,107100,135976.2,2.2938439309255,9.91296930815776,,FALSE,289,2.83321334405622
coldspring,0,ny,jones,jones,jones,37,0,0,tuscarora,379,19,37,9,4,39,120,1280,0,1,32,,atl,0,dennisonw,0,1,0,,,0,TRUE,FALSE,18,2.94443897916644,1,TRUE,19,2.9167,0.5,51345.126,51345.126,1.96435010936825,7.13027718372448,,FALSE,1024,3.46573590279973
coldspring,0,ny,jones,jones,jones,37,0,0,tuscarora,379,19,39,7,5,41,0,2400,0,,32,,atl,0,halseye,1,0,0,3,,0,TRUE,TRUE,20,3.04452243772342,0,TRUE,22,2.9375,0.625,75600,75600,2.20463290372688,9.0669225233869,,FALSE,1024,3.46573590279973
dorchester,0,ma,cwhitmore,cwhitmore,cwhitmore,33,0,0,ccaroll,386,28,33,10,8,37,2000,0,0,0,14,,pac,0,weeksr,4,0,0,,,1,FALSE,TRUE,5,1.79175946922806,0,FALSE,46,2.3571,0.5714,148497.3,148497.3,2.12384328928749,8.36321806713224,,TRUE,196,2.63905732961526
dorchester,0,ma,cwhitmore,cwhitmore,cwhitmore,33,0,0,lewis,242,28,37,7,9,39,200,1600,0,0,8,,pac,0,cunningham,,0,0,,,1,FALSE,,9,2.30258509299405,0,FALSE,26,2.9167,0.5,68775.21,68775.21,2.39156437504506,10.9305801017165,,FALSE,64,2.07944154167984
dorchester,0,ma,dorwhco,dorwhco,dorwhco,34,0,1,herald,241,22,37,11,5,41,1800,0,0,,,,pac,0,reynolds,0,0,0,8,,1,FALSE,FALSE,15,2.77258872223978,0,FALSE,42,2.9375,0.625,166556.25,166556.25,2.8006218174121,16.4548755186722,,TRUE,,
dorchester,0,ma,jstickney,jstickney,jstickney,34,0,0,courier,293,23,34,6,3,36,500,1250,0,0,4,,atl,0,lucew,1,0,0,,,0,TRUE,TRUE,11,2.484906649788,0,FALSE,21,2.0227,0.5682,71232.525,71232.525,2.44900975815058,11.5768771331058,,FALSE,16,1.38629436111989
dorchester,0,ma,jstickney,jstickney,jstickney,34,0,0,courier,293,23,36,6,4,38,150,1850,0,0,4,,ind,0,crapobj,3,0,0,3,,0,FALSE,TRUE,13,2.63905732961526,0,FALSE,22,2.6875,0.625,70973.4375,70973.4375,2.39884590392952,11.0104619143655,,FALSE,16,1.38629436111989
dorchester,0,ma,jstickney,jstickney,jstickney,34,0,0,herald,241,22,34,9,3,37,1200,450,0,0,10,,ind,0,lincolnjc,2,0,0,,,0,FALSE,TRUE,12,2.56494935746154,0,FALSE,30,2.3571,0.5714,103273.38,103273.38,2.65914061071461,14.2840082987552,,TRUE,100,2.30258509299405
duxbury,0,ma,dxwhco,dxwhco,dxwhco,41,0,1,s&e,206,24,41,8,4,44,200,1300,7000,1,42,,ind,0,coffiner,0,0,0,,,0,FALSE,FALSE,17,2.89037175789616,0,FALSE,32,2.4472,1.0922,56367.36,64012.76,2.27322564587995,9.71067354368932,,FALSE,1764,3.73766961828337
fairhaven,63,ma,aswift,aswift,aswift,43,0,0,baltic,409,22,43,12,,,,,,1,7,,pac,1,butlerc,6,0,0,,,1,FALSE,TRUE,21,3.09104245335832,0,FALSE,,0,0,,,,,,,49,1.94591014905531
fairhaven,63,ma,atkinsadams,atkinsadams,atkinsadams,28,4,0,cadmus,319,16,31,5,4,34,2313,0,0,,5,,pac,0,taberfc,0,0,0,,,1,FALSE,FALSE,15,2.77258872223978,0,FALSE,35,2.6363,0.7636,192079.49985,192079.49985,2.84512546275451,17.2037169592476,,TRUE,25,1.6094379124341
fairhaven,63,ma,atkinsadams,atkinsadams,atkinsadams,28,4,0,cadmus,319,16,34,10,11,37,2063,0,0,,5,,pac,0,crowellw,0,0,0,6,24,1,FALSE,FALSE,18,2.94443897916644,0,FALSE,37,2.3571,0.5714,153174.96495,153174.96495,2.56322709334152,12.977629835635,0.0752351097178683,TRUE,25,1.6094379124341
fairhaven,63,ma,atkinsadams,atkinsadams,atkinsadams,28,4,0,cadmus,319,16,38,6,3,41,2002,0,0,,5,,pac,0,mahewel,0,0,0,7,22,1,FALSE,FALSE,22,3.13549421592915,0,FALSE,33,2.9375,0.625,185247.5625,185247.5625,2.86774972092571,17.5973746081505,0.0689655172413793,TRUE,25,1.6094379124341
fairhaven,63,ma,atkinsadams,atkinsadams,atkinsadams,28,4,0,cadmus,319,16,41,11,,,,,0,,5,,pac,1,mahewel,1,0,0,8,24,1,FALSE,TRUE,25,3.25809653802148,0,FALSE,,0,0,,,,,0.0752351097178683,,25,1.6094379124341
fairhaven,63,ma,atkinsadams,atkinsadams,atkinsadams,28,4,0,eadams,402,35,35,11,7,38,3230,0,0,1,10,,pac,0,morsejo,2,0,0,,,1,FALSE,TRUE,0,0,0,FALSE,32,2.6875,0.625,273439.6875,273439.6875,3.05664836408332,21.2561946128731,,TRUE,100,2.30258509299405
fairhaven,63,ma,atkinsadams,atkinsadams,atkinsadams,28,4,0,eadams,402,35,38,10,1,42,2771,0,0,,10,,pac,0,holleyw,0,0,0,3,,1,FALSE,FALSE,3,1.38629436111989,0,FALSE,39,2.1471,0.6765,187412.84415,187412.84415,2.48105545037642,11.9538744833525,,TRUE,100,2.30258509299405
fairhaven,63,ma,atkinsadams,atkinsadams,atkinsadams,28,4,0,eadams,402,35,42,7,12,45,2100,200,0,,10,,pac,0,holleyw,1,0,0,6,34,1,FALSE,TRUE,7,2.07944154167984,0,FALSE,41,2.6667,1.0303,182702.205,182702.205,2.40558865593546,11.0849535857299,0.0845771144278607,TRUE,100,2.30258509299405
fairhaven,63,ma,atkinsadams,atkinsadams,atkinsadams,28,4,0,jasper,359,18,34,5,7,35,350,1800,21000,0,6,,ind,0,gifforde,1,0,0,,,0,FALSE,TRUE,16,2.83321334405622,0,FALSE,14,2.1538,0.5385,80445.645,91754.145,2.90448822390454,18.2558983286908,,FALSE,36,1.79175946922806
fairhaven,63,ma,atkinsadams,atkinsadams,atkinsadams,28,4,0,jasper,359,18,35,9,6,37,232,1755,0,0,7,,pac,0,raymonds,0,0,0,2,,1,FALSE,FALSE,17,2.89037175789616,0,FALSE,21,2.3571,0.5714,72508.1868,72508.1868,2.26360992963524,9.61774596100278,,FALSE,49,1.94591014905531
fairhaven,63,ma,atkinsadams,atkinsadams,atkinsadams,28,4,0,jasper,359,18,37,10,7,39,740,1890,0,,7,,pac,0,adamsbs,4,0,0,4,,1,FALSE,TRUE,19,2.99573227355399,0,FALSE,21,2.9167,0.5,127523.277,127523.277,2.82820936541189,16.9151448467967,,FALSE,49,1.94591014905531
fairhaven,63,ma,atkinsadams,atkinsadams,atkinsadams,28,4,0,jasper,359,18,39,9,,,,,,1,6,,pac,1,adamsbs,5,0,0,2,,1,FALSE,TRUE,21,3.09104245335832,0,FALSE,,0,0,,,,,,,36,1.79175946922806
fairhaven,63,ma,atkinsadams,atkinsadams,atkinsadams,28,4,0,java,291,18,32,6,4,33,350,1550,0,1,8,,atl,0,ritchiew,1,0,0,,,0,TRUE,TRUE,14,2.70805020110221,0,FALSE,10,3.2692,0.5,84867.93,84867.93,3.37294320225684,29.1642371134021,,FALSE,64,2.07944154167984
fairhaven,63,ma,atkinsadams,atkinsadams,atkinsadams,28,4,0,java,291,18,33,6,3,35,130,1300,0,1,9,,atl,0,ritchiew,2,0,0,2,,0,TRUE,TRUE,15,2.77258872223978,0,FALSE,21,2.1538,0.5385,49769.811,49769.811,2.09731816948212,8.14429896907217,,FALSE,81,2.19722457733622
fairhaven,63,ma,atkinsadams,atkinsadams,atkinsadams,28,4,0,java,291,18,35,10,2,38,1165,778,0,0,6,,pac,0,kelleyr,0,0,0,7,,1,FALSE,FALSE,17,2.89037175789616,0,FALSE,28,2.6875,0.625,123131.53125,123131.53125,2.7154806454061,15.1118717783505,,TRUE,36,1.79175946922806
fairhaven,63,ma,atkinsadams,atkinsadams,atkinsadams,28,4,0,java,291,18,38,5,5,41,590,800,0,0,9,,pac,0,crowellw,1,1,0,3,24,1,FALSE,TRUE,20,3.04452243772342,1,FALSE,36,2.9375,0.625,79793.4375,79793.4375,2.03035433758656,7.61678479381443,0.0824742268041237,FALSE,81,2.19722457733622
fairhaven,63,ma,atkinsadams,atkinsadams,atkinsadams,28,4,0,java,291,18,41,8,5,45,2100,0,0,,9,,pac,0,lanes,0,0,0,3,23,1,FALSE,FALSE,23,3.17805383034795,0,FALSE,45,2.6667,1.0303,176402.205,176402.205,2.60053616553489,13.4709587628866,0.0790378006872852,TRUE,81,2.19722457733622
fairhaven,63,ma,atkinsadams,atkinsadams,atkinsadams,28,4,0,marthasec,300,18,36,9,4,38,656,586,0,0,9,,atl,0,bordend,2,0,0,,,0,TRUE,TRUE,18,2.94443897916644,0,FALSE,19,2.6875,0.625,73993.5,73993.5,2.56351107666786,12.9813157894737,,TRUE,81,2.19722457733622
fairhaven,63,ma,atkinsadams,atkinsadams,atkinsadams,28,4,0,marthasec,300,18,38,6,6,40,670,1555,0,1,10,,ind,0,kelleyr,0,0,0,2,,0,FALSE,FALSE,20,3.04452243772342,0,FALSE,24,3.3333,0.6333,119331.7965,119331.7965,2.80782679313603,16.573860625,,FALSE,100,2.30258509299405
fairhaven,63,ma,atkinsadams,atkinsadams,atkinsadams,28,4,0,marthasec,300,18,40,8,3,44,1050,1250,12000,1,9,,pac,0,hammondt,0,0,0,2,,1,FALSE,FALSE,22,3.13549421592915,0,FALSE,43,2.4472,1.0922,120316.14,133422.54,2.33629377335807,10.3428325581395,,FALSE,81,2.19722457733622
fairhaven,63,ma,atkinsadams,atkinsadams,atkinsadams,28,4,0,marthasec,300,18,44,8,11,47,1100,800,7000,0,6,,ind,0,stewarthn,5,0,0,5,,0,FALSE,TRUE,26,3.29583686600433,0,FALSE,39,2.7986,0.8611,122171.49,128199.19,2.39399638441017,10.9571957264957,,TRUE,36,1.79175946922806
fairhaven,63,ma,esawin,esawin,esawin,21,11,0,albion,326,15,32,6,3,33,0,1600,0,1,5,,atl,0,coggeshallje,3,0,0,,27,0,TRUE,TRUE,17,2.89037175789616,0,FALSE,9,3.2692,0.5,50400,50400,2.84362449535653,17.1779141104294,0.0828220858895705,FALSE,25,1.6094379124341
fairhaven,63,ma,esawin,esawin,esawin,21,11,0,albion,326,15,33,5,4,34,125,1065,0,,5,,atl,0,coggeshallje,4,1,0,2,29,0,TRUE,TRUE,18,2.94443897916644,1,FALSE,11,2.6363,0.7636,43927.93125,43927.93125,2.5055129897314,12.2498413970998,0.0889570552147239,FALSE,25,1.6094379124341
fairhaven,63,ma,esawin,esawin,esawin,21,11,0,albion,326,15,34,5,3,35,375,2119,0,1,5,,atl,0,reads,11,0,0,1,22,0,TRUE,TRUE,19,2.99573227355399,0,FALSE,10,2.1538,0.5385,92190.2625,92190.2625,3.34212731680824,28.2792216257669,0.0674846625766871,FALSE,25,1.6094379124341
fairhaven,63,ma,esawin,esawin,esawin,21,11,0,albion,326,15,36,8,4,38,180,1438,0,,5,,atl,0,hathawaysk,0,0,0,,22,0,TRUE,FALSE,21,3.09104245335832,0,FALSE,20,2.6875,0.625,60535.125,60535.125,2.22834939914013,9.28452837423313,0.0674846625766871,FALSE,25,1.6094379124341
fairhaven,63,ma,esawin,esawin,esawin,21,11,0,albion,326,15,38,7,2,40,600,2241,0,,5,,ind,0,smitha,0,0,0,3,22,0,FALSE,FALSE,23,3.17805383034795,0,FALSE,19,3.3333,0.6333,133590.87,133590.87,3.07120083889301,21.5677865676461,0.0674846625766871,FALSE,25,1.6094379124341
fairhaven,63,ma,esawin,esawin,esawin,21,11,0,albion,326,15,40,5,5,42,569,2048,18000,,5,,ind,0,smitha,1,0,0,3,,0,FALSE,TRUE,25,3.25809653802148,0,FALSE,24,2.1471,0.6765,102995.54685,115172.54685,2.68923547853552,14.7204175421779,,FALSE,25,1.6094379124341
fairhaven,63,ma,esawin,esawin,esawin,21,11,0,amazon,318,15,32,7,3,33,200,2100,0,0,3,,atl,0,coxa,3,0,0,,31,0,TRUE,TRUE,17,2.89037175789616,0,FALSE,8,3.2692,0.5,86745.96,86745.96,3.52924620165946,34.0982547169811,0.0974842767295597,FALSE,9,1.09861228866811
fairhaven,63,ma,esawin,esawin,esawin,21,11,0,amazon,318,15,33,6,1,37,1927,0,0,0,3,,pac,0,creaseyr,1,0,0,3,24,1,FALSE,TRUE,18,2.94443897916644,0,FALSE,43,2.3571,0.5714,143077.14855,143077.14855,2.34788776563996,10.463445118473,0.0754716981132076,TRUE,9,1.09861228866811
fairhaven,63,ma,esawin,esawin,esawin,21,11,0,amazon,318,15,37,6,3,39,256,2245,0,,3,,atl,0,macomberja,0,0,0,5,,0,TRUE,FALSE,22,3.13549421592915,0,FALSE,21,2.9167,0.5,94237.7688,94237.7688,2.64700250237998,14.1116754716981,,FALSE,9,1.09861228866811
fairhaven,63,ma,esawin,esawin,esawin,21,11,0,arab,338,19,33,9,3,35,0,2076,0,1,7,,atl,0,coxa,4,0,0,,24,0,TRUE,TRUE,14,2.70805020110221,0,FALSE,18,2.1538,0.5385,65394,65394,2.37476813673818,10.7485207100592,0.0710059171597633,FALSE,49,1.94591014905531
fairhaven,63,ma,esawin,esawin,esawin,21,11,0,arab,336,15,33,9,3,35,0,2076,0,,13,,atl,0,coxa,4,0,0,,24,0,TRUE,TRUE,18,2.94443897916644,0,FALSE,18,2.1538,0.5385,65394,65394,2.380702872258,10.8125,0.0714285714285714,FALSE,169,2.56494935746154
fairhaven,63,ma,esawin,esawin,esawin,21,11,0,arab,338,19,35,6,8,36,225,2252,0,1,7,,atl,0,coxa,5,0,0,3,26,0,TRUE,TRUE,16,2.83321334405622,0,FALSE,14,2.0227,0.5682,85273.88625,85273.88625,2.89152032141726,18.0206860207101,0.0769230769230769,FALSE,49,1.94591014905531
fairhaven,63,ma,esawin,esawin,esawin,21,11,0,arab,338,19,36,9,4,38,162,1372,0,,7,,atl,0,jenneyec,0,1,0,1,21,0,TRUE,FALSE,17,2.89037175789616,1,FALSE,19,2.6875,0.625,56932.3125,56932.3125,2.18213346653042,8.86519970414201,0.0621301775147929,FALSE,49,1.94591014905531
fairhaven,63,ma,esawin,esawin,esawin,21,11,0,arab,338,19,38,7,3,40,26,2374,0,,7,,atl,0,cushmanb,2,0,0,3,,0,TRUE,TRUE,19,2.99573227355399,0,FALSE,20,3.3333,0.6333,77510.9727,77510.9727,2.43939661950828,11.4661202218935,,FALSE,49,1.94591014905531
fairhaven,63,ma,esawin,esawin,esawin,21,11,0,cliffwayne,304,22,37,11,10,40,2060,0,0,1,9,,ind,0,downesc,2,0,0,,22,0,FALSE,TRUE,15,2.77258872223978,0,FALSE,35,3.3333,0.6333,216297.837,216297.837,3.01203584899551,20.3287440789474,0.0723684210526316,TRUE,81,2.19722457733622
fairhaven,63,ma,esawin,esawin,esawin,21,11,0,cliffwayne,304,22,41,3,7,44,1500,0,0,,9,,ind,0,crowelle,0,0,0,5,25,0,FALSE,FALSE,19,2.99573227355399,0,FALSE,40,2.4472,1.0922,115630.2,115630.2,2.25224529125629,9.5090625,0.0822368421052632,TRUE,81,2.19722457733622
fairhaven,63,ma,esawin,esawin,esawin,21,11,0,favorite,293,15,35,1,3,37,158,595,5500,,11,,ind,0,buntingj,0,0,0,,27,0,FALSE,FALSE,20,3.04452243772342,0,FALSE,26,2.3571,0.5714,30473.7867,33616.4867,1.48450275416608,4.41277063533736,0.0921501706484642,FALSE,121,2.39789527279837
fairhaven,63,ma,esawin,esawin,esawin,21,11,0,favorite,293,15,37,7,8,38,0,2412,0,,11,,atl,0,swifth,0,0,0,4,23,0,TRUE,FALSE,22,3.13549421592915,0,FALSE,13,2.6875,0.625,75978,75978,2.99307713720006,19.9469677080599,0.0784982935153584,FALSE,121,2.39789527279837
fairhaven,63,ma,esawin,esawin,esawin,21,11,0,favorite,293,15,38,12,8,40,240,2293,0,1,13,,pac,0,swifth,1,0,0,4,,1,FALSE,TRUE,23,3.17805383034795,0,FALSE,20,3.3333,0.6333,97429.248,97429.248,2.81097684945664,16.6261515358362,,FALSE,169,2.56494935746154
fairhaven,63,ma,esawin,esawin,esawin,21,11,0,favorite,293,15,40,11,6,43,848,1000,8000,0,13,,pac,0,youngtg,0,0,0,3,23,1,FALSE,FALSE,25,3.25809653802148,0,FALSE,31,1.8529,0.9444,80994.6648,88549.8648,2.2771613028866,9.74896672905428,0.0784982935153584,FALSE,169,2.56494935746154
fairhaven,63,ma,esawin,esawin,esawin,21,11,0,favorite,293,15,43,8,2,46,1000,1940,15000,,14,,np,0,youngtg,1,0,0,2,24,1,FALSE,TRUE,28,3.36729582998647,0,FALSE,30,2.6037,1.0074,143126.55,158237.55,2.89048267324654,18.0019965870307,0.0819112627986348,FALSE,196,2.63905732961526
fairhaven,63,ma,esawin,esawin,esawin,21,11,0,isabella,410,4,31,12,7,34,2000,0,0,1,9,,pac,0,taberjjr,0,0,0,,26,1,FALSE,FALSE,27,3.3322045101752,0,FALSE,31,2.6363,0.7636,166086.9,166086.9,2.57012206015591,13.0674193548387,0.0634146341463415,TRUE,81,2.19722457733622
fairhaven,63,ma,esawin,esawin,esawin,21,11,0,isabella,410,4,34,8,9,37,1803,0,0,,9,,pac,0,taberjd,1,0,0,1,29,1,FALSE,TRUE,30,3.43398720448515,0,FALSE,37,2.3571,0.5714,133870.31595,133870.31595,2.17755174656008,8.8246747495056,0.0707317073170732,TRUE,81,2.19722457733622
fairhaven,63,ma,esawin,esawin,esawin,21,11,0,isabella,410,4,38,1,6,41,991,694,0,0,11,,pac,0,davistg,0,0,0,4,,1,FALSE,FALSE,34,3.55534806148941,0,FALSE,41,2.9375,0.625,113559.46875,113559.46875,1.91035270602959,6.75547107376562,,TRUE,121,2.39789527279837
fairhaven,63,ma,esawin,esawin,esawin,21,11,0,isabella,410,4,41,8,5,45,2109,0,0,1,6,,pac,0,netcherge,2,0,0,2,23,1,FALSE,TRUE,37,3.63758615972639,0,FALSE,45,2.6667,1.0303,177158.21445,177158.21445,2.26197882977529,9.60207124390244,0.0560975609756098,TRUE,36,1.79175946922806
fairhaven,63,ma,esawin,esawin,esawin,21,11,0,maine,294,19,32,5,1,34,0,1050,0,0,3,,atl,0,worthj,0,0,0,,,0,TRUE,FALSE,13,2.63905732961526,0,FALSE,20,2.6363,0.7636,33075,33075,1.72722094809048,5.625,,FALSE,9,1.09861228866811
fairhaven,63,ma,esawin,esawin,esawin,21,11,0,maine,294,19,34,5,1,36,160,1959,0,,3,,atl,0,worthj,1,0,0,4,,0,TRUE,TRUE,15,2.77258872223978,0,FALSE,20,2.0227,0.5682,71902.908,71902.908,2.50375994706117,12.2283857142857,,FALSE,9,1.09861228866811
fairhaven,63,ma,esawin,esawin,esawin,21,11,0,maine,294,19,36,7,5,38,96,1517,0,,3,,atl,0,mackiej,0,0,0,6,,0,TRUE,FALSE,17,2.89037175789616,0,FALSE,22,2.6875,0.625,55912.5,55912.5,2.15692102704411,8.64448051948052,,FALSE,9,1.09861228866811
fairhaven,63,ma,esawin,esawin,esawin,21,11,0,maine,294,19,38,8,3,40,188,1982,0,,3,,ind,0,mackiej,1,0,0,3,,0,FALSE,TRUE,19,2.99573227355399,0,FALSE,19,3.3333,0.6333,82172.8026,82172.8026,2.68856091117691,14.7104909774436,,FALSE,9,1.09861228866811
fairhaven,63,ma,esawin,esawin,esawin,21,11,0,maine,294,19,40,7,6,42,266,1456,0,,3,,ind,0,mackiej,2,0,0,4,,0,FALSE,TRUE,21,3.09104245335832,0,FALSE,23,2.1471,0.6765,63854.5509,63854.5509,2.24528915051588,9.44314565217391,,FALSE,9,1.09861228866811
fairhaven,63,ma,esawin,esawin,esawin,21,11,0,marcia,314,28,35,6,11,36,180,2120,0,,7,,pac,0,cushmanb,0,0,0,,,1,FALSE,FALSE,7,2.07944154167984,0,FALSE,17,2.0227,0.5682,78248.709,78248.709,2.68504127989927,14.6588064818284,,FALSE,49,1.94591014905531
fairhaven,63,ma,esawin,esawin,esawin,21,11,0,marcia,314,28,37,2,4,38,57,2534,0,,8,,ind,0,cushmanb,1,0,0,3,,0,FALSE,TRUE,9,2.30258509299405,0,FALSE,14,2.6875,0.625,84646.40625,84646.40625,2.95778761691329,19.2553244426752,,FALSE,64,2.07944154167984
fairhaven,63,ma,esawin,esawin,esawin,21,11,0,marcia,314,28,38,2,11,41,657,1483,0,1,8,,ind,0,mosherep,3,0,0,,,0,FALSE,TRUE,10,2.39789527279837,0,FALSE,45,2.9375,0.625,107507.53125,107507.53125,2.02926070655686,7.60845939490446,,FALSE,64,2.07944154167984
fairhaven,63,ma,esawin,esawin,esawin,21,11,0,oscar,369,32,32,11,3,36,2250,0,0,0,5,,pac,0,downesc,1,0,0,,,1,FALSE,TRUE,0,0,0,FALSE,40,2.0227,0.5682,143358.8625,143358.8625,2.2734301954525,9.71266006097561,,TRUE,25,1.6094379124341
fairhaven,63,ma,esawin,esawin,esawin,21,11,0,sarafrances,301,37,37,7,10,39,150,2036,0,1,5,,atl,0,coxa,6,0,0,,,0,TRUE,TRUE,0,0,0,FALSE,27,2.9167,0.5,77915.4075,77915.4075,2.26043186717123,9.58722868217054,,FALSE,25,1.6094379124341
fairhaven,63,ma,esawin,esawin,esawin,21,11,0,sarafrances,301,37,39,12,10,43,1613,0,0,,5,,pac,0,daggettwthree,1,0,0,2,,1,FALSE,TRUE,2,1.09861228866811,0,FALSE,46,1.8529,0.9444,94144.92255,94144.92255,1.91683894202506,6.79943106673408,,TRUE,25,1.6094379124341
fairhaven,63,ma,esawin,esawin,esawin,21,11,0,sarafrances,301,37,43,12,10,44,1200,0,0,,5,,pac,0,"",,,,2,,1,FALSE,,6,1.94591014905531,,FALSE,10,2.4472,1.0922,92504.16,92504.16,3.42531353771931,30.7322790697674,,TRUE,25,1.6094379124341
fairhaven,63,ma,esawin,esawin,esawin,21,11,0,sboston,338,19,35,7,8,37,378,2594,0,1,5,,atl,0,butlerp,0,0,0,,,0,TRUE,FALSE,16,2.83321334405622,0,FALSE,25,2.3571,0.5714,109776.9897,109776.9897,2.56428450017064,12.9913597278107,,FALSE,25,1.6094379124341
fairhaven,63,ma,esawin,esawin,esawin,21,11,0,sboston,338,19,38,4,9,39,0,2960,0,1,6,,atl,0,butlerp,1,0,0,8,,0,TRUE,TRUE,19,2.99573227355399,0,FALSE,17,2.9167,0.5,93240,93240,2.78667285361046,16.2269404803341,,FALSE,36,1.79175946922806
fairhaven,63,ma,esawin,esawin,esawin,21,11,0,sboston,338,19,40,8,12,42,321,1720,0,,6,,ind,0,crowelljm,0,0,0,,,0,FALSE,FALSE,21,3.09104245335832,0,FALSE,28,2.1471,0.6765,75890.40165,75890.40165,2.08179508925439,8.01885055473373,,FALSE,36,1.79175946922806
fairhaven,63,ma,gibbs&jenn,gibbs&jenn,gibbs&jenn,31,2,0,addison,426,16,33,4,3,34,24,2236,19100,0,13,,atl,0,bayliesga,2,0,0,,29,0,TRUE,TRUE,17,2.89037175789616,0,FALSE,11,2.6363,0.7636,72427.0428,87011.8028,2.92146443373522,18.5684598378148,0.068075117370892,FALSE,169,2.56494935746154
fairhaven,63,ma,gibbs&jenn,gibbs&jenn,gibbs&jenn,31,2,0,addison,426,16,34,6,12,37,2090,0,0,,13,,pac,0,parkeraf,2,0,0,3,28,1,FALSE,TRUE,18,2.94443897916644,0,FALSE,42,2.3571,0.5714,155179.6785,155179.6785,2.16022997610545,8.67313204225352,0.0657276995305164,TRUE,169,2.56494935746154
fairhaven,63,ma,gibbs&jenn,gibbs&jenn,gibbs&jenn,31,2,0,ansgibbs,319,35,35,12,8,39,1840,0,0,1,11,,pac,0,peasetd,2,1,0,,24,1,FALSE,TRUE,0,0,1,FALSE,44,2.9167,0.5,169051.932,169051.932,2.48858049993905,12.0441672841265,0.0752351097178683,TRUE,121,2.39789527279837
fairhaven,63,ma,gibbs&jenn,gibbs&jenn,gibbs&jenn,31,2,0,ansgibbs,319,35,39,9,9,42,2530,0,0,,11,,pac,0,westi,7,0,0,1,24,1,FALSE,TRUE,4,1.6094379124341,0,FALSE,36,2.1471,0.6765,171113.1345,171113.1345,2.70137018074272,14.9001336206897,0.0752351097178683,TRUE,121,2.39789527279837
fairhaven,63,ma,gibbs&jenn,gibbs&jenn,gibbs&jenn,31,2,0,ansgibbs,319,35,43,6,2,45,350,2100,23000,1,11,,ind,0,westi,8,0,0,9,24,0,FALSE,TRUE,8,2.19722457733622,0,FALSE,20,2.6667,1.0303,95550.3675,119247.2675,2.9280311181031,18.6907942789969,0.0752351097178683,FALSE,121,2.39789527279837
fairhaven,63,ma,gibbs&jenn,gibbs&jenn,gibbs&jenn,31,2,0,columbus,381,9,32,8,3,33,360,2000,20000,,13,,atl,0,peasetd,0,0,0,,28,0,TRUE,FALSE,23,3.17805383034795,0,FALSE,7,3.2692,0.5,100072.728,110072.728,3.72018706575652,41.2721139857518,0.073490813648294,FALSE,169,2.56494935746154
fairhaven,63,ma,gibbs&jenn,gibbs&jenn,gibbs&jenn,31,2,0,columbus,381,9,33,5,4,35,783,565,0,0,13,,ind,0,peasetd,1,0,0,2,29,0,FALSE,TRUE,24,3.2188758248682,0,FALSE,23,2.1538,0.5385,70919.9001,70919.9001,2.09101276050186,8.09310739472783,0.0761154855643045,TRUE,169,2.56494935746154
fairhaven,63,ma,gibbs&jenn,gibbs&jenn,gibbs&jenn,31,2,0,columbus,381,9,35,6,2,37,605,2047,0,0,13,,ind,0,ellisb,5,0,0,2,,0,FALSE,TRUE,26,3.29583686600433,0,FALSE,20,2.3571,0.5714,109400.93325,109400.93325,2.66424305087451,14.3570778543307,,FALSE,169,2.56494935746154
fairhaven,63,ma,gibbs&jenn,gibbs&jenn,gibbs&jenn,31,2,0,columbus,381,9,37,7,2,39,135,3065,0,0,13,,pac,0,ellisb,6,0,0,5,28,1,FALSE,TRUE,28,3.36729582998647,0,FALSE,19,2.9167,0.5,108950.76675,108950.76675,2.7114130236868,15.0505272482387,0.073490813648294,FALSE,169,2.56494935746154
fairhaven,63,ma,gibbs&jenn,gibbs&jenn,gibbs&jenn,31,2,0,columbus,381,9,39,5,6,41,900,2600,0,1,13,,pac,0,fishfl,0,0,0,3,,1,FALSE,FALSE,30,3.43398720448515,0,FALSE,25,2.9375,0.625,165178.125,165178.125,2.8531045160522,17.3415354330709,,FALSE,169,2.56494935746154
fairhaven,63,ma,gibbs&jenn,gibbs&jenn,gibbs&jenn,31,2,0,friendship,366,15,31,12,4,35,1889,0,0,0,15,,pac,0,merchantgr,1,0,0,,,1,FALSE,TRUE,16,2.83321334405622,0,FALSE,40,2.1538,0.5385,128158.6383,128158.6383,2.16951134973044,8.75400534836066,,TRUE,225,2.70805020110221
fairhaven,63,ma,gibbs&jenn,gibbs&jenn,gibbs&jenn,31,2,0,friendship,366,15,35,7,4,37,706,2164,0,,14,,pac,0,westi,5,0,0,3,27,1,FALSE,TRUE,20,3.04452243772342,0,FALSE,21,2.3571,0.5714,120585.5469,120585.5469,2.75295894168507,15.6889860655738,0.0737704918032787,FALSE,196,2.63905732961526
fairhaven,63,ma,gibbs&jenn,gibbs&jenn,gibbs&jenn,31,2,0,friendship,366,15,37,8,1,39,119,2615,0,1,13,,pac,0,westi,6,0,0,4,29,1,FALSE,TRUE,22,3.13549421592915,0,FALSE,17,2.9167,0.5,93305.74995,93305.74995,2.70779033609625,14.9961025313404,0.0792349726775956,FALSE,169,2.56494935746154
fairhaven,63,ma,gibbs&jenn,gibbs&jenn,gibbs&jenn,31,2,0,friendship,366,15,39,6,11,41,519,2152,0,,13,,ind,0,tabersh,0,0,0,5,29,0,FALSE,FALSE,24,3.2188758248682,0,FALSE,29,2.9375,0.625,115811.71875,115811.71875,2.38979187379953,10.9112227953646,0.0792349726775956,FALSE,169,2.56494935746154
fairhaven,63,ma,gibbs&jenn,gibbs&jenn,gibbs&jenn,31,2,0,friendship,366,15,41,12,4,44,309,2500,24000,0,12,,pac,0,tabersh,1,0,0,1,29,1,FALSE,TRUE,26,3.29583686600433,0,FALSE,28,2.4472,1.0922,102569.8212,128782.6212,2.53104331140071,12.5666101873536,0.0792349726775956,FALSE,144,2.484906649788
fairhaven,63,ma,gibbs&jenn,gibbs&jenn,gibbs&jenn,31,2,0,londonpak,335,4,36,6,8,39,2325,0,0,,13,,ind,0,norrishn,3,0,0,,,0,FALSE,TRUE,32,3.49650756146648,0,FALSE,38,2.9167,0.5,213611.81625,213611.81625,2.82019901250913,16.7801898075412,,TRUE,169,2.56494935746154
fairhaven,63,ma,gibbs&jenn,gibbs&jenn,gibbs&jenn,31,2,0,londonpak,335,4,39,11,7,43,1850,0,0,,12,,ind,0,howlandjb,0,0,0,3,,0,FALSE,FALSE,35,3.58351893845611,0,FALSE,44,1.8529,0.9444,107977.7475,107977.7475,1.99136027746686,7.32549168928087,,TRUE,144,2.484906649788
fairhaven,63,ma,gibbs&jenn,gibbs&jenn,gibbs&jenn,31,2,0,londonpak,335,4,43,11,5,47,2050,256,2000,1,9,,pac,0,howlandjb,1,0,0,4,42,1,FALSE,TRUE,39,3.68887945411394,0,FALSE,42,2.7986,0.8611,188783.595,190505.795,2.60563774292529,13.5398574982232,0.125373134328358,TRUE,81,2.19722457733622
fairhaven,63,ma,gibbs&jenn,gibbs&jenn,gibbs&jenn,31,2,0,sharon,354,37,37,6,12,40,2640,48,0,1,17,,pac,0,churchj,1,0,0,,,1,FALSE,TRUE,0,0,0,FALSE,42,3.3333,0.6333,278709.228,278709.228,2.93095779237665,18.7455762711864,,TRUE,289,2.83321334405622
fairhaven,63,ma,gibbs&jenn,gibbs&jenn,gibbs&jenn,31,2,0,sharon,354,37,42,5,2,45,900,1056,9000,1,16,,pac,0,norrishn,4,0,1,,,1,FALSE,TRUE,5,1.79175946922806,1,FALSE,33,2.6667,1.0303,108864.945,118137.645,2.31380123208565,10.1127927580894,,FALSE,256,2.77258872223978
fairhaven,63,ma,gibbs&jenn,gibbs&jenn,gibbs&jenn,31,2,0,sharon,354,37,45,5,4,48,200,2000,21000,0,16,,np,0,cloughb,0,0,0,3,,1,FALSE,FALSE,8,2.19722457733622,0,FALSE,35,3.0303,0.7575,82090.89,97998.39,2.06806135432314,7.90947457627119,,FALSE,256,2.77258872223978
fairhaven,63,ma,gibbs&jenn,gibbs&jenn,gibbs&jenn,31,2,0,sharon,354,37,48,7,7,52,1531,0,0,,16,,pac,0,bonneyn,0,1,0,3,,1,FALSE,FALSE,11,2.484906649788,1,FALSE,48,1.8132,0.7448,87444.2898,87444.2898,1.63825925753216,5.14620349576271,,TRUE,256,2.77258872223978
fairhaven,63,ma,ifjterry,ifjterry,ifjterry,33,0,0,pactolus,288,6,33,1,12,35,1000,0,0,1,9,,pac,0,grinnelli,0,0,0,,,1,FALSE,FALSE,27,3.3322045101752,0,FALSE,35,2.1538,0.5385,67844.7,67844.7,1.90666800710101,6.730625,,TRUE,81,2.19722457733622
fairhaven,63,ma,ifjterry,ifjterry,ifjterry,33,0,0,pactolus,288,6,36,5,11,38,,,0,1,10,,pac,1,grinnelli,1,0,0,5,,1,FALSE,TRUE,30,3.43398720448515,0,FALSE,30,2.6875,0.625,,,,,,,100,2.30258509299405
fairhaven,63,ma,jdelano,jdelano,jdelano,39,2,0,benezett,192,18,40,12,,,,,,0,11,,pac,1,parkerca,0,0,0,,,1,FALSE,FALSE,22,3.13549421592915,0,FALSE,,0,0,,,,,,,121,2.39789527279837
fairhaven,63,ma,jenn&tripp,jenn&tripp,jenn&tripp,28,3,0,leonidas,243,16,32,6,3,33,40,2060,0,0,11,,atl,0,fisherc,2,0,0,,,0,TRUE,TRUE,16,2.83321334405622,0,FALSE,9,3.2692,0.5,69009.192,69009.192,3.45170897142128,31.5542716049383,,FALSE,121,2.39789527279837
fairhaven,63,ma,jenn&tripp,jenn&tripp,jenn&tripp,28,3,0,leonidas,243,16,36,7,6,37,67,1426,0,0,11,,atl,0,mayhewj,1,0,0,,,0,TRUE,TRUE,20,3.04452243772342,0,FALSE,11,2.3571,0.5714,49893.65955,49893.65955,2.92669249440124,18.6657910774411,,FALSE,121,2.39789527279837
fairhaven,63,ma,jenn&tripp,jenn&tripp,jenn&tripp,28,3,0,leonidas,243,16,37,7,6,39,381,1411,0,,11,,atl,0,stewarthn,3,0,0,1,,0,TRUE,TRUE,21,3.09104245335832,0,FALSE,23,2.9167,0.5,79451.27505,79451.27505,2.65434356102454,14.2156512882448,,FALSE,121,2.39789527279837
fairhaven,63,ma,jenn&tripp,jenn&tripp,jenn&tripp,28,3,0,leonidas,243,16,39,11,11,42,1530,157,0,0,10,,pac,0,stewarthn,4,0,0,5,,1,FALSE,TRUE,23,3.17805383034795,0,FALSE,36,2.1471,0.6765,108424.9845,108424.9845,2.51723344395094,12.3942597736626,,TRUE,100,2.30258509299405
fairhaven,63,ma,jenn&tripp,jenn&tripp,jenn&tripp,28,3,0,leonidas,243,16,43,7,1,46,1050,1750,7000,0,12,,pac,0,tobeyas,0,0,0,8,23,1,FALSE,FALSE,27,3.3322045101752,0,FALSE,30,2.6037,1.0074,141242.3775,148294.1775,3.01269444072073,20.3421368312757,0.0946502057613169,FALSE,144,2.484906649788
fairhaven,63,ma,ltripp,ltripp,ltripp,19,6,0,chdrew,342,27,31,4,8,34,2044,0,0,,14,,pac,0,fosdickrf,0,0,0,,26,1,FALSE,FALSE,4,1.6094379124341,0,FALSE,40,2.6363,0.7636,169740.8118,169740.8118,2.51833772494439,12.4079540789474,0.0760233918128655,TRUE,196,2.63905732961526
fairhaven,63,ma,ltripp,ltripp,ltripp,19,6,0,chdrew,343,27,34,11,4,38,2422,0,0,,14,,pac,0,fosdickrf,1,0,0,3,28,1,FALSE,TRUE,7,2.07944154167984,0,FALSE,41,2.6875,0.625,205037.4375,205037.4375,2.67964534952816,14.5799216027875,0.0816326530612245,TRUE,196,2.63905732961526
fairhaven,63,ma,ltripp,ltripp,ltripp,19,6,0,chdrew,343,27,38,8,4,42,1960,0,0,,14,,pac,0,bonneyn,0,0,0,4,,1,FALSE,FALSE,11,2.484906649788,0,FALSE,44,2.1471,0.6765,132561.954,132561.954,2.17288531140247,8.78359090909091,,TRUE,196,2.63905732961526
fairhaven,63,ma,ltripp,ltripp,ltripp,19,6,0,marcus,286,23,30,8,8,33,1600,0,0,1,16,,pac,0,bassettnt,0,0,0,,,1,FALSE,FALSE,7,2.07944154167984,0,FALSE,36,3.2692,0.5,164767.68,164767.68,2.77278101144334,16.0030769230769,,TRUE,256,2.77258872223978
fairhaven,63,ma,ltripp,ltripp,ltripp,19,6,0,marcus,286,23,37,8,9,40,2366,0,0,1,15,,pac,0,shearmano,1,0,0,,,1,FALSE,TRUE,14,2.70805020110221,0,FALSE,37,3.3333,0.6333,248427.5157,248427.5157,3.15599667118178,23.4764237100737,,TRUE,225,2.70805020110221
fairhaven,63,ma,ltripp,ltripp,ltripp,19,6,0,marcus,286,23,40,11,7,44,1517,130,0,,15,,pac,0,woodw,3,0,0,2,,1,FALSE,TRUE,17,2.89037175789616,0,FALSE,44,2.4472,1.0922,121035.6756,121035.6756,2.26365917605351,9.61821961220598,,TRUE,225,2.70805020110221
fairhaven,63,ma,ltripp,ltripp,ltripp,19,6,0,origon,308,22,34,10,,,,,,0,11,,pac,1,hardinge,0,0,0,,,1,FALSE,FALSE,12,2.56494935746154,0,FALSE,,0,0,,,,,,,121,2.39789527279837
fairhaven,63,ma,ltripp,ltripp,ltripp,19,6,0,stanton,304,19,30,5,11,32,2200,0,0,,9,,atl,0,daggetti,1,0,0,,,0,TRUE,TRUE,11,2.484906649788,0,FALSE,30,3.617,0.5532,250658.1,250658.1,3.31362005507958,27.4844407894737,,TRUE,81,2.19722457733622
fairhaven,63,ma,ltripp,ltripp,ltripp,19,6,0,stanton,304,19,36,8,9,40,1900,0,0,0,10,,pac,1,delanoja,0,0,0,,,1,FALSE,FALSE,17,2.89037175789616,0,FALSE,49,3.3333,0.6333,199498.005,199498.005,2.59471151574521,13.3927232142857,,TRUE,100,2.30258509299405
fairhaven,63,ma,nchurch,nchurch,nchurch,31,2,0,amazon,318,15,39,6,5,41,343,1876,0,0,3,,ind,0,smithrg,0,0,0,,29,0,FALSE,FALSE,24,3.2188758248682,0,FALSE,23,2.9375,0.625,90832.21875,90832.21875,2.51922373499051,12.4189525225595,0.0911949685534591,FALSE,9,1.09861228866811
fairhaven,63,ma,nchurch,nchurch,nchurch,31,2,0,heroine,337,15,32,6,4,33,0,1300,0,,2,,atl,0,wilsonbrc,1,0,0,,24,0,TRUE,TRUE,17,2.89037175789616,0,FALSE,10,3.2692,0.5,40950,40950,2.49743906593481,12.1513353115727,0.0712166172106825,FALSE,4,0.693147180559945
fairhaven,63,ma,nchurch,nchurch,nchurch,31,2,0,heroine,337,15,33,5,3,34,200,2200,20000,,2,,atl,0,fisherc,3,0,0,1,28,0,TRUE,TRUE,18,2.94443897916644,0,FALSE,10,2.6363,0.7636,85908.69,101180.69,3.40199518400582,30.023943620178,0.0830860534124629,FALSE,4,0.693147180559945
fairhaven,63,ma,nchurch,nchurch,nchurch,31,2,0,heroine,337,15,34,5,4,35,0,1780,0,,2,,atl,0,bordend,0,0,0,2,23,0,TRUE,FALSE,19,2.99573227355399,0,FALSE,11,2.1538,0.5385,56070,56070,2.71637798596699,15.1254383598597,0.0682492581602374,FALSE,4,0.693147180559945
fairhaven,63,ma,nchurch,nchurch,nchurch,31,2,0,heroine,337,15,35,7,4,36,146,689,0,,2,,atl,0,bordend,1,0,0,3,24,0,TRUE,TRUE,20,3.04452243772342,0,FALSE,9,2.0227,0.5682,31005.8973,31005.8973,2.3246251931701,10.2228477744807,0.0712166172106825,FALSE,4,0.693147180559945
fairhaven,63,ma,nchurch,nchurch,nchurch,31,2,0,heroine,337,15,36,9,6,37,150,1650,0,,2,,atl,0,hardingcd,1,0,0,5,,0,TRUE,TRUE,21,3.09104245335832,0,FALSE,9,2.3571,0.5714,63112.2975,63112.2975,3.03536341091729,20.8085385756677,,FALSE,4,0.693147180559945
fairhaven,63,ma,nchurch,nchurch,nchurch,31,2,0,heroine,337,15,37,8,4,39,450,1700,0,,2,,atl,0,hardingcd,2,0,0,2,24,0,TRUE,TRUE,22,3.13549421592915,0,FALSE,20,2.9167,0.5,94894.2225,94894.2225,2.64470289896486,14.0792614985163,0.0712166172106825,FALSE,4,0.693147180559945
fairhaven,63,ma,nchurch,nchurch,nchurch,31,2,0,heroine,337,15,39,6,2,41,93,2483,0,,2,,atl,0,smithfc,0,0,0,2,25,0,TRUE,FALSE,24,3.2188758248682,0,FALSE,20,2.9375,0.625,86819.90625,86819.90625,2.55577600512633,12.8812917284866,0.0741839762611276,FALSE,4,0.693147180559945
fairhaven,63,ma,nchurch,nchurch,nchurch,31,2,0,heroine,337,15,41,5,3,43,350,2200,17600,,2,,pac,0,smithfc,1,0,0,3,25,1,FALSE,TRUE,26,3.29583686600433,0,FALSE,22,1.8529,0.9444,89728.2225,106349.6625,2.66336226342889,14.3444378877799,0.0741839762611276,FALSE,4,0.693147180559945
fairhaven,63,ma,nchurch,nchurch,nchurch,31,2,0,martha,298,26,36,6,4,38,276,2074,0,1,11,,atl,0,fisherc,5,0,0,,,0,TRUE,TRUE,10,2.39789527279837,0,FALSE,22,2.6875,0.625,88696.125,88696.125,2.60483554089567,13.529000152532,,FALSE,121,2.39789527279837
fairhaven,63,ma,nchurch,nchurch,nchurch,31,2,0,martha,298,26,38,6,6,41,625,1330,0,,11,,ind,0,taberjd,2,0,0,2,,0,FALSE,TRUE,12,2.56494935746154,0,FALSE,36,2.9375,0.625,99727.03125,99727.03125,2.22957962011807,9.29595742449664,,FALSE,121,2.39789527279837
fairhaven,63,ma,nchurch,nchurch,nchurch,31,2,0,martha,298,26,41,10,3,45,600,1000,12000,,11,,pac,0,sayerrs,0,0,0,4,,1,FALSE,FALSE,15,2.77258872223978,0,FALSE,41,2.6667,1.0303,81900.63,94264.23,2.04319152213636,7.71519315763628,,FALSE,121,2.39789527279837
fairhaven,63,ma,nchurch,nchurch,nchurch,31,2,0,martha,298,26,45,10,7,48,140,1800,15000,,11,,np,0,smithrn,0,0,0,7,,1,FALSE,FALSE,19,2.99573227355399,0,FALSE,33,3.0303,0.7575,70063.623,81426.123,2.11385037391042,8.28006131787675,,FALSE,121,2.39789527279837
fairhaven,63,ma,nchurch,nchurch,nchurch,31,2,0,martha,298,26,48,11,9,52,1347,0,0,,11,,pac,0,skinnerwh,1,0,0,4,,1,FALSE,TRUE,22,3.13549421592915,0,FALSE,46,1.8132,0.7448,76934.9826,76934.9826,1.72498107933201,5.61241483805077,,TRUE,121,2.39789527279837
fairhaven,63,ma,wdelano,wdelano,wdelano,25,4,0,wwirt,386,33,33,12,9,37,2582,0,0,1,10,,pac,0,daggetti,3,0,0,,,1,FALSE,TRUE,0,0,0,FALSE,45,2.3571,0.5714,191710.0143,191710.0143,2.40123930787077,11.0368459585492,,TRUE,100,2.30258509299405
fairhaven,63,ma,wdelano,wdelano,wdelano,25,4,0,wwirt,386,33,38,6,6,42,2760,0,0,1,11,,ind,0,daggetti,4,0,0,9,,0,FALSE,TRUE,5,1.79175946922806,0,FALSE,48,2.1471,0.6765,186668.874,186668.874,2.31005321860059,10.0749608160622,,TRUE,121,2.39789527279837
fairhaven,63,ma,wdelano,wdelano,wdelano,25,4,0,wwirt,386,33,42,10,7,46,2900,0,0,,10,,pac,0,morsewh,0,0,0,4,,1,FALSE,FALSE,9,2.30258509299405,0,FALSE,45,2.6037,1.0074,237847.995,237847.995,2.61688721290717,13.6930336787565,,TRUE,100,2.30258509299405
fall river,0,ma,durfee,durfee,durfee,34,0,0,goldhntr,281,24,34,7,3,35,0,1850,0,0,49,,atl,0,coffinj,1,0,0,,21,0,TRUE,TRUE,10,2.39789527279837,0,FALSE,8,2.1538,0.5385,58275,58275,3.25513225289038,25.9230427046263,0.0747330960854093,FALSE,2401,3.89182029811063
fall river,0,ma,durfee,durfee,durfee,34,0,0,holder borden,442,41,42,11,,,,,,0,4,,ind,1,pelljj,2,0,0,,25,0,FALSE,TRUE,1,0.693147180559945,0,FALSE,,0,0,,,,,0.0565610859728507,,16,1.38629436111989
fall river,0,ma,durfee,durfee,durfee,34,0,0,rowena,404,0,41,7,7,43,330,2700,21600,,1,,ind,0,estesc,2,0,0,,,0,FALSE,TRUE,41,3.73766961828337,0,FALSE,24,1.8529,0.9444,104310.8955,124709.9355,2.55427709540566,12.8619982982673,,FALSE,1,0
fall river,0,ma,durfee,durfee,durfee,34,0,0,rowena,404,0,43,10,5,46,250,2850,22000,,19,,pac,0,estesc,3,0,0,3,,1,FALSE,TRUE,43,3.78418963391826,0,FALSE,31,2.6037,1.0074,110279.1375,132441.9375,2.35849753837396,10.5750509022676,,FALSE,361,2.94443897916644
fall river,0,ma,durfee,durfee,durfee,34,0,0,rowena,404,0,46,8,4,49,40,3280,15000,,21,,np,0,adamsch,0,0,0,3,,1,FALSE,FALSE,46,3.85014760171006,0,FALSE,32,2.7287,0.5842,106758.162,115521.162,2.19005823217945,8.93573344678218,,FALSE,441,3.04452243772342
fall river,0,ma,eddy,eddy,eddy,32,0,0,annmar,120,22,36,8,10,37,190,0,0,0,17,,atl,0,swaintc,1,0,0,,15,0,TRUE,TRUE,14,2.70805020110221,0,FALSE,14,2.3571,0.5714,14107.2435,14107.2435,2.12789459546252,8.39716875,0.125,TRUE,289,2.83321334405622
fall river,0,ma,eddy,eddy,eddy,32,0,0,annmar,120,22,37,12,7,38,110,0,0,0,17,,atl,0,brownellfa,2,0,0,2,18,0,TRUE,TRUE,15,2.77258872223978,0,FALSE,7,2.6875,0.625,9312.1875,9312.1875,2.40567741324043,11.0859375,0.15,TRUE,289,2.83321334405622
fall river,0,ma,eddy,eddy,eddy,32,0,0,annmar,120,22,38,8,10,39,250,0,0,0,17,,atl,0,snella,0,0,0,1,21,0,TRUE,FALSE,16,2.83321334405622,0,FALSE,14,2.9167,0.5,22969.0125,22969.0125,2.61535223150407,13.67203125,0.175,TRUE,289,2.83321334405622
fall river,0,ma,eddy,eddy,eddy,32,0,0,annmar,120,22,40,5,6,41,500,700,0,0,17,,ind,0,carrj,1,0,0,7,,0,FALSE,TRUE,18,2.94443897916644,0,FALSE,13,2.9375,0.625,68315.625,68315.625,3.77945268928317,43.7920673076923,,FALSE,289,2.83321334405622
fall river,0,ma,eddy,eddy,eddy,32,0,0,equesnal,388,24,32,9,11,35,2000,0,0,0,37,,pac,0,barnardjs,0,0,0,,30,1,FALSE,FALSE,8,2.19722457733622,0,FALSE,38,2.1538,0.5385,135689.4,135689.4,2.21953222993665,9.20302495930548,0.077319587628866,TRUE,1369,3.61091791264422
fall river,0,ma,frwco,eddy,frwco,32,1,1,equesnal,388,24,36,5,5,39,870,570,0,0,42,,pac,1,woodw,0,0,0,,24,1,FALSE,FALSE,12,2.56494935746154,0,FALSE,36,2.9167,0.5,97887.1635,97887.1635,1.94704642335418,7.00795844072165,0.0618556701030928,TRUE,1764,3.73766961828337
fall river,0,ma,frwco,durfee,frwco,34,1,1,goldhntr,281,24,35,6,4,37,90,1240,0,1,49,,atl,0,coffinj,2,0,0,,21,0,TRUE,TRUE,11,2.484906649788,0,FALSE,22,2.3571,0.5714,45742.3785,45742.3785,2.00138334396999,7.39928477838887,0.0747330960854093,FALSE,2401,3.89182029811063
fall river,0,ma,frwco,durfee,frwco,34,1,1,goldhntr,281,24,37,8,4,39,0,2200,0,0,47,,atl,0,estesc,0,0,0,4,25,0,TRUE,FALSE,13,2.63905732961526,0,FALSE,20,2.9167,0.5,69300,69300,2.51211324229026,12.3309608540925,0.0889679715302491,FALSE,2209,3.85014760171006
fall river,0,ma,frwco,durfee,frwco,34,1,1,goldhntr,281,24,39,6,9,40,340,1560,0,,47,,pac,0,estesc,1,0,0,2,,1,FALSE,TRUE,15,2.77258872223978,0,FALSE,15,3.3333,0.6333,84839.643,84839.643,3.00211333031302,20.1280291814947,,FALSE,2209,3.85014760171006
fall river,0,ma,frwco,durfee,frwco,34,1,1,goldhntr,281,24,41,5,7,43,200,1300,0,0,37,,ind,0,wooda,0,0,0,8,,0,FALSE,FALSE,17,2.89037175789616,0,FALSE,26,1.8529,0.9444,52623.27,52623.27,1.97446248897983,7.20274705721325,,FALSE,1369,3.61091791264422
fall river,0,ma,frwco,durfee,frwco,34,1,1,goldhntr,281,24,43,10,5,46,120,1200,4000,,37,,pac,0,wooda,1,0,0,3,25,1,FALSE,TRUE,19,2.99573227355399,0,FALSE,31,2.6037,1.0074,47641.986,51671.586,1.78032144178515,5.93176282860751,0.0889679715302491,FALSE,1369,3.61091791264422
fall river,0,ma,frwco,durfee,frwco,34,1,1,goldhntr,281,24,46,10,4,49,500,1500,0,,37,,pac,0,marblejc,0,0,0,5,,1,FALSE,FALSE,22,3.13549421592915,0,FALSE,30,2.7287,0.5842,90227.025,90227.025,2.3705322221535,10.7030871886121,,FALSE,1369,3.61091791264422
fall river,0,ma,frwco,eddy,frwco,34,1,1,panthen,284,31,35,9,5,39,1000,1400,0,0,34,,pac,0,pelljj,0,0,0,,22,1,FALSE,FALSE,4,1.6094379124341,0,FALSE,44,2.9167,0.5,135976.05,135976.05,2.3870701741896,10.8815661011524,0.0774647887323944,FALSE,1156,3.52636052461616
fall river,0,ma,frwco,eddy,frwco,34,1,1,panthen,284,31,39,8,7,42,1450,1100,0,0,39,,pac,0,pelljj,1,0,0,3,,1,FALSE,TRUE,8,2.19722457733622,0,FALSE,35,2.1471,0.6765,132718.7925,132718.7925,2.59166552707105,13.3519911971831,,TRUE,1521,3.66356164612965
fall river,0,ma,frwco,eddy,frwco,34,1,1,panthen,284,31,42,1,5,45,100,2400,0,,39,,ind,0,borden,3,0,0,,,0,FALSE,TRUE,11,2.484906649788,0,FALSE,40,2.6667,1.0303,84000.105,84000.105,2.00071963554953,7.39437544014085,,FALSE,1521,3.66356164612965
fall river,0,ma,frwco,eddy,frwco,34,1,1,panthen,284,31,45,10,4,49,50,1350,13000,,39,,np,0,dimonf,0,0,0,5,23,1,FALSE,FALSE,14,2.70805020110221,0,FALSE,42,2.7287,0.5842,46822.7025,54417.3025,1.51779358649066,4.56214809691482,0.0809859154929578,FALSE,1521,3.66356164612965
fall river,0,ma,jsbarnard,jsbarnard,jsbarnard,32,0,0,william,107,27,36,7,6,37,230,0,0,0,34,,atl,0,brownellfa,1,0,0,,,0,TRUE,TRUE,9,2.30258509299405,0,FALSE,11,2.3571,0.5714,17077.1895,17077.1895,2.67477479736225,14.5090819881054,,TRUE,1156,3.52636052461616
fall river,0,ma,jsbarnard,jsbarnard,jsbarnard,32,0,0,william,107,27,38,6,12,38,400,0,0,0,34,,atl,0,cudwortheg,1,0,0,,,0,TRUE,TRUE,11,2.484906649788,0,FALSE,6,2.6875,0.625,33862.5,33862.5,3.96547518270339,52.7453271028037,,TRUE,1156,3.52636052461616
fall river,0,ma,lindsey,lindsey,lindsey,45,0,0,caravan,330,32,45,11,5,49,250,2850,49000,0,2,,pac,0,manchesterbf,0,0,0,,27,1,FALSE,FALSE,13,2.63905732961526,0,FALSE,42,2.7287,0.5842,111263.5125,139889.3125,2.31184449113877,10.093023989899,0.0818181818181818,FALSE,4,0.693147180559945
fall river,0,ma,lindsey,lindsey,lindsey,45,0,0,caravan,330,32,49,11,5,52,0,2925,45569,0,10,,pac,0,dimonf,2,0,0,6,,1,FALSE,TRUE,17,2.89037175789616,0,FALSE,30,1.8132,0.7448,92137.5,126077.2912,2.54436038396665,12.7350799191919,,FALSE,100,2.30258509299405
hudson,6,ny,barnard,barnard,barnard,30,0,0,alexmansf,319,16,30,6,3,31,123,2200,1600,,,,atl,0,bennettgw,1,0,0,,23,0,TRUE,TRUE,14,2.70805020110221,0,TRUE,9,2.3667,0.5667,78469.77915,79376.49915,3.31954194282471,27.6476834378265,0.0721003134796238,FALSE,,
hudson,6,ny,barnard,barnard,barnard,30,0,0,alexmansf,319,16,31,6,2,32,0,2000,0,,,,atl,0,neilf,2,0,0,3,,0,TRUE,TRUE,15,2.77258872223978,0,TRUE,8,3.617,0.5532,63000,63000,3.20625736090899,24.6865203761756,,FALSE,,
hudson,8,ny,barnard,barnard,barnard,30,0,0,alexmansf,320,16,32,6,4,33,120,1480,0,,,,atl,0,taberjb,0,0,0,4,,0,TRUE,FALSE,16,2.83321334405622,0,TRUE,10,3.2692,0.5,58977.576,58977.576,2.91400649405936,18.4304925,,FALSE,,
hudson,8,ny,barnard,barnard,barnard,30,0,0,america,464,19,30,8,4,33,3200,0,0,,,,pac,0,cottles,5,0,0,,30,1,FALSE,TRUE,11,2.484906649788,0,TRUE,32,3.2692,0.5,329535.36,329535.36,3.09981848625326,22.1939224137931,0.0646551724137931,TRUE,,
hudson,8,ny,barnard,barnard,barnard,33,0,0,helvetia,332,29,33,9,3,37,2400,150,0,0,6,,pac,0,cottle,0,0,0,,,1,FALSE,FALSE,4,1.6094379124341,0,TRUE,42,2.3571,0.5714,182921.76,182921.76,2.57400921221839,13.118313253012,,TRUE,36,1.79175946922806
hudson,8,ny,barnard,barnard,barnard,33,0,0,helvetia,332,29,37,10,6,39,350,2350,21000,,6,,pac,0,cottle,1,0,0,7,,1,FALSE,TRUE,8,2.19722457733622,0,TRUE,20,2.9167,0.5,106181.6175,116681.6175,2.8663370441165,17.5725327560241,,FALSE,36,1.79175946922806
hudson,8,ny,barnard,barnard,barnard,33,0,0,helvetia,332,29,39,10,4,42,460,2000,0,,6,,pac,0,gardnercb,0,0,0,4,,1,FALSE,FALSE,10,2.39789527279837,0,TRUE,30,2.1471,0.6765,94111.479,94111.479,2.2459029548026,9.4489436746988,,FALSE,36,1.79175946922806
hudson,8,ny,huwco,barnard,huwco,30,4,1,alexmansf,320,16,33,7,6,35,0,1500,0,,13,,pac,0,starbuckbe,0,0,0,,,1,FALSE,FALSE,17,2.89037175789616,0,TRUE,23,2.1538,0.5385,47250,47250,1.85939272119897,6.41983695652174,,FALSE,169,2.56494935746154
hudson,8,ny,huwco,barnard,huwco,30,4,1,alexmansf,320,16,35,11,4,37,25,975,0,,13,,pac,0,starbuckbe,1,0,0,5,,1,FALSE,TRUE,19,2.99573227355399,0,TRUE,17,2.3571,0.5714,32568.71625,32568.71625,1.78957314253757,5.9868963694853,,FALSE,169,2.56494935746154
hudson,8,ny,huwco,barnard,huwco,30,4,1,alexmansf,320,16,37,6,3,39,200,900,0,,13,,atl,0,douglassrl,1,0,0,2,,0,TRUE,TRUE,21,3.09104245335832,0,TRUE,21,2.9167,0.5,46725.21,46725.21,1.93919569317849,6.95315625,,FALSE,169,2.56494935746154
hudson,8,ny,huwco,barnard,huwco,30,4,1,alexmansf,320,16,39,7,8,40,75,800,0,,13,,pac,1,douglassrl,2,0,0,4,,1,FALSE,TRUE,23,3.17805383034795,0,TRUE,13,3.3333,0.6333,33074.92125,33074.92125,2.07326025477263,7.95070222355769,,FALSE,169,2.56494935746154
hudson,8,ny,huwco,barnard,huwco,30,4,1,america,464,19,33,9,1,37,800,0,0,,13,,pac,0,folger,0,0,0,,,1,FALSE,FALSE,14,2.70805020110221,0,TRUE,40,2.3571,0.5714,59398.92,59398.92,1.16326731702707,3.20037284482759,,TRUE,169,2.56494935746154
hudson,8,ny,huwco,barnard,huwco,30,4,1,america,464,19,37,8,5,39,200,3300,0,,13,,ind,0,tophamwf,1,0,0,7,,0,FALSE,TRUE,18,2.94443897916644,0,TRUE,21,2.9167,0.5,122325.21,122325.21,2.53003144294437,12.553900862069,,FALSE,169,2.56494935746154
hudson,8,ny,huwco,barnard,huwco,30,4,1,america,464,19,39,9,1,42,1000,2600,0,,13,,ind,0,tophamwf,3,0,0,4,,0,FALSE,TRUE,20,3.04452243772342,0,TRUE,28,2.1471,0.6765,149533.65,149533.65,2.44318766769594,11.5096713362069,,FALSE,169,2.56494935746154
hudson,8,ny,huwco,barnard,huwco,30,4,1,beaver,427,5,33,6,8,36,1900,0,0,,13,,pac,0,gardnerj,1,0,0,,30,1,FALSE,TRUE,28,3.36729582998647,0,TRUE,38,2.0227,0.5682,121058.595,121058.595,2.00965979060802,7.46077868852459,0.0702576112412178,TRUE,169,2.56494935746154
hudson,8,ny,huwco,barnard,huwco,30,4,1,beaver,427,5,36,11,5,40,1100,1400,0,,13,,pac,0,rogerswj,0,0,0,3,,1,FALSE,FALSE,31,3.46573590279973,0,TRUE,42,3.3333,0.6333,159598.845,159598.845,2.18596509561756,8.89923302107728,,FALSE,169,2.56494935746154
hudson,8,ny,huwco,barnard,huwco,30,4,1,beaver,427,5,40,1,5,42,270,1930,0,,13,,pac,0,rogerswj,1,0,0,,,1,FALSE,TRUE,35,3.58351893845611,0,TRUE,28,2.1471,0.6765,79056.0855,79056.0855,1.88892429919296,6.61225204918033,,FALSE,169,2.56494935746154
hudson,8,ny,huwco,barnard,huwco,30,4,1,edward,274,24,40,12,3,45,800,800,8000,,,,pac,0,daggett,2,0,0,,,1,FALSE,TRUE,16,2.83321334405622,0,TRUE,51,2.6667,1.0303,92400.84,100643.24,1.97438352626232,7.20217833118649,,FALSE,,
hudson,8,ny,huwco,barnard,huwco,30,4,1,huron,290,,36,7,1,38,0,800,0,,13,,atl,0,nye,0,0,0,,,0,TRUE,FALSE,,,0,TRUE,18,2.6875,0.625,25200,25200,1.57434659262283,4.82758620689655,,FALSE,169,2.56494935746154
hudson,8,ny,huwco,barnard,huwco,30,4,1,huron,290,,38,9,5,40,0,900,0,,13,,atl,0,barretts,3,0,0,8,,0,TRUE,TRUE,,,0,TRUE,20,3.3333,0.6333,28350,28350,1.58676911262139,4.88793103448276,,FALSE,169,2.56494935746154
hudson,8,ny,huwco,barnard,huwco,30,4,1,jamesmonroe,425,16,34,11,7,38,1650,0,0,,13,,pac,0,plaskett,0,0,0,,,1,FALSE,FALSE,18,2.94443897916644,0,TRUE,44,2.6875,0.625,139682.8125,139682.8125,2.01085070333732,7.46966911764706,,TRUE,169,2.56494935746154
hudson,8,ny,jenkins,jenkins,jenkins,33,0,0,jamesmonroe,425,16,33,6,9,34,150,1000,0,,,,ind,0,coffin,,0,0,,,0,FALSE,,17,2.89037175789616,0,TRUE,15,2.6363,0.7636,43956.5175,43956.5175,1.93081681560766,6.89514,,FALSE,,
hudson,8,ny,jenkins,jenkins,jenkins,33,0,0,martha,359,16,33,9,4,37,1400,0,0,0,3,,pac,0,riddelltw,0,0,0,,32,1,FALSE,FALSE,17,2.89037175789616,0,TRUE,43,2.3571,0.5714,103948.11,103948.11,1.90712460712084,6.7336989052277,0.0891364902506964,TRUE,9,1.09861228866811
hudson,8,ny,jenkins,jenkins,jenkins,33,0,0,martha,359,16,39,7,3,41,300,2800,0,,3,,ind,0,whelden,1,0,0,,,0,FALSE,TRUE,23,3.17805383034795,0,TRUE,20,2.9375,0.625,115959.375,115959.375,2.78194053118921,16.1503307799443,,FALSE,9,1.09861228866811
hudson,8,ny,jenkins,jenkins,jenkins,33,0,0,martha,359,16,41,7,4,44,400,2400,24000,,3,,ind,0,whelden,2,0,0,4,,0,FALSE,TRUE,25,3.25809653802148,0,TRUE,33,2.4472,1.0922,106434.72,132647.52,2.4156207136203,11.1967181564953,,FALSE,9,1.09861228866811
hudson,8,ny,macy,macy,macy,30,0,0,edward,274,24,33,10,3,35,900,120,0,,9,,pac,0,ray,,0,0,,,1,FALSE,,9,2.30258509299405,0,TRUE,17,2.1538,0.5385,64840.23,64840.23,2.63334007259213,13.9201867754401,,TRUE,81,2.19722457733622
hudson,8,ny,macy,macy,macy,30,0,0,edward,274,24,35,6,8,36,140,700,0,,9,,atl,0,coffinag,2,0,0,3,21,0,TRUE,TRUE,11,2.484906649788,0,TRUE,14,2.0227,0.5682,30970.107,30970.107,2.08859229191436,8.07354197080292,0.0766423357664234,FALSE,81,2.19722457733622
hudson,8,ny,macy,macy,macy,30,0,0,edward,274,24,36,9,4,38,100,1600,0,,9,,atl,0,daggett,0,0,0,1,,0,TRUE,FALSE,12,2.56494935746154,0,TRUE,19,2.6875,0.625,58865.625,58865.625,2.42544549741607,11.3072656550134,,FALSE,81,2.19722457733622
hudson,8,ny,macy,macy,macy,30,0,0,edward,274,24,38,7,9,40,200,1300,0,,9,,atl,0,daggett,1,0,0,3,,0,TRUE,TRUE,14,2.70805020110221,0,TRUE,26,3.3333,0.6333,61949.79,61949.79,2.16285485281148,8.69592784952274,,FALSE,81,2.19722457733622
new london,60,ct,allyn,allyn,allyn,34,0,0,george,289,6,34,6,2,36,100,2000,0,1,9,,atl,0,tater,3,0,0,,25,0,TRUE,TRUE,28,3.36729582998647,0,FALSE,20,2.0227,0.5682,69371.505,69371.505,2.4850725097349,12.0019904844291,0.0865051903114187,FALSE,81,2.19722457733622
new london,60,ct,allyn,allyn,allyn,34,0,0,george,289,6,36,4,6,37,230,1770,0,,9,,atl,0,bakerwm,0,0,0,2,,0,TRUE,FALSE,30,3.43398720448515,0,FALSE,14,2.3571,0.5714,72832.1895,72832.1895,2.89042928219317,18.001035467128,,FALSE,81,2.19722457733622
new london,60,ct,allyn,allyn,allyn,34,0,0,george,289,6,37,7,3,39,0,2000,0,,9,,atl,0,bakerwm,1,0,0,1,31,0,TRUE,TRUE,31,3.46573590279973,0,FALSE,20,2.9167,0.5,63000,63000,2.38873104370725,10.8996539792388,0.107266435986159,FALSE,81,2.19722457733622
new london,60,ct,allyn,allyn,allyn,34,0,0,george,289,6,39,5,,,,,,,9,,atl,1,desting,0,0,0,2,26,0,TRUE,FALSE,33,3.52636052461616,0,FALSE,,0,0,,,,,0.0899653979238754,,81,2.19722457733622
new london,60,ct,allyn,allyn,allyn,34,0,0,george mary,356,31,43,7,2,45,70,3000,30000,0,5,,pac,0,bakerl,2,0,0,,31,1,FALSE,TRUE,12,2.56494935746154,0,FALSE,19,2.6667,1.0303,100380.0735,131289.0735,2.96578712898784,19.4099753843879,0.0870786516853933,FALSE,25,1.6094379124341
new london,60,ct,allyn,allyn,allyn,34,0,0,george mary,356,31,45,6,5,47,250,2350,1600,,5,,pac,0,baileyj,5,0,0,4,30,1,FALSE,TRUE,14,2.70805020110221,0,FALSE,23,2.7986,0.8611,96063.975,97441.735,2.47658494183325,11.9005538593063,0.0842696629213483,FALSE,25,1.6094379124341
new london,60,ct,benjamin,benjamin,benjamin,44,0,0,jefferson,396,26,44,8,5,47,30,1600,16000,0,16,,pac,0,harrisg,1,0,0,,30,1,FALSE,TRUE,18,2.94443897916644,0,FALSE,33,2.7986,0.8611,53044.677,66822.277,1.63187001923296,5.11342799204163,0.0757575757575758,FALSE,256,2.77258872223978
new london,60,ct,benjamin,benjamin,benjamin,44,0,0,jefferson,396,26,47,8,3,49,85,2700,27000,,16,,pac,0,graysl,3,0,0,3,31,1,FALSE,TRUE,21,3.09104245335832,0,FALSE,19,2.7287,0.5842,92356.09425,108129.49425,2.66523161826736,14.3712778110048,0.0782828282828283,FALSE,256,2.77258872223978
new london,60,ct,brown,brown,brown,28,5,0,armata,413,7,32,8,23,35,2400,0,0,1,12,,pac,0,butlerc,2,0,0,,29,1,FALSE,TRUE,25,3.25809653802148,0,FALSE,51,2.1538,0.5385,162827.28,162827.28,2.04517206039491,7.73048853439681,0.0702179176755448,TRUE,144,2.484906649788
new london,60,ct,brown,brown,brown,28,5,0,friends,402,3,34,5,3,36,200,2800,0,1,16,,atl,0,butlerj,3,0,0,,31,0,TRUE,TRUE,31,3.46573590279973,0,FALSE,22,2.0227,0.5682,100943.01,100943.01,2.43481683716719,11.4137279511533,0.0771144278606965,FALSE,256,2.77258872223978
new london,60,ct,brown,brown,brown,28,5,0,friends,402,3,36,8,4,39,100,2100,0,,16,,atl,0,brownjw,0,0,0,5,,0,TRUE,FALSE,33,3.52636052461616,0,FALSE,32,2.9167,0.5,75337.605,75337.605,1.7675467000998,5.85646805037313,,FALSE,256,2.77258872223978
new london,60,ct,brown,brown,brown,28,5,0,friends,402,3,39,7,2,41,50,2800,0,,16,,pac,0,brownjw,1,0,0,3,33,1,FALSE,TRUE,36,3.61091791264422,0,FALSE,19,2.9375,0.625,92826.5625,92826.5625,2.49759704386795,12.1532551060487,0.082089552238806,FALSE,256,2.77258872223978
new london,60,ct,brown,brown,brown,28,5,0,friends,402,3,41,7,3,43,300,2800,22400,,,,ind,0,brownjw,2,0,0,5,33,0,FALSE,TRUE,38,3.66356164612965,0,FALSE,20,1.8529,0.9444,105709.905,126864.465,2.75869022867486,15.7791623134328,0.082089552238806,FALSE,,
new london,60,ct,brown,brown,brown,28,5,0,friends,402,3,43,5,4,45,0,3000,27000,,,,pac,0,jeffreyc,0,0,0,2,30,1,FALSE,FALSE,40,3.71357206670431,0,FALSE,23,2.6667,1.0303,94500,122318.1,2.58243400290601,13.229299156392,0.0746268656716418,FALSE,,
new london,60,ct,brown,brown,brown,28,5,0,friends,402,3,45,6,5,47,75,3025,31809,,,,pac,0,howardjm,0,0,0,2,30,1,FALSE,FALSE,42,3.76120011569356,0,FALSE,23,2.7986,0.8611,101899.1925,129289.9224,2.63786631749915,13.9833357560026,0.0746268656716418,FALSE,,
new london,60,ct,brown,brown,brown,28,5,0,friends,402,3,47,7,5,49,141,2300,21630,,,,pac,0,howardjm,1,0,0,2,31,1,FALSE,TRUE,44,3.80666248977032,0,FALSE,22,2.7287,0.5842,84569.52105,97205.76705,2.39709077850126,10.9911541214383,0.0771144278606965,FALSE,,
new london,60,ct,brown,brown,brown,28,5,0,hannibal,440,21,43,10,6,46,60,3040,20000,0,1,,pac,0,brownjw,3,1,0,,31,1,FALSE,TRUE,22,3.13549421592915,1,FALSE,32,2.6037,1.0074,100680.993,120828.993,2.14962091425158,8.58160461647727,0.0704545454545455,FALSE,1,0
new london,60,ct,brown,brown,brown,28,5,0,hannibal,440,21,46,7,6,49,0,4000,0,,1,,atl,0,brownjw,4,0,0,1,,0,TRUE,TRUE,25,3.25809653802148,0,FALSE,35,2.7287,0.5842,126000,126000,2.10191439753189,8.18181818181818,,FALSE,1,0
new london,60,ct,brown,brown,brown,28,5,0,hannibal,440,21,49,9,3,51,100,3400,45000,,1,,pac,0,graysl,4,0,0,3,,1,FALSE,TRUE,28,3.36729582998647,0,FALSE,18,2.8083,0.7599,115946.145,150141.645,2.94218794269916,18.9572784090909,,FALSE,1,0
new london,60,ct,brown,brown,brown,28,5,0,manchester packet,236,6,32,9,10,33,230,1436,0,1,7,,atl,0,reedd,0,0,0,,26,0,TRUE,FALSE,26,3.29583686600433,0,FALSE,13,3.2692,0.5,68919.354,68919.354,3.11191115492449,22.4639354628422,0.110169491525424,FALSE,49,1.94591014905531
new london,60,ct,brown,brown,brown,28,5,0,manchester packet,236,6,33,11,,,,,,1,7,,atl,1,reedd,1,0,0,1,22,0,TRUE,TRUE,27,3.3322045101752,0,FALSE,,0,0,,,,,0.0932203389830508,,49,1.94591014905531
new london,60,ct,brown,brown,brown,28,5,0,mentor,460,,39,8,3,41,140,3160,0,,,,ind,0,bakerwm,2,0,0,,32,0,FALSE,TRUE,,,0,FALSE,19,2.9375,0.625,112494.375,112494.375,2.55499303072699,12.8712099542334,0.0695652173913044,FALSE,,
new london,60,ct,brown,brown,brown,28,5,0,mentor,460,,41,8,4,43,100,2900,23200,,,,ind,0,chesterbn,5,0,0,5,,0,FALSE,TRUE,,,0,FALSE,20,1.8529,0.9444,97186.635,119096.715,2.56073241006189,12.9452951086957,,FALSE,,
new london,60,ct,brown,brown,brown,28,5,0,mentor,460,,43,7,4,45,90,2800,29000,,,,ind,0,sweetr,0,0,0,3,,0,FALSE,FALSE,,,0,FALSE,21,2.6667,1.0303,95760.0945,125638.7945,2.56541743152574,13.0060863871636,,FALSE,,
new london,60,ct,brown,brown,brown,28,5,0,mentor,460,,45,7,3,48,250,2700,35398,,,,ind,0,sweetr,1,0,0,3,,0,FALSE,TRUE,,,0,FALSE,32,3.0303,0.7575,108913.6125,135727.5975,2.22144280427045,9.22062483016304,,FALSE,,
new london,60,ct,fitch,fitch,fitch,43,4,0,dromo,306,28,44,6,3,47,600,2200,9000,,13,,pac,0,steelea,0,0,0,,,1,FALSE,FALSE,16,2.83321334405622,0,FALSE,33,2.7986,0.8611,122193.54,129943.44,2.55476189442236,12.8682352941176,,FALSE,169,2.56494935746154
new london,60,ct,fitch,fitch,fitch,43,4,0,dromo,306,28,47,10,5,50,0,1600,15000,,13,,pac,0,steelea,1,0,0,7,,1,FALSE,TRUE,19,2.99573227355399,0,FALSE,31,2.4582,0.6599,50400,60298.5,1.84949020034646,6.35657811511701,,FALSE,169,2.56494935746154
new london,60,ct,frink,frink,frink,28,3,0,connecticut,398,,45,8,,,,,,,9,,ind,1,towngw,0,0,0,,26,0,FALSE,FALSE,,,0,FALSE,,0,0,,,,,0.0653266331658292,,81,2.19722457733622
new london,60,ct,frink,frink,frink,28,3,0,indian chief,401,12,36,6,4,38,200,2500,0,,14,,atl,0,smithph,3,0,0,,,0,TRUE,TRUE,24,3.2188758248682,0,FALSE,22,2.6875,0.625,95681.25,95681.25,2.38377375281551,10.8457549308547,,FALSE,196,2.63905732961526
new london,60,ct,frink,frink,frink,28,3,0,indian chief,401,12,38,10,4,41,150,2600,0,,14,,ind,0,hobronc,9,0,0,6,18,0,FALSE,TRUE,26,3.29583686600433,0,FALSE,30,2.9375,0.625,95779.6875,95779.6875,2.07464710223723,7.96173628428928,0.0448877805486284,FALSE,196,2.63905732961526
new london,60,ct,frink,frink,frink,28,3,0,indian chief,401,12,42,10,4,44,150,2650,28000,,14,,ind,0,skinnerjf,0,0,0,,31,0,FALSE,FALSE,30,3.43398720448515,0,FALSE,18,2.4472,1.0922,95038.02,125619.62,2.85668054580504,17.4036602937102,0.0773067331670823,FALSE,196,2.63905732961526
new london,60,ct,frink,frink,frink,28,3,0,palladium,341,16,43,6,2,45,230,2300,28000,1,14,,ind,0,mclanea,8,0,0,,30,0,FALSE,TRUE,27,3.3322045101752,0,FALSE,20,2.6667,1.0303,91770.2415,120618.6415,2.87277437346103,17.6860178152493,0.0879765395894428,FALSE,196,2.63905732961526
new london,60,ct,frink,frink,frink,28,3,0,palladium,341,16,45,6,5,47,150,2250,10000,1,14,,pac,0,mclanea,9,0,0,4,25,1,FALSE,TRUE,29,3.40119738166216,0,FALSE,23,2.7986,0.8611,84098.385,92709.385,2.46984829377775,11.8206534489354,0.0733137829912024,FALSE,196,2.63905732961526
new london,60,ct,frink,frink,frink,28,3,0,wabash,312,10,31,6,3,32,0,1800,0,0,11,,atl,0,sayreed,0,0,0,,25,0,TRUE,FALSE,21,3.09104245335832,0,FALSE,9,3.617,0.5532,56700,56700,3.00530172457014,20.1923076923077,0.0801282051282051,FALSE,121,2.39789527279837
new london,60,ct,havens smith,havens smith,havens smith,34,9,0,chelsea,396,20,39,12,8,40,0,2700,0,,,,atl,0,smithff,6,0,0,,27,0,TRUE,TRUE,19,2.99573227355399,0,FALSE,8,3.3333,0.6333,85050,85050,3.29013884488969,26.8465909090909,0.0681818181818182,FALSE,,
new london,60,ct,havens smith,havens smith,havens smith,34,9,0,india,433,33,44,8,4,47,209,4100,36600,0,13,,pac,0,millera,2,0,0,,36,1,FALSE,TRUE,11,2.484906649788,0,FALSE,32,2.7986,0.8611,147574.5831,179090.8431,2.55917482863636,12.9251474523672,0.0831408775981524,FALSE,169,2.56494935746154
new london,60,ct,havens smith,havens smith,havens smith,34,9,0,india,433,33,47,6,3,50,200,4000,52990,,13,,pac,0,millera,3,0,0,2,29,1,FALSE,TRUE,14,2.70805020110221,0,FALSE,33,2.4582,0.6599,141486.66,176454.761,2.51357452141835,12.3489930016096,0.0669745958429561,FALSE,169,2.56494935746154
new london,60,ct,havens smith,havens smith,havens smith,34,9,0,nantasket,434,34,43,6,5,47,350,4350,20000,1,10,,pac,0,smithp,4,0,0,,35,1,FALSE,TRUE,9,2.30258509299405,0,FALSE,47,2.7986,0.8611,167879.565,185101.565,2.20546781760463,9.07449578390038,0.0806451612903226,FALSE,100,2.30258509299405
new london,60,ct,lawrence,lawrence,lawrence,32,2,0,atlantic,699,36,45,8,4,48,50,5500,49607,,20,,pac,0,beckw,5,0,1,,42,1,FALSE,TRUE,9,2.30258509299405,1,FALSE,32,3.0303,0.7575,178022.7225,215600.025,2.26579358893891,9.63877078862661,0.0600858369098712,FALSE,400,2.99573227355399
new london,60,ct,lawrence,lawrence,lawrence,32,2,0,boston,291,8,35,6,3,37,140,2000,0,0,4,,atl,0,fitchd,1,0,0,,,0,TRUE,TRUE,27,3.3322045101752,0,FALSE,21,2.3571,0.5714,73394.811,73394.811,2.48576281238581,12.0102783505155,,FALSE,16,1.38629436111989
new london,60,ct,lawrence,lawrence,lawrence,32,2,0,boston,291,8,37,5,2,39,160,2400,15000,,4,,atl,0,pendletonc,0,0,0,2,29,0,TRUE,FALSE,29,3.40119738166216,0,FALSE,21,2.9167,0.5,90300.168,97800.168,2.77283586891793,16.0039548355425,0.0996563573883162,FALSE,16,1.38629436111989
new london,60,ct,lawrence,lawrence,lawrence,32,2,0,boston,291,8,39,5,5,40,160,1600,0,,4,,pac,0,pendletonc,1,0,0,3,24,1,FALSE,TRUE,31,3.46573590279973,0,FALSE,12,3.3333,0.6333,67199.832,67199.832,2.95719610954862,19.2439381443299,0.0824742268041237,FALSE,16,1.38629436111989
new london,60,ct,lawrence,lawrence,lawrence,32,2,0,boston,291,8,41,,,,,,,,4,,pac,1,hempsteadbb,0,0,1,7,25,1,FALSE,FALSE,33,3.52636052461616,1,FALSE,,0,0,,,,,0.0859106529209622,,16,1.38629436111989
new london,60,ct,lawrence,lawrence,lawrence,32,2,0,helvetia,332,29,44,6,,,,,,1,14,,pac,1,portere,0,0,0,,,1,FALSE,FALSE,15,2.77258872223978,0,FALSE,,0,0,,,,,,,196,2.63905732961526
new london,60,ct,lawrence,lawrence,lawrence,32,2,0,isaac hicks,495,24,44,9,5,48,270,4230,42796,1,14,0.4375,pac,0,ricejp,6,0,0,,35,1,FALSE,TRUE,20,3.04452243772342,0,FALSE,44,3.0303,0.7575,159017.7015,191435.6715,2.17355971562239,8.78951659779614,0.0707070707070707,FALSE,196,2.63905732961526
new london,60,ct,lawrence,lawrence,lawrence,32,2,0,isaac hicks,495,24,48,8,5,51,35,3700,34000,1,14,0.4375,pac,0,ricejp,7,0,0,3,,1,FALSE,TRUE,24,3.2188758248682,0,FALSE,33,2.8083,0.7599,119646.15075,145482.75075,2.18674748298433,8.90619839302112,,FALSE,196,2.63905732961526
new london,60,ct,lawrence,lawrence,lawrence,32,2,0,jefferson,396,26,49,8,3,51,170,2630,27000,,,0.125,pac,0,skinnerjt,4,0,0,,,1,FALSE,TRUE,23,3.17805383034795,0,FALSE,19,2.8083,0.7599,97883.4465,118400.7465,2.75597711588989,15.7364096889952,,FALSE,,
new london,60,ct,lawrence,lawrence,lawrence,32,2,0,new england,324,24,43,8,5,45,80,2920,22000,1,12,0.40625,pac,0,pendletong,2,0,0,,29,1,FALSE,TRUE,19,2.99573227355399,0,FALSE,21,2.6667,1.0303,98700.084,121366.684,2.88130573479756,17.8375490887713,0.0895061728395062,FALSE,144,2.484906649788
new london,60,ct,lawrence,lawrence,lawrence,32,2,0,new england,324,24,45,8,6,48,150,3100,31000,,12,0.40625,pac,0,wilberrn,3,0,0,3,32,1,FALSE,TRUE,21,3.09104245335832,0,FALSE,34,3.0303,0.7575,111968.1675,135450.6675,2.50925873511033,12.2958122276688,0.0987654320987654,FALSE,144,2.484906649788
new london,60,ct,lawrence,lawrence,lawrence,32,2,0,new england,324,24,48,8,2,51,0,3150,20000,,12,0.40625,pac,0,wilcoxt,1,0,0,2,,1,FALSE,TRUE,24,3.2188758248682,0,FALSE,30,2.8083,0.7599,99225,114423,2.46571648921677,11.7719135802469,,FALSE,144,2.484906649788
new london,60,ct,nwwbillings,nwwbillings,nwwbillings,25,5,0,chelsea,396,20,43,,,,,,,,,,pac,1,pottsj,2,0,0,,27,1,FALSE,TRUE,23,3.17805383034795,0,FALSE,,0,0,,,,,0.0681818181818182,,,
new london,60,ct,nwwbillings,nwwbillings,nwwbillings,25,5,0,flora,338,11,32,7,2,33,0,2200,0,,6,0.3125,atl,0,allync,1,0,0,,30,0,TRUE,TRUE,21,3.09104245335832,0,FALSE,7,3.2692,0.5,69300,69300,3.37724414063966,29.2899408284024,0.0887573964497041,FALSE,36,1.79175946922806
new london,60,ct,nwwbillings,nwwbillings,nwwbillings,25,5,0,flora,338,11,35,5,4,36,80,1570,0,,6,0.3125,atl,0,smithrs,0,1,0,,34,0,TRUE,FALSE,24,3.2188758248682,1,FALSE,11,2.0227,0.5682,54552.204,54552.204,2.68597222546336,14.6724593867671,0.100591715976331,FALSE,36,1.79175946922806
new london,60,ct,nwwbillings,nwwbillings,nwwbillings,25,5,0,flora,338,11,43,5,1,45,180,2200,22000,,,0.3125,ind,0,allync,4,0,0,,30,0,FALSE,TRUE,32,3.49650756146648,0,FALSE,20,2.6667,1.0303,84420.189,107086.789,2.76261672778288,15.8412409763314,0.0887573964497041,FALSE,,
new london,60,ct,nwwbillings,nwwbillings,nwwbillings,25,5,0,flora,338,11,45,4,4,46,0,2200,20000,,,0.3125,pac,0,baileyg,0,0,0,3,28,1,FALSE,FALSE,34,3.55534806148941,0,FALSE,12,2.6037,1.0074,69300,89448,3.09346018455619,22.0532544378698,0.0828402366863906,FALSE,,
new london,60,ct,nwwbillings,nwwbillings,nwwbillings,25,5,0,john edward,318,7,30,7,8,31,127,2064,15000,1,7,0.25,pac,0,allynl,2,0,0,,30,1,FALSE,TRUE,23,3.17805383034795,0,FALSE,13,2.3667,0.5667,74483.98335,82984.48335,2.99940818146978,20.0736534470247,0.0943396226415094,FALSE,49,1.94591014905531
new london,60,ct,nwwbillings,nwwbillings,nwwbillings,25,5,0,john edward,318,7,38,11,1,40,100,2300,0,,,0.25,atl,0,baileyg,4,0,0,,28,0,TRUE,TRUE,31,3.46573590279973,0,FALSE,14,3.3333,0.6333,82949.895,82949.895,2.92488331739957,18.6320518867925,0.0880503144654088,FALSE,,
new london,60,ct,nwwbillings,nwwbillings,nwwbillings,25,5,0,phoenix,403,11,30,8,11,33,2971,0,0,0,10,0.5,pac,0,smithj,3,0,0,,33,1,FALSE,TRUE,19,2.99573227355399,0,FALSE,39,3.2692,0.5,305952.9858,305952.9858,2.9686885198777,19.4663730864669,0.0818858560794045,TRUE,100,2.30258509299405
new london,60,ct,nwwbillings,nwwbillings,nwwbillings,25,5,0,phoenix,403,11,34,3,5,37,2900,0,0,,10,0.5,pac,0,smithj,4,0,0,4,35,1,FALSE,TRUE,23,3.17805383034795,0,FALSE,38,2.3571,0.5714,215321.085,215321.085,2.64336289000083,14.0604077967873,0.086848635235732,TRUE,100,2.30258509299405
new london,60,ct,nwwbillings,nwwbillings,nwwbillings,25,5,0,phoenix,403,11,42,7,2,44,350,2350,18800,,,0.5,atl,0,slatej,2,0,0,,32,0,TRUE,TRUE,31,3.46573590279973,0,FALSE,19,2.4472,1.0922,101005.38,121538.74,2.76461279756511,15.8728927778503,0.0794044665012407,FALSE,,
new london,60,ct,nwwbillings,nwwbillings,nwwbillings,25,5,0,superior,405,8,30,8,7,33,2950,0,0,1,9,0.5,pac,0,fitchj,0,0,0,,36,1,FALSE,FALSE,22,3.13549421592915,0,FALSE,35,3.2692,0.5,303790.41,303790.41,3.06485817322934,21.4314222222222,0.0888888888888889,TRUE,81,2.19722457733622
new london,60,ct,nwwbillings,nwwbillings,nwwbillings,25,5,0,superior,405,8,33,10,4,37,2650,0,0,,9,0.5,atl,0,fitchj,1,0,1,3,32,0,TRUE,TRUE,25,3.25809653802148,1,FALSE,42,2.3571,0.5714,196758.9225,196758.9225,2.4481778292897,11.56725,0.0790123456790123,TRUE,81,2.19722457733622
new london,60,ct,nwwbillings,nwwbillings,nwwbillings,25,5,0,tuscarora,379,19,32,6,3,33,700,2200,0,1,4,0.625,atl,0,smithff,1,0,0,,33,0,TRUE,TRUE,13,2.63905732961526,0,FALSE,9,3.2692,0.5,141385.86,141385.86,3.72448724502563,41.4499736147757,0.0870712401055409,FALSE,16,1.38629436111989
new london,60,ct,nwwbillings,nwwbillings,nwwbillings,25,5,0,tuscarora,379,19,33,6,3,34,80,2800,0,1,4,0.625,atl,0,smithff,2,0,0,3,34,0,TRUE,TRUE,14,2.70805020110221,0,FALSE,9,2.6363,0.7636,94843.476,94843.476,3.32522240829108,27.8051820580475,0.0897097625329815,FALSE,16,1.38629436111989
new london,60,ct,nwwbillings,nwwbillings,nwwbillings,25,5,0,tuscarora,379,19,34,6,4,35,0,2700,25000,1,4,0.625,atl,0,smithff,3,0,0,3,31,0,TRUE,TRUE,15,2.77258872223978,0,FALSE,10,2.1538,0.5385,85050,98512.5,3.25781742458543,25.9927440633245,0.0817941952506596,FALSE,16,1.38629436111989
new london,60,ct,nwwbillings,nwwbillings,nwwbillings,25,5,0,tuscarora,379,19,35,5,5,36,0,2825,0,1,4,0.625,ind,0,smithff,4,0,0,1,33,0,FALSE,TRUE,16,2.83321334405622,0,FALSE,12,2.0227,0.5682,88987.5,88987.5,2.9738083345417,19.5662928759894,0.0870712401055409,FALSE,16,1.38629436111989
new london,60,ct,nwwbillings,nwwbillings,nwwbillings,25,5,0,tuscarora,379,19,36,5,5,37,200,2500,0,1,4,0.625,atl,0,smithff,5,0,0,0,,0,TRUE,TRUE,17,2.89037175789616,0,FALSE,12,2.3571,0.5714,93599.73,93599.73,3.02433992297571,20.5804155672823,,FALSE,16,1.38629436111989
new london,60,ct,stoddard,stoddard,stoddard,44,6,0,julius caesar,346,16,47,8,6,49,50,2200,18000,,,0.15625,ind,0,morgane,0,0,0,,30,0,FALSE,FALSE,31,3.46573590279973,0,FALSE,22,2.7287,0.5842,73597.7025,84113.3025,2.4024387798286,11.0500922884919,0.0867052023121387,FALSE,,
new london,60,ct,stoddard,stoddard,stoddard,44,6,0,julius caesar,346,16,49,9,5,51,0,2740,14200,,,0.15625,ind,0,morgane,1,0,0,3,,0,FALSE,TRUE,33,3.52636052461616,0,FALSE,20,2.8083,0.7599,86310,97100.58,2.64133157887334,14.0318757225434,,FALSE,,
new london,60,ct,thoswilliams,thoswilliams,thoswilliams,24,7,0,caledonia,445,9,31,5,6,35,2800,0,0,1,7,,pac,0,smithph,3,0,0,,30,1,FALSE,TRUE,22,3.13549421592915,0,FALSE,49,2.1538,0.5385,189965.16,189965.16,2.16470138563066,8.712,0.0674157303370787,TRUE,49,1.94591014905531
new london,60,ct,thoswilliams,thoswilliams,thoswilliams,24,7,0,caledonia,445,9,35,9,3,37,200,3400,0,,,,atl,0,halljp,3,0,0,3,24,0,TRUE,TRUE,26,3.29583686600433,0,FALSE,18,2.3571,0.5714,121949.73,121949.73,2.72291814955707,15.2246853932584,0.0539325842696629,FALSE,,
new london,60,ct,thoswilliams,thoswilliams,thoswilliams,24,7,0,chelsea,396,20,31,6,9,34,2150,0,0,0,18,,pac,0,davidj,3,0,0,,29,1,FALSE,TRUE,11,2.484906649788,0,FALSE,39,2.6363,0.7636,178543.4175,178543.4175,2.44761122853491,11.5606978438228,0.0732323232323232,TRUE,324,2.89037175789616
new london,60,ct,thoswilliams,thoswilliams,thoswilliams,24,7,0,connecticut,397,22,30,6,5,31,252,1483,0,1,17,,pac,0,smithp,1,0,0,,31,1,FALSE,TRUE,8,2.19722457733622,0,FALSE,11,2.3667,0.5667,65501.3646,65501.3646,2.70799470150855,14.9991675291962,0.0780856423173804,FALSE,289,2.83321334405622
new london,60,ct,thoswilliams,thoswilliams,thoswilliams,24,7,0,connecticut,397,22,34,6,1,36,150,2050,0,,9,,atl,0,middletonn,1,0,0,,30,0,TRUE,TRUE,12,2.56494935746154,0,FALSE,19,2.0227,0.5682,74132.2575,74132.2575,2.28523078059123,9.82795406337001,0.0755667506297229,FALSE,81,2.19722457733622
new london,60,ct,thoswilliams,thoswilliams,thoswilliams,24,7,0,connecticut,397,22,36,5,4,37,300,1500,0,,9,,atl,0,stetson,0,0,0,4,,0,TRUE,FALSE,14,2.70805020110221,0,FALSE,11,2.3571,0.5714,69524.595,69524.595,2.76760430035692,15.9204476757499,,FALSE,81,2.19722457733622
new london,60,ct,thoswilliams,thoswilliams,thoswilliams,24,7,0,connecticut,397,22,37,6,3,39,220,1880,0,,9,,atl,0,crockerd,0,0,0,2,26,0,TRUE,FALSE,15,2.77258872223978,0,FALSE,21,2.9167,0.5,79432.731,79432.731,2.25420707310064,9.5277355163728,0.0654911838790932,FALSE,81,2.19722457733622
new london,60,ct,thoswilliams,thoswilliams,thoswilliams,24,7,0,connecticut,397,22,39,6,5,40,175,1750,0,,9,,pac,0,crockerd,1,0,0,3,25,1,FALSE,TRUE,17,2.89037175789616,0,FALSE,11,3.3333,0.6333,73499.81625,73499.81625,2.82320663171224,16.8307341996794,0.0629722921914358,FALSE,81,2.19722457733622
new london,60,ct,williams barnes,williams barnes,williams barnes,36,0,0,clematis,311,26,36,5,4,37,140,1400,0,,,,atl,0,baileyj,1,0,0,,,0,TRUE,TRUE,10,2.39789527279837,0,FALSE,11,2.3571,0.5714,54494.811,54494.811,2.7681725801317,15.9294975153464,,FALSE,,
new london,60,ct,williams barnes,williams barnes,williams barnes,36,0,0,clematis,311,26,37,6,3,39,50,2750,0,,,,atl,0,baileyj,2,0,0,2,,0,TRUE,TRUE,11,2.484906649788,0,FALSE,21,2.9167,0.5,91218.8025,91218.8025,2.63670097267327,13.9670498392283,,FALSE,,
new london,60,ct,williams barnes,williams barnes,williams barnes,36,0,0,clematis,311,26,39,6,7,40,150,2450,0,,,,ind,0,baileyj,3,0,0,3,,0,FALSE,TRUE,13,2.63905732961526,0,FALSE,13,3.3333,0.6333,92924.8425,92924.8425,3.13480403060799,22.9841312144447,,FALSE,,
new london,60,ct,williams barnes,williams barnes,williams barnes,36,0,0,clematis,311,26,40,8,7,41,0,2800,0,,,,ind,0,baileyj,4,0,0,1,,0,FALSE,TRUE,14,2.70805020110221,0,FALSE,11,2.9375,0.625,88200,88200,3.24967405701728,25.781935106694,,FALSE,,
new london,60,ct,williams barnes,williams barnes,williams barnes,36,0,0,clematis,311,26,41,8,2,43,500,2200,17600,,,,ind,0,benjaming,0,0,0,1,,0,FALSE,FALSE,15,2.77258872223978,0,FALSE,18,1.8529,0.9444,98483.175,115104.615,3.02343201939984,20.5617390139335,,FALSE,,
new london,60,ct,williams barnes,williams barnes,williams barnes,36,0,0,clematis,311,26,43,5,4,45,0,2500,22000,,,,ind,0,amesej,0,0,1,3,28,0,FALSE,FALSE,17,2.89037175789616,1,FALSE,23,2.6667,1.0303,78750,101416.6,2.65170493671891,14.1781909688243,0.090032154340836,FALSE,,
new london,60,ct,williams barnes,williams barnes,williams barnes,36,0,0,clematis,311,26,45,9,6,48,120,1480,14000,,,,ind,0,baileyj,5,0,0,5,,0,FALSE,TRUE,19,2.99573227355399,0,FALSE,33,3.0303,0.7575,58074.534,68679.534,1.90090605625241,6.69195498392283,,FALSE,,
new london,60,ct,williams barnes,williams barnes,williams barnes,36,0,0,clematis,311,26,48,10,3,51,75,2400,20600,,,,pac,0,bellowsd,1,0,0,4,,1,FALSE,TRUE,22,3.13549421592915,0,FALSE,29,2.8083,0.7599,82234.60875,97888.54875,2.38449611066574,10.8535922774143,,FALSE,,
new london,60,ct,williams barnes,williams barnes,williams barnes,36,0,0,lowell,414,32,43,7,4,45,300,4000,37500,1,10,,pac,0,benjaming,1,0,0,,37,1,FALSE,TRUE,11,2.484906649788,0,FALSE,21,2.6667,1.0303,151200.315,189836.565,3.08353038521263,21.8353536922015,0.0893719806763285,FALSE,100,2.30258509299405
new london,60,ct,williams barnes,williams barnes,williams barnes,36,0,0,lowell,414,32,45,7,5,47,150,3850,40000,1,10,,pac,0,benjaming,2,0,0,3,36,1,FALSE,TRUE,13,2.63905732961526,0,FALSE,22,2.7986,0.8611,134498.385,168942.385,2.92040459143635,18.5487906236276,0.0869565217391304,FALSE,100,2.30258509299405
new london,60,ct,williams barnes,williams barnes,williams barnes,36,0,0,mogul,395,23,42,10,7,44,400,2800,26000,,,,pac,0,mallorya,3,0,0,,,1,FALSE,TRUE,19,2.99573227355399,0,FALSE,21,2.4472,1.0922,119034.72,147431.92,2.87771358626414,17.7735889089813,,FALSE,,
new london,60,ct,williams barnes,williams barnes,williams barnes,36,0,0,mogul,395,23,44,9,4,47,150,2150,22000,,,,pac,0,andrewsw,3,0,0,2,,1,FALSE,TRUE,21,3.09104245335832,0,FALSE,31,2.7986,0.8611,80948.385,99892.585,2.0989777682714,8.1578264597795,,FALSE,,
new london,60,ct,williams barnes,williams barnes,williams barnes,36,0,0,mogul,395,23,47,6,5,51,83,3732,47850,,,,pac,0,huntleyp,0,0,0,2,,1,FALSE,FALSE,24,3.2188758248682,0,FALSE,47,2.8083,0.7599,124900.30035,161261.51535,2.16174927852031,8.68631916778885,,FALSE,,
new london,60,ct,williams barnes,williams barnes,williams barnes,36,0,0,montezuma,424,22,41,9,4,44,0,3300,26400,,,,ind,0,bakerwm,3,0,0,,,0,FALSE,TRUE,19,2.99573227355399,0,FALSE,31,2.4472,1.0922,103950,132784.08,2.31275896960317,10.1022580645161,,FALSE,,
new london,60,ct,williams barnes,williams barnes,williams barnes,36,0,0,montezuma,424,22,44,6,5,47,60,3350,34000,,,,ind,0,bakerwm,4,0,0,2,,0,FALSE,TRUE,22,3.13549421592915,0,FALSE,35,2.7986,0.8611,110814.354,140091.754,2.24497135591293,9.44014514824798,,FALSE,,
new london,60,ct,williams barnes,williams barnes,williams barnes,36,0,0,montezuma,424,22,48,8,2,50,443,3000,0,,,,pac,0,benjaming,3,0,0,,,1,FALSE,TRUE,26,3.29583686600433,0,FALSE,18,2.4582,0.6599,128802.9519,128802.9519,2.8259337977399,16.8766970518868,,FALSE,,
newbedford,418,ma,abebarker,abebarker,abebarker,33,0,0,grandturk,323,22,33,4,1,34,365,2235,0,,7,,atl,0,eddyat,1,0,0,,,0,TRUE,TRUE,11,2.484906649788,0,FALSE,9,2.6363,0.7636,100713.35925,100713.35925,3.54515683320174,34.6451184210526,,FALSE,49,1.94591014905531
newbedford,418,ma,abebarker,abebarker,abebarker,33,0,0,grandturk,323,22,34,5,1,36,150,2400,0,,7,,atl,0,bartlettdh,0,0,0,4,,0,TRUE,FALSE,12,2.56494935746154,0,FALSE,20,2.0227,0.5682,85157.2575,85157.2575,2.57887031762578,13.182238003096,,FALSE,49,1.94591014905531
newbedford,418,ma,abebarker,abebarker,abebarker,33,0,0,liverpool,305,18,36,7,3,38,275,1092,0,0,7,0.25,atl,0,fisherf,1,1,0,,,0,TRUE,TRUE,18,2.94443897916644,1,FALSE,20,2.6875,0.625,57678.46875,57678.46875,2.24659517411494,9.45548668032787,,FALSE,49,1.94591014905531
newbedford,418,ma,abebarker,abebarker,abebarker,33,0,0,liverpool,305,18,38,6,4,40,224,1916,0,1,8,0.25,atl,0,thomasj,0,0,0,3,,0,TRUE,FALSE,20,3.04452243772342,0,FALSE,22,3.3333,0.6333,83873.7648,83873.7648,2.52571391752322,12.4998159165425,,FALSE,64,2.07944154167984
newbedford,418,ma,abebarker,abebarker,abebarker,33,0,0,liverpool,305,18,40,6,5,42,263,2625,0,1,8,0.25,ind,0,thomasj,1,0,0,2,,0,FALSE,TRUE,22,3.13549421592915,0,FALSE,23,2.1471,0.6765,100475.14995,100475.14995,2.66185971919077,14.3229009194583,,FALSE,64,2.07944154167984
newbedford,418,ma,abebarker,abebarker,abebarker,33,0,0,liverpool,305,18,42,7,6,44,100,1700,17000,,8,0.25,ind,0,slocumgw,0,0,0,2,,0,FALSE,FALSE,24,3.2188758248682,0,FALSE,23,2.4472,1.0922,61258.68,79826.08,2.43179955455089,11.3793414112616,,FALSE,64,2.07944154167984
newbedford,418,ma,abebarker,abebarker,abebarker,33,0,0,romansec,350,33,40,8,2,42,210,2959,29864,0,5,,pac,0,barkerar,0,0,0,,,1,FALSE,FALSE,7,2.07944154167984,0,FALSE,18,2.1471,0.6765,107411.5665,127614.5625,3.00846485717685,20.2562797619048,,FALSE,25,1.6094379124341
newbedford,418,ma,abebarker,abebarker,abebarker,33,0,0,romansec,350,33,42,6,6,44,260,2200,28000,1,5,,np,0,barkerar,1,0,0,4,,1,FALSE,TRUE,9,2.30258509299405,0,FALSE,24,2.4472,1.0922,89342.568,119924.168,2.65862790384542,14.2766866666667,,FALSE,25,1.6094379124341
newbedford,418,ma,abebarker,abebarker,abebarker,33,0,0,romansec,350,33,44,11,7,47,850,2150,1500,1,5,,np,0,barkerar,2,0,0,5,,1,FALSE,TRUE,11,2.484906649788,0,FALSE,32,2.7986,0.8611,142657.515,143949.165,2.5535464381151,12.8526040178571,,FALSE,25,1.6094379124341
newbedford,418,ma,ahhowland,ahhowland,ahhowland,33,1,0,ahhowland,414,45,45,9,4,48,125,3475,0,0,4,,ind,0,walkerwt,2,0,0,,30,0,FALSE,TRUE,0,0,0,FALSE,31,3.0303,0.7575,121394.30625,121394.30625,2.24694607745585,9.45880522440393,0.072463768115942,FALSE,16,1.38629436111989
newbedford,418,ma,ahhowland,ahhowland,ahhowland,33,1,0,ahhowland,414,45,48,8,3,51,137,3426,42497,,4,,np,0,fisherjp,0,0,0,4,34,1,FALSE,FALSE,3,1.38629436111989,0,FALSE,31,2.8083,0.7599,120038.21865,152331.68895,2.47396240820056,11.8693851449275,0.0821256038647343,FALSE,16,1.38629436111989
newbedford,418,ma,ahhowland,ahhowland,ahhowland,33,1,0,franklin,333,18,41,6,11,42,222,2314,0,0,11,,pac,0,walkerwt,0,0,0,,,1,FALSE,FALSE,23,3.17805383034795,0,FALSE,17,2.1471,0.6765,87905.6703,87905.6703,2.74266375608845,15.5282936406995,,FALSE,121,2.39789527279837
newbedford,418,ma,ahhowland,ahhowland,ahhowland,33,1,0,franklin,333,18,43,4,5,46,300,1850,15000,,11,,ind,0,chadwickdg,0,0,0,5,,0,FALSE,FALSE,25,3.25809653802148,0,FALSE,37,2.6037,1.0074,82879.965,97990.965,2.07357015690037,7.9531665449233,,FALSE,121,2.39789527279837
newbedford,418,ma,ahhowland,ahhowland,ahhowland,33,1,0,india,366,9,43,5,4,45,0,3200,30000,0,11,,ind,0,walkerwt,1,0,0,,,0,FALSE,TRUE,34,3.55534806148941,0,FALSE,23,2.6667,1.0303,100800,131709,2.75022267319582,15.6461154668567,,FALSE,121,2.39789527279837
newbedford,418,ma,ahhowland,ahhowland,ahhowland,33,1,0,india,366,9,45,7,3,48,250,2650,31688,0,12,,ind,0,fisherj,0,0,0,3,,0,FALSE,FALSE,36,3.61091791264422,0,FALSE,32,3.0303,0.7575,107338.6125,131342.2725,2.41719272581538,11.2143333760246,,FALSE,144,2.484906649788
newbedford,418,ma,ahhowland,ahhowland,ahhowland,33,1,0,india,366,9,48,8,5,51,343,4287,76500,,9,,np,0,swiftjjr,3,0,0,5,,1,FALSE,TRUE,39,3.68887945411394,0,FALSE,33,2.8083,0.7599,165382.77735,223515.12735,2.91809347977008,18.5059717958271,,FALSE,81,2.19722457733622
newbedford,418,ma,ahhowland,ahhowland,ahhowland,33,1,0,londonpacket,279,18,36,6,3,38,363,1987,19500,0,11,,atl,0,jenneyg,1,0,0,,,0,TRUE,TRUE,18,2.94443897916644,0,FALSE,21,2.6875,0.625,93320.71875,105508.21875,2.8908099121628,18.0078885048643,,FALSE,121,2.39789527279837
newbedford,418,ma,ahhowland,ahhowland,ahhowland,33,1,0,mary frazier,288,32,49,10,4,53,177,2289,18500,0,11,,pac,0,haggertyg,2,0,0,,,1,FALSE,TRUE,17,2.89037175789616,0,FALSE,42,2.1449,0.5932,84062.38995,95036.58995,2.06138715537773,7.8568609416336,,FALSE,121,2.39789527279837
newbedford,418,ma,ahhowland,ahhowland,ahhowland,33,1,0,uncas,413,28,43,8,4,46,59,3950,16000,,4,,ind,0,gelettcw,1,0,0,,,0,FALSE,TRUE,15,2.77258872223978,0,FALSE,32,2.6037,1.0074,129263.97645,145382.37645,2.39793913361558,11.0004824795702,,FALSE,16,1.38629436111989
newbedford,418,ma,ahhowland,ahhowland,ahhowland,33,1,0,uncas,413,28,46,8,5,49,460,2940,19000,,4,,pac,0,gelettcw,2,0,0,4,,1,FALSE,TRUE,18,2.94443897916644,0,FALSE,33,2.7287,0.5842,132148.863,143248.663,2.35238214677258,10.5105776652726,,FALSE,16,1.38629436111989
newbedford,418,ma,ahhowland,ahhowland,ahhowland,33,1,0,uncas,413,28,49,7,3,51,93,3127,46000,,4,,np,0,edwardspc,1,0,0,2,,1,FALSE,TRUE,21,3.09104245335832,0,FALSE,20,2.8083,0.7599,106727.41485,141682.81485,2.84216627340385,17.152883153753,,FALSE,16,1.38629436111989
newbedford,418,ma,ahhowland,ahhowland,ahhowland,33,1,0,wade,260,28,40,7,4,44,890,1400,11500,,10,,pac,0,swiftjjr,1,0,0,,,1,FALSE,TRUE,12,2.56494935746154,0,FALSE,45,2.4472,1.0922,112707.252,125267.552,2.37086302407171,10.7066283760684,,FALSE,100,2.30258509299405
newbedford,418,ma,ahhowland,ahhowland,ahhowland,33,1,0,wade,260,28,44,6,4,46,200,1800,20000,0,9,,ind,0,downsgw,0,0,0,2,,0,FALSE,FALSE,16,2.83321334405622,0,FALSE,22,2.6037,1.0074,73103.31,93251.31,2.79132930129092,16.3026765734266,,FALSE,81,2.19722457733622
newbedford,418,ma,ahhowland,ahhowland,ahhowland,33,1,0,wade,260,28,46,8,,,,,,0,11,,ind,1,bradburyej,0,0,0,4,,0,FALSE,FALSE,18,2.94443897916644,0,FALSE,,0,0,,,,,,,121,2.39789527279837
newbedford,418,ma,alexgibbs,alexgibbs,alexgibbs,30,0,0,honqua,339,,41,7,6,43,450,2400,28800,,,,pac,0,"",,,,,,1,FALSE,,,,,FALSE,23,1.8529,0.9444,101864.8575,129063.5775,2.80656608746132,16.5529790303963,,FALSE,,
newbedford,418,ma,alexgibbs,alexgibbs,alexgibbs,30,0,0,honqua,339,,43,9,4,46,75,2925,13000,,,,pac,0,"",,,,3,,1,FALSE,,,,,FALSE,31,2.6037,1.0074,98288.74125,111384.94125,2.3607601081834,10.5990047816158,,FALSE,,
newbedford,418,ma,alexgibbs,alexgibbs,alexgibbs,30,0,0,honqua,339,,46,8,5,49,30,3022,40000,,,,pac,0,"",,,,4,,1,FALSE,,,,,FALSE,33,2.7287,0.5842,97771.6215,121139.6215,2.38219138719906,10.8286065522481,,FALSE,,
newbedford,418,ma,alexgibbs,alexgibbs,alexgibbs,30,0,0,honqua,339,,49,9,,,,,,,,,pac,1,"",,,,4,,1,FALSE,,,,,FALSE,,0,0,,,,,,,,
newbedford,418,ma,alexgibbs,alexgibbs,alexgibbs,30,0,0,jasper,222,20,40,7,1,42,173,1253,0,1,3,,ind,0,sandfordij,3,0,0,,,0,FALSE,TRUE,20,3.04452243772342,0,FALSE,18,2.1471,0.6765,51170.12145,51170.12145,2.54986193548889,12.8053356981982,,FALSE,9,1.09861228866811
newbedford,418,ma,alexgibbs,alexgibbs,alexgibbs,30,0,0,jasper,222,20,42,6,4,44,260,1000,10000,,3,,ind,0,bennettjjr,1,0,0,5,,0,FALSE,TRUE,22,3.13549421592915,0,FALSE,22,2.4472,1.0922,51542.568,62464.568,2.54863492773853,12.7896330876331,,FALSE,9,1.09861228866811
newbedford,418,ma,alexgibbs,alexgibbs,alexgibbs,30,0,0,parthian,119,20,30,7,5,31,240,180,0,,2,,atl,0,maxfieldj,0,0,0,,,0,TRUE,FALSE,10,2.39789527279837,0,FALSE,10,2.3667,0.5667,23562.252,23562.252,2.98569263283046,19.8002117647059,,TRUE,4,0.693147180559945
newbedford,418,ma,alexgibbs,alexgibbs,alexgibbs,30,0,0,zephyr,361,15,34,6,3,36,40,1960,0,0,8,,atl,0,severancet,3,0,0,,,0,TRUE,TRUE,19,2.99573227355399,0,FALSE,21,2.0227,0.5682,64288.602,64288.602,2.13773723562601,8.4802271468144,,FALSE,64,2.07944154167984
newbedford,418,ma,alexgibbs,alexgibbs,alexgibbs,30,0,0,zephyr,361,15,36,5,3,38,422,1461,0,0,7,,atl,0,perryd,0,0,0,2,,0,TRUE,FALSE,21,3.09104245335832,0,FALSE,22,2.6875,0.625,81746.4375,81746.4375,2.3314570981371,10.2929284185344,,FALSE,49,1.94591014905531
newbedford,418,ma,alexgibbs,alexgibbs,alexgibbs,30,0,0,zephyr,361,15,39,6,3,43,2200,0,0,0,7,,pac,0,gardnera,6,0,0,,,1,FALSE,TRUE,24,3.2188758248682,0,FALSE,45,1.8529,0.9444,128405.97,128405.97,2.06741171638103,7.9043379501385,,TRUE,49,1.94591014905531
newbedford,418,ma,alexgibbs,alexgibbs,alexgibbs,30,0,0,zephyr,361,15,43,6,2,47,2200,0,0,0,7,,pac,0,smithtj,1,0,0,3,,1,FALSE,TRUE,28,3.36729582998647,0,FALSE,44,2.7986,0.8611,193942.98,193942.98,2.50225188506633,12.2099584487535,,TRUE,49,1.94591014905531
newbedford,418,ma,arobeson,arobeson,arobeson,31,0,0,magnolia,396,25,31,1,6,34,3400,0,0,1,5,,pac,0,worthgb,4,0,0,,,1,FALSE,TRUE,6,1.94591014905531,0,FALSE,41,2.6363,0.7636,282347.73,282347.73,2.8559083974428,17.3902272727273,,TRUE,25,1.6094379124341
newbedford,418,ma,arobeson,arobeson,arobeson,31,0,0,milo,397,11,35,3,10,38,2586,0,0,0,4,,pac,0,worths,3,0,0,,,1,FALSE,TRUE,24,3.2188758248682,0,FALSE,43,2.6875,0.625,218921.0625,218921.0625,2.55133010223642,12.8241498740554,,TRUE,16,1.38629436111989
newbedford,418,ma,arobeson,arobeson,arobeson,31,0,0,milo,397,11,38,12,8,42,2693,89,0,,4,,pac,0,gardnerfm,0,0,0,2,,1,FALSE,FALSE,27,3.3322045101752,0,FALSE,44,2.1471,0.6765,184940.91945,184940.91945,2.35966578412623,10.5874123797802,,TRUE,16,1.38629436111989
newbedford,418,ma,arobeson,arobeson,arobeson,31,0,0,milo,397,11,43,5,5,46,369,3250,7000,0,4,,pac,0,gardnerfm,1,0,0,9,,1,FALSE,TRUE,32,3.49650756146648,0,FALSE,36,2.6037,1.0074,132639.10695,139690.90695,2.27973223414796,9.77406289882452,,FALSE,16,1.38629436111989
newbedford,418,ma,arobeson,arobeson,arobeson,31,0,0,pacific,331,7,33,7,3,35,230,2370,21000,1,5,,atl,0,collinsd,7,0,0,,,0,TRUE,TRUE,26,3.29583686600433,0,FALSE,20,2.1538,0.5385,90259.281,101567.781,2.73063099876178,15.3425651057402,,FALSE,25,1.6094379124341
newbedford,418,ma,arobeson,arobeson,arobeson,31,0,0,pacific,331,7,35,7,4,37,52,2533,0,1,5,,atl,0,collinsd,8,0,0,4,,0,TRUE,TRUE,28,3.36729582998647,0,FALSE,21,2.3571,0.5714,83650.4298,83650.4298,2.4877610313766,12.034301510574,,FALSE,25,1.6094379124341
newbedford,418,ma,arobeson,arobeson,arobeson,31,0,0,pacific,332,7,44,8,,,,,,1,7,,pac,1,littlel,3,0,0,,,1,FALSE,TRUE,37,3.63758615972639,0,FALSE,,0,0,,,,,,,49,1.94591014905531
newbedford,418,ma,arobeson,arobeson,arobeson,31,0,0,roscoe,362,21,33,6,1,36,2200,0,0,,6,,pac,0,chasegg,1,0,0,,,1,FALSE,TRUE,12,2.56494935746154,0,FALSE,31,2.0227,0.5682,140173.11,140173.11,2.52500202144399,12.4909205132775,,TRUE,36,1.79175946922806
newbedford,418,ma,arobeson,arobeson,arobeson,31,0,0,roscoe,362,21,36,7,9,39,2481,26,11674,,6,,pac,0,pitmancjr,1,0,0,6,,1,FALSE,TRUE,15,2.77258872223978,0,FALSE,38,2.9167,0.5,228763.48005,234600.48005,2.8364088898962,17.0544111696714,,TRUE,36,1.79175946922806
newbedford,418,ma,arobeson,arobeson,arobeson,31,0,0,roscoe,362,21,39,4,5,43,2447,0,0,1,6,,pac,0,mccleavee,0,0,0,,,1,FALSE,FALSE,18,2.94443897916644,0,FALSE,49,1.8529,0.9444,142822.45845,142822.45845,2.08589307864409,8.05177914364641,,TRUE,36,1.79175946922806
newbedford,418,ma,arobeson,arobeson,arobeson,31,0,0,samuelrobertson,421,25,35,8,6,37,185,3351,0,1,5,,ind,0,mckenzied,4,0,0,,,0,FALSE,TRUE,10,2.39789527279837,0,FALSE,22,2.3571,0.5714,119292.50025,119292.50025,2.55565845444226,12.8797776128266,,FALSE,25,1.6094379124341
newbedford,418,ma,arobeson,arobeson,arobeson,31,0,0,samuelrobertson,421,25,37,11,1,40,306,2441,0,,5,,pac,0,mckenzied,5,0,0,5,,1,FALSE,TRUE,12,2.56494935746154,0,FALSE,26,3.3333,0.6333,109021.1787,109021.1787,2.29856807063362,9.95991035081308,,FALSE,25,1.6094379124341
newbedford,418,ma,bricketson,bricketson,bricketson,40,10,0,brunswick,295,27,43,11,6,46,259,2350,7000,1,4,,ind,0,almyjc,0,0,0,,,0,FALSE,FALSE,16,2.83321334405622,0,FALSE,31,2.6037,1.0074,95267.28645,102319.08645,2.4148889470259,11.1885277692728,,FALSE,16,1.38629436111989
newbedford,418,ma,bricketson,bricketson,bricketson,40,10,0,brunswick,295,27,46,9,9,48,250,2250,22000,1,4,,pac,0,almyjc,1,0,0,3,,1,FALSE,TRUE,19,2.99573227355399,0,FALSE,24,3.0303,0.7575,94738.6125,111403.6125,2.75588584744849,15.7349735169492,,FALSE,16,1.38629436111989
newbedford,418,ma,bricketson,bricketson,bricketson,40,10,0,brunswick,295,27,48,11,5,51,186,1959,30000,,4,,pac,0,johnsontj,0,0,0,2,,1,FALSE,FALSE,21,3.09104245335832,0,FALSE,30,2.8083,0.7599,78162.3297,100959.3297,2.43430030048795,11.4078338644068,,FALSE,16,1.38629436111989
newbedford,418,ma,bricketson,bricketson,bricketson,40,10,0,orozimbo,588,5,43,7,5,45,160,3640,37000,,3,,ind,0,bartlettdh,5,0,0,,,0,FALSE,TRUE,38,3.66356164612965,0,FALSE,22,2.6667,1.0303,128100.168,166221.268,2.55330571826521,12.8495105132962,,FALSE,9,1.09861228866811
newbedford,418,ma,bricketson,bricketson,bricketson,40,10,0,orozimbo,588,5,45,10,4,48,100,3100,11100,0,3,,pac,0,nortonja,1,0,0,5,,1,FALSE,TRUE,40,3.71357206670431,0,FALSE,30,3.0303,0.7575,107195.445,115603.695,1.87999886881663,6.55349744897959,,FALSE,9,1.09861228866811
newbedford,418,ma,bricketson,bricketson,bricketson,40,10,0,orozimbo,588,5,48,11,3,51,96,4799,22590,,3,,np,0,bartlettdh,7,0,0,7,,1,FALSE,TRUE,43,3.78418963391826,0,FALSE,28,2.8083,0.7599,159660.7992,176826.9402,2.37399533620053,10.7402174562682,,FALSE,9,1.09861228866811
newbedford,418,ma,coggeshall,manbcogg,manbcogg,26,4,0,midas,326,10,30,5,5,31,0,2300,0,,4,,atl,0,lucerg,1,0,0,,,0,TRUE,TRUE,20,3.04452243772342,0,FALSE,12,2.3667,0.5667,72450,72450,2.91884791659412,18.5199386503067,,FALSE,16,1.38629436111989
newbedford,418,ma,coggeshall,manbcogg,manbcogg,26,4,0,wmrotch,290,19,30,7,6,31,100,1600,0,,2,,atl,0,russelle,1,0,0,,,0,TRUE,TRUE,11,2.484906649788,0,FALSE,11,2.3667,0.5667,57855.105,57855.105,2.89792077841193,18.1363965517241,,FALSE,4,0.693147180559945
newbedford,418,ma,crtucker,crtucker,crtucker,35,2,0,benj tucker,349,39,49,7,6,51,170,2339,20000,,9,0.25,np,0,wooddd,0,0,0,,,1,FALSE,FALSE,10,2.39789527279837,0,FALSE,23,2.8083,0.7599,88716.9465,103914.9465,2.5607618832776,12.9456766537934,,FALSE,81,2.19722457733622
newbedford,418,ma,crtucker,crtucker,crtucker,35,2,0,brighton,354,24,42,8,7,44,116,2285,24000,0,7,0.0625,ind,0,coxgl,0,0,0,,,0,FALSE,FALSE,18,2.94443897916644,0,FALSE,23,2.4472,1.0922,80919.5688,107132.3688,2.5770293114026,13.1579917464996,,FALSE,49,1.94591014905531
newbedford,418,ma,crtucker,crtucker,crtucker,35,2,0,brighton,354,24,44,10,4,47,160,2500,29382,,7,0.0625,np,0,coxgl,1,0,0,3,,1,FALSE,TRUE,20,3.04452243772342,0,FALSE,30,2.7986,0.8611,92854.944,118155.7842,2.40926494303214,11.1257800564972,,FALSE,49,1.94591014905531
newbedford,418,ma,crtucker,crtucker,crtucker,35,2,0,canton,280,35,41,11,8,42,2500,0,0,1,8,0.25,pac,0,lucastd,2,0,0,,,1,FALSE,TRUE,6,1.94591014905531,0,FALSE,9,2.1471,0.6765,169084.125,169084.125,4.20613747061294,67.096875,,TRUE,64,2.07944154167984
newbedford,418,ma,crtucker,crtucker,crtucker,35,2,0,fabius,432,21,46,8,1,49,200,2400,6000,,7,0.3125,pac,0,smithjs,2,0,0,,,1,FALSE,TRUE,25,3.25809653802148,0,FALSE,29,2.7287,0.5842,92790.81,96296.01,2.03946074567545,7.68646312260536,,FALSE,49,1.94591014905531
newbedford,418,ma,crtucker,crtucker,crtucker,35,2,0,jamesmaury,393,9,45,6,5,48,190,3600,38000,,4,0.25,np,0,wheldena,0,0,0,,,1,FALSE,FALSE,36,3.61091791264422,0,FALSE,35,3.0303,0.7575,131536.3455,160321.3455,2.45577781607456,11.6554958560523,,FALSE,16,1.38629436111989
newbedford,418,ma,crtucker,crtucker,crtucker,35,2,0,lafayette,260,26,40,10,6,44,1800,0,0,1,4,,pac,0,howlandcjr,3,0,0,,,1,FALSE,TRUE,14,2.70805020110221,0,FALSE,44,2.4472,1.0922,138756.24,138756.24,2.49560273863661,12.129041958042,,TRUE,16,1.38629436111989
newbedford,418,ma,crtucker,crtucker,crtucker,35,2,0,marcella,210,26,40,4,10,41,869,5,0,1,6,0.125,atl,0,ellisbf,5,0,0,,,0,TRUE,TRUE,14,2.70805020110221,0,FALSE,18,2.9375,0.625,80567.15625,80567.15625,3.0593670661394,21.3140625,,TRUE,36,1.79175946922806
newbedford,418,ma,crtucker,crtucker,crtucker,35,2,0,marcella,210,26,42,4,8,44,950,0,0,1,6,0.125,ind,0,ellisbf,6,0,0,6,,0,FALSE,TRUE,16,2.83321334405622,0,FALSE,28,2.4472,1.0922,73232.46,73232.46,2.52208200338806,12.4545,,TRUE,36,1.79175946922806
newbedford,418,ma,crtucker,crtucker,crtucker,35,2,0,marcella,210,26,44,11,1,47,800,0,0,0,7,0.125,ind,0,smithh,0,0,0,3,,0,FALSE,FALSE,18,2.94443897916644,0,FALSE,26,2.7986,0.8611,70524.72,70524.72,2.55851449690004,12.9166153846154,,TRUE,49,1.94591014905531
newbedford,418,ma,cwmorgan,cwmorgan,cwmorgan,26,4,0,condor,348,29,30,8,5,31,170,2630,0,1,6,0.25,atl,0,merrille,1,0,0,,,0,TRUE,TRUE,1,0.693147180559945,0,FALSE,9,2.3667,0.5667,95518.6785,95518.6785,3.41765003662104,30.4976623563218,,FALSE,36,1.79175946922806
newbedford,418,ma,cwmorgan,cwmorgan,cwmorgan,26,4,0,condor,348,29,31,7,4,32,150,2550,0,1,6,0.25,atl,0,lucerg,2,0,0,2,,0,TRUE,TRUE,2,1.09861228866811,0,FALSE,9,3.617,0.5532,97415.325,97415.325,3.43731176100558,31.1032327586207,,FALSE,36,1.79175946922806
newbedford,418,ma,cwmorgan,cwmorgan,cwmorgan,26,4,0,condor,348,29,32,7,5,33,70,2100,0,1,7,0.25,atl,0,lucerg,3,0,0,3,,0,TRUE,TRUE,3,1.38629436111989,0,FALSE,10,3.2692,0.5,73358.586,73358.586,3.04832725916691,21.0800534482759,,FALSE,49,1.94591014905531
newbedford,418,ma,cwmorgan,cwmorgan,cwmorgan,26,4,0,condor,348,29,33,7,7,34,277,1807,0,1,7,0.25,atl,0,lucerg,4,0,0,2,,0,TRUE,TRUE,4,1.6094379124341,0,FALSE,12,2.6363,0.7636,79923.53565,79923.53565,2.95171652264627,19.1387776939655,,FALSE,49,1.94591014905531
newbedford,418,ma,cwmorgan,cwmorgan,cwmorgan,26,4,0,condor,348,29,34,8,8,35,171,1295,0,0,7,0.25,atl,0,dextergh,0,0,0,1,,0,TRUE,FALSE,5,1.79175946922806,0,FALSE,12,2.1538,0.5385,52393.9437,52393.9437,2.5294371558227,12.5464424568966,,FALSE,49,1.94591014905531
newbedford,418,ma,cwmorgan,cwmorgan,cwmorgan,26,4,0,condor,348,29,35,10,2,37,29,2241,0,0,7,0.25,atl,0,dextergh,1,0,0,2,,0,TRUE,TRUE,6,1.94591014905531,0,FALSE,16,2.3571,0.5714,72744.71085,72744.71085,2.5699202772837,13.0647828394397,,FALSE,49,1.94591014905531
newbedford,418,ma,cwmorgan,cwmorgan,cwmorgan,26,4,0,condor,348,29,37,7,4,39,50,2037,0,0,7,0.25,atl,0,hardinge,0,0,0,5,,0,TRUE,FALSE,8,2.19722457733622,0,FALSE,21,2.9167,0.5,68759.3025,68759.3025,2.24164239796838,9.40877155172414,,FALSE,49,1.94591014905531
newbedford,418,ma,cwmorgan,cwmorgan,cwmorgan,26,4,0,condor,348,29,39,7,6,41,910,1764,0,0,7,0.25,ind,0,hardinge,1,0,0,3,,0,FALSE,TRUE,10,2.39789527279837,0,FALSE,23,2.9375,0.625,139769.4375,139769.4375,2.86005277329846,17.4624484632684,,FALSE,49,1.94591014905531
newbedford,418,ma,cwmorgan,cwmorgan,cwmorgan,26,4,0,condor,348,29,41,10,3,44,150,2450,14000,0,7,0.25,pac,0,nortonr,0,0,0,4,,1,FALSE,FALSE,12,2.56494935746154,0,FALSE,29,2.4472,1.0922,88738.02,104028.82,2.3329249453578,10.3080479587792,,FALSE,49,1.94591014905531
newbedford,418,ma,cwmorgan,cwmorgan,cwmorgan,26,4,0,condor,348,29,44,5,3,46,180,2500,20000,0,7,0.25,pac,0,taberj,0,0,0,2,,1,FALSE,FALSE,15,2.77258872223978,0,FALSE,22,2.6037,1.0074,93512.979,113660.979,2.69773049508964,14.8460003918495,,FALSE,49,1.94591014905531
newbedford,418,ma,cwmorgan,cwmorgan,cwmorgan,26,4,0,condor,348,29,46,7,3,48,320,2600,24000,0,7,0.25,ind,0,taberj,1,0,0,4,,0,FALSE,TRUE,17,2.89037175789616,0,FALSE,20,3.0303,0.7575,112445.424,130625.424,2.93215439430049,18.7680206896552,,FALSE,49,1.94591014905531
newbedford,418,ma,cwmorgan,cwmorgan,cwmorgan,26,4,0,emilymorgan,367,32,33,7,7,37,1438,17,0,0,4,0.125,pac,0,raygg,0,0,0,,,1,FALSE,FALSE,1,0.693147180559945,0,FALSE,48,2.3571,0.5714,107305.0587,107305.0587,1.80686821393179,6.0913407527248,,TRUE,16,1.38629436111989
newbedford,418,ma,cwmorgan,cwmorgan,cwmorgan,26,4,0,emilymorgan,367,32,37,12,9,41,2882,109,0,1,4,0.125,pac,0,clarks,4,0,0,5,,1,FALSE,TRUE,5,1.79175946922806,0,FALSE,45,2.9375,0.625,270108.5625,270108.5625,2.79455490267511,16.3553474114441,,TRUE,16,1.38629436111989
newbedford,418,ma,cwmorgan,cwmorgan,cwmorgan,26,4,0,emilymorgan,367,32,42,4,4,46,1600,300,3000,,4,0.125,pac,0,ewerpw,0,0,0,7,,1,FALSE,FALSE,10,2.39789527279837,0,FALSE,48,2.6037,1.0074,140676.48,143698.68,2.09891102725871,8.15728201634878,,TRUE,16,1.38629436111989
newbedford,418,ma,cwmorgan,cwmorgan,cwmorgan,26,4,0,emilymorgan,367,32,46,9,7,49,403,2320,19900,1,3,0.125,np,0,ewerpw,1,0,0,5,,1,FALSE,TRUE,14,2.70805020110221,0,FALSE,34,2.7287,0.5842,107719.48215,119345.06215,2.25805188538741,9.56443838355506,,FALSE,9,1.09861228866811
newbedford,418,ma,cwmorgan,cwmorgan,cwmorgan,26,4,0,hector,380,18,34,12,8,37,2650,0,0,,6,0.25,pac,0,nortonta,0,0,0,,,1,FALSE,FALSE,16,2.83321334405622,0,FALSE,32,2.3571,0.5714,196758.9225,196758.9225,2.78382735915945,16.1808324424342,,TRUE,36,1.79175946922806
newbedford,418,ma,cwmorgan,cwmorgan,cwmorgan,26,4,0,hector,380,18,38,5,8,40,2675,7,0,1,7,0.375,pac,0,nortonta,1,0,0,9,,1,FALSE,TRUE,20,3.04452243772342,0,FALSE,27,3.3333,0.6333,281092.69125,281092.69125,3.31043163729823,27.3969484649123,,TRUE,49,1.94591014905531
newbedford,418,ma,cwmorgan,cwmorgan,cwmorgan,26,4,0,hector,380,18,40,11,9,43,2717,0,0,,7,0.375,pac,0,grayj,0,0,0,3,,1,FALSE,FALSE,22,3.13549421592915,0,FALSE,34,1.8529,0.9444,158581.37295,158581.37295,2.50749135722757,12.2741000735294,,TRUE,49,1.94591014905531
newbedford,418,ma,cwmorgan,cwmorgan,cwmorgan,26,4,0,hesper,247,11,31,5,9,34,1400,0,0,,5,0.25,pac,0,browngf,1,0,0,,,1,FALSE,TRUE,20,3.04452243772342,0,FALSE,40,2.6363,0.7636,116260.83,116260.83,2.46532368965877,11.76729048583,,TRUE,25,1.6094379124341
newbedford,418,ma,cwmorgan,cwmorgan,cwmorgan,26,4,0,rodman,371,27,30,9,4,33,3000,0,0,,4,0.25,pac,0,joyrm,4,0,0,,,1,FALSE,TRUE,3,1.38629436111989,0,FALSE,31,3.2692,0.5,308939.4,308939.4,3.29071115304909,26.86195982958,,TRUE,16,1.38629436111989
newbedford,418,ma,cwmorgan,cwmorgan,cwmorgan,26,4,0,rodman,371,27,40,8,4,43,3018,16,0,,4,0.25,pac,0,whittonwjr,2,0,0,,,1,FALSE,TRUE,13,2.63905732961526,0,FALSE,32,1.8529,0.9444,176653.6443,176653.6443,2.70000831722677,14.8798554834906,,TRUE,16,1.38629436111989
newbedford,418,ma,cwmorgan,cwmorgan,cwmorgan,26,4,0,rodman,371,27,43,8,5,47,2400,0,0,,9,0.25,pac,0,flanderswf,0,0,0,4,,1,FALSE,FALSE,16,2.83321334405622,0,FALSE,45,2.7986,0.8611,211574.16,211574.16,2.53946630192935,12.6729056603774,,TRUE,81,2.19722457733622
newbedford,418,ma,drgreene,drgreene,drgreene,31,3,0,hercules sec,290,5,47,7,,,,,,,3,,pac,1,imbertlb,2,0,0,,,1,FALSE,TRUE,42,3.76120011569356,0,FALSE,,0,0,,,,,,,9,1.09861228866811
newbedford,418,ma,drgreene,drgreene,drgreene,31,3,0,herculessec,290,5,34,6,9,36,408,1123,0,,2,,ind,0,chasepf,3,0,0,,,0,FALSE,TRUE,29,3.40119738166216,0,FALSE,27,2.0227,0.5682,61370.2404,61370.2404,2.05896252361402,7.83783402298851,,FALSE,4,0.693147180559945
newbedford,418,ma,drgreene,drgreene,drgreene,31,3,0,herculessec,290,5,37,4,4,40,796,1022,0,,2,,ind,0,chasepf,4,0,0,7,,0,FALSE,TRUE,32,3.49650756146648,0,FALSE,36,3.3333,0.6333,115772.1642,115772.1642,2.40597957555058,11.0892877586207,,FALSE,4,0.693147180559945
newbedford,418,ma,drgreene,drgreene,drgreene,31,3,0,herculessec,290,5,40,7,6,43,735,1126,0,,2,,ind,0,swainwc,1,0,0,3,,0,FALSE,TRUE,35,3.58351893845611,0,FALSE,35,1.8529,0.9444,78368.26725,78368.26725,2.04394538546908,7.72101155172414,,FALSE,4,0.693147180559945
newbedford,418,ma,drgreene,drgreene,drgreene,31,3,0,junior,377,36,41,9,3,44,1153,1600,16000,0,3,,pac,0,hathawayjs,2,0,0,,,1,FALSE,TRUE,5,1.79175946922806,0,FALSE,30,2.4472,1.0922,139281.0804,156756.2804,2.62900495493005,13.8599717418214,,FALSE,9,1.09861228866811
newbedford,418,ma,drgreene,drgreene,drgreene,31,3,0,junior,377,36,44,6,5,47,400,2200,25000,1,4,,pac,0,tinkhams,1,0,0,3,,1,FALSE,TRUE,8,2.19722457733622,0,FALSE,35,2.7986,0.8611,104562.36,126089.86,2.2571568574112,9.55588177339902,,FALSE,16,1.38629436111989
newbedford,418,ma,drgreene,drgreene,drgreene,31,3,0,junior,378,36,47,12,3,50,32,2518,29500,,4,,pac,0,tinkhams,2,0,0,7,,1,FALSE,TRUE,11,2.484906649788,0,FALSE,27,2.4582,0.6599,81794.8656,101261.9156,2.29473460135881,9.92180242994317,,FALSE,16,1.38629436111989
newbedford,418,ma,drgreene,drgreene,drgreene,31,3,0,mtvernon,352,20,40,12,8,43,305,2947,24000,0,5,,ind,0,shearmanet,1,0,0,,,0,FALSE,TRUE,20,3.04452243772342,0,FALSE,32,1.8529,0.9444,110632.23675,133297.83675,2.47097419920519,11.8339698819247,,FALSE,25,1.6094379124341
newbedford,418,ma,drgreene,drgreene,drgreene,31,3,0,mtvernon,352,20,43,11,5,46,270,2230,20000,,5,,np,0,covellga,0,0,0,3,,1,FALSE,FALSE,23,3.17805383034795,0,FALSE,30,2.6037,1.0074,92389.4685,112537.4685,2.36621294124974,10.6569572443182,,FALSE,25,1.6094379124341
newbedford,418,ma,drgreene,drgreene,drgreene,31,3,0,mtvernon,352,20,46,8,7,49,140,3140,32000,,5,,np,0,covellga,1,0,0,3,,1,FALSE,TRUE,26,3.29583686600433,0,FALSE,35,2.7287,0.5842,110943.567,129637.967,2.35352173815671,10.5225622564935,,FALSE,25,1.6094379124341
newbedford,418,ma,drgreene,drgreene,drgreene,31,3,0,sallyanne,311,4,36,6,4,38,106,2183,0,,3,,ind,0,colth,3,0,0,,,0,FALSE,TRUE,32,3.49650756146648,0,FALSE,22,2.6875,0.625,77738.0625,77738.0625,2.43026491573843,11.3618916252558,,FALSE,9,1.09861228866811
newbedford,418,ma,drgreene,drgreene,drgreene,31,3,0,sallyanne,311,4,38,6,5,40,292,1976,0,,3,,atl,0,bordenre,0,0,0,2,,0,TRUE,FALSE,34,3.55534806148941,0,FALSE,23,3.3333,0.6333,92903.6934,92903.6934,2.56403155263093,12.9880740109045,,FALSE,9,1.09861228866811
newbedford,418,ma,drgreene,drgreene,drgreene,31,3,0,sallyanne,311,4,40,6,7,42,276,1461,0,,3,,ind,0,bordenre,1,0,0,1,,0,FALSE,TRUE,36,3.61091791264422,0,FALSE,25,2.1471,0.6765,64688.3874,64688.3874,2.11866824356117,8.32004982636656,,FALSE,9,1.09861228866811
newbedford,418,ma,drgreene,drgreene,drgreene,31,3,0,sallyanne,311,4,42,9,6,44,100,1600,12800,,3,,ind,0,bordenre,2,1,0,2,,0,FALSE,TRUE,38,3.66356164612965,1,FALSE,21,2.4472,1.0922,58108.68,72088.84,2.40133917636914,11.0379482468228,,FALSE,9,1.09861228866811
newbedford,418,ma,drgreene,drgreene,drgreene,31,3,0,twobrothers,288,16,37,6,8,38,78,933,0,0,5,,atl,0,easthamhf,1,0,0,,,0,TRUE,TRUE,21,3.09104245335832,0,FALSE,14,2.6875,0.625,35992.6875,35992.6875,2.18905326205437,8.9267578125,,FALSE,25,1.6094379124341
newbedford,418,ma,drgreene,drgreene,drgreene,31,3,0,twobrothers,288,16,39,10,5,40,600,212,0,,5,,atl,0,howlandic,0,0,0,,,0,TRUE,FALSE,23,3.17805383034795,0,FALSE,7,3.3333,0.6333,69677.37,69677.37,3.54276023765036,34.5621875,,TRUE,25,1.6094379124341
newbedford,418,ma,drgreene,drgreene,drgreene,31,3,0,twobrothers,288,16,40,6,9,41,268,1664,0,,5,,ind,0,shockleyha,0,0,0,1,,0,FALSE,FALSE,24,3.2188758248682,0,FALSE,15,2.9375,0.625,77214.375,77214.375,2.88333024210399,17.8736979166667,,FALSE,25,1.6094379124341
newbedford,418,ma,drgreene,drgreene,drgreene,31,3,0,twobrothers,288,16,41,11,2,44,1250,800,6400,,5,,ind,0,tinkhams,0,0,0,2,,0,FALSE,FALSE,25,3.25809653802148,0,FALSE,27,2.4472,1.0922,121558.5,128548.58,2.80526482020726,16.5314531893004,,TRUE,25,1.6094379124341
newbedford,418,ma,drgreene,drgreene,drgreene,31,3,0,twobrothers,288,16,47,9,3,51,941,903,16500,,5,,ind,0,jenneyih,1,0,0,,,0,FALSE,TRUE,31,3.46573590279973,0,FALSE,42,2.8083,0.7599,111686.72445,124225.07445,2.32922021736679,10.2699300967262,,TRUE,25,1.6094379124341
newbedford,418,ma,ecjones,ecjones,ecjones,39,14,0,congress,339,23,49,5,6,51,1102,1149,9000,,6,,ind,0,mendallnh,0,0,0,,,0,FALSE,FALSE,26,3.29583686600433,0,FALSE,25,2.8083,0.7599,133678.0179,140517.1179,2.80820866367312,16.5801909026549,,FALSE,36,1.79175946922806
newbedford,418,ma,ecjones,ecjones,ecjones,39,14,0,gov troup,430,33,47,8,5,50,492,3161,52700,0,7,,np,0,coggeshallf,0,0,0,,,1,FALSE,FALSE,14,2.70805020110221,0,FALSE,33,2.4582,0.6599,137668.6836,172445.4136,2.49754325232229,12.1526013812544,,FALSE,49,1.94591014905531
newbedford,418,ma,ecjones,ecjones,ecjones,39,14,0,iris,311,9,47,6,1,50,1541,324,1300,,3,,ind,0,weeksw,2,0,0,,,0,FALSE,TRUE,38,3.66356164612965,0,FALSE,31,2.4582,0.6599,129530.7153,130388.5853,2.60449427193586,13.5243839124572,,TRUE,9,1.09861228866811
newbedford,418,ma,ecjones,ecjones,ecjones,39,14,0,milo,398,11,49,8,7,51,331,2826,32400,,4,,ind,0,soulegh,0,0,0,,,0,FALSE,FALSE,38,3.66356164612965,0,FALSE,23,2.8083,0.7599,118299.73995,142920.49995,2.74809758902847,15.6129014583789,,FALSE,16,1.38629436111989
newbedford,418,ma,ecjones,ecjones,ecjones,39,14,0,roman,374,35,47,11,8,51,2335,52,0,0,5,,pac,0,wilbers,3,0,0,,,1,FALSE,TRUE,12,2.56494935746154,0,FALSE,45,2.8083,0.7599,208195.48575,208195.48575,2.51531446546643,12.3704982620321,,TRUE,25,1.6094379124341
newbedford,418,ma,edunbar,edunbar,edunbar,35,0,0,florida,329,27,36,5,4,38,604,1583,0,1,4,,atl,0,maxfieldr,3,0,0,,,0,TRUE,TRUE,9,2.30258509299405,0,FALSE,23,2.6875,0.625,100996.875,100996.875,2.59129288805615,13.3470166512488,,FALSE,16,1.38629436111989
newbedford,418,ma,edunbar,edunbar,edunbar,35,0,0,florida,329,27,38,7,2,40,539,2250,0,,4,,atl,0,maxfielde,5,0,0,3,,0,TRUE,TRUE,11,2.484906649788,0,FALSE,19,3.3333,0.6333,127469.43405,127469.43405,3.01513515196709,20.3918467525196,,FALSE,16,1.38629436111989
newbedford,418,ma,edunbar,edunbar,edunbar,35,0,0,roman,374,35,35,11,4,39,2993,0,0,0,7,,pac,0,joyrm,6,0,0,,,1,FALSE,TRUE,0,0,0,FALSE,41,2.9167,0.5,274985.01765,274985.01765,2.88664402977298,17.933025802139,,TRUE,49,1.94591014905531
newbedford,418,ma,ewhowland,ewhowland,ewhowland,43,0,0,lucas,281,28,43,7,,,,,,,6,,ind,1,bordenp,0,0,0,,,0,FALSE,FALSE,15,2.77258872223978,0,FALSE,,0,0,,,,,,,36,1.79175946922806
newbedford,418,ma,geohowland,geohowland,geohowland,18,19,0,annalexander,211,5,32,8,12,35,1880,17,0,0,2,0.5,pac,0,shepherdj,0,0,0,,22,1,FALSE,FALSE,27,3.3322045101752,0,FALSE,40,2.1538,0.5385,128083.536,128083.536,2.71970036744467,15.1757744075829,0.104265402843602,TRUE,4,0.693147180559945
newbedford,418,ma,geohowland,geohowland,geohowland,18,19,0,annalexander,211,5,36,5,4,37,131,1406,12230,0,2,0.5,atl,0,baileyjajr,0,0,0,5,,0,TRUE,FALSE,31,3.46573590279973,0,FALSE,11,2.3571,0.5714,54015.57315,61003.79515,3.26893795051947,26.2834102326583,,FALSE,4,0.693147180559945
newbedford,418,ma,geohowland,geohowland,geohowland,18,19,0,annalexander,211,5,37,7,4,38,69,1446,0,0,2,0.5,ind,0,baileyjajr,1,0,0,3,,0,FALSE,TRUE,32,3.49650756146648,0,FALSE,9,2.6875,0.625,51390.28125,51390.28125,3.29812164201365,27.061759478673,,FALSE,4,0.693147180559945
newbedford,418,ma,geohowland,geohowland,geohowland,18,19,0,annalexander,211,5,38,8,8,41,1900,0,0,0,2,0.5,pac,0,dorninjb,1,0,0,4,,1,FALSE,TRUE,33,3.52636052461616,0,FALSE,36,2.9375,0.625,175809.375,175809.375,3.14177851852422,23.1449940758294,,TRUE,4,0.693147180559945
newbedford,418,ma,geohowland,geohowland,geohowland,18,19,0,annalexander,211,5,41,10,6,45,1700,0,0,0,2,0.5,pac,0,taberpjr,0,0,0,2,24,1,FALSE,FALSE,36,3.61091791264422,0,FALSE,44,2.6667,1.0303,142801.785,142801.785,2.73316506141517,15.3814934295562,0.113744075829384,TRUE,4,0.693147180559945
newbedford,418,ma,geohowland,geohowland,geohowland,18,19,0,annalexander,211,5,45,11,11,49,1243,12,0,0,2,0.5,pac,0,satwellif,0,0,0,5,27,1,FALSE,FALSE,40,3.71357206670431,0,FALSE,48,2.7287,0.5842,107218.88415,107218.88415,2.35956852583653,10.5863827162322,0.127962085308057,TRUE,4,0.693147180559945
newbedford,418,ma,geohowland,geohowland,geohowland,18,19,0,corinthian,401,23,35,11,2,39,3025,0,0,0,3,0.5,pac,0,crowelll,0,0,0,,,1,FALSE,FALSE,12,2.56494935746154,0,FALSE,39,2.9167,0.5,277925.05125,277925.05125,2.87758368306785,17.7712802129292,,TRUE,9,1.09861228866811
newbedford,418,ma,geohowland,geohowland,geohowland,18,19,0,corinthian,401,23,39,6,8,43,2600,100,0,0,4,0.5,pac,0,paddackjjr,2,0,0,4,,1,FALSE,TRUE,16,2.83321334405622,0,FALSE,50,1.8529,0.9444,154902.51,154902.51,2.04456679754154,7.72581097256858,,TRUE,16,1.38629436111989
newbedford,418,ma,geohowland,geohowland,geohowland,18,19,0,corinthian,401,23,43,11,5,47,2700,0,0,0,3,0.5,pac,0,munkleyj,0,0,0,3,,1,FALSE,FALSE,20,3.04452243772342,0,FALSE,42,2.7986,0.8611,238020.93,238020.93,2.64848284437355,14.1325810473815,,TRUE,9,1.09861228866811
newbedford,418,ma,geohowland,geohowland,geohowland,18,19,0,cortes,382,20,30,12,4,34,2470,0,0,,3,0.5625,pac,0,holwayd,0,0,0,,,1,FALSE,FALSE,10,2.39789527279837,0,FALSE,40,2.6363,0.7636,205117.3215,205117.3215,2.59703733169884,13.4239084751309,,TRUE,9,1.09861228866811
newbedford,418,ma,geohowland,geohowland,geohowland,18,19,0,cortes,382,20,34,7,11,37,2320,0,0,,3,0.5625,pac,0,bunkera,0,0,0,3,,1,FALSE,FALSE,14,2.70805020110221,0,FALSE,40,2.3571,0.5714,172256.868,172256.868,2.42244199763918,11.2733552356021,,TRUE,9,1.09861228866811
newbedford,418,ma,geohowland,geohowland,geohowland,18,19,0,cortes,382,20,38,4,4,42,2230,0,0,,3,0.5625,pac,0,gardnere,3,0,0,5,,1,FALSE,TRUE,18,2.94443897916644,0,FALSE,48,2.1471,0.6765,150823.0395,150823.0395,2.10724088520181,8.22551480693717,,TRUE,9,1.09861228866811
newbedford,418,ma,geohowland,geohowland,geohowland,18,19,0,geo&susan,356,10,30,1,7,33,2150,0,0,0,2,0.666666686534882,pac,0,gardnere,1,0,0,,,1,FALSE,TRUE,20,3.04452243772342,0,FALSE,42,3.2692,0.5,221406.57,221406.57,2.69515562447773,14.8078230337079,,TRUE,4,0.693147180559945
newbedford,418,ma,geohowland,geohowland,geohowland,18,19,0,geo&susan,356,10,33,10,6,37,2402,0,0,0,2,0.666666686534882,pac,0,gardnere,2,0,0,3,,1,FALSE,TRUE,23,3.17805383034795,0,FALSE,44,2.3571,0.5714,178345.2573,178345.2573,2.43235623356897,11.3856778153728,,TRUE,4,0.693147180559945
newbedford,418,ma,geohowland,geohowland,geohowland,18,19,0,geo&susan,356,10,37,11,5,41,2906,0,0,0,2,0.666666686534882,pac,0,cushmanac,0,1,0,5,,1,FALSE,FALSE,27,3.3322045101752,1,FALSE,42,2.9375,0.625,268895.8125,268895.8125,2.88947892029669,17.9839360955056,,TRUE,4,0.693147180559945
newbedford,418,ma,geohowland,geohowland,geohowland,18,19,0,geo&susan,356,10,41,10,7,45,1608,0,0,,2,,pac,0,howlanda,0,0,0,5,,1,FALSE,FALSE,31,3.46573590279973,0,FALSE,45,2.6667,1.0303,135073.6884,135073.6884,2.13198252788175,8.43156606741573,,TRUE,4,0.693147180559945
newbedford,418,ma,geohowland,geohowland,geohowland,18,19,0,geo&susan,356,10,45,10,7,48,150,2600,12000,,2,,np,0,taberpjr,1,0,0,3,,1,FALSE,TRUE,35,3.58351893845611,0,FALSE,33,3.0303,0.7575,96218.1675,105308.1675,2.19320796689818,8.9639230081716,,FALSE,4,0.693147180559945
newbedford,418,ma,geohowland,geohowland,geohowland,18,19,0,geohowland,373,34,34,12,1,38,2833,0,0,0,1,,pac,0,taberjjr,1,0,0,,,1,FALSE,TRUE,0,0,0,FALSE,37,2.6875,0.625,239831.15625,239831.15625,2.85519410682785,17.3778100318817,,TRUE,1,0
newbedford,418,ma,geohowland,geohowland,geohowland,18,19,0,geohowland,373,34,38,3,10,41,1994,27,0,0,1,,pac,0,weekss,0,0,0,2,,1,FALSE,FALSE,4,1.6094379124341,0,FALSE,43,2.9375,0.625,185357.8125,185357.8125,2.44726482233973,11.556693840015,,TRUE,1,0
newbedford,418,ma,geohowland,geohowland,geohowland,18,19,0,geohowland,373,34,42,5,11,45,2500,0,0,0,2,,pac,0,cushmanac,1,0,0,7,,1,FALSE,TRUE,8,2.19722457733622,0,FALSE,42,2.6667,1.0303,210002.625,210002.625,2.5956272716943,13.4049932975871,,TRUE,4,0.693147180559945
newbedford,418,ma,geohowland,geohowland,geohowland,18,19,0,golconda,330,7,36,5,3,39,1509,4,0,0,4,0.5,pac,0,adamsh,0,0,0,,,1,FALSE,FALSE,29,3.40119738166216,0,FALSE,34,2.9167,0.5,138766.95945,138766.95945,2.51509807533275,12.367821697861,,TRUE,16,1.38629436111989
newbedford,418,ma,geohowland,geohowland,geohowland,18,19,0,golconda,330,7,39,12,6,43,1288,0,0,,4,0.5,pac,0,howlandejr,0,0,0,9,,1,FALSE,FALSE,32,3.49650756146648,0,FALSE,42,1.8529,0.9444,75175.8588,75175.8588,1.69082315905822,5.42394363636364,,TRUE,16,1.38629436111989
newbedford,418,ma,geohowland,geohowland,geohowland,18,19,0,golconda,330,7,43,9,6,47,1400,200,0,,4,0.5,pac,0,howlandejr,1,0,0,3,,1,FALSE,TRUE,36,3.61091791264422,0,FALSE,45,2.7986,0.8611,129718.26,129718.26,2.16736500259443,8.73523636363636,,TRUE,16,1.38629436111989
newbedford,418,ma,geohowland,geohowland,geohowland,18,19,0,hope,316,22,32,9,7,35,2712,0,0,,1,,pac,0,smithcg,0,0,0,,,1,FALSE,FALSE,10,2.39789527279837,0,FALSE,34,2.1538,0.5385,183994.8264,183994.8264,2.84056018060144,17.1253561429635,,TRUE,1,0
newbedford,418,ma,geohowland,geohowland,geohowland,18,19,0,hope,316,22,36,7,11,39,1940,50,0,0,1,,pac,0,giffordaa,0,0,0,,,1,FALSE,FALSE,14,2.70805020110221,0,FALSE,40,2.9167,0.5,179814.537,179814.537,2.65505958099604,14.2258336234177,,TRUE,1,0
newbedford,418,ma,geohowland,geohowland,geohowland,18,19,0,hope,316,22,40,4,10,43,1786,30,0,,1,,pac,0,stewartgw,0,0,0,5,,1,FALSE,FALSE,18,2.94443897916644,0,FALSE,42,1.8529,0.9444,105187.3011,105187.3011,2.070086028152,7.92550490506329,,TRUE,1,0
newbedford,418,ma,geohowland,geohowland,geohowland,18,19,0,hope,316,22,43,12,,,,,,,1,,pac,1,tuckera,0,0,0,2,,1,FALSE,FALSE,21,3.09104245335832,0,FALSE,,0,0,,,,,,,1,0
newbedford,418,ma,geohowland,geohowland,geohowland,18,19,0,java,295,18,33,6,3,35,50,1450,0,0,2,,atl,0,hillmanojr,1,0,0,,,0,TRUE,TRUE,15,2.77258872223978,0,FALSE,21,2.1538,0.5385,49067.235,49067.235,2.06944898535891,7.92045762711864,,FALSE,4,0.693147180559945
newbedford,418,ma,geohowland,geohowland,geohowland,18,19,0,java,295,18,35,7,4,37,270,1553,0,0,2,,atl,0,smitho,0,0,0,4,,0,TRUE,FALSE,17,2.89037175789616,0,FALSE,21,2.3571,0.5714,68966.6355,68966.6355,2.40988032909305,11.1326288135593,,FALSE,4,0.693147180559945
newbedford,418,ma,geohowland,geohowland,geohowland,18,19,0,java,295,18,37,7,3,39,431,2019,0,0,2,,ind,0,taberap,1,0,0,3,,0,FALSE,TRUE,19,2.99573227355399,0,FALSE,20,2.9167,0.5,103197.07755,103197.07755,2.86168818342086,17.4910300932203,,FALSE,4,0.693147180559945
newbedford,418,ma,geohowland,geohowland,geohowland,18,19,0,java,295,18,39,5,3,41,330,2172,0,,2,0.625,pac,0,holtjr,0,0,0,2,,1,FALSE,FALSE,21,3.09104245335832,0,FALSE,22,2.9375,0.625,98953.3125,98953.3125,2.72438561727554,15.2470435285054,,FALSE,4,0.693147180559945
newbedford,418,ma,geohowland,geohowland,geohowland,18,19,0,java,295,18,41,6,4,43,182,2250,22500,0,2,0.625,ind,0,shockleyw,0,0,0,3,,0,FALSE,FALSE,23,3.17805383034795,0,FALSE,22,1.8529,0.9444,81497.6757,102746.6757,2.7620039688523,15.8315370878274,,FALSE,4,0.693147180559945
newbedford,418,ma,geohowland,geohowland,geohowland,18,19,0,java,295,18,43,6,4,45,60,2240,25000,,2,0.625,ind,0,shockleyw,1,0,0,2,,0,FALSE,TRUE,25,3.25809653802148,0,FALSE,22,2.6667,1.0303,75600.063,101357.563,2.74839196199285,15.6174981510015,,FALSE,4,0.693147180559945
newbedford,418,ma,gidallen,gidallen,gidallen,30,1,0,bramin,245,16,32,4,2,34,0,2000,0,,5,,atl,0,stewarthn,0,0,0,,,0,TRUE,FALSE,16,2.83321334405622,0,FALSE,22,2.6363,0.7636,63000,63000,2.45858934147063,11.6883116883117,,FALSE,25,1.6094379124341
newbedford,418,ma,gidallen,gidallen,gidallen,30,1,0,bramin,245,16,36,3,9,39,1443,0,0,,5,,pac,0,russellab,0,0,0,,,1,FALSE,FALSE,20,3.04452243772342,0,FALSE,42,2.9167,0.5,132577.14015,132577.14015,2.5559921159849,12.8840758163265,,TRUE,25,1.6094379124341
newbedford,418,ma,gidallen,gidallen,gidallen,30,1,0,bramin,245,16,40,4,8,41,542,122,0,1,3,,atl,0,allenjh,0,0,0,7,,0,TRUE,FALSE,24,3.2188758248682,0,FALSE,16,2.9375,0.625,53994.9375,53994.9375,2.6227986383671,13.77421875,,TRUE,9,1.09861228866811
newbedford,418,ma,gidallen,gidallen,gidallen,30,1,0,bramin,245,16,41,12,8,45,200,800,3650,,3,,pac,0,taberwl,0,1,0,4,,1,FALSE,FALSE,25,3.25809653802148,1,FALSE,44,2.6667,1.0303,42000.21,45760.805,1.44573537321917,4.24497263450835,,FALSE,9,1.09861228866811
newbedford,418,ma,gidallen,gidallen,gidallen,30,1,0,coral,370,19,32,5,5,35,2450,0,0,0,8,,pac,0,whittonwjr,0,0,0,,,1,FALSE,FALSE,13,2.63905732961526,0,FALSE,36,2.1538,0.5385,166219.515,166219.515,2.52404262918862,12.4789425675676,,TRUE,64,2.07944154167984
newbedford,418,ma,gidallen,gidallen,gidallen,30,1,0,coral,370,19,35,8,11,38,2400,14,0,0,7,,pac,0,shearmanhj,0,0,0,3,,1,FALSE,FALSE,16,2.83321334405622,0,FALSE,39,2.6875,0.625,203616,203616,2.6469264942646,14.1106029106029,,TRUE,49,1.94591014905531
newbedford,418,ma,gidallen,gidallen,gidallen,30,1,0,coral,370,19,39,6,9,42,3118,0,0,0,7,,pac,0,shearmanjh,0,0,0,7,,1,FALSE,FALSE,20,3.04452243772342,0,FALSE,39,2.1471,0.6765,210881.7207,210881.7207,2.68198803811192,14.6141178586279,,TRUE,49,1.94591014905531
newbedford,418,ma,gidallen,gidallen,gidallen,30,1,0,coral,370,19,42,11,3,46,1900,1000,11000,1,9,,pac,0,seaburyhw,0,0,0,2,,1,FALSE,FALSE,23,3.17805383034795,0,FALSE,40,2.6037,1.0074,187331.445,198412.845,2.59572275492852,13.4062733108108,,TRUE,81,2.19722457733622
newbedford,418,ma,gidallen,gidallen,gidallen,30,1,0,coral,370,19,46,11,6,50,3350,0,0,1,9,,pac,0,seaburyhw,1,0,0,8,,1,FALSE,TRUE,27,3.3322045101752,0,FALSE,43,2.4582,0.6599,259401.555,259401.555,2.79142942411761,16.3043089252043,,TRUE,81,2.19722457733622
newbedford,418,ma,gidallen,gidallen,gidallen,30,1,0,frances,367,24,33,6,8,36,643,1443,0,1,13,,atl,0,briggsj,5,0,0,,,0,TRUE,TRUE,9,2.30258509299405,0,FALSE,38,2.0227,0.5682,86423.27715,86423.27715,1.82406432218477,6.19699391581816,,FALSE,169,2.56494935746154
newbedford,418,ma,gidallen,gidallen,gidallen,30,1,0,frances,367,24,36,12,6,40,1071,409,0,1,13,,pac,0,briggsj,6,0,0,4,,1,FALSE,TRUE,12,2.56494935746154,0,FALSE,42,3.3333,0.6333,125337.37545,125337.37545,2.09573291777678,8.13139843324251,,TRUE,169,2.56494935746154
newbedford,418,ma,gidallen,gidallen,gidallen,30,1,0,frances,367,24,40,7,2,45,300,1200,28036,1,9,,pac,0,husseywa,2,0,0,1,,1,FALSE,TRUE,16,2.83321334405622,0,FALSE,55,2.6667,1.0303,63000.315,91885.8058,1.51560681046175,4.55218260094129,,FALSE,81,2.19722457733622
newbedford,418,ma,gidallen,gidallen,gidallen,30,1,0,frances,368,24,45,8,,,,,,,8,,np,1,taberrjr,0,0,0,6,,1,FALSE,FALSE,21,3.09104245335832,0,FALSE,,0,0,,,,,,,64,2.07944154167984
newbedford,418,ma,gidallen,gidallen,gidallen,30,1,0,milwood,253,6,38,5,3,40,86,1324,0,0,9,,atl,0,spoonerj,13,0,0,,,0,TRUE,TRUE,32,3.49650756146648,0,FALSE,22,3.3333,0.6333,50735.9097,50735.9097,2.20995727488938,9.11532693136903,,FALSE,81,2.19722457733622
newbedford,418,ma,gidallen,gidallen,gidallen,30,1,0,milwood,253,6,40,5,5,42,274,1500,0,0,9,,atl,0,churchcp,0,0,0,2,,0,TRUE,FALSE,34,3.55534806148941,0,FALSE,24,2.1471,0.6765,65781.6201,65781.6201,2.38265242943088,10.8336001482213,,FALSE,81,2.19722457733622
newbedford,418,ma,gidallen,gidallen,gidallen,30,1,0,milwood,253,6,42,6,6,44,150,1650,12000,0,9,,ind,0,luceac,0,0,0,1,,0,FALSE,FALSE,36,3.61091791264422,0,FALSE,24,2.4472,1.0922,63538.02,76644.42,2.53548876414012,12.6225988142293,,FALSE,81,2.19722457733622
newbedford,418,ma,grthornton,grthornton,grthornton,35,0,0,ceres,373,11,35,5,4,37,341,2178,0,0,9,,ind,0,barkerjs,1,0,0,,,0,FALSE,TRUE,24,3.2188758248682,0,FALSE,23,2.3571,0.5714,93925.78965,93925.78965,2.39318764207368,10.9483377608113,,FALSE,81,2.19722457733622
newbedford,418,ma,grthornton,grthornton,grthornton,35,0,0,ceres,373,11,37,10,,,,,,,11,,ind,1,tobeyg,4,0,0,6,,0,FALSE,TRUE,26,3.29583686600433,0,FALSE,,0,0,,,,,,,121,2.39789527279837
newbedford,418,ma,grthornton,grthornton,grthornton,35,0,0,messenger,277,5,37,5,3,39,500,1527,0,0,8,,atl,0,kendrickl,0,1,0,,,0,TRUE,FALSE,32,3.49650756146648,1,FALSE,22,2.9167,0.5,94038.525,94038.525,2.73639985817037,15.4313299967181,,FALSE,64,2.07944154167984
newbedford,418,ma,htaber,htaber,htaber,34,1,0,goodreturn,376,27,36,5,4,38,367,2168,0,0,8,,atl,0,howlandw,5,0,0,,,0,TRUE,TRUE,9,2.30258509299405,0,FALSE,23,2.6875,0.625,99360.84375,99360.84375,2.44143002966003,11.4894592680389,,FALSE,64,2.07944154167984
newbedford,418,ma,htaber,htaber,htaber,34,1,0,goodreturn,376,27,39,5,8,41,215,3130,0,,8,,pac,0,taberjs,0,0,0,,,1,FALSE,FALSE,12,2.56494935746154,0,FALSE,27,2.9375,0.625,118489.21875,118489.21875,2.45715124501142,11.6715148492908,,FALSE,64,2.07944154167984
newbedford,418,ma,htaber,htaber,htaber,34,1,0,goodreturn,376,27,41,10,5,44,100,3000,0,1,7,,pac,0,taberjs,1,0,0,2,,1,FALSE,TRUE,14,2.70805020110221,0,FALSE,31,2.4472,1.0922,102208.68,102208.68,2.17119553677707,8.76876115305422,,FALSE,49,1.94591014905531
newbedford,418,ma,htaber,htaber,htaber,34,1,0,goodreturn,376,27,44,7,10,47,150,2850,27000,1,9,,np,0,swiftjjr,2,0,0,2,,1,FALSE,TRUE,17,2.89037175789616,0,FALSE,39,2.7986,0.8611,102998.385,126248.085,2.15285338918619,8.6093893207856,,FALSE,81,2.19722457733622
newbedford,418,ma,ihbartlett,ihbartlett,ihbartlett,33,0,0,cantonpacket,274,36,41,12,2,45,2100,0,0,1,14,,pac,0,shearmanh,4,0,0,,,1,FALSE,TRUE,5,1.79175946922806,0,FALSE,38,2.6667,1.0303,176402.205,176402.205,2.82980765636225,16.9422017864003,,TRUE,196,2.63905732961526
newbedford,418,ma,ihbartlett,ihbartlett,ihbartlett,33,0,0,cantonpacket,274,36,45,10,10,49,1747,87,500,1,14,,pac,1,shearmanh,5,0,0,8,,1,FALSE,TRUE,9,2.30258509299405,0,FALSE,48,2.7287,0.5842,152902.22535,153194.32535,2.4551333775103,11.6479870247871,,TRUE,196,2.63905732961526
newbedford,418,ma,ihbartlett,ihbartlett,ihbartlett,33,0,0,cora,220,25,33,9,2,37,1720,0,0,0,3,,pac,0,hinckleyem,0,0,0,,,1,FALSE,FALSE,8,2.19722457733622,0,FALSE,41,2.3571,0.5714,127707.678,127707.678,2.65029955245017,14.1582791574279,,TRUE,9,1.09861228866811
newbedford,418,ma,ihbartlett,ihbartlett,ihbartlett,33,0,0,cora,220,25,37,5,3,39,251,1036,6400,1,9,,atl,0,shearmanh,2,0,0,3,,0,TRUE,TRUE,12,2.56494935746154,0,FALSE,22,2.9167,0.5,55694.88855,58894.88855,2.49883958432962,12.1683654028926,,FALSE,81,2.19722457733622
newbedford,418,ma,ihbartlett,ihbartlett,ihbartlett,33,0,0,cora,220,25,39,5,5,41,351,1514,0,1,9,,pac,0,shearmanh,3,0,0,2,,1,FALSE,TRUE,14,2.70805020110221,0,FALSE,24,2.9375,0.625,80169.46875,80169.46875,2.72021665577114,15.1836115056818,,FALSE,81,2.19722457733622
newbedford,418,ma,ihbartlett,ihbartlett,ihbartlett,33,0,0,cora,220,25,41,9,11,45,500,500,4000,0,7,,pac,0,bakera,0,0,0,4,,1,FALSE,FALSE,16,2.83321334405622,0,FALSE,50,2.6667,1.0303,57750.525,61871.725,1.72716801739675,5.62470227272727,,FALSE,49,1.94591014905531
newbedford,418,ma,ihowlandjr,ihowlandjr,ihowlandjr,18,20,0,america,418,22,35,10,4,38,911,2205,0,1,6,,ind,0,gifforde,2,0,0,,,0,FALSE,TRUE,13,2.63905732961526,0,FALSE,30,2.6875,0.625,146579.34375,146579.34375,2.45864334220554,11.6889428827751,,FALSE,36,1.79175946922806
newbedford,418,ma,ihowlandjr,ihowlandjr,ihowlandjr,18,20,0,america,418,22,38,7,5,40,530,3879,0,1,6,,ind,0,colej,3,0,0,3,,0,FALSE,TRUE,16,2.83321334405622,0,FALSE,22,3.3333,0.6333,177837.9435,177837.9435,2.96210409892296,19.3386193453676,,FALSE,36,1.79175946922806
newbedford,418,ma,ihowlandjr,ihowlandjr,ihowlandjr,18,20,0,america,418,22,40,7,9,42,330,4484,45000,,6,,ind,0,fisherak,4,0,0,2,,0,FALSE,TRUE,18,2.94443897916644,0,FALSE,26,2.1471,0.6765,163565.1045,194007.6045,2.8820746651846,17.8512701969084,,FALSE,36,1.79175946922806
newbedford,418,ma,ihowlandjr,ihowlandjr,ihowlandjr,18,20,0,america,418,22,43,6,7,45,400,4200,43000,,6,,ind,0,fisherak,5,0,0,9,34,0,FALSE,TRUE,21,3.09104245335832,0,FALSE,25,2.6667,1.0303,165900.42,210203.32,3.00147327438875,20.1151502392345,0.0813397129186603,FALSE,36,1.79175946922806
newbedford,418,ma,ihowlandjr,ihowlandjr,ihowlandjr,18,20,0,america,418,22,48,10,4,51,430,3620,56400,0,6,,np,0,adamsjs,2,0,0,,31,1,FALSE,TRUE,26,3.29583686600433,0,FALSE,30,2.8083,0.7599,152068.4235,194926.7835,2.74370048362198,15.5444005980861,0.0741626794258373,FALSE,36,1.79175946922806
newbedford,418,ma,ihowlandjr,ihowlandjr,ihowlandjr,18,20,0,batthol gosnold,356,32,47,6,4,51,1871,435,0,0,4,,ind,0,taberrjr,1,0,0,,,0,FALSE,TRUE,15,2.77258872223978,0,FALSE,46,2.8083,0.7599,179213.87295,179213.87295,2.392763065201,10.943690336468,,TRUE,16,1.38629436111989
newbedford,418,ma,ihowlandjr,ihowlandjr,ihowlandjr,18,20,0,califonia,398,42,42,5,3,46,3000,0,0,0,8,,pac,0,lawrencegjr,1,0,0,,,1,FALSE,TRUE,0,0,0,FALSE,46,2.6037,1.0074,246049.65,246049.65,2.59819522204447,13.4394608914136,,TRUE,64,2.07944154167984
newbedford,418,ma,ihowlandjr,ihowlandjr,ihowlandjr,18,20,0,califonia,398,42,46,8,1,49,400,2600,12000,,6,,np,0,fisherc,7,1,0,5,,1,FALSE,TRUE,4,1.6094379124341,1,FALSE,29,2.7287,0.5842,116281.62,123292.02,2.36856313159243,10.6820325766765,,FALSE,36,1.79175946922806
newbedford,418,ma,ihowlandjr,ihowlandjr,ihowlandjr,18,20,0,califonia,398,42,49,8,3,51,47,2995,44500,0,6,,np,0,adamsch,1,0,0,7,,1,FALSE,TRUE,7,2.07944154167984,0,FALSE,19,2.8083,0.7599,98500.18815,132315.73815,2.86205531662711,17.4974528101031,,FALSE,36,1.79175946922806
newbedford,418,ma,ihowlandjr,ihowlandjr,ihowlandjr,18,20,0,dartmouth,336,33,44,8,8,47,500,2100,10000,,6,,pac,0,uphamw,2,0,0,,,1,FALSE,TRUE,11,2.484906649788,0,FALSE,36,2.7986,0.8611,110227.95,118838.95,2.28489439570924,9.82464864417989,,FALSE,36,1.79175946922806
newbedford,418,ma,ihowlandjr,ihowlandjr,ihowlandjr,18,20,0,dartmouth,336,33,48,6,3,51,180,3047,37000,0,5,,np,0,pierceaw,0,0,0,10,,1,FALSE,FALSE,15,2.77258872223978,0,FALSE,33,2.8083,0.7599,111903.561,140019.861,2.53592083438569,12.6280538419913,,FALSE,25,1.6094379124341
newbedford,418,ma,ihowlandjr,ihowlandjr,ihowlandjr,18,20,0,gideonhowland,378,31,38,12,6,42,2765,0,0,,7,,pac,0,bakerm,0,0,0,,,1,FALSE,FALSE,7,2.07944154167984,0,FALSE,42,2.1471,0.6765,187007.04225,187007.04225,2.46633774031559,11.7792291666667,,TRUE,49,1.94591014905531
newbedford,418,ma,ihowlandjr,ihowlandjr,ihowlandjr,18,20,0,gideonhowland,379,31,44,12,4,47,165,2950,27000,0,7,,np,0,mayhewj,2,0,0,,,1,FALSE,TRUE,13,2.63905732961526,0,FALSE,28,2.7986,0.8611,107470.7235,130720.4235,2.51107543458003,12.318170326046,,FALSE,49,1.94591014905531
newbedford,418,ma,ihowlandjr,ihowlandjr,ihowlandjr,18,20,0,gideonhowland,379,31,47,7,4,50,180,3133,34500,,7,,np,0,cashw,1,0,0,3,,1,FALSE,TRUE,16,2.83321334405622,0,FALSE,33,2.4582,0.6599,112627.494,135394.044,2.38190088376074,10.8254612616935,,FALSE,49,1.94591014905531
newbedford,418,ma,ihowlandjr,ihowlandjr,ihowlandjr,18,20,0,logan,302,26,38,11,3,42,2744,0,0,,5,,pac,0,briggslj,1,0,0,,,1,FALSE,TRUE,12,2.56494935746154,0,FALSE,40,2.1471,0.6765,185586.7356,185586.7356,2.73197115761908,15.3631403642384,,TRUE,25,1.6094379124341
newbedford,418,ma,ihowlandjr,ihowlandjr,ihowlandjr,18,20,0,logan,302,26,42,3,2,44,25,2500,22000,,5,,ind,0,stottw,0,0,0,0,,0,FALSE,FALSE,16,2.83321334405622,0,FALSE,23,2.4472,1.0922,80677.17,104705.57,2.71298636175752,15.0742254534984,,FALSE,25,1.6094379124341
newbedford,418,ma,ihowlandjr,ihowlandjr,ihowlandjr,18,20,0,logan,302,26,44,5,5,47,200,1600,15000,,5,,pac,0,gardnercb,1,0,0,3,,1,FALSE,TRUE,18,2.94443897916644,0,FALSE,36,2.7986,0.8611,68031.18,80947.68,2.00761234319764,7.44551876379691,,FALSE,25,1.6094379124341
newbedford,418,ma,ihowlandjr,ihowlandjr,ihowlandjr,18,20,0,mary,287,20,36,9,3,38,162,2066,0,,7,,atl,0,lucewsec,0,0,0,,,0,TRUE,FALSE,16,2.83321334405622,0,FALSE,18,2.6875,0.625,78793.3125,78793.3125,2.72472943183753,15.2522865853659,,FALSE,49,1.94591014905531
newbedford,418,ma,ihowlandjr,ihowlandjr,ihowlandjr,18,20,0,mary,287,20,38,6,10,39,910,1318,0,0,6,,ind,0,blackj,0,0,0,3,,0,FALSE,FALSE,18,2.94443897916644,0,FALSE,16,2.9167,0.5,125124.2055,125124.2055,3.30499122894761,27.2483025914634,,FALSE,36,1.79175946922806
newbedford,418,ma,ihowlandjr,ihowlandjr,ihowlandjr,18,20,0,mercury,339,22,31,9,5,33,2600,0,0,,9,,pac,0,swainw,2,0,0,,,1,FALSE,TRUE,9,2.30258509299405,0,FALSE,20,3.2692,0.5,267747.48,267747.48,3.67606719556656,39.4907787610619,,TRUE,81,2.19722457733622
newbedford,418,ma,ihowlandjr,ihowlandjr,ihowlandjr,18,20,0,mercury,339,22,33,12,12,36,2250,0,0,0,9,,pac,0,haskellfd,1,0,0,7,,1,FALSE,TRUE,11,2.484906649788,0,FALSE,36,2.0227,0.5682,143358.8625,143358.8625,2.46358724777041,11.746875,,TRUE,81,2.19722457733622
newbedford,418,ma,ihowlandjr,ihowlandjr,ihowlandjr,18,20,0,mercury,339,22,37,6,10,40,2538,0,0,0,9,,pac,0,haskellfd,2,0,0,6,,1,FALSE,TRUE,15,2.77258872223978,0,FALSE,40,3.3333,0.6333,266487.3351,266487.3351,2.97820243688747,19.652458340708,,TRUE,81,2.19722457733622
newbedford,418,ma,ihowlandjr,ihowlandjr,ihowlandjr,18,20,0,mercury,339,22,41,5,8,44,1600,0,0,,9,,pac,0,haskellfd,3,0,0,7,,1,FALSE,TRUE,19,2.99573227355399,0,FALSE,39,2.4472,1.0922,123338.88,123338.88,2.23312921440392,9.32901293396869,,TRUE,81,2.19722457733622
newbedford,418,ma,ihowlandjr,ihowlandjr,ihowlandjr,18,20,0,minervasmyth,335,9,40,1,12,43,1743,0,0,,4,,pac,0,brownells,1,0,0,,,1,FALSE,TRUE,31,3.46573590279973,0,FALSE,47,1.8529,0.9444,101732.54805,101732.54805,1.86582443712272,6.46126059383931,,TRUE,16,1.38629436111989
newbedford,418,ma,ihowlandjr,ihowlandjr,ihowlandjr,18,20,0,minervasmyth,335,9,44,1,9,45,156,2150,24000,,4,,pac,0,fisherjjr,0,0,0,1,,1,FALSE,FALSE,35,3.58351893845611,0,FALSE,20,2.6667,1.0303,80829.1638,105556.3638,2.75713753788476,15.7546811641791,,FALSE,16,1.38629436111989
newbedford,418,ma,ihowlandjr,ihowlandjr,ihowlandjr,18,20,0,minervasmyth,335,9,45,10,4,48,200,2700,29000,,4,,pac,0,crockerf,0,0,0,1,,1,FALSE,FALSE,36,3.61091791264422,0,FALSE,30,3.0303,0.7575,104140.89,126108.39,2.5295691407489,12.5480985074627,,FALSE,16,1.38629436111989
newbedford,418,ma,ihowlandjr,ihowlandjr,ihowlandjr,18,20,0,richmond,291,16,31,8,1,35,2000,0,0,,7,,pac,0,tuckerj,0,0,0,,,1,FALSE,FALSE,15,2.77258872223978,0,FALSE,41,2.1538,0.5385,135689.4,135689.4,2.43122839541051,11.3728438521499,,TRUE,49,1.94591014905531
newbedford,418,ma,ihowlandjr,ihowlandjr,ihowlandjr,18,20,0,waverly,327,35,49,7,4,51,157,2295,34100,0,3,,pac,0,neilgf,1,0,0,,,1,FALSE,TRUE,14,2.70805020110221,0,FALSE,21,2.8083,0.7599,86180.94765,112093.53765,2.79260635069579,16.3235091961555,,FALSE,9,1.09861228866811
newbedford,418,ma,ihowlandjr,ihowlandjr,ihowlandjr,18,20,0,wmhamilton,463,34,34,5,8,37,4008,0,0,1,8,,pac,0,swainw,3,0,0,,,1,FALSE,TRUE,0,0,0,FALSE,39,2.3571,0.5714,297588.5892,297588.5892,2.80217853824816,16.4805111148031,,TRUE,64,2.07944154167984
newbedford,418,ma,ihowlandjr,ihowlandjr,ihowlandjr,18,20,0,wmhamilton,463,34,38,5,5,42,2156,0,0,1,8,,pac,0,swainw,4,0,0,9,,1,FALSE,TRUE,4,1.6094379124341,0,FALSE,48,2.1471,0.6765,145818.1494,145818.1494,1.88118750729687,6.56129181965443,,TRUE,64,2.07944154167984
newbedford,418,ma,ihowlandjr,ihowlandjr,ihowlandjr,18,20,0,wmhamilton,463,34,42,8,4,45,70,4000,23000,1,8,,np,0,colej,4,0,0,3,,1,FALSE,TRUE,8,2.19722457733622,0,FALSE,32,2.6667,1.0303,131880.0735,155576.9735,2.35143293767107,10.500605662797,,FALSE,64,2.07944154167984
newbedford,418,ma,ihowlandjr,ihowlandjr,ihowlandjr,18,20,0,wmhamilton,463,34,45,7,1,48,120,4000,15000,,8,,np,0,fisherl,2,0,0,3,,1,FALSE,TRUE,11,2.484906649788,0,FALSE,30,3.0303,0.7575,137454.534,148817.034,2.37154843488734,10.7139693304536,,FALSE,64,2.07944154167984
newbedford,418,ma,ihowlandjr,ihowlandjr,ihowlandjr,18,20,0,wmhamilton,463,34,48,6,2,50,197,3570,31000,,7,,np,0,shockleyha,4,0,0,5,,1,FALSE,TRUE,14,2.70805020110221,0,FALSE,20,2.4582,0.6599,127709.3601,148166.2601,2.77263097364199,16.0006760367171,,FALSE,49,1.94591014905531
newbedford,418,ma,japarker,japarker,japarker,18,8,0,alexander,421,21,46,6,2,48,400,2400,25000,,1,,pac,0,reynardrp,2,0,0,,29,1,FALSE,TRUE,25,3.25809653802148,0,FALSE,20,3.0303,0.7575,113781.78,132719.28,2.75762639265845,15.7623847980998,0.0688836104513064,FALSE,1,0
newbedford,418,ma,japarker,japarker,japarker,18,8,0,alexbarclay,465,27,37,12,11,39,0,4500,0,,3,0.625,ind,0,nortonta,1,0,0,,,0,FALSE,TRUE,10,2.39789527279837,0,FALSE,23,2.9167,0.5,141750,141750,2.58428860007349,13.2538569424965,,FALSE,9,1.09861228866811
newbedford,418,ma,japarker,japarker,japarker,18,8,0,amethyst,359,23,32,9,12,35,1880,0,0,0,3,0.625,pac,0,fisherj,3,0,1,,25,1,FALSE,TRUE,9,2.30258509299405,1,FALSE,39,2.1538,0.5385,127548.036,127548.036,2.2093642909503,9.10992329119349,0.0696378830083566,TRUE,9,1.09861228866811
newbedford,418,ma,japarker,japarker,japarker,18,8,0,amethyst,359,23,36,8,3,38,733,1482,0,1,4,0.625,atl,0,howlandw,5,1,0,8,,0,TRUE,TRUE,13,2.63905732961526,1,FALSE,19,2.6875,0.625,108736.03125,108736.03125,2.76891712477016,15.9413621536432,,FALSE,16,1.38629436111989
newbedford,418,ma,japarker,japarker,japarker,18,8,0,amethyst,359,23,38,3,3,40,18,2734,0,0,3,0.625,ind,0,reynardo,0,0,0,0,,0,FALSE,FALSE,15,2.77258872223978,0,FALSE,24,3.3333,0.6333,88010.9811,88010.9811,2.32384065206636,10.2148306754875,,FALSE,9,1.09861228866811
newbedford,418,ma,japarker,japarker,japarker,18,8,0,amethyst,359,23,40,5,4,42,769,2185,15000,1,4,0.625,ind,0,blackj,1,0,0,2,,0,FALSE,TRUE,17,2.89037175789616,0,FALSE,23,2.1471,0.6765,120837.77685,130985.27685,2.76402360099156,15.8635432784304,,FALSE,16,1.38629436111989
newbedford,418,ma,japarker,japarker,japarker,18,8,0,amethyst,359,23,42,10,2,44,55,2800,34000,0,4,0.625,ind,0,reynardr,0,0,0,6,29,0,FALSE,FALSE,19,2.99573227355399,0,FALSE,16,2.4472,1.0922,92439.774,129574.574,3.11610074465321,22.5582475626741,0.0807799442896936,FALSE,16,1.38629436111989
newbedford,418,ma,japarker,japarker,japarker,18,8,0,amethyst,359,23,44,10,6,46,85,1815,16000,0,4,0.625,np,0,bayliesja,2,0,0,8,29,1,FALSE,TRUE,21,3.09104245335832,0,FALSE,20,2.6037,1.0074,64143.90675,80262.30675,2.41400072233248,11.1785942548747,0.0807799442896936,FALSE,16,1.38629436111989
newbedford,418,ma,japarker,japarker,japarker,18,8,0,amethyst,359,23,46,11,4,50,1806,632,7100,0,3,0.625,pac,0,howesg,0,0,0,5,30,1,FALSE,FALSE,23,3.17805383034795,0,FALSE,41,2.4582,0.6599,159752.5398,164437.8298,2.41339338821329,11.1718071744004,0.0835654596100279,TRUE,9,1.09861228866811
newbedford,418,ma,japarker,japarker,japarker,18,8,0,averick,384,28,38,2,10,39,0,4200,0,1,5,,pac,0,lawrenceg,2,0,0,,,1,FALSE,TRUE,10,2.39789527279837,0,FALSE,20,2.9167,0.5,132300,132300,2.84645252396133,17.2265625,,FALSE,25,1.6094379124341
newbedford,418,ma,japarker,japarker,japarker,18,8,0,averick,384,28,40,8,5,44,2350,250,2000,,5,,pac,0,mickelltjr,0,0,0,10,,1,FALSE,FALSE,12,2.56494935746154,0,FALSE,45,2.4472,1.0922,189028.98,191213.38,2.40384021387247,11.0655891203704,,TRUE,25,1.6094379124341
newbedford,418,ma,japarker,japarker,japarker,18,8,0,averick,384,28,44,8,,,,,,1,6,0.59375,pac,1,reynardrp,1,0,0,3,,1,FALSE,TRUE,16,2.83321334405622,0,FALSE,,0,0,,,,,,,36,1.79175946922806
newbedford,418,ma,japarker,japarker,japarker,18,8,0,lallarook,323,36,36,12,4,37,276,1038,0,1,5,0.625,ind,0,howlandew,0,0,1,,,0,FALSE,FALSE,0,0,1,FALSE,4,2.3571,0.5714,53189.6274,53189.6274,3.71767199829314,41.1684422600619,,FALSE,25,1.6094379124341
newbedford,418,ma,japarker,japarker,japarker,18,8,0,lallarook,323,36,37,6,3,40,1538,996,0,1,6,0.5625,pac,0,bassettjr,1,0,0,2,,1,FALSE,TRUE,1,0.693147180559945,0,FALSE,33,3.3333,0.6333,192862.3851,192862.3851,2.89557229830074,18.0938535603715,,TRUE,36,1.79175946922806
newbedford,418,ma,japarker,japarker,japarker,18,8,0,lallarook,323,36,40,10,8,44,2000,0,0,1,7,0.5625,pac,0,reynardo,1,0,0,7,,1,FALSE,TRUE,4,1.6094379124341,0,FALSE,46,2.4472,1.0922,154173.6,154173.6,2.33954079951648,10.3764705882353,,TRUE,49,1.94591014905531
newbedford,418,ma,japarker,japarker,japarker,18,8,0,parker,406,31,31,10,2,35,3150,0,0,1,5,,pac,0,browncf,1,0,0,,,1,FALSE,TRUE,0,0,0,FALSE,40,2.1538,0.5385,213710.805,213710.805,2.57714638784824,13.1595323275862,,TRUE,25,1.6094379124341
newbedford,418,ma,japarker,japarker,japarker,18,8,0,parker,406,31,39,8,,,,,,,5,0.6875,pac,1,shearmanp,0,0,1,,,1,FALSE,FALSE,8,2.19722457733622,1,FALSE,,0,0,,,,,,,25,1.6094379124341
newbedford,418,ma,japarker,japarker,japarker,18,8,0,phenix,423,10,31,6,7,34,2000,0,0,,2,,pac,0,stetsonc,0,0,0,,,1,FALSE,FALSE,21,3.09104245335832,0,FALSE,37,2.6363,0.7636,166086.9,166086.9,2.36197633264891,10.6119033927545,,TRUE,4,0.693147180559945
newbedford,418,ma,japarker,japarker,japarker,18,8,0,trident,448,5,31,7,6,34,2400,0,0,,5,0.625,pac,0,stetsonph,2,0,0,,,1,FALSE,TRUE,26,3.29583686600433,0,FALSE,35,2.6363,0.7636,199304.28,199304.28,2.54244668722897,12.7107321428571,,TRUE,25,1.6094379124341
newbedford,418,ma,japarker,japarker,japarker,18,8,0,wlm&livp,384,15,33,11,5,37,2725,0,0,0,4,0.625,pac,0,russela,1,1,0,,,1,FALSE,TRUE,18,2.94443897916644,1,FALSE,42,2.3571,0.5714,202327.57125,202327.57125,2.52933113192559,12.5451123046875,,TRUE,16,1.38629436111989
newbedford,418,ma,japarker,japarker,japarker,18,8,0,wlm&livp,384,15,37,11,8,41,2300,0,0,0,4,0.625,pac,0,fostert,1,0,0,6,,1,FALSE,TRUE,22,3.13549421592915,0,FALSE,45,2.9375,0.625,212821.875,212821.875,2.51090578486106,12.3160807291667,,TRUE,16,1.38629436111989
newbedford,418,ma,japarker,japarker,japarker,18,8,0,wlm&livp,384,15,41,12,,,,,,,3,0.625,pac,1,placegj,0,0,0,,,1,FALSE,FALSE,26,3.29583686600433,0,FALSE,,0,0,,,,,,,9,1.09861228866811
newbedford,418,ma,japarker,japarker,japarker,18,8,0,youngfenx,376,22,33,8,8,36,2700,0,0,,3,0.625,pac,0,bassettj,0,0,0,,,1,FALSE,FALSE,11,2.484906649788,0,FALSE,36,2.0227,0.5682,172030.635,172030.635,2.54231976855492,12.7091190159574,,TRUE,9,1.09861228866811
newbedford,418,ma,japarker,japarker,japarker,18,8,0,youngfenx,376,22,36,12,3,40,2397,0,0,1,4,0.8125,pac,0,shearmanjjr,0,0,0,4,,1,FALSE,FALSE,14,2.70805020110221,0,FALSE,39,3.3333,0.6333,251682.48315,251682.48315,2.84277279502237,17.1632899038462,,TRUE,16,1.38629436111989
newbedford,418,ma,japarker,japarker,japarker,18,8,0,youngfenx,376,22,40,12,8,44,2750,0,0,,4,0.875,pac,0,shearmanjjr,1,0,0,9,,1,FALSE,TRUE,18,2.94443897916644,0,FALSE,44,2.4472,1.0922,211988.7,211988.7,2.55050947303861,12.8136303191489,,TRUE,16,1.38629436111989
newbedford,418,ma,jbourne,jbourne,jbourne,36,4,0,lagoda,341,26,41,10,9,43,600,2100,17000,1,5,0.375,pac,0,maxfielde,6,0,0,,,1,FALSE,TRUE,15,2.77258872223978,0,FALSE,23,1.8529,0.9444,101169.81,117224.61,2.70447042380421,14.9463993369884,,FALSE,25,1.6094379124341
newbedford,418,ma,jbourne,jbourne,jbourne,36,4,0,marengo,426,31,48,8,5,51,308,4370,15480,1,8,0.25,np,0,devollza,1,0,0,,,1,FALSE,TRUE,17,2.89037175789616,0,FALSE,33,2.8083,0.7599,164901.1266,176664.3786,2.53106013771972,12.5668216389245,,FALSE,64,2.07944154167984
newbedford,418,ma,jbourne,jbourne,jbourne,36,4,0,newton,283,28,49,7,6,51,87,2019,30400,,7,0.25,pac,0,watsonw,0,0,0,,,1,FALSE,FALSE,21,3.09104245335832,0,FALSE,23,2.8083,0.7599,71294.64615,94395.60615,2.67430869245677,14.5023208096482,,FALSE,49,1.94591014905531
newbedford,418,ma,jbourne,jbourne,jbourne,36,4,0,roscoe,235,21,44,6,3,46,140,1908,18000,,6,0.375,ind,0,bournewn,5,0,0,,,0,FALSE,TRUE,23,3.17805383034795,0,FALSE,21,2.6037,1.0074,71584.317,89717.517,2.90031336139475,18.179841337386,,FALSE,36,1.79175946922806
newbedford,418,ma,jbwood,jbwood,jbwood,41,1,0,navy,356,24,45,8,3,48,25,2500,15000,,5,,ind,0,nortonjw,0,0,0,,,0,FALSE,FALSE,21,3.09104245335832,0,FALSE,31,3.0303,0.7575,81136.36125,92498.86125,2.12603367727675,8.3815568367162,,FALSE,25,1.6094379124341
newbedford,418,ma,jbwood,jbwood,jbwood,41,1,0,science,388,27,44,7,5,47,100,2500,14000,0,8,,np,0,woodwh,0,0,0,,,1,FALSE,FALSE,17,2.89037175789616,0,FALSE,34,2.7986,0.8611,87565.59,99620.99,2.02176230010196,7.55162143723469,,FALSE,64,2.07944154167984
newbedford,418,ma,jirehperry,jirehperry,jirehperry,29,1,0,canton,408,8,31,8,5,34,2800,0,0,0,8,,pac,0,gardnera,5,0,0,,,1,FALSE,TRUE,23,3.17805383034795,0,FALSE,33,2.6363,0.7636,232521.66,232521.66,2.84896392508999,17.2698796791444,,TRUE,64,2.07944154167984
newbedford,418,ma,jirehperry,jirehperry,jirehperry,29,1,0,canton,408,8,34,7,11,37,2627,0,0,,8,,pac,0,gardnera,6,0,0,2,,1,FALSE,TRUE,26,3.29583686600433,0,FALSE,40,2.3571,0.5714,195051.20355,195051.20355,2.48087075686678,11.9516668841912,,TRUE,64,2.07944154167984
newbedford,418,ma,jirehperry,jirehperry,jirehperry,29,1,0,canton,408,8,37,11,8,42,2635,40,0,,8,,pac,0,learyt,0,0,0,0,,1,FALSE,FALSE,29,3.40119738166216,0,FALSE,57,2.1471,0.6765,179474.66775,179474.66775,2.0434709079715,7.71734897445821,,TRUE,64,2.07944154167984
newbedford,418,ma,jirehperry,jirehperry,jirehperry,29,1,0,comrogers,298,17,30,10,3,33,2100,0,0,0,7,,pac,0,grinnellj,2,0,0,,,1,FALSE,TRUE,13,2.63905732961526,0,FALSE,29,3.2692,0.5,216257.58,216257.58,3.21983615971106,25.0240199028003,,TRUE,49,1.94591014905531
newbedford,418,ma,jirehperry,jirehperry,jirehperry,29,1,0,eagle,336,16,33,8,11,36,1596,0,0,1,9,,pac,0,grinnellj,3,0,0,,,1,FALSE,TRUE,17,2.89037175789616,0,FALSE,39,2.0227,0.5682,101689.2198,101689.2198,2.0490037703254,7.76016634615385,,TRUE,81,2.19722457733622
newbedford,418,ma,jirehperry,jirehperry,jirehperry,29,1,0,eagle,336,16,37,4,4,40,2214,0,0,0,7,,pac,0,coffineh,0,0,0,5,,1,FALSE,FALSE,21,3.09104245335832,0,FALSE,36,3.3333,0.6333,232467.6753,232467.6753,2.95587636495679,19.2185578125,,TRUE,49,1.94591014905531
newbedford,418,ma,jirehperry,jirehperry,jirehperry,29,1,0,eagle,336,16,40,9,9,44,1700,0,0,0,7,,pac,0,coffineh,1,0,0,5,,1,FALSE,TRUE,24,3.2188758248682,0,FALSE,48,2.4472,1.0922,131047.56,131047.56,2.09500341885936,8.12546875,,TRUE,49,1.94591014905531
newbedford,418,ma,jirehperry,jirehperry,jirehperry,29,1,0,eagle,336,16,44,12,1,49,2050,50,0,,7,,pac,0,woodw,4,0,0,3,,1,FALSE,TRUE,28,3.36729582998647,0,FALSE,49,2.7287,0.5842,177780.8025,177780.8025,2.37937516571772,10.7981536989796,,TRUE,49,1.94591014905531
newbedford,418,ma,jirehperry,jirehperry,jirehperry,29,1,0,hercules,334,16,33,6,3,34,1000,900,0,,11,,atl,0,goodwinag,3,0,0,,,0,TRUE,TRUE,17,2.89037175789616,0,FALSE,9,2.6363,0.7636,111393.45,111393.45,3.61245823730631,37.0570359281437,,TRUE,121,2.39789527279837
newbedford,418,ma,jirehperry,jirehperry,jirehperry,29,1,0,hercules,334,16,35,7,3,37,457,1875,15600,0,9,,atl,0,goodwinag,4,0,0,,,0,TRUE,TRUE,19,2.99573227355399,0,FALSE,20,2.3571,0.5714,92994.13305,101907.97305,2.72495219348577,15.2556845883234,,FALSE,81,2.19722457733622
newbedford,418,ma,jirehperry,jirehperry,jirehperry,29,1,0,hercules,334,16,37,7,7,39,555,1921,0,,9,,atl,0,phinneyec,0,0,0,4,,0,TRUE,FALSE,21,3.09104245335832,0,FALSE,24,2.9167,0.5,111502.70775,111502.70775,2.63260933101616,13.9100184318862,,FALSE,81,2.19722457733622
newbedford,418,ma,jirehperry,jirehperry,jirehperry,29,1,0,hercules,334,16,39,8,12,41,805,1813,8400,0,9,,pac,0,ricketsonhh,0,0,0,1,,1,FALSE,FALSE,23,3.17805383034795,0,FALSE,28,2.9375,0.625,131597.15625,136847.15625,2.68327443104986,14.6329294535928,,FALSE,81,2.19722457733622
newbedford,418,ma,jirehperry,jirehperry,jirehperry,29,1,0,hercules,334,16,42,4,5,45,450,900,16000,0,7,,ind,0,ricketsonhh,1,0,0,4,,0,FALSE,TRUE,26,3.29583686600433,0,FALSE,37,2.6667,1.0303,66150.4725,82635.2725,1.90013299058274,6.68678366240492,,FALSE,49,1.94591014905531
newbedford,418,ma,jirehperry,jirehperry,jirehperry,29,1,0,hercules,334,16,45,7,5,49,503,1407,14100,,7,,ind,0,beetlehw,0,0,0,2,,0,FALSE,FALSE,29,3.40119738166216,0,FALSE,46,2.7287,0.5842,87555.38715,95792.60715,1.83015840189121,6.23487419617287,,FALSE,49,1.94591014905531
newbedford,418,ma,jirehperry,jirehperry,jirehperry,29,1,0,nassau,407,24,41,9,9,45,1100,1700,20000,1,9,,pac,0,weeksh,4,0,0,,,1,FALSE,TRUE,17,2.89037175789616,0,FALSE,48,2.6667,1.0303,145951.155,166557.155,2.14307960642063,8.5256528972154,,FALSE,81,2.19722457733622
newbedford,418,ma,jirehperry,jirehperry,jirehperry,29,1,0,nassau,407,24,46,6,5,50,442,2664,15000,1,9,,pac,0,weeksh,5,0,0,9,,1,FALSE,TRUE,22,3.13549421592915,0,FALSE,47,2.4582,0.6599,118141.5186,128040.0186,1.90113735219824,6.6935029849966,,FALSE,81,2.19722457733622
newbedford,418,ma,jirehperry,jirehperry,jirehperry,29,1,0,nautilus,340,18,42,10,,,,,,0,5,,pac,1,masonf,0,0,0,,,1,FALSE,FALSE,24,3.2188758248682,0,FALSE,,0,0,,,,,,,25,1.6094379124341
newbedford,418,ma,jjhowland,jjhowland,jjhowland,25,15,0,robert edwards,356,17,41,7,12,44,2250,0,0,0,5,0.25,pac,0,burgessn,0,0,0,,,1,FALSE,FALSE,24,3.2188758248682,0,FALSE,41,2.4472,1.0922,173445.3,173445.3,2.47511475732827,11.8830707043025,,TRUE,25,1.6094379124341
newbedford,418,ma,jjhowland,jjhowland,jjhowland,25,15,0,robert edwards,356,17,45,6,11,48,2200,70,0,,5,0.25,pac,0,burgessn,1,0,0,6,,1,FALSE,TRUE,28,3.36729582998647,0,FALSE,41,3.0303,0.7575,212204.79,212204.79,2.67680428039521,14.5385578240614,,TRUE,25,1.6094379124341
newbedford,418,ma,jrthornton,jrthornton,jrthornton,41,3,0,montpelier,320,29,44,9,7,47,400,2100,16000,,14,0.1875,np,0,taberet,4,0,0,,,1,FALSE,TRUE,15,2.77258872223978,0,FALSE,34,2.7986,0.8611,101412.36,115189.96,2.35965635025819,10.5873125,,FALSE,196,2.63905732961526
newbedford,418,ma,jrthornton,jrthornton,jrthornton,41,3,0,montpelier,320,29,47,10,4,50,304,2495,25400,,14,0.1875,pac,0,youngjm,0,0,0,3,,1,FALSE,FALSE,18,2.94443897916644,0,FALSE,30,2.4582,0.6599,102132.2232,118893.6832,2.51646657681418,12.3847586666667,,FALSE,196,2.63905732961526
newbedford,418,ma,lawgrinell,lawgrinell,lawgrinell,33,0,0,euphrates,364,9,33,11,5,37,2330,0,0,0,10,,pac,0,nortons,0,0,0,,,1,FALSE,FALSE,24,3.2188758248682,0,FALSE,42,2.3571,0.5714,172999.3545,172999.3545,2.42621965633897,11.3160226648352,,TRUE,100,2.30258509299405
newbedford,418,ma,lawgrinell,lawgrinell,lawgrinell,33,0,0,euphrates,364,9,37,12,10,41,1661,43,0,,10,,pac,0,lewish,1,0,0,7,,1,FALSE,TRUE,28,3.36729582998647,0,FALSE,46,2.9375,0.625,155048.90625,155048.90625,2.22570060620181,9.2599681229097,,TRUE,100,2.30258509299405
newbedford,418,ma,lkollock,lkollock,lkollock,38,1,0,copia,315,32,40,8,9,42,442,2460,0,0,21,,ind,0,macomberjd,0,0,0,,,0,FALSE,FALSE,8,2.19722457733622,0,FALSE,25,2.1471,0.6765,107384.0733,107384.0733,2.61271869307044,13.6360728,,FALSE,441,3.04452243772342
newbedford,418,ma,lkollock,lkollock,lkollock,38,1,0,copia,315,32,43,11,2,45,200,3100,37000,1,21,,np,0,taberdh,0,0,0,,,1,FALSE,FALSE,11,2.484906649788,0,FALSE,15,2.6667,1.0303,114450.21,152571.31,3.47476453236526,32.2902243386243,,FALSE,441,3.04452243772342
newbedford,418,ma,lkollock,lkollock,lkollock,38,1,0,copia,315,32,45,6,12,48,2173,100,6000,1,21,,pac,0,taberdh,1,0,0,4,,1,FALSE,TRUE,13,2.63905732961526,0,FALSE,42,3.0303,0.7575,210572.51985,215117.51985,2.78869750462076,16.2598276530612,,TRUE,441,3.04452243772342
newbedford,418,ma,nleonard,nleonard,nleonard,32,0,0,comdecator,233,17,32,5,3,33,1350,0,0,,4,,atl,0,fishersdjr,1,0,0,,,0,TRUE,TRUE,15,2.77258872223978,0,FALSE,10,3.2692,0.5,139022.73,139022.73,4.08876917736415,59.6664077253219,,TRUE,16,1.38629436111989
newbedford,418,ma,nleonard,nleonard,nleonard,32,0,0,comdecator,233,17,33,5,4,35,111,612,0,0,5,,atl,0,tobeyg,2,0,0,2,,0,TRUE,TRUE,16,2.83321334405622,0,FALSE,23,2.1538,0.5385,26808.7617,26808.7617,1.6099513726789,5.00256796044038,,FALSE,25,1.6094379124341
newbedford,418,ma,nleonard,nleonard,nleonard,32,0,0,comdecator,233,17,35,6,4,36,0,712,7000,0,7,,atl,0,trippjh,0,0,0,2,,0,TRUE,FALSE,18,2.94443897916644,0,FALSE,10,2.0227,0.5682,22428,26405.4,2.42770026711264,11.3327896995708,,FALSE,49,1.94591014905531
newbedford,418,ma,nleonard,nleonard,nleonard,32,0,0,comdecator,233,17,37,4,4,38,51,565,0,0,7,,atl,0,lucepb,1,0,0,,,0,TRUE,TRUE,20,3.04452243772342,0,FALSE,12,2.6875,0.625,22114.96875,22114.96875,2.06806487387967,7.90950241416309,,FALSE,49,1.94591014905531
newbedford,418,ma,nleonard,nleonard,nleonard,32,0,0,comdecator,233,17,38,5,,,,,0,0,6,,atl,1,woode,0,0,0,1,,0,TRUE,FALSE,21,3.09104245335832,0,FALSE,,0,0,,,,,,,36,1.79175946922806
newbedford,418,ma,ocrocker,ocrocker,ocrocker,32,2,0,generalpike,313,27,35,5,3,37,565,1976,20800,0,10,,atl,0,dextert,0,0,0,,,0,TRUE,FALSE,8,2.19722457733622,0,FALSE,22,2.3571,0.5714,104194.48725,116079.60725,2.82478586021142,16.8573347734534,,FALSE,100,2.30258509299405
newbedford,418,ma,ocrocker,ocrocker,ocrocker,32,2,0,generalpike,313,27,37,6,1,39,164,546,0,1,12,,ind,0,townsendj,9,0,1,3,,0,FALSE,TRUE,10,2.39789527279837,1,FALSE,19,2.9167,0.5,32266.6722,32266.6722,1.69114798637755,5.42570576761392,,FALSE,144,2.484906649788
newbedford,418,ma,ocrocker,ocrocker,ocrocker,32,2,0,generalpike,313,27,39,5,3,41,653,2156,0,,12,,pac,0,littlel,1,0,0,4,,1,FALSE,TRUE,12,2.56494935746154,0,FALSE,22,2.9375,0.625,128336.90625,128336.90625,2.92516852122488,18.637366577113,,FALSE,144,2.484906649788
newbedford,418,ma,rapalmer,rapalmer,rapalmer,41,0,0,stephania,315,19,41,11,3,44,200,2100,21000,0,4,,ind,0,collinsew,0,0,0,,,0,FALSE,FALSE,22,3.13549421592915,0,FALSE,28,2.4472,1.0922,81567.36,104503.56,2.47219926779155,11.8484761904762,,FALSE,16,1.38629436111989
newbedford,418,ma,ridell,ridell,ridell,32,1,0,georgeporter,285,14,35,7,4,37,0,2890,0,0,1,,atl,0,leonardjb,3,0,0,,,0,TRUE,TRUE,21,3.09104245335832,0,FALSE,21,2.3571,0.5714,91035,91035,2.72198770894599,15.2105263157895,,FALSE,1,0
newbedford,418,ma,ridell,ridell,ridell,32,1,0,julian,356,28,36,7,7,38,0,3217,0,,1,,atl,0,trapph,0,0,0,,,0,TRUE,FALSE,8,2.19722457733622,0,FALSE,24,2.6875,0.625,101335.5,101335.5,2.47320751187064,11.8604283707865,,FALSE,1,0
newbedford,418,ma,tarnye,tarnye,tarnye,32,0,0,comrogers,298,17,36,6,,,,,,0,8,,pac,1,howlandhs,0,0,0,,,1,FALSE,FALSE,19,2.99573227355399,0,FALSE,,0,0,,,,,,,64,2.07944154167984
newbedford,418,ma,tarnye,tarnye,tarnye,32,0,0,desdemona,295,23,43,10,7,46,1800,0,0,0,10,0.25,pac,0,bakerm,2,0,0,,,1,FALSE,TRUE,20,3.04452243772342,0,FALSE,33,2.6037,1.0074,147629.79,147629.79,2.71898008224572,15.1648474576271,,TRUE,100,2.30258509299405
newbedford,418,ma,tarnye,tarnye,tarnye,32,0,0,desdemona,295,23,46,10,6,49,1884,0,0,,10,0.25,pac,0,taberw,3,0,0,3,,1,FALSE,TRUE,23,3.17805383034795,0,FALSE,32,2.7287,0.5842,161937.4302,161937.4302,2.84225404713434,17.1543887923729,,TRUE,100,2.30258509299405
newbedford,418,ma,tarnye,tarnye,tarnye,32,0,0,desdemona,295,23,49,8,7,52,1892,0,0,1,10,0.25,pac,0,beckermanj,0,0,0,2,,1,FALSE,FALSE,26,3.29583686600433,0,FALSE,35,1.8132,0.7448,108063.0936,108063.0936,2.34814711769873,10.4661591864407,,TRUE,100,2.30258509299405
newbedford,418,ma,tarnye,tarnye,tarnye,32,0,0,eagle,336,16,32,6,2,33,0,2200,0,0,10,,atl,0,nyep,1,0,0,,,0,TRUE,TRUE,16,2.83321334405622,0,FALSE,8,3.2692,0.5,69300,69300,3.24964748353495,25.78125,,FALSE,100,2.30258509299405
newbedford,418,ma,tarnye,tarnye,tarnye,32,0,0,janus,277,4,37,6,3,39,108,1278,0,1,12,,ind,0,taberet,0,0,0,,,0,FALSE,FALSE,33,3.52636052461616,0,FALSE,21,2.9167,0.5,50179.6134,50179.6134,2.15482417171533,8.62637328519856,,FALSE,144,2.484906649788
newbedford,418,ma,tarnye,tarnye,tarnye,32,0,0,lancaster,382,11,34,11,5,38,2385,0,0,0,10,0.3125,pac,0,swiftrn,0,0,0,,,1,FALSE,FALSE,23,3.17805383034795,0,FALSE,42,2.6875,0.625,201905.15625,201905.15625,2.53246311571787,12.584464986911,,TRUE,100,2.30258509299405
newbedford,418,ma,tarnye,tarnye,tarnye,32,0,0,lancaster,382,11,38,11,3,42,2744,0,0,0,10,0.3125,pac,0,swiftrn,1,0,0,6,,1,FALSE,TRUE,27,3.3322045101752,0,FALSE,40,2.1471,0.6765,185586.7356,185586.7356,2.49697756638738,12.1457287696335,,TRUE,100,2.30258509299405
newbedford,418,ma,tarnye,tarnye,tarnye,32,0,0,lancaster,382,11,42,7,1,45,700,2000,20000,0,10,0.3125,ind,0,barkerjs,4,0,0,4,,0,FALSE,TRUE,31,3.46573590279973,0,FALSE,30,2.6667,1.0303,121800.735,142406.735,2.51982458292116,12.4264166666667,,FALSE,100,2.30258509299405
newbedford,418,ma,tarnye,tarnye,tarnye,32,0,0,lancaster,382,11,45,5,1,47,425,2225,23148,0,10,0.3125,np,0,cornellj,0,0,0,4,,1,FALSE,FALSE,34,3.55534806148941,0,FALSE,20,2.7986,0.8611,107553.7575,127486.5003,2.81461287581437,16.6867146989529,,FALSE,100,2.30258509299405
newbedford,418,ma,tarnye,tarnye,tarnye,32,0,0,lancaster,382,11,48,11,3,51,368,2168,25500,1,10,0.3125,ind,0,almyjc,2,0,0,,,0,FALSE,TRUE,37,3.63758615972639,0,FALSE,28,2.8083,0.7599,100845.8136,120223.2636,2.41948070434026,11.2400209050112,,FALSE,100,2.30258509299405
newbedford,418,ma,tarnye,tarnye,tarnye,32,0,0,maria theresa,330,7,47,11,3,51,198,2725,37200,1,12,,np,0,swiftm,0,1,0,,,1,FALSE,FALSE,40,3.71357206670431,1,FALSE,40,2.8083,0.7599,103352.8671,131621.1471,2.29971086863852,9.97129902272727,,FALSE,144,2.484906649788
newbedford,418,ma,tarnye,tarnye,tarnye,32,0,0,nye,211,27,32,11,3,36,1250,0,0,1,10,,pac,0,smithe,1,0,0,,,1,FALSE,TRUE,5,1.79175946922806,0,FALSE,40,2.0227,0.5682,79643.8125,79643.8125,2.24458204111484,9.43647067535545,,TRUE,100,2.30258509299405
newbedford,418,ma,tarnye,tarnye,tarnye,32,0,0,nye,211,27,36,5,10,39,1076,0,0,0,9,,pac,0,shearmanj,0,0,0,2,,1,FALSE,FALSE,9,2.30258509299405,0,FALSE,41,2.9167,0.5,98858.6298,98858.6298,2.43601592658048,11.4274222402034,,TRUE,81,2.19722457733622
newbedford,418,ma,tarnye,tarnye,tarnye,32,0,0,nye,211,27,39,12,5,44,30,983,0,,9,,pac,0,smithe,2,0,0,2,,1,FALSE,TRUE,12,2.56494935746154,0,FALSE,53,2.4472,1.0922,33277.104,33277.104,1.09047482488979,2.97568666726281,,FALSE,81,2.19722457733622
newbedford,418,ma,tarnye,tarnye,tarnye,32,0,0,ospray,169,5,35,6,,,,,,0,4,,pac,1,hoyerc,0,0,0,,,1,FALSE,FALSE,30,3.43398720448515,0,FALSE,,0,0,,,,,,,16,1.38629436111989
newbedford,418,ma,tobey&ricketson,tobey&ricketson,tobey&ricketson,33,1,0,herald,274,7,35,8,9,37,1400,350,0,,7,,ind,0,ricketsonf,3,0,0,,,0,FALSE,TRUE,28,3.36729582998647,0,FALSE,25,2.3571,0.5714,114973.11,114973.11,2.82044962266058,16.784395620438,,TRUE,49,1.94591014905531
newbedford,418,ma,tobey&ricketson,tobey&ricketson,tobey&ricketson,33,1,0,herald,274,7,40,12,11,44,1381,70,0,,9,,pac,0,sanfordp,0,0,0,,,1,FALSE,FALSE,33,3.52636052461616,0,FALSE,47,2.4472,1.0922,108661.8708,108661.8708,2.13272052886635,8.43779086814723,,TRUE,81,2.19722457733622
newbedford,418,ma,tobey&ricketson,tobey&ricketson,tobey&ricketson,33,1,0,herald,274,7,45,5,11,48,1617,0,0,,9,,pac,0,stewartgw,1,0,0,6,,1,FALSE,TRUE,38,3.66356164612965,0,FALSE,42,3.0303,0.7575,154349.84565,154349.84565,2.59617930525837,13.4123953467153,,TRUE,81,2.19722457733622
newbedford,418,ma,tobey&ricketson,tobey&ricketson,tobey&ricketson,33,1,0,lucas,281,28,38,7,8,39,0,2608,0,0,7,,ind,0,taberg,0,0,0,,,0,FALSE,FALSE,10,2.39789527279837,0,FALSE,13,2.9167,0.5,82152,82152,3.11302244208285,22.4889132220093,,FALSE,49,1.94591014905531
newbedford,418,ma,tobey&ricketson,tobey&ricketson,tobey&ricketson,33,1,0,lucas,281,28,39,9,4,42,250,1550,0,,7,,pac,0,severancet,5,0,0,1,,1,FALSE,TRUE,11,2.484906649788,0,FALSE,31,2.1471,0.6765,65733.4125,65733.4125,2.021020763024,7.54602370565951,,FALSE,49,1.94591014905531
newbedford,418,ma,tobey&ricketson,tobey&ricketson,tobey&ricketson,33,1,0,lucas,281,28,42,7,6,43,150,2000,16000,0,7,,ind,0,shockleyha,1,0,0,3,,0,FALSE,TRUE,14,2.70805020110221,0,FALSE,11,1.8529,0.9444,71754.9525,86865.3525,3.33586458420872,28.1026698479456,,FALSE,49,1.94591014905531
newbedford,418,ma,wmrodman,wmrodman,wmrodman,30,0,0,augusta,344,14,30,12,1,34,2536,0,0,0,4,,pac,0,lawrencec,2,0,0,,24,1,FALSE,TRUE,16,2.83321334405622,0,FALSE,37,2.6363,0.7636,210598.1892,210598.1892,2.80614771033683,16.5460550911377,0.0697674418604651,TRUE,16,1.38629436111989
newbedford,418,ma,wmrodman,wmrodman,wmrodman,30,0,0,augusta,344,14,34,6,12,37,2155,0,0,0,3,,pac,0,lawrencec,3,0,0,5,24,1,FALSE,TRUE,20,3.04452243772342,0,FALSE,42,2.3571,0.5714,160005.84075,160005.84075,2.40465432258042,11.074601380814,0.0697674418604651,TRUE,9,1.09861228866811
newbedford,418,ma,wmrodman,wmrodman,wmrodman,30,0,0,augusta,344,14,38,6,1,42,2071,67,0,1,4,,pac,0,lawrencec,4,0,0,6,,1,FALSE,TRUE,24,3.2188758248682,0,FALSE,43,2.1471,0.6765,142179.78915,142179.78915,2.26300588343609,9.61193815237967,,TRUE,16,1.38629436111989
newbedford,418,ma,wmrodman,wmrodman,wmrodman,30,0,0,augusta,344,14,42,7,,,,,,0,3,,pac,1,davishw,2,0,0,6,,1,FALSE,TRUE,28,3.36729582998647,0,FALSE,,0,0,,,,,,,9,1.09861228866811
newbedford,418,ma,wmrodman,wmrodman,wmrodman,30,0,0,columbus,313,19,32,3,9,35,1625,0,0,0,1,,atl,0,osbornd,2,0,0,,,0,TRUE,TRUE,13,2.63905732961526,0,FALSE,42,2.1538,0.5385,110247.6375,110247.6375,2.12661155568455,8.3864017571885,,TRUE,1,0
newbedford,418,ma,wmrodman,wmrodman,wmrodman,30,0,0,columbus,313,19,36,5,7,39,556,0,0,0,1,,pac,0,carycr,0,1,0,8,,1,FALSE,FALSE,17,2.89037175789616,1,FALSE,38,2.9167,0.5,51083.0838,51083.0838,1.45741933002317,4.29486159408105,,TRUE,1,0
newbedford,418,ma,wmrodman,wmrodman,wmrodman,30,0,0,columbus,313,19,40,5,12,43,1350,0,0,,1,,atl,0,peasetd,3,0,0,10,,0,TRUE,TRUE,21,3.09104245335832,0,FALSE,43,1.8529,0.9444,78794.5725,78794.5725,1.76719609033658,5.85441507541422,,TRUE,1,0
newbedford,418,ma,wmrodman,wmrodman,wmrodman,30,0,0,columbus,313,19,44,4,4,47,150,750,2000,,1,,pac,0,hutchinsrc,0,0,0,4,,1,FALSE,FALSE,25,3.25809653802148,0,FALSE,36,2.7986,0.8611,36848.385,38570.585,1.2305230893194,3.42301961306354,,FALSE,1,0
newbedford,418,ma,wmrodman,wmrodman,wmrodman,30,0,0,mentor,213,12,31,3,,,,,,,1,,atl,1,cornellp,0,0,0,,,0,TRUE,FALSE,19,2.99573227355399,0,FALSE,,0,0,,,,,,,1,0
newbedford,418,ma,wmrodman,wmrodman,wmrodman,30,0,0,mobile,262,25,36,8,9,39,1427,0,0,0,1,,pac,0,rawsonw,1,0,0,,,1,FALSE,TRUE,11,2.484906649788,0,FALSE,37,2.9167,0.5,131107.12335,131107.12335,2.60450758711064,13.5245639931917,,TRUE,1,0
newbedford,418,ma,wmrodman,wmrodman,wmrodman,30,0,0,rebeccasims,400,7,32,8,12,35,2300,0,0,,1,,pac,0,coffinb,2,0,0,,,1,FALSE,TRUE,25,3.25809653802148,0,FALSE,40,2.1538,0.5385,156042.81,156042.81,2.27754167043955,9.752675625,,TRUE,1,0
newbedford,418,ma,wmrodman,wmrodman,wmrodman,30,0,0,rebeccasims,400,7,36,7,9,39,2940,43,0,,1,,pac,0,rayes,0,0,0,7,,1,FALSE,FALSE,29,3.40119738166216,0,FALSE,38,2.9167,0.5,271470.087,271470.087,2.88255652865627,17.8598741447368,,TRUE,1,0
newbedford,418,ma,wmrodman,wmrodman,wmrodman,30,0,0,rebeccasims,400,7,40,6,10,44,2656,240,0,,1,,pac,0,rayr,0,0,0,9,,1,FALSE,FALSE,33,3.52636052461616,0,FALSE,52,2.4472,1.0922,212302.5408,212302.5408,2.32305934990018,10.2068529230769,,TRUE,1,0
newbedford,418,ma,wmrodman,wmrodman,wmrodman,30,0,0,rebeccasims,400,7,45,5,6,49,1495,9,0,,1,,pac,0,taberfc,3,1,0,7,,1,FALSE,TRUE,38,3.66356164612965,1,FALSE,49,2.7287,0.5842,128784.80475,128784.80475,1.88261326493064,6.57065330357143,,TRUE,1,0
newbedford,418,ma,wmrodman,wmrodman,wmrodman,30,0,0,tobacco plant,270,18,34,8,9,37,1594,0,0,1,5,,pac,0,swains,1,0,0,,,1,FALSE,TRUE,16,2.83321334405622,0,FALSE,37,2.3571,0.5714,118352.3481,118352.3481,2.4720815834069,11.8470818918919,,TRUE,25,1.6094379124341
newbedford,418,ma,wmrodman,wmrodman,wmrodman,30,0,0,tobacco plant,270,18,38,5,11,41,1085,99,0,1,4,,pac,0,swains,2,0,0,8,,1,FALSE,TRUE,20,3.04452243772342,0,FALSE,42,2.9375,0.625,103514.90625,103514.90625,2.21137932577481,9.12829861111111,,TRUE,16,1.38629436111989
newbedford,418,ma,wmrodman,wmrodman,wmrodman,30,0,0,tobacco plant,270,18,42,6,3,46,1250,0,0,0,3,,pac,0,skinnersp,0,0,0,7,,1,FALSE,FALSE,24,3.2188758248682,0,FALSE,45,2.6037,1.0074,102520.6875,102520.6875,2.13273543769541,8.43791666666667,,TRUE,9,1.09861228866811
newbedford,418,ma,wmrussel,wmrussel,wmrussel,32,0,0,cambria,362,26,32,6,10,35,1904,0,0,0,6,0.125,pac,0,crockerg,2,0,0,,,1,FALSE,TRUE,6,1.94591014905531,0,FALSE,40,2.1538,0.5385,129176.3088,129176.3088,2.18840981915583,8.92101580110497,,TRUE,36,1.79175946922806
newbedford,418,ma,wmrussel,wmrussel,wmrussel,32,0,0,cambria,362,26,36,6,3,38,500,2094,0,,6,0.125,atl,0,carync,4,0,0,8,,0,TRUE,TRUE,10,2.39789527279837,0,FALSE,21,2.6875,0.625,108289.125,108289.125,2.65639336288545,14.244820441989,,FALSE,36,1.79175946922806
newburgh,0,ny,nbwco,nbwco,nbwco,33,0,1,illinois,414,26,33,8,2,35,30,500,11000,,,,atl,0,leonard,3,0,0,,28,0,TRUE,TRUE,7,2.07944154167984,0,TRUE,18,2.1538,0.5385,17785.341,23708.841,1.15736556381506,3.18154066022544,0.0676328502415459,FALSE,,
newburgh,0,ny,nbwco,nbwco,nbwco,33,0,1,illinois,414,26,35,8,4,39,2200,100,0,,,,pac,0,marchantgr,3,0,0,6,,1,FALSE,TRUE,9,2.30258509299405,0,TRUE,44,2.9167,0.5,205277.31,205277.31,2.42206146796703,11.2690662055336,,TRUE,,
newburgh,0,ny,nbwco,nbwco,nbwco,33,0,1,portland,292,30,32,6,4,33,140,1060,0,,,,ind,0,cooknh,0,0,0,,,0,FALSE,FALSE,2,1.09861228866811,0,TRUE,10,3.2692,0.5,47807.172,47807.172,2.79559205380307,16.3723191780822,,FALSE,,
newburgh,0,ny,nbwco,nbwco,nbwco,33,0,1,portland,292,30,33,6,3,35,0,1600,0,,,,ind,0,cooknh,1,0,0,2,26,0,FALSE,TRUE,3,1.38629436111989,0,TRUE,21,2.1538,0.5385,50400,50400,2.10647021406776,8.21917808219178,0.089041095890411,FALSE,,
newburgh,0,ny,nbwco,nbwco,nbwco,33,0,1,portland,292,30,35,6,4,37,350,1250,16000,,,,ind,0,cooknh,2,0,0,3,,0,FALSE,TRUE,5,1.79175946922806,0,TRUE,22,2.3571,0.5714,65362.0275,74504.4275,2.45081757650539,11.5978249533001,,FALSE,,
newburgh,0,ny,nbwco,nbwco,nbwco,33,0,1,portland,292,30,37,6,4,39,230,2160,20000,,,,ind,0,cooknh,3,0,0,2,,0,FALSE,TRUE,7,2.07944154167984,0,TRUE,22,2.9167,0.5,89171.4915,99171.4915,2.73680961227107,15.4376543430884,,FALSE,,
newburgh,0,ny,nbwco,nbwco,nbwco,33,0,1,russell,389,25,34,8,1,38,1400,0,0,,,,pac,0,brock,0,0,0,,,1,FALSE,FALSE,9,2.30258509299405,0,TRUE,41,2.6875,0.625,118518.75,118518.75,2.00567504456596,7.43110853345037,,TRUE,,
newjersey,0,nj,jhstevens,jhstevens,jhstevens,34,0,0,jwells,366,22,41,7,5,44,650,1950,0,,,,np,0,russellu,4,0,0,,,1,FALSE,TRUE,19,2.99573227355399,0,FALSE,34,2.4472,1.0922,111531.42,111531.42,2.19306776589036,8.96266634522662,,FALSE,,
newjersey,0,nj,njwfc,jhstevens,njwfc,34,0,1,columbia,374,,36,9,,,,,,,,,pac,1,husseytr,0,0,0,,,1,FALSE,FALSE,,,0,FALSE,,0,0,,,,,,,,
newjersey,0,nj,njwfc,jhstevens,njwfc,34,0,1,jwells,366,22,37,5,4,39,300,1900,0,,,,pac,0,russellu,2,0,0,,,1,FALSE,TRUE,15,2.77258872223978,0,FALSE,23,2.9167,0.5,87412.815,87412.815,2.34026962627872,10.3840359942979,,FALSE,,
newjersey,0,nj,njwfc,jhstevens,njwfc,34,0,1,jwells,366,22,39,7,3,41,40,2400,0,,,,pac,0,russellu,3,0,0,3,,1,FALSE,TRUE,17,2.89037175789616,0,FALSE,20,2.9375,0.625,79301.25,79301.25,2.38264356346895,10.8335040983607,,FALSE,,
newport,14,ri,bus&clark,bus&clark,bus&clark,25,2,0,audlclarke,331,33,33,12,6,37,1700,0,0,0,17,,pac,0,paddackjjr,1,0,0,,23,1,FALSE,TRUE,0,0,0,FALSE,42,2.3571,0.5714,126222.705,126222.705,2.20601513208321,9.07946374622357,0.0694864048338369,TRUE,289,2.83321334405622
newport,14,ri,bus&clark,bus&clark,bus&clark,25,2,0,audlclarke,331,33,37,10,8,40,2350,0,0,,17,,pac,0,shermanj,1,0,0,4,23,1,FALSE,TRUE,4,1.6094379124341,0,FALSE,34,3.3333,0.6333,246747.5325,246747.5325,3.0876420572525,21.92531833126,0.0694864048338369,TRUE,289,2.83321334405622
newport,14,ri,bus&clark,bus&clark,bus&clark,25,2,0,audlclarke,331,33,40,11,8,44,1400,0,0,,17,,pac,0,griswoldh,0,0,0,3,24,1,FALSE,FALSE,7,2.07944154167984,0,FALSE,45,2.4472,1.0922,107921.52,107921.52,1.98037871014211,7.24548640483384,0.0725075528700906,TRUE,289,2.83321334405622
newport,14,ri,bus&clark,bus&clark,bus&clark,25,2,0,jcoggeshall,338,31,35,10,4,39,1500,850,11000,1,13,,pac,0,macysw,1,0,0,,22,1,FALSE,TRUE,4,1.6094379124341,0,FALSE,42,2.9167,0.5,164589.075,170089.075,2.48336203562959,11.9814789377289,0.0650887573964497,TRUE,169,2.56494935746154
newport,14,ri,bus&clark,bus&clark,bus&clark,25,2,0,jcoggeshall,338,31,39,10,10,42,1500,600,0,,13,,pac,0,macysw,2,0,0,6,25,1,FALSE,TRUE,8,2.19722457733622,0,FALSE,36,2.1471,0.6765,120350.475,120350.475,2.29159855608607,9.89073594674556,0.0739644970414201,TRUE,169,2.56494935746154
newport,14,ri,bush&lee,bush&lee,bush&lee,34,0,0,mechanic,334,34,34,9,7,38,1740,0,0,0,2,,pac,0,daggetth,1,1,0,,25,1,FALSE,TRUE,0,0,1,FALSE,46,2.6875,0.625,147301.875,147301.875,2.26045694202815,9.58746908357199,0.0748502994011976,TRUE,4,0.693147180559945
newport,14,ri,bush&lee,bush&lee,bush&lee,34,0,0,mechanic,334,34,38,7,1,42,2400,0,0,,2,,pac,0,pratts,0,0,0,0,,1,FALSE,FALSE,4,1.6094379124341,0,FALSE,42,2.1471,0.6765,162320.76,162320.76,2.44851904533808,11.5711976047904,,TRUE,4,0.693147180559945
newport,14,ri,bush&lee,bush&lee,bush&lee,34,0,0,mechanic,334,34,42,9,7,46,1200,200,2000,,2,,pac,0,pratts,1,0,0,8,25,1,FALSE,TRUE,8,2.19722457733622,0,FALSE,46,2.6037,1.0074,104719.86,106734.66,1.93831883106502,6.94706196303046,0.0748502994011976,TRUE,4,0.693147180559945
newport,14,ri,dev&clark,dev&clark,dev&clark,34,0,0,harvest,313,24,34,12,5,36,370,1130,14000,0,10,,ind,0,pickensa,4,0,0,,21,0,FALSE,TRUE,10,2.39789527279837,0,FALSE,17,2.0227,0.5682,59169.5685,67124.3685,2.53488588934931,12.6149912610412,0.0670926517571885,FALSE,100,2.30258509299405
newport,14,ri,dev&clark,dev&clark,dev&clark,34,0,0,harvest,313,24,36,7,3,37,82,812,0,,10,,ind,0,stackpolejh,0,0,0,2,22,0,FALSE,FALSE,12,2.56494935746154,0,FALSE,8,2.3571,0.5714,31666.3893,31666.3893,2.53736639070885,12.6463216054313,0.0702875399361022,FALSE,100,2.30258509299405
newport,14,ri,engs&bush,engs&bush,engs&bush,29,2,0,erie,374,28,32,4,6,35,200,1800,0,0,15,,pac,0,spoonerf,0,1,0,,24,1,FALSE,FALSE,4,1.6094379124341,1,FALSE,38,2.1538,0.5385,70268.94,70268.94,1.59824320225815,4.94433858710949,0.0641711229946524,FALSE,225,2.70805020110221
newport,14,ri,engs&bush,engs&bush,engs&bush,29,2,0,erie,374,28,35,9,7,38,300,2600,0,,15,,pac,0,dennisaw,1,0,0,3,23,1,FALSE,TRUE,7,2.07944154167984,0,FALSE,34,2.6875,0.625,107296.875,107296.875,2.13273848221245,8.43794235608682,0.0614973262032086,FALSE,225,2.70805020110221
newport,14,ri,engs&bush,engs&bush,engs&bush,29,2,0,erie,374,28,38,5,,,,,,,15,,atl,1,dennisaw,2,0,0,,25,0,TRUE,TRUE,10,2.39789527279837,0,FALSE,,0,0,,,,,0.0668449197860963,,225,2.70805020110221
newport,14,ri,ruggles,ruggles,ruggles,30,2,0,constitution,275,23,36,10,5,39,800,1000,0,0,5,,pac,0,giffordex,0,0,0,,21,1,FALSE,FALSE,13,2.63905732961526,0,FALSE,31,2.9167,0.5,105000.84,105000.84,2.51096532695594,12.3168140762463,0.0763636363636364,FALSE,25,1.6094379124341
newport,14,ri,ruggles,ruggles,ruggles,30,2,0,frederick,321,35,35,8,3,38,1400,600,0,0,9,,pac,0,dorninjb,0,0,0,,21,1,FALSE,FALSE,0,0,0,FALSE,31,2.6875,0.625,137418.75,137418.75,2.62535978472711,13.8095417545975,0.0654205607476636,TRUE,81,2.19722457733622
newport,14,ri,ruggles,ruggles,ruggles,30,2,0,georgechamp,361,23,39,10,5,43,1500,600,0,0,4,,pac,0,brownja,1,0,0,,23,1,FALSE,TRUE,16,2.83321334405622,0,FALSE,43,1.8529,0.9444,106449.525,106449.525,1.92534813409641,6.85753559234684,0.0637119113573407,TRUE,16,1.38629436111989
portland,0,me,chad&dav,chad&dav,chad&dav,34,0,0,science,388,27,34,1,5,38,2100,0,0,,,,pac,0,whippeya,1,0,0,,,1,FALSE,TRUE,7,2.07944154167984,0,FALSE,52,2.6875,0.625,177778.125,177778.125,2.17604250479218,8.81136622720064,,TRUE,,
portland,0,me,chad&dav,chad&dav,chad&dav,34,0,0,science,388,27,38,9,6,41,300,2800,0,,,,pac,0,whippeya,2,0,0,4,,1,FALSE,TRUE,11,2.484906649788,0,FALSE,33,2.9375,0.625,115959.375,115959.375,2.20348229214173,9.05649601686973,,FALSE,,
portsmouth,0,nh,cushing,cushing,cushing,33,0,0,plato,240,11,34,1,2,35,250,700,7000,0,,,atl,0,manterb,4,0,0,,,0,TRUE,TRUE,23,3.17805383034795,0,FALSE,13,2.1538,0.5385,39011.175,42780.675,2.61825348010951,13.7117548076923,,FALSE,,
portsmouth,0,nh,cushing,cushing,cushing,33,0,0,triton,344,16,33,1,3,34,400,1500,0,0,1,,atl,0,flandersr,1,0,0,,,0,TRUE,TRUE,17,2.89037175789616,0,FALSE,14,2.6363,0.7636,80467.38,80467.38,2.81590817690394,16.7083430232558,,FALSE,1,0
portsmouth,0,nh,cushing,cushing,cushing,33,0,0,triton,344,16,34,6,4,35,75,1400,0,0,,,atl,0,flandersd,3,0,0,3,,0,TRUE,TRUE,18,2.94443897916644,0,FALSE,10,2.1538,0.5385,49188.3525,49188.3525,2.66018538628126,14.2989396802326,,FALSE,,
portsmouth,0,nh,cushing,cushing,cushing,33,0,0,triton,344,16,35,7,4,37,170,1830,0,0,,,atl,0,ritchiew,3,0,0,3,,0,TRUE,TRUE,19,2.99573227355399,0,FALSE,21,2.3571,0.5714,70267.2705,70267.2705,2.274897305301,9.72692005813953,,FALSE,,
portsmouth,0,nh,kennard,kennard,kennard,33,2,0,annparry,350,25,39,8,6,42,472,2030,15000,,9,,ind,0,youngsj,0,0,0,,,0,FALSE,FALSE,14,2.70805020110221,0,FALSE,34,2.1471,0.6765,95868.0828,106015.5828,2.1870476907372,8.90887250420168,,FALSE,81,2.19722457733622
portsmouth,0,nh,kennard,kennard,kennard,33,2,0,annparry,351,25,42,9,5,45,2000,0,0,,9,,ind,0,dennettjjr,0,0,0,3,,0,FALSE,FALSE,17,2.89037175789616,0,FALSE,32,2.6667,1.0303,168002.1,168002.1,2.70520963204168,14.9574519230769,,TRUE,81,2.19722457733622
portsmouth,0,nh,ppc,kennard,ppc,33,0,1,annparry,348,25,33,1,9,36,1950,0,0,,,,pac,0,rayrjr,2,0,0,,,1,FALSE,TRUE,8,2.19722457733622,0,FALSE,44,2.0227,0.5682,124244.3475,124244.3475,2.09361333627356,8.11418152429467,,TRUE,,
portsmouth,0,nh,ppc,kennard,ppc,33,0,1,annparry,349,25,37,1,4,39,500,1250,0,,,,ind,0,swainc,0,0,0,4,,0,FALSE,FALSE,12,2.56494935746154,0,FALSE,27,2.9167,0.5,85313.025,85313.025,2.20317362998188,9.05370105062082,,FALSE,,
portsmouth,0,nh,pwc,pwc,pwc,32,0,1,pocaho,300,16,32,9,4,36,1050,0,0,,85,0.00999999977648258,pac,0,barnardcc,0,0,0,,22,1,FALSE,FALSE,16,2.83321334405622,0,FALSE,43,2.0227,0.5682,66900.8025,66900.8025,1.64598365121031,5.18610872093023,0.0733333333333333,TRUE,7225,4.44265125649032
portsmouth,0,nh,pwc,pwc,pwc,32,0,1,pocaho,300,16,36,8,5,38,1450,250,0,,85,0.00999999977648258,atl,0,manterb,5,0,0,4,,0,TRUE,TRUE,20,3.04452243772342,0,FALSE,21,2.6875,0.625,130626.5625,130626.5625,3.03179295097254,20.734375,,TRUE,7225,4.44265125649032
poughkeepsie,0,ny,duwco,duwco,duwco,32,0,1,elbe,341,26,38,6,5,40,850,1850,0,,,,atl,0,watermancc,0,0,0,,,0,TRUE,FALSE,12,2.56494935746154,0,TRUE,23,3.3333,0.6333,147524.1075,147524.1075,2.93437018887234,18.8096528751753,,FALSE,,
poughkeepsie,0,ny,duwco,duwco,duwco,33,0,1,factor,333,22,41,7,6,44,700,1600,13000,,,,ind,0,howland,1,0,0,,,0,FALSE,TRUE,19,2.99573227355399,0,TRUE,35,2.4472,1.0922,104360.76,118559.36,2.31967849093483,10.1724032604033,,FALSE,,
poughkeepsie,0,ny,duwco,duwco,duwco,34,0,1,newark,323,33,35,7,5,39,1800,0,0,,,,pac,0,whitfieldwh,0,0,0,,28,1,FALSE,FALSE,2,1.09861228866811,0,TRUE,46,2.9167,0.5,165376.89,165376.89,2.40968861021163,11.1304946829991,0.086687306501548,TRUE,,
poughkeepsie,0,ny,duwco,duwco,duwco,34,0,1,newark,323,33,39,7,6,41,600,2000,0,,,,pac,0,winslowbw,0,0,0,2,,1,FALSE,FALSE,6,1.94591014905531,0,TRUE,23,2.9375,0.625,118518.75,118518.75,2.76967991573691,15.9535267196123,,FALSE,,
poughkeepsie,0,ny,duwco,duwco,duwco,34,0,1,newengland,375,29,36,12,4,39,280,1120,0,,,,pac,0,terryjjr,9,1,0,,,1,FALSE,TRUE,7,2.07944154167984,1,TRUE,28,2.9167,0.5,61005.294,61005.294,1.75958539012932,5.810028,,FALSE,,
poughkeepsie,0,ny,duwco,duwco,duwco,34,0,1,newengland,375,29,39,12,5,43,1300,700,700,,,,pac,0,howland,0,0,0,8,,1,FALSE,FALSE,10,2.39789527279837,0,TRUE,41,1.8529,0.9444,97926.255,98587.335,1.85819999138996,6.4121843902439,,TRUE,,
poughkeepsie,0,ny,duwco,duwco,duwco,34,0,1,nptalmage,370,36,36,8,4,40,1250,1200,0,,,,pac,0,postf,1,0,0,,,1,FALSE,TRUE,0,0,0,TRUE,44,3.3333,0.6333,169048.6875,169048.6875,2.34024940457421,10.3838260135135,,TRUE,,
poughkeepsie,0,ny,duwco,duwco,duwco,34,0,1,nptalmage,370,36,40,10,3,43,120,2500,25000,,,,pac,0,coffin,,0,0,6,30,1,FALSE,,4,1.6094379124341,0,TRUE,29,1.8529,0.9444,85753.962,109363.962,2.32163786408538,10.192354333644,0.0810810810810811,FALSE,,
poughkeepsie,0,ny,duwco,duwco,duwco,32,0,1,vermont,292,31,37,7,10,38,200,2600,0,,,,atl,0,howland,,0,0,,,0,TRUE,,6,1.94591014905531,0,TRUE,15,2.6875,0.625,98831.25,98831.25,3.11636512590114,22.5642123287671,,FALSE,,
poughkeepsie,0,ny,duwco,duwco,duwco,32,0,1,vermont,292,31,38,12,10,40,450,2100,0,,,,atl,0,kendrick,0,0,0,2,,0,TRUE,FALSE,7,2.07944154167984,0,TRUE,22,3.3333,0.6333,113399.5275,113399.5275,2.87087624797384,17.6524793742217,,FALSE,,
poughkeepsie,0,ny,duwco,duwco,duwco,32,0,1,vermont,292,31,40,12,7,43,350,2500,20000,,,,ind,0,almy,,0,0,2,,0,FALSE,,9,2.30258509299405,0,TRUE,31,1.8529,0.9444,99178.2225,118066.2225,2.56825994690339,13.0431089814406,,FALSE,,
poughkeepsie,0,ny,pwco,pwco,pwco,32,0,1,elbe,341,26,33,8,3,37,900,400,3000,,10,,pac,0,whippeyjb,2,0,0,,28,1,FALSE,TRUE,7,2.07944154167984,0,TRUE,43,2.3571,0.5714,79423.785,81137.985,1.7108239098541,5.53351872058924,0.0821114369501466,TRUE,100,2.30258509299405
poughkeepsie,0,ny,pwco,pwco,pwco,32,0,1,elbe,341,26,40,7,,,,,,,10,,pac,1,merrihewjr,0,0,0,,,1,FALSE,FALSE,14,2.70805020110221,0,TRUE,,0,0,,,,,,,100,2.30258509299405
poughkeepsie,0,ny,pwco,pwco,pwco,32,0,1,siroc,371,,33,4,,,,,,,10,,pac,1,swain,0,0,0,,,1,FALSE,FALSE,,,0,TRUE,,0,0,,,,,,,100,2.30258509299405
poughkeepsie,0,ny,pwco,pwco,pwco,32,0,1,vermont,292,31,32,12,2,35,500,0,0,1,10,,pac,0,nortonc,0,0,1,,,1,FALSE,FALSE,1,0.693147180559945,1,TRUE,26,2.1538,0.5385,33922.35,33922.35,1.49697902787666,4.46817044257113,,TRUE,100,2.30258509299405
poughkeepsie,0,ny,pwco,pwco,pwco,32,0,1,vermont,292,31,35,6,5,37,400,2500,0,,10,,pac,0,tophamwh,1,0,0,4,28,1,FALSE,TRUE,4,1.6094379124341,0,TRUE,23,2.3571,0.5714,108449.46,108449.46,2.78179151879208,16.1479243597379,0.0958904109589041,FALSE,100,2.30258509299405
poughkeepsie,0,ny,sherman,pwco,sherman,34,0,0,newengland,375,29,34,6,8,36,800,2000,0,0,5,,atl,0,terryjjr,8,0,0,,30,0,TRUE,TRUE,5,1.79175946922806,0,TRUE,26,2.0227,0.5682,113972.04,113972.04,2.45868587014492,11.68944,0.08,FALSE,25,1.6094379124341
providence,2,ri,amevt,amevt,amevt,33,0,0,brunswick,295,27,34,4,4,36,60,1440,0,0,69,,atl,0,stewarthn,1,0,0,,,0,TRUE,TRUE,7,2.07944154167984,0,FALSE,24,2.0227,0.5682,49182.903,49182.903,1.93827215540052,6.94673771186441,,FALSE,4761,4.23410650459726
providence,2,ri,amevt,amevt,amevt,33,0,0,brunswick,295,27,36,7,7,37,200,1700,0,,69,,atl,0,stewarthn,2,0,0,3,,0,TRUE,TRUE,9,2.30258509299405,0,FALSE,12,2.3571,0.5714,68399.73,68399.73,2.96124215010661,19.3219576271186,,FALSE,4761,4.23410650459726
providence,2,ri,amevt,amevt,amevt,33,0,0,brunswick,295,27,37,8,4,39,80,1320,0,,69,,atl,0,gardneri,2,0,0,1,,0,TRUE,TRUE,10,2.39789527279837,0,FALSE,20,2.9167,0.5,48930.084,48930.084,2.11544007112608,8.29323457627119,,FALSE,4761,4.23410650459726
providence,2,ri,amevt,amevt,amevt,33,0,0,brunswick,295,27,39,8,4,41,280,2500,0,,69,,atl,0,manchestera,0,0,0,4,,0,TRUE,FALSE,12,2.56494935746154,0,FALSE,20,2.9375,0.625,104658.75,104658.75,2.87575270652518,17.7387711864407,,FALSE,4761,4.23410650459726
providence,2,ri,amevt,amevt,amevt,33,0,0,brunswick,295,27,41,8,7,43,150,850,0,,69,,ind,0,champlingf,0,0,0,4,,0,FALSE,FALSE,14,2.70805020110221,0,FALSE,23,1.8529,0.9444,35529.9525,35529.9525,1.65566177984681,5.23654421518055,,FALSE,4761,4.23410650459726
providence,2,ri,amevt,amevt,amevt,33,0,0,envoy,391,26,33,12,1,38,2100,0,0,1,93,,pac,0,clarkjc,2,0,0,,,1,FALSE,TRUE,7,2.07944154167984,0,FALSE,49,2.6875,0.625,177778.125,177778.125,2.22776370490089,9.27909207161125,,TRUE,8649,4.53259949315326
providence,2,ri,amevt,amevt,amevt,33,0,0,envoy,391,26,38,6,3,41,1000,2500,0,,,,atl,0,peasejh,2,0,0,5,,0,TRUE,TRUE,12,2.56494935746154,0,FALSE,33,2.9375,0.625,171281.25,171281.25,2.58584709977668,13.2745291792606,,FALSE,,
providence,2,ri,amevt,amevt,amevt,33,0,0,envoy,391,26,41,6,2,44,300,3200,32000,,,,pac,0,fisherc,2,0,0,3,,1,FALSE,TRUE,15,2.77258872223978,0,FALSE,32,2.4472,1.0922,123926.04,158876.44,2.54143860939493,12.6979251918159,,FALSE,,
providence,2,ri,amevt,amevt,amevt,33,0,0,envoy,391,26,44,7,2,47,150,2850,56000,0,,,np,0,fisherc,3,0,0,5,,1,FALSE,TRUE,18,2.94443897916644,0,FALSE,31,2.7986,0.8611,102998.385,151219.985,2.52379614544852,12.4758670901741,,FALSE,,
providence,2,ri,carrington,carrington,carrington,41,0,0,lion,297,23,41,6,9,44,2200,0,0,1,24,,pac,0,howlandcf,2,0,0,,,1,FALSE,TRUE,18,2.94443897916644,0,FALSE,39,2.4472,1.0922,169590.96,169590.96,2.68385091410021,14.6413675213675,,TRUE,576,3.17805383034795
providence,2,ri,carrington,carrington,carrington,41,0,0,lion,297,23,45,8,7,49,2100,60,0,,24,,pac,0,howlandcf,3,0,0,11,,1,FALSE,TRUE,22,3.13549421592915,0,FALSE,47,2.7287,0.5842,182393.505,182393.505,2.57004200692298,13.0663733075435,,TRUE,576,3.17805383034795
providence,2,ri,npotter,npotter,npotter,41,0,0,cassander,299,25,41,11,7,44,400,1300,14000,0,5,,pac,0,Dennisaw,3,0,0,,,1,FALSE,TRUE,16,2.83321334405622,0,FALSE,32,2.4472,1.0922,71784.72,87075.52,2.20835159088929,9.10070234113712,,FALSE,25,1.6094379124341
providence,2,ri,npotter,npotter,npotter,41,0,0,cassander,299,25,44,10,8,47,200,1000,2500,1,5,,np,0,kinghf,0,0,0,3,,1,FALSE,FALSE,19,2.99573227355399,0,FALSE,34,2.7986,0.8611,49131.18,51283.93,1.61832862871668,5.04465178044462,,FALSE,25,1.6094379124341
providence,2,ri,npotter,npotter,npotter,41,0,0,cassander,299,25,47,11,,,,,,,5,,pac,1,winslowh,1,0,0,3,,1,FALSE,TRUE,22,3.13549421592915,0,FALSE,,0,0,,,,,,,25,1.6094379124341
providence,2,ri,pear&bull,pear&bull,pear&bull,42,0,0,hope,471,37,42,9,5,45,150,3450,30000,1,33,,ind,0,heathnb,1,0,0,,,0,FALSE,TRUE,5,1.79175946922806,0,FALSE,32,2.6667,1.0303,121275.1575,152184.1575,2.3122526321627,10.0971442078025,,FALSE,1089,3.49650756146648
providence,2,ri,pear&bull,pear&bull,pear&bull,42,0,0,richmond,342,31,44,10,4,47,110,3200,36654,0,29,,np,0,swiftea,0,0,0,,,1,FALSE,FALSE,13,2.63905732961526,0,FALSE,30,2.7986,0.8611,110497.149,142059.9084,2.62799601902886,13.8459949707602,,FALSE,841,3.36729582998647
providence,2,ri,pear&bull,pear&bull,pear&bull,42,0,0,richmond,342,31,47,7,2,50,159,3400,34000,,,,np,0,swiftea,1,0,0,3,,1,FALSE,TRUE,16,2.83321334405622,0,FALSE,31,2.4582,0.6599,119411.8947,141848.4947,2.59371688671895,13.3794090454631,,FALSE,,
providence,2,ri,pear&bull,pear&bull,pear&bull,42,0,0,samerica,605,32,43,11,3,46,270,5900,58000,1,5,,np,0,sowlenw,3,0,0,,,1,FALSE,TRUE,11,2.484906649788,0,FALSE,28,2.6037,1.0074,207994.4685,266423.6685,2.7554100912165,15.7274892857143,,FALSE,25,1.6094379124341
providence,2,ri,pear&bull,pear&bull,pear&bull,42,0,0,samerica,605,32,46,11,1,49,200,5300,48000,1,5,,np,0,sowlenw,4,0,0,8,,1,FALSE,TRUE,14,2.70805020110221,0,FALSE,26,2.7287,0.5842,184140.81,212182.41,2.60187661217714,13.489027972028,,FALSE,25,1.6094379124341
providence,2,ri,thofletch,thofletch,thofletch,39,0,0,bowditch,399,23,39,7,4,41,250,3100,27000,0,3,,pac,0,sowlenw,0,0,0,,,1,FALSE,FALSE,16,2.83321334405622,0,FALSE,21,2.9375,0.625,120782.8125,137657.8125,2.79904241061278,16.4289070891515,,FALSE,9,1.09861228866811
providence,2,ri,thofletch,thofletch,thofletch,39,0,0,bowditch,399,23,41,7,3,43,190,3010,36000,,3,,pac,0,sowlenw,1,0,0,3,,1,FALSE,TRUE,18,2.94443897916644,0,FALSE,20,1.8529,0.9444,105904.6065,139903.0065,2.86401096032905,17.531705075188,,FALSE,9,1.09861228866811
providence,2,ri,thofletch,thofletch,thofletch,39,0,0,bowditch,399,23,43,6,5,46,0,1600,14000,,3,,pac,0,sowlenw,2,0,1,3,,1,FALSE,TRUE,20,3.04452243772342,1,FALSE,35,2.6037,1.0074,50400,64503.6,1.53016683680053,4.61894736842105,,FALSE,9,1.09861228866811
sagharbor,102,ny,ctdering,ctdering,ctdering,28,8,0,camillus,345,14,36,7,4,37,0,2000,0,,,,atl,0,toppinged,5,0,0,,,0,TRUE,TRUE,22,3.13549421592915,0,TRUE,9,2.3571,0.5714,63000,63000,3.01012101100609,20.2898550724638,,FALSE,,
sagharbor,102,ny,ctdering,ctdering,ctdering,28,8,0,camillus,345,14,38,8,6,39,0,1600,0,,,,atl,0,rogersa,1,0,0,,,0,TRUE,TRUE,24,3.2188758248682,0,TRUE,10,2.9167,0.5,50400,50400,2.68161694403405,14.6086956521739,,FALSE,,
sagharbor,102,ny,ctdering,ctdering,ctdering,28,8,0,camillus,345,14,40,10,12,41,200,1400,11377,,,,atl,0,howeseh,1,0,0,,,0,TRUE,TRUE,26,3.29583686600433,0,TRUE,14,2.9375,0.625,62606.25,69716.875,2.66959592983707,14.434135610766,,FALSE,,
sagharbor,102,ny,ctdering,ctdering,ctdering,28,8,0,franklin,391,19,33,8,5,37,2550,0,0,,,,pac,0,griffingcc,4,0,0,,,1,FALSE,TRUE,14,2.70805020110221,0,TRUE,45,2.3571,0.5714,189334.0575,189334.0575,2.37589818409612,10.7606739130435,,TRUE,,
sagharbor,102,ny,ctdering,ctdering,ctdering,28,8,0,franklin,391,19,39,7,4,41,250,2800,20246,,,,pac,0,youngsd,0,0,0,,,1,FALSE,FALSE,20,3.04452243772342,0,TRUE,21,2.9375,0.625,111332.8125,123986.5625,2.71469847407078,15.1000563268786,,FALSE,,
sagharbor,102,ny,ctdering,ctdering,ctdering,28,8,0,henry,333,18,35,7,4,36,0,2500,0,,,,atl,0,cartwrightmp,3,0,0,,,0,TRUE,TRUE,17,2.89037175789616,0,TRUE,9,2.0227,0.5682,78750,78750,3.26866648937122,26.2762762762763,,FALSE,,
sagharbor,102,ny,ctdering,ctdering,ctdering,28,8,0,henry,333,18,37,6,4,38,130,1620,0,,,,atl,0,cartwrightmp,5,0,0,,,0,TRUE,TRUE,19,2.99573227355399,0,TRUE,10,2.6875,0.625,62035.3125,62035.3125,2.92473147536864,18.629222972973,,FALSE,,
sagharbor,102,ny,emulford,emulford,emulford,33,1,0,danielwebster,397,33,37,8,4,39,280,2020,0,,,,atl,0,harlowsh,3,0,1,,,0,TRUE,TRUE,4,1.6094379124341,1,TRUE,20,2.9167,0.5,89355.294,89355.294,2.42070721473107,11.2538153652393,,FALSE,,
sagharbor,102,ny,emulford,emulford,emulford,33,1,0,danielwebster,397,33,39,5,4,41,400,2700,26271,,,,pac,0,bakerem,1,0,0,1,,1,FALSE,TRUE,6,1.94591014905531,0,TRUE,23,2.9375,0.625,122062.5,138481.875,2.71906423300344,15.1661236447268,,FALSE,,
sagharbor,102,ny,emulford,emulford,emulford,33,1,0,danielwebster,397,33,41,7,6,43,0,3300,33000,,,,np,0,bakerem,2,0,0,3,,1,FALSE,TRUE,8,2.19722457733622,0,TRUE,23,1.8529,0.9444,103950,135115.2,2.69445253025566,14.7974153980944,,FALSE,,
sagharbor,102,ny,emulford,emulford,emulford,33,1,0,danielwebster,397,33,43,8,4,45,25,3225,33000,,,,np,0,curryeh,2,0,0,2,,1,FALSE,TRUE,10,2.39789527279837,0,TRUE,20,2.6667,1.0303,103687.52625,137687.42625,2.85307281367015,17.3409856738035,,FALSE,,
sagharbor,102,ny,emulford,emulford,emulford,33,1,0,danielwebster,397,33,45,7,7,48,200,2450,15000,,,,np,0,curryeh,3,0,0,3,,1,FALSE,TRUE,12,2.56494935746154,0,TRUE,36,3.0303,0.7575,96265.89,107628.39,2.01898452034851,7.53067380352645,,FALSE,,
sagharbor,102,ny,luthercook,luthercook,luthercook,29,2,0,columbia,285,29,34,7,5,35,200,1600,1300,,,,atl,0,hedgesjw,1,0,0,,,0,TRUE,TRUE,5,1.79175946922806,0,TRUE,10,2.1538,0.5385,63968.94,64668.99,3.12196280330432,22.6908736842105,,FALSE,,
sagharbor,102,ny,luthercook,luthercook,luthercook,29,2,0,columbia,285,29,36,7,4,37,100,2100,0,,,,atl,0,hedgesjw,2,0,0,,,0,TRUE,TRUE,7,2.07944154167984,0,TRUE,9,2.3571,0.5714,73574.865,73574.865,3.35634498063274,28.6841578947369,,FALSE,,
sagharbor,102,ny,luthercook,luthercook,luthercook,29,2,0,columbia,285,29,39,7,4,41,60,2350,25207,,,,pac,0,edwardslb,1,0,0,,,1,FALSE,TRUE,10,2.39789527279837,0,TRUE,21,2.9375,0.625,79576.875,95331.25,2.76810132975617,15.9283625730994,,FALSE,,
sagharbor,102,ny,luthercook,luthercook,luthercook,29,2,0,columbia,285,29,43,6,4,45,250,2250,28000,,,,atl,0,edwardslb,2,0,0,,,0,TRUE,TRUE,14,2.70805020110221,0,TRUE,22,2.6667,1.0303,91875.2625,120723.6625,2.95772779815508,19.2541726475279,,FALSE,,
sagharbor,102,ny,luthercook,luthercook,luthercook,29,2,0,phenix,314,30,34,7,5,35,500,1900,0,,,,atl,0,cooperm,2,0,0,,,0,TRUE,TRUE,4,1.6094379124341,0,TRUE,10,2.1538,0.5385,93772.35,93772.35,3.39664723651759,29.8638057324841,,FALSE,,
sagharbor,102,ny,luthercook,luthercook,luthercook,29,2,0,phenix,314,30,36,8,6,38,170,1600,0,,,,atl,0,cooperm,3,0,0,,,0,TRUE,TRUE,6,1.94591014905531,0,TRUE,22,2.6875,0.625,64791.5625,64791.5625,2.23849522626262,9.37920707874928,,FALSE,,
sagharbor,102,ny,luthercook,luthercook,luthercook,29,2,0,phenix,314,30,40,7,5,42,500,2100,17000,,,,pac,0,briggssp,1,0,0,,,1,FALSE,TRUE,10,2.39789527279837,0,TRUE,22,2.1471,0.6765,99966.825,111467.325,2.78105133834104,16.1359764041691,,FALSE,,
sagharbor,102,ny,luthercook,luthercook,luthercook,29,2,0,phenix,314,30,44,10,6,47,0,1800,8000,,,,np,0,briggssp,3,0,0,,,1,FALSE,TRUE,14,2.70805020110221,0,TRUE,32,2.7986,0.8611,56700,63588.8,1.84506374448377,6.32850318471338,,FALSE,,
sagharbor,102,ny,marcusosborn,marcusosborn,marcusosborn,32,2,0,ann,299,23,35,7,5,36,0,1850,0,,,,atl,0,howellc,4,0,0,,,0,TRUE,TRUE,12,2.56494935746154,0,TRUE,10,2.0227,0.5682,58275,58275,2.96989979751923,19.4899665551839,,FALSE,,
sagharbor,102,ny,marcusosborn,marcusosborn,marcusosborn,32,2,0,ann,299,23,37,8,5,38,0,1350,0,,,,atl,0,bishopj,1,0,0,,,0,TRUE,TRUE,14,2.70805020110221,0,TRUE,9,2.6875,0.625,42525,42525,2.76017926653716,15.8026755852843,,FALSE,,
sagharbor,102,ny,marcusosborn,marcusosborn,marcusosborn,32,2,0,ann,299,23,39,8,5,41,450,1750,14640,,,,pac,0,curryeh,0,0,0,,,1,FALSE,FALSE,16,2.83321334405622,0,TRUE,21,2.9375,0.625,96764.0625,105914.0625,2.8254173020278,16.8679825609173,,FALSE,,
sagharbor,102,ny,marcusosborn,marcusosborn,marcusosborn,32,2,0,ann,299,23,43,7,5,46,200,1800,5000,,,,atl,0,leeksc,0,0,0,,,0,TRUE,FALSE,20,3.04452243772342,0,TRUE,34,2.6037,1.0074,73103.31,78140.31,2.03945723783263,7.68643615974818,,FALSE,,
sagharbor,102,ny,mul&sleight,mul&sleight,mul&sleight,21,28,0,acasta,286,21,34,7,5,35,140,1550,0,,,,atl,0,howellje,0,0,0,,,0,TRUE,FALSE,13,2.63905732961526,0,TRUE,10,2.1538,0.5385,58323.258,58323.258,3.01517932550583,20.3927475524476,,FALSE,,
sagharbor,102,ny,mul&sleight,mul&sleight,mul&sleight,21,28,0,acasta,286,21,35,6,4,36,150,1650,0,,,,atl,0,gloverac,0,0,1,1,,0,TRUE,FALSE,14,2.70805020110221,1,TRUE,10,2.0227,0.5682,61532.2575,61532.2575,3.06873992466739,21.5147753496504,,FALSE,,
sagharbor,102,ny,mul&sleight,mul&sleight,mul&sleight,21,28,0,acasta,286,21,40,10,8,41,0,2000,14900,,,,pac,0,smithsp,1,0,0,,,1,FALSE,TRUE,19,2.99573227355399,0,TRUE,10,2.9375,0.625,63000,72312.5,3.23017538012213,25.2840909090909,,FALSE,,
sagharbor,102,ny,mul&sleight,mul&sleight,mul&sleight,21,28,0,acasta,286,21,42,8,6,44,0,1600,13000,,,,pac,0,havensjm,1,0,0,,,1,FALSE,TRUE,21,3.09104245335832,0,TRUE,22,2.4472,1.0922,50400,64598.6,2.32891375353106,10.2667832167832,,FALSE,,
sagharbor,102,ny,mul&sleight,mul&sleight,mul&sleight,21,28,0,cadmus,307,18,33,6,3,34,0,1850,0,,,,ind,0,handdjr,3,0,0,,,0,FALSE,TRUE,15,2.77258872223978,0,TRUE,9,2.6363,0.7636,58275,58275,3.04885613898054,21.0912052117264,,FALSE,,
sagharbor,102,ny,mul&sleight,mul&sleight,mul&sleight,21,28,0,cadmus,307,18,36,7,3,37,90,1800,0,,,,atl,0,handdjr,6,0,0,,,0,TRUE,TRUE,18,2.94443897916644,0,TRUE,8,2.3571,0.5714,63382.3785,63382.3785,3.25065187088497,25.8071573697068,,FALSE,,
sagharbor,102,ny,mul&sleight,mul&sleight,mul&sleight,21,28,0,cadmus,307,18,39,7,4,41,553,1473,12000,,,,pac,0,nickersonhjr,2,0,0,,,1,FALSE,TRUE,21,3.09104245335832,0,TRUE,21,2.9375,0.625,97569.28125,105069.28125,2.79100504767116,16.2973912284784,,FALSE,,
sagharbor,102,ny,mul&sleight,mul&sleight,mul&sleight,21,28,0,cadmus,307,18,43,8,6,45,300,1100,8000,,,,ind,0,smithd,3,0,0,,,0,FALSE,TRUE,25,3.25809653802148,0,TRUE,22,2.6667,1.0303,59850.315,68092.715,2.31073531043314,10.0818352087652,,FALSE,,
sagharbor,102,ny,mul&sleight,mul&sleight,mul&sleight,21,28,0,thomasdickason,454,26,37,7,4,39,120,3880,40000,,,,atl,0,havensws,5,0,0,,,0,TRUE,TRUE,11,2.484906649788,0,TRUE,21,2.9167,0.5,133245.126,153245.126,2.77717441328649,16.0735395426893,,FALSE,,
sagharbor,102,ny,mul&sleight,mul&sleight,mul&sleight,21,28,0,thomasdickason,454,26,39,7,3,41,360,4000,38000,,,,atl,0,havensws,6,0,0,3,,0,TRUE,TRUE,13,2.63905732961526,0,TRUE,20,2.9375,0.625,159311.25,183061.25,3.0037466036824,20.1609306167401,,FALSE,,
sagharbor,102,ny,mul&sleight,mul&sleight,mul&sleight,21,28,0,thomasdickason,454,26,41,6,4,43,0,2300,18240,,,,pac,0,havensws,7,0,0,3,,1,FALSE,TRUE,15,2.77258872223978,0,TRUE,22,1.8529,0.9444,72450,89675.856,2.19481719653653,8.97835963155787,,FALSE,,
sagharbor,102,ny,mul&sleight,mul&sleight,mul&sleight,21,28,0,thomasdickason,454,26,44,8,4,47,0,3800,10000,,,,np,0,lowenw,0,0,0,,,1,FALSE,FALSE,18,2.94443897916644,0,TRUE,32,2.7986,0.8611,119700,128311,2.17837918264243,8.83197962555066,,FALSE,,
sagharbor,102,ny,mul&sleight,mul&sleight,mul&sleight,21,28,0,thorn,299,15,34,7,4,35,0,1200,0,,,,atl,0,havensws,2,0,0,,,0,TRUE,TRUE,19,2.99573227355399,0,TRUE,9,2.1538,0.5385,37800,37800,2.64239623088077,14.0468227424749,,FALSE,,
sagharbor,102,ny,mul&sleight,mul&sleight,mul&sleight,21,28,0,thorn,299,15,36,6,4,37,0,1950,0,,,,atl,0,havensws,4,0,0,,,0,TRUE,TRUE,21,3.09104245335832,0,TRUE,10,2.3571,0.5714,61425,61425,3.02254353100465,20.5434782608696,,FALSE,,
sagharbor,102,ny,mul&sleight,mul&sleight,mul&sleight,21,28,0,thorn,299,15,38,10,7,40,50,1500,0,,,,pac,1,tuttlejs,0,0,1,,,1,FALSE,FALSE,23,3.17805383034795,1,TRUE,21,3.3333,0.6333,52499.9475,52499.9475,2.12360143746511,8.36119565217391,,FALSE,,
sagharbor,102,ny,nghowell,nghowell,nghowell,31,1,0,arabella,367,27,33,8,4,37,1900,100,0,,,,pac,0,piersonj,3,0,0,,,1,FALSE,TRUE,6,1.94591014905531,0,TRUE,44,2.3571,0.5714,144222.435,144222.435,2.18956059228272,8.93128777557592,,TRUE,,
sagharbor,102,ny,nghowell,nghowell,nghowell,31,1,0,arabella,367,27,39,7,6,41,200,2200,16200,,,,pac,0,bishopjjr,0,0,0,,,1,FALSE,FALSE,12,2.56494935746154,0,TRUE,23,2.9375,0.625,87806.25,97931.25,2.451164916869,11.6018540457292,,FALSE,,
sagharbor,102,ny,nghowell,nghowell,nghowell,31,1,0,arabella,367,27,41,9,3,44,500,2200,22000,,,,ind,0,babcockh,2,0,0,3,,0,FALSE,TRUE,14,2.70805020110221,0,TRUE,30,2.4472,1.0922,107843.4,131871.8,2.48302628779849,11.9774568574024,,FALSE,,
sagharbor,102,ny,nghowell,nghowell,nghowell,31,1,0,arabella,367,27,47,8,7,49,50,2000,10500,,,,np,0,ludlowi,5,0,0,,,1,FALSE,TRUE,20,3.04452243772342,0,TRUE,23,2.7287,0.5842,67297.7025,73431.8025,2.16325633334846,8.69941979623268,,FALSE,,
sagharbor,102,ny,nghowell,nghowell,nghowell,31,1,0,fanny,391,22,36,7,5,37,100,2100,0,,,,atl,0,paynecw,2,0,0,,,0,TRUE,TRUE,14,2.70805020110221,0,TRUE,10,2.3571,0.5714,73574.865,73574.865,2.93476608525819,18.8171010230179,,FALSE,,
sagharbor,102,ny,nghowell,nghowell,nghowell,31,1,0,fanny,391,22,38,7,5,39,0,1000,0,,,,atl,0,paynecw,4,0,0,,,0,TRUE,TRUE,16,2.83321334405622,0,TRUE,10,2.9167,0.5,31500,31500,2.08645017183431,8.05626598465473,,FALSE,,
sagharbor,102,ny,nghowell,nghowell,nghowell,31,1,0,fanny,391,22,41,5,10,43,350,2550,22000,,,,pac,0,fordhamhc,0,0,0,,,1,FALSE,FALSE,19,2.99573227355399,0,TRUE,29,1.8529,0.9444,100753.2225,121530.0225,2.37191322003246,10.7178783402416,,FALSE,,
sagharbor,102,ny,nghowell,nghowell,nghowell,31,1,0,fanny,391,22,46,8,3,49,80,2900,14000,,,,np,0,edwardshh,2,0,0,,,1,FALSE,TRUE,24,3.2188758248682,0,TRUE,31,2.7287,0.5842,98226.324,106405.124,2.17231424815435,8.77857635508621,,FALSE,,
sagharbor,102,ny,nghowell,nghowell,nghowell,31,1,0,france,411,27,37,6,5,38,0,2300,0,,,,atl,0,howellje,5,0,0,,,0,TRUE,TRUE,10,2.39789527279837,0,TRUE,11,2.6875,0.625,72450,72450,2.77416346045422,16.0252156602522,,FALSE,,
sagharbor,102,ny,nghowell,nghowell,nghowell,31,1,0,france,411,27,38,7,8,41,700,3500,26730,,,,atl,0,howellje,6,0,1,2,,0,TRUE,TRUE,11,2.484906649788,1,TRUE,37,2.9375,0.625,175021.875,191728.125,2.53432250474691,12.6078861708424,,FALSE,,
sagharbor,102,ny,nghowell,nghowell,nghowell,31,1,0,france,411,27,41,10,6,43,220,2450,19600,,,,ind,0,edwardsw,1,1,0,2,,0,FALSE,TRUE,14,2.70805020110221,1,TRUE,20,1.8529,0.9444,90015.597,108525.837,2.58041806459647,13.2026565693431,,FALSE,,
sagharbor,102,ny,nghowell,nghowell,nghowell,31,1,0,france,411,27,43,7,5,46,90,3110,21432,,,,pac,0,edwardsw,2,0,0,1,,1,FALSE,TRUE,16,2.83321334405622,0,TRUE,34,2.6037,1.0074,105346.4895,126937.0863,2.20649312012084,9.08380465865178,,FALSE,,
sagharbor,102,ny,nghowell,nghowell,nghowell,31,1,0,panama,465,25,35,8,4,38,700,3400,0,,,,atl,0,crowellte,0,0,0,,,0,TRUE,FALSE,10,2.39789527279837,0,TRUE,32,2.6875,0.625,166359.375,166359.375,2.41413232854999,11.1800655241935,,FALSE,,
sagharbor,102,ny,nghowell,nghowell,nghowell,31,1,0,panama,465,25,38,6,4,41,400,3300,29000,,,,atl,0,crowellte,1,0,0,2,,0,TRUE,TRUE,13,2.63905732961526,0,TRUE,34,2.9375,0.625,140962.5,159087.5,2.30881171409679,10.0624604680582,,FALSE,,
sagharbor,102,ny,nghowell,nghowell,nghowell,31,1,0,panama,465,25,41,6,10,42,130,3570,30000,,,,pac,0,crowellte,2,0,0,2,,1,FALSE,TRUE,16,2.83321334405622,0,TRUE,16,2.1471,0.6765,121247.3745,141542.3745,2.94572828983827,19.0245127016129,,FALSE,,
sagharbor,102,ny,nghowell,nghowell,nghowell,31,1,0,panama,465,25,44,5,5,47,80,2920,10000,,,,np,0,crowellte,3,0,0,,,1,FALSE,TRUE,19,2.99573227355399,0,TRUE,36,2.7986,0.8611,99032.472,107643.472,1.86102351594421,6.43031493428913,,FALSE,,
sagharbor,102,ny,sbhunting,sbhunting,sbhunting,21,20,0,american,284,27,35,6,7,36,0,1000,0,,,,atl,0,joneswa,4,0,0,,,0,TRUE,TRUE,8,2.19722457733622,0,TRUE,13,2.0227,0.5682,31500,31500,2.14381922919098,8.53196099674973,,FALSE,,
sagharbor,102,ny,sbhunting,sbhunting,sbhunting,21,20,0,american,284,27,38,5,7,40,400,1100,0,,,,atl,0,jenningswl,1,0,0,,,0,TRUE,TRUE,11,2.484906649788,0,TRUE,26,3.3333,0.6333,76649.58,76649.58,2.33992862865021,10.3804956663055,,FALSE,,
sagharbor,102,ny,sbhunting,sbhunting,sbhunting,21,20,0,american,284,27,43,9,8,45,100,1500,14000,,,,ind,0,coffinah,1,0,0,,,0,FALSE,TRUE,16,2.83321334405622,0,TRUE,23,2.6667,1.0303,55650.105,70074.305,2.37284300394839,10.7278482853644,,FALSE,,
sagharbor,102,ny,sbhunting,sbhunting,sbhunting,21,20,0,hannibal,311,19,33,7,5,34,23,1350,9000,,,,atl,0,cooperh,7,0,0,,,0,TRUE,TRUE,14,2.70805020110221,0,TRUE,10,2.6363,0.7636,44434.99935,51307.39935,2.80321225242655,16.4975560610933,,FALSE,,
sagharbor,102,ny,sbhunting,sbhunting,sbhunting,21,20,0,hannibal,311,19,35,5,6,36,0,1000,0,,,,atl,0,harrisj,1,0,0,,,0,TRUE,TRUE,16,2.83321334405622,0,TRUE,13,2.0227,0.5682,31500,31500,2.05300055517295,7.79124412564927,,FALSE,,
sagharbor,102,ny,sbhunting,sbhunting,sbhunting,21,20,0,hannibal,311,19,38,7,7,40,100,1550,0,,,,atl,0,bennettll,0,0,0,,,0,TRUE,FALSE,19,2.99573227355399,0,TRUE,24,3.3333,0.6333,59324.895,59324.895,2.07293756886371,7.94813705787781,,FALSE,,
sagharbor,102,ny,sbhunting,sbhunting,sbhunting,21,20,0,hannibal,311,19,41,8,6,42,0,1900,0,,,,ind,0,bennettll,2,0,0,,,0,FALSE,TRUE,22,3.13549421592915,0,TRUE,10,2.1471,0.6765,59850,59850,2.95721870581284,19.2443729903537,,FALSE,,
sagharbor,102,ny,sbhunting,sbhunting,sbhunting,21,20,0,hannibal,311,19,43,8,9,45,100,1500,10000,,,,atl,0,canningj,0,0,0,,,0,TRUE,FALSE,24,3.2188758248682,0,TRUE,25,2.6667,1.0303,55650.105,65953.105,2.13803050111181,8.48271446945338,,FALSE,,
sagharbor,102,ny,sbhunting,sbhunting,sbhunting,21,20,0,neptune,338,16,33,6,5,34,0,1800,15000,,,,atl,0,parkerj,0,0,0,,,0,TRUE,FALSE,17,2.89037175789616,0,TRUE,11,2.6363,0.7636,56700,68154,2.90858396117809,18.3308230231307,,FALSE,,
sagharbor,102,ny,sbhunting,sbhunting,sbhunting,21,20,0,neptune,338,16,34,6,5,35,200,1950,15000,,,,atl,0,sayree,0,0,0,1,,0,TRUE,FALSE,18,2.94443897916644,0,TRUE,11,2.1538,0.5385,74993.94,83071.44,3.10651507117938,22.34304464766,,FALSE,,
sagharbor,102,ny,sbhunting,sbhunting,sbhunting,21,20,0,neptune,338,16,36,7,5,37,0,2300,0,,,,atl,0,slatesh,0,0,0,,,0,TRUE,FALSE,20,3.04452243772342,0,TRUE,10,2.3571,0.5714,72450,72450,3.06502095927176,21.4349112426036,,FALSE,,
sagharbor,102,ny,sbhunting,sbhunting,sbhunting,21,20,0,neptune,338,16,39,8,4,41,0,2700,22206,,,,atl,0,slatesh,2,0,0,,,0,TRUE,TRUE,23,3.17805383034795,0,TRUE,20,2.9375,0.625,85050,98928.75,2.68337700400383,14.6344304733728,,FALSE,,
sagharbor,102,ny,sbhunting,sbhunting,sbhunting,21,20,0,neptune,338,16,43,6,5,45,90,2160,18009,,,,np,0,piersonw,0,0,0,,,1,FALSE,FALSE,27,3.3322045101752,0,TRUE,23,2.6667,1.0303,75600.0945,94154.7672,2.4941550554858,12.1114956521739,,FALSE,,
sagharbor,102,ny,sbhunting,sbhunting,sbhunting,21,20,0,ontario,368,34,34,7,5,36,0,1700,0,,,,atl,0,parkerjjr,2,0,0,,,0,TRUE,TRUE,0,0,0,TRUE,22,2.0227,0.5682,53550,53550,1.88924568434865,6.61437747035573,,FALSE,,
sagharbor,102,ny,sbhunting,sbhunting,sbhunting,21,20,0,ontario,369,34,39,9,5,40,0,2350,0,,,,atl,0,greenbr,8,0,0,,,0,TRUE,TRUE,5,1.79175946922806,0,TRUE,8,3.3333,0.6333,74025,74025,3.22191996724943,25.0762195121951,,FALSE,,
sagharbor,102,ny,sbhunting,sbhunting,sbhunting,21,20,0,ontario,370,34,42,6,7,44,80,3220,27000,,,,ind,0,greenjm,0,0,0,,,0,FALSE,FALSE,8,2.19722457733622,0,TRUE,25,2.4472,1.0922,107596.944,137086.344,2.695987423956,14.8201452972973,,FALSE,,
sagharbor,102,ny,sbhunting,sbhunting,sbhunting,21,20,0,portland,292,30,41,6,6,42,80,2270,0,,,,ind,0,paynewh,4,0,0,,,0,FALSE,TRUE,11,2.484906649788,0,TRUE,12,2.1471,0.6765,76915.692,76915.692,3.08880473983778,21.9508253424658,,FALSE,,
sagharbor,102,ny,sbhunting,sbhunting,sbhunting,21,20,0,portland,292,30,42,8,4,44,0,2500,25000,,,,ind,0,paynewh,5,0,0,2,,0,FALSE,TRUE,12,2.56494935746154,0,TRUE,20,2.4472,1.0922,78750,106055,2.89922703063104,18.160102739726,,FALSE,,
sagharbor,102,ny,sbhunting,sbhunting,sbhunting,21,20,0,portland,292,30,44,5,5,47,80,2920,10000,,,,np,0,corwinjr,0,0,0,1,,1,FALSE,FALSE,14,2.70805020110221,0,TRUE,36,2.7986,0.8611,99032.472,107643.472,2.32630711926329,10.2400563165906,,FALSE,,
salem,4,ma,cheever,cheever,cheever,38,0,0,eliza,262,17,38,11,5,41,275,1300,0,0,1,,ind,0,radcliffwc,1,0,0,,24,0,FALSE,TRUE,21,3.09104245335832,0,FALSE,30,2.9375,0.625,66396.09375,66396.09375,2.13385161924451,8.44734017175573,0.0916030534351145,FALSE,1,0
salem,4,ma,cheever,cheever,cheever,38,0,0,eliza,262,17,41,,,,,,,,1,,ind,1,chasepf,6,0,0,,22,0,FALSE,TRUE,24,3.2188758248682,0,FALSE,,0,0,,,,,0.083969465648855,,1,0
salem,4,ma,cheever,cheever,cheever,38,0,0,emerald,271,23,38,5,2,40,350,1750,0,0,2,,ind,0,dexterj,0,0,0,,24,0,FALSE,FALSE,15,2.77258872223978,0,FALSE,21,3.3333,0.6333,91874.6325,91874.6325,2.78153897790401,16.1438468634686,0.0885608856088561,FALSE,4,0.693147180559945
salem,4,ma,cheever,cheever,cheever,38,0,0,emerald,271,23,40,5,2,43,400,1100,8800,,2,,ind,0,brownr,4,0,1,3,19,0,FALSE,TRUE,17,2.89037175789616,1,FALSE,33,1.8529,0.9444,57996.54,66307.26,2.00342829009528,7.41443139885944,0.0701107011070111,FALSE,4,0.693147180559945
salem,4,ma,cheever,cheever,cheever,38,0,0,emerald,271,23,43,9,3,45,1100,0,0,,2,,ind,1,lakemanef,2,0,0,7,25,0,FALSE,TRUE,20,3.04452243772342,0,FALSE,18,2.6667,1.0303,92401.155,92401.155,2.94140417877579,18.942426199262,0.0922509225092251,TRUE,4,0.693147180559945
salem,4,ma,osgood,osgood,osgood,31,0,0,bengal,304,16,35,7,3,37,140,1600,0,0,12,,atl,0,netcherg,0,0,0,,24,0,TRUE,FALSE,19,2.99573227355399,0,FALSE,20,2.3571,0.5714,60794.811,60794.811,2.30249974395718,9.99914654605263,0.0789473684210526,FALSE,144,2.484906649788
salem,4,ma,osgood,osgood,osgood,31,0,0,bengal,304,16,37,11,5,40,1800,0,0,,12,,ind,0,jacksonb,0,0,0,8,24,0,FALSE,FALSE,21,3.09104245335832,0,FALSE,30,3.3333,0.6333,188998.11,188998.11,3.0312672109234,20.7234769736842,0.0789473684210526,TRUE,144,2.484906649788
salem,4,ma,osgood,osgood,osgood,31,0,0,bengal,304,16,40,7,3,44,1800,0,0,,12,,ind,0,jacksonb,1,0,0,2,23,0,FALSE,TRUE,24,3.2188758248682,0,FALSE,44,2.4472,1.0922,138756.24,138756.24,2.33925666824592,10.3735227272727,0.0756578947368421,TRUE,144,2.484906649788
salem,4,ma,osgood,osgood,osgood,31,0,0,izette,275,22,31,3,3,32,100,1500,0,0,8,,atl,0,hoit,0,0,0,,22,0,TRUE,FALSE,9,2.30258509299405,0,FALSE,12,3.617,0.5532,58643.55,58643.55,2.87755512615487,17.7707727272727,0.08,FALSE,64,2.07944154167984
salem,4,ma,osgood,osgood,osgood,31,0,0,izette,275,22,34,5,4,35,1400,0,0,0,8,,atl,0,sistare,1,0,0,,27,0,TRUE,TRUE,12,2.56494935746154,0,FALSE,11,2.1538,0.5385,94982.58,94982.58,3.44678241488264,31.3992,0.0981818181818182,TRUE,64,2.07944154167984
salem,4,ma,osgood,osgood,osgood,31,0,0,izette,275,22,37,10,12,39,250,2050,0,,8,,pac,0,hallw,0,0,0,,24,1,FALSE,FALSE,15,2.77258872223978,0,FALSE,26,2.9167,0.5,87544.0125,87544.0125,2.50502931019556,12.2439178321678,0.0872727272727273,FALSE,64,2.07944154167984
salem,4,ma,osgood,osgood,osgood,31,0,0,izette,275,22,40,5,6,42,900,1400,0,,8,,ind,0,hallw,1,0,0,5,24,0,FALSE,TRUE,18,2.94443897916644,0,FALSE,25,2.1471,0.6765,104970.285,104970.285,2.72578566655283,15.2684050909091,0.0872727272727273,FALSE,64,2.07944154167984
salem,4,ma,osgood,osgood,osgood,31,0,0,jamesmaury,395,25,37,7,12,40,400,2600,0,0,1,,pac,0,bigelowh,1,0,0,,24,1,FALSE,TRUE,12,2.56494935746154,0,FALSE,41,3.3333,0.6333,123899.58,123899.58,2.03476884617555,7.65048348255634,0.0607594936708861,FALSE,1,0
salem,4,ma,osgood,osgood,osgood,31,0,0,jamesmaury,395,25,41,3,2,45,1400,500,3600,,1,,ind,0,husseybr,3,0,1,3,26,0,FALSE,TRUE,16,2.83321334405622,1,FALSE,47,2.6667,1.0303,133351.47,137060.55,1.99914471136167,7.38273902504713,0.0658227848101266,TRUE,1,0
salem,4,ma,osgood,osgood,osgood,31,0,0,lydia,292,21,35,9,11,37,1500,300,0,0,1,,atl,0,ramsdellc,0,0,0,,25,0,TRUE,FALSE,14,2.70805020110221,0,FALSE,26,2.3571,0.5714,120822.975,120822.975,2.76723139650654,15.9145119863014,0.0856164383561644,TRUE,1,0
salem,4,ma,osgood,osgood,osgood,31,0,0,lydia,292,21,37,12,3,40,380,1450,0,,1,,ind,0,ramsdellc,0,0,0,1,30,0,FALSE,FALSE,16,2.83321334405622,0,FALSE,27,3.3333,0.6333,85574.601,85574.601,2.38455313253822,10.8542111872146,0.102739726027397,FALSE,1,0
salem,4,ma,osgood,osgood,osgood,31,0,0,reaper,229,20,35,8,7,37,1100,0,0,0,1,,ind,0,worthjt,1,0,0,,23,0,FALSE,TRUE,15,2.77258872223978,0,FALSE,23,2.3571,0.5714,81673.515,81673.515,2.74126883500241,15.5066479969622,0.100436681222707,TRUE,1,0
salem,4,ma,osgood,osgood,osgood,31,0,0,samwright,372,31,36,11,3,39,300,2200,0,,1,,pac,0,coffin,,0,0,,30,1,FALSE,,5,1.79175946922806,0,FALSE,28,2.9167,0.5,96862.815,96862.815,2.22995261365109,9.29942540322581,0.0806451612903226,FALSE,1,0
salem,4,ma,osgood,osgood,osgood,31,0,0,statesman,258,26,36,12,9,38,2100,0,0,,1,,pac,0,coffincn,0,0,0,,23,1,FALSE,FALSE,10,2.39789527279837,0,FALSE,21,2.6875,0.625,177778.125,177778.125,3.49080954035184,32.8125,0.0891472868217054,TRUE,1,0
salem,4,ma,osgood,osgood,osgood,31,0,0,statesman,258,26,38,10,3,42,1800,0,0,0,1,,pac,0,coffincn,1,0,0,1,22,1,FALSE,TRUE,12,2.56494935746154,0,FALSE,41,2.1471,0.6765,121740.57,121740.57,2.44311593252044,11.5088457175269,0.0852713178294574,TRUE,1,0
salem,4,ma,osgood,osgood,osgood,31,0,0,statesman,258,26,42,6,,,,,,,1,,pac,1,doanee,1,0,0,3,,1,FALSE,TRUE,16,2.83321334405622,0,FALSE,,0,0,,,,,,,1,0
salem,4,ma,phillips,phillips,phillips,36,0,0,elizabeth,397,,36,11,5,40,2400,0,0,,,,pac,0,hedgeic,2,0,0,,30,1,FALSE,TRUE,,,0,FALSE,42,3.3333,0.6333,251997.48,251997.48,2.715568467473,15.1131989924433,0.0755667506297229,TRUE,,
salem,4,ma,sawco,masasaco,masasaco,31,10,0,mtwollaston,325,22,38,6,4,40,600,1100,0,,,,ind,0,jewettp,1,0,0,,19,0,FALSE,TRUE,16,2.83321334405622,0,FALSE,22,3.3333,0.6333,97649.37,97649.37,2.61427084898306,13.6572545454545,0.0584615384615385,FALSE,,
salem,4,ma,sawco,masasaco,masasaco,31,10,0,mtwollaston,325,22,40,6,6,43,400,1900,5600,,,,ind,0,rose,0,0,0,2,25,0,FALSE,FALSE,18,2.94443897916644,0,FALSE,36,1.8529,0.9444,83196.54,88485.18,2.02324623856046,7.5628358974359,0.0769230769230769,FALSE,,
salem,4,ma,sawco,masasaco,masasaco,35,0,0,palestine,248,28,35,11,4,39,1600,0,0,0,54,,pac,0,cartwrighta,0,0,0,,22,1,FALSE,FALSE,7,2.07944154167984,0,FALSE,41,2.9167,0.5,147001.68,147001.68,2.67119848139771,14.4572856018883,0.0887096774193548,TRUE,2916,3.98898404656427
statenisland,0,ny,siwco,siwco,siwco,37,0,1,white oak,291,16,37,12,6,40,0,1700,0,,,,atl,0,barney,,0,0,,,0,TRUE,,21,3.09104245335832,0,TRUE,30,3.3333,0.6333,53550,53550,1.81385042704225,6.1340206185567,,FALSE,,
warren,6,ri,driscol&child,driscol&child,driscol&child,29,3,0,atlantic,323,17,36,6,4,38,80,1920,0,0,12,,atl,0,howlandcf,0,0,0,,,0,TRUE,FALSE,19,2.99573227355399,0,FALSE,22,2.6875,0.625,67252.5,67252.5,2.24751469491334,9.46418519560934,,FALSE,144,2.484906649788
warren,6,ri,driscol&child,driscol&child,driscol&child,29,3,0,benjaminrush,384,14,33,5,2,37,1820,120,0,,11,,pac,0,coffinj,0,0,0,,,1,FALSE,FALSE,19,2.99573227355399,0,FALSE,45,2.3571,0.5714,138912.543,138912.543,2.08429478468318,8.0389203125,,TRUE,121,2.39789527279837
warren,6,ri,driscol&child,driscol&child,driscol&child,29,3,0,benjaminrush,384,14,37,9,3,41,1425,450,0,1,11,,pac,0,coffinj,1,0,0,7,,1,FALSE,TRUE,23,3.17805383034795,0,FALSE,42,2.9375,0.625,146032.03125,146032.03125,2.20326909787973,9.0545654296875,,TRUE,121,2.39789527279837
warren,6,ri,driscol&child,driscol&child,driscol&child,29,3,0,galen,365,20,33,7,5,34,0,1050,0,1,13,,pac,0,bordenlm,1,0,0,,,1,FALSE,TRUE,13,2.63905732961526,0,FALSE,10,2.6363,0.7636,33075,33075,2.20405054240662,9.06164383561644,,FALSE,169,2.56494935746154
warren,6,ri,driscol&child,driscol&child,driscol&child,29,3,0,galen,365,20,34,8,1,38,1600,0,0,1,13,,pac,0,bordenlm,2,0,0,3,,1,FALSE,TRUE,14,2.70805020110221,0,FALSE,41,2.6875,0.625,135450,135450,2.20288842722644,9.05111927831607,,TRUE,169,2.56494935746154
warren,6,ri,driscol&child,driscol&child,driscol&child,29,3,0,galen,365,20,38,10,6,42,1700,0,0,,13,,pac,0,bordenlm,3,0,0,9,,1,FALSE,TRUE,18,2.94443897916644,0,FALSE,44,2.1471,0.6765,114977.205,114977.205,1.96840218280567,7.15922820672478,,TRUE,169,2.56494935746154
warren,6,ri,driscol&child,driscol&child,driscol&child,29,3,0,galen,365,20,42,,,,,,,1,13,,pac,1,bowersj,0,0,0,,,1,FALSE,FALSE,22,3.13549421592915,0,FALSE,,0,0,,,,,,,169,2.56494935746154
warren,6,ri,driscol&child,driscol&child,driscol&child,29,3,0,northam,284,4,35,6,5,37,0,2000,0,1,11,,atl,0,grinnellg,1,0,0,,,0,TRUE,TRUE,31,3.46573590279973,0,FALSE,23,2.3571,0.5714,63000,63000,2.26642155128331,9.64482547458665,,FALSE,121,2.39789527279837
warren,6,ri,driscol&child,driscol&child,driscol&child,29,3,0,northam,284,4,37,8,5,39,500,800,0,1,11,,atl,0,grinnellg,2,0,0,3,,0,TRUE,TRUE,33,3.52636052461616,0,FALSE,21,2.9167,0.5,71138.025,71138.025,2.47888060707332,11.9279049295775,,FALSE,121,2.39789527279837
warren,6,ri,driscol&child,driscol&child,driscol&child,29,3,0,northam,284,4,39,7,6,41,700,300,0,1,11,,atl,0,mosherp,0,0,0,2,,0,TRUE,FALSE,35,3.58351893845611,0,FALSE,23,2.9375,0.625,74221.875,74221.875,2.43034574293755,11.3628100122474,,TRUE,121,2.39789527279837
warren,6,ri,driscol&child,driscol&child,driscol&child,29,3,0,philtabb,405,14,36,7,4,38,800,1200,0,1,14,,pac,0,bowenm,1,0,0,,,1,FALSE,TRUE,22,3.13549421592915,0,FALSE,21,2.6875,0.625,105525,105525,2.51829366582074,12.4074074074074,,FALSE,196,2.63905732961526
warren,6,ri,driscol&child,driscol&child,driscol&child,29,3,0,philtabb,405,14,38,7,4,40,200,2450,0,,14,,pac,0,jenneyec,1,0,0,3,,1,FALSE,TRUE,24,3.2188758248682,0,FALSE,21,3.3333,0.6333,98174.79,98174.79,2.44609523557653,11.5431851851852,,FALSE,196,2.63905732961526
warren,6,ri,driscol&child,driscol&child,driscol&child,29,3,0,philtabb,405,14,40,7,4,43,600,1900,16000,,14,,pac,0,jenneyec,2,0,0,3,,1,FALSE,TRUE,26,3.29583686600433,0,FALSE,33,1.8529,0.9444,94869.81,109980.21,2.10766109092504,8.22897194163861,,FALSE,196,2.63905732961526
warren,6,ri,driscol&child,driscol&child,driscol&child,29,3,0,philtabb,405,14,43,8,4,45,0,2800,28000,0,14,,np,0,webbo,3,0,0,4,,1,FALSE,TRUE,29,3.40119738166216,0,FALSE,20,2.6667,1.0303,88200,117048.4,2.67072346279304,14.4504197530864,,FALSE,196,2.63905732961526
warren,6,ri,driscol&child,driscol&child,driscol&child,29,3,0,philtabb,405,14,45,,,,,,,,14,,np,1,jollsj,0,0,0,,,1,FALSE,FALSE,31,3.46573590279973,0,FALSE,,0,0,,,,,,,196,2.63905732961526
warren,6,ri,driscol&child,driscol&child,driscol&child,29,3,0,wmbaker,224,10,36,6,3,38,35,1330,0,,16,,atl,0,sandfordij,1,0,0,,,0,TRUE,TRUE,26,3.29583686600433,0,FALSE,21,2.6875,0.625,44857.96875,44857.96875,2.25508803771133,9.5361328125,,FALSE,256,2.77258872223978
warren,6,ri,driscol&child,driscol&child,driscol&child,29,3,0,wmbaker,224,10,38,7,4,39,180,620,0,,16,,atl,0,sandfordij,2,0,0,4,,0,TRUE,TRUE,28,3.36729582998647,0,FALSE,9,2.9167,0.5,36067.689,36067.689,2.88428207278961,17.89071875,,FALSE,256,2.77258872223978
warren,6,ri,driscol&child,driscol&child,driscol&child,29,3,0,wmbaker,224,10,39,7,5,41,450,800,0,,16,,atl,0,bowena,0,0,0,3,,0,TRUE,FALSE,29,3.40119738166216,0,FALSE,22,2.9375,0.625,66839.0625,66839.0625,2.60735445136529,13.5631214488636,,FALSE,256,2.77258872223978
warren,6,ri,joesmith,joesmith,joesmith,29,6,0,luminary,432,32,37,7,10,39,600,3200,0,1,6,,pac,0,mahewwjr,5,1,0,,,1,FALSE,TRUE,5,1.79175946922806,1,FALSE,27,2.9167,0.5,155925.63,155925.63,2.59287198754176,13.3681095679012,,FALSE,36,1.79175946922806
warren,6,ri,joesmith,joesmith,joesmith,29,6,0,luminary,432,32,40,1,6,43,300,2200,20000,0,6,,pac,0,bricej,1,0,0,3,,1,FALSE,TRUE,8,2.19722457733622,0,FALSE,41,1.8529,0.9444,86809.905,105697.905,1.78634269646751,5.96758722899729,,FALSE,36,1.79175946922806
warren,6,ri,joesmith,joesmith,joesmith,29,6,0,luminary,432,32,44,5,9,47,70,2370,31931,,6,,ind,0,cleavelandhl,0,0,0,11,,0,FALSE,FALSE,12,2.56494935746154,0,FALSE,40,2.7986,0.8611,80825.913,108321.6971,1.83555571313209,6.26861673032408,,FALSE,36,1.79175946922806
warren,6,ri,joesmith,joesmith,joesmith,29,6,0,magnet,355,16,35,11,3,39,1600,0,0,,5,,pac,0,brownt,1,0,0,,,1,FALSE,TRUE,19,2.99573227355399,0,FALSE,40,2.9167,0.5,147001.68,147001.68,2.33720205067764,10.3522309859155,,TRUE,25,1.6094379124341
warren,6,ri,joesmith,joesmith,joesmith,29,6,0,magnet,355,16,39,12,3,43,1200,1160,12800,,5,,pac,0,champlinh,5,0,0,9,,1,FALSE,TRUE,23,3.17805383034795,0,FALSE,39,1.8529,0.9444,106579.62,118667.94,2.1484050158405,8.57117659804984,,TRUE,25,1.6094379124341
warren,6,ri,joesmith,joesmith,joesmith,29,6,0,rosalie,323,16,36,7,5,39,120,2000,10000,1,16,,atl,0,pickensa,5,0,0,,,0,TRUE,TRUE,20,3.04452243772342,0,FALSE,34,2.9167,0.5,74025.126,79025.126,1.97350828367587,7.19587743580404,,FALSE,256,2.77258872223978
warren,6,ri,joesmith,joesmith,joesmith,29,6,0,rosalie,323,16,39,9,4,41,300,1700,0,0,16,,pac,0,eddys,0,0,0,4,,1,FALSE,FALSE,23,3.17805383034795,0,FALSE,19,2.9375,0.625,81309.375,81309.375,2.58392530015183,13.249042691869,,FALSE,256,2.77258872223978
warren,6,ri,joesmith,joesmith,joesmith,29,6,0,rosalie,323,16,42,8,4,45,500,1600,16000,,16,,pac,0,mosherp,1,0,0,,,1,FALSE,TRUE,26,3.29583686600433,0,FALSE,32,2.6667,1.0303,92400.525,108885.325,2.35466231716069,10.5345709171827,,FALSE,256,2.77258872223978
warren,6,ri,joesmith,joesmith,joesmith,29,6,0,warren,382,29,37,7,1,40,235,3065,0,0,7,,pac,0,lewisgw,0,0,0,,,1,FALSE,FALSE,8,2.19722457733622,0,FALSE,30,3.3333,0.6333,121222.25325,121222.25325,2.35876295316806,10.5778580497382,,FALSE,49,1.94591014905531
warren,6,ri,joesmith,joesmith,joesmith,29,6,0,warren,382,29,40,8,4,43,600,3400,33000,,7,,pac,0,clevelandh,2,0,0,7,,1,FALSE,TRUE,11,2.484906649788,0,FALSE,32,1.8529,0.9444,142119.81,173285.01,2.65153646315293,14.1758025196335,,FALSE,49,1.94591014905531
warren,6,ri,joesmith,joesmith,joesmith,29,6,0,warren,382,29,43,8,6,46,30,2100,3000,,7,,np,0,gardnerba,3,0,0,4,,1,FALSE,TRUE,14,2.70805020110221,0,FALSE,34,2.6037,1.0074,68610.4965,71632.6965,1.70752577051876,5.51529846781645,,FALSE,49,1.94591014905531
warren,6,ri,wheaton,wheaton,wheaton,32,0,0,boy,251,22,40,4,8,43,1450,0,0,1,10,,pac,0,bartonc,1,0,0,,,1,FALSE,TRUE,18,2.94443897916644,0,FALSE,40,1.8529,0.9444,84631.2075,84631.2075,2.13172596730672,8.4294031374502,,TRUE,100,2.30258509299405
warren,6,ri,wheaton,wheaton,wheaton,32,0,0,chariot,359,23,32,10,10,35,1400,0,0,1,12,,pac,0,lutherdb,0,0,0,,,1,FALSE,FALSE,9,2.30258509299405,0,FALSE,36,2.1538,0.5385,94982.58,94982.58,1.99460745840319,7.34931754874652,,TRUE,144,2.484906649788
warren,6,ri,wheaton,wheaton,wheaton,32,0,0,chariot,359,23,36,8,9,38,3000,0,0,1,12,,pac,0,champlinh,3,0,0,10,,1,FALSE,TRUE,13,2.63905732961526,0,FALSE,25,2.6875,0.625,253968.75,253968.75,3.34276829357914,28.2973537604457,,TRUE,144,2.484906649788
warren,6,ri,wheaton,wheaton,wheaton,32,0,0,chariot,359,23,38,12,10,40,180,1920,0,0,12,,pac,0,littlefieldg,3,0,0,3,,1,FALSE,TRUE,15,2.77258872223978,0,FALSE,22,3.3333,0.6333,79379.811,79379.811,2.30763450353525,10.0506218029881,,FALSE,144,2.484906649788
warren,6,ri,wheaton,wheaton,wheaton,32,0,0,chariot,359,23,41,5,1,44,400,2600,26000,,12,,pac,0,littlefieldg,4,0,0,7,,1,FALSE,TRUE,18,2.94443897916644,0,FALSE,32,2.4472,1.0922,112734.72,141131.92,2.50839204350565,12.2851601671309,,FALSE,144,2.484906649788
warren,6,ri,wheaton,wheaton,wheaton,32,0,0,chariot,359,23,44,6,6,47,350,2350,23000,,12,,np,0,luceo,5,0,0,5,,1,FALSE,TRUE,21,3.09104245335832,0,FALSE,36,2.7986,0.8611,104879.565,124684.865,2.26670342606655,9.6475444908697,,FALSE,144,2.484906649788
warren,6,ri,wheaton,wheaton,wheaton,32,0,0,hoogley,292,28,37,10,8,40,700,1500,0,0,9,,pac,0,luceo,3,0,0,,,1,FALSE,TRUE,9,2.30258509299405,0,FALSE,34,3.3333,0.6333,120749.265,120749.265,2.49835715765533,12.1624964746172,,FALSE,81,2.19722457733622
warren,6,ri,wheaton,wheaton,wheaton,32,0,0,hoogley,292,28,40,11,10,43,1300,60,0,,9,,ind,0,nyejb,0,0,1,3,,0,FALSE,FALSE,12,2.56494935746154,1,FALSE,35,1.8529,0.9444,77766.255,77766.255,2.02936101195633,7.60922260273973,,TRUE,81,2.19722457733622
warren,6,ri,wheaton,wheaton,wheaton,32,0,0,hoogley,292,28,44,9,9,48,860,140,0,,9,,pac,0,townsendhg,1,0,0,11,,1,FALSE,TRUE,16,2.83321334405622,0,FALSE,48,3.0303,0.7575,86500.827,86500.827,1.81995444039174,6.17157726883562,,TRUE,81,2.19722457733622
warren,6,ri,wmcollins,wmcollins,wmcollins,32,1,0,boy,251,22,33,7,3,36,1700,0,0,0,5,,pac,0,champlinh,2,0,0,,,1,FALSE,TRUE,11,2.484906649788,0,FALSE,32,2.0227,0.5682,108315.585,108315.585,2.6016154865213,13.4855061005976,,TRUE,25,1.6094379124341
warren,6,ri,wmcollins,wmcollins,wmcollins,32,1,0,boy,251,22,36,9,11,39,900,0,0,,5,,pac,0,bartonc,0,0,0,6,,1,FALSE,FALSE,14,2.70805020110221,0,FALSE,38,2.9167,0.5,82688.445,82688.445,2.15979605050527,8.66936936464668,,TRUE,25,1.6094379124341
warren,6,ri,wmcollins,wmcollins,wmcollins,32,1,0,miles,240,25,36,6,4,37,1200,0,0,0,11,,atl,0,devolleb,0,0,0,,,0,TRUE,FALSE,11,2.484906649788,0,FALSE,10,2.3571,0.5714,89098.38,89098.38,3.61427241513939,37.124325,,TRUE,121,2.39789527279837
warren,6,ri,wmcollins,wmcollins,wmcollins,32,1,0,miles,240,25,37,7,3,39,130,1170,0,0,11,,atl,0,devolleb,1,0,0,3,,0,TRUE,TRUE,12,2.56494935746154,0,FALSE,20,2.9167,0.5,48798.8865,48798.8865,2.31909157706198,10.1664346875,,FALSE,121,2.39789527279837
warren,6,ri,wmcollins,wmcollins,wmcollins,32,1,0,miles,240,25,39,6,,,,,,,11,,ind,1,downswc,0,0,0,3,,0,FALSE,FALSE,14,2.70805020110221,0,FALSE,,0,0,,,,,,,121,2.39789527279837
wilmington,0,de,wwco,wwco,wwco,34,0,1,ceres,328,4,34,5,10,37,1000,0,0,,72,0,pac,0,weedenr,4,0,0,,,1,FALSE,TRUE,30,3.43398720448515,0,FALSE,41,2.3571,0.5714,74248.65,74248.65,1.70858919959302,5.52116671624033,,TRUE,5184,4.27666611901606
wilmington,0,de,wwco,wwco,wwco,34,0,1,ceres,328,4,37,12,3,41,1800,0,0,,72,0,pac,0,ayrese,0,0,0,2,,1,FALSE,FALSE,33,3.52636052461616,0,FALSE,39,2.9375,0.625,166556.25,166556.25,2.56651311467233,13.0203447467167,,TRUE,5184,4.27666611901606
wilmington,0,de,wwco,wwco,wwco,34,0,1,ceres,328,4,41,8,3,45,550,0,0,,72,0,pac,0,ayrese,1,0,0,5,,1,FALSE,TRUE,37,3.63758615972639,0,FALSE,43,2.6667,1.0303,46200.5775,46200.5775,1.186533852914,3.27570742342598,,TRUE,5184,4.27666611901606
wilmington,0,de,wwco,wwco,wwco,34,0,1,jefferson,396,26,39,9,10,41,1700,1100,0,,72,0,pac,0,barkerjs,2,0,0,,,1,FALSE,TRUE,13,2.63905732961526,0,FALSE,25,2.9375,0.625,191953.125,191953.125,2.96471644445506,19.3892045454545,,TRUE,5184,4.27666611901606
wilmington,0,de,wwco,wwco,wwco,34,0,1,jefferson,396,26,41,12,6,44,1300,900,31000,,72,0,ind,0,howlandet,0,0,0,2,,0,FALSE,FALSE,15,2.77258872223978,0,FALSE,30,2.4472,1.0922,128562.84,162421.04,2.61533566205159,13.6718047138047,,TRUE,5184,4.27666611901606
wilmington,0,de,wwco,wwco,wwco,34,0,1,lucyann,309,30,35,9,4,37,300,1400,0,,72,0,atl,0,parkerjj,5,0,0,,,0,TRUE,TRUE,5,1.79175946922806,0,FALSE,19,2.3571,0.5714,66374.595,66374.595,2.42528940076652,11.3055007664793,,FALSE,5184,4.27666611901606
wilmington,0,de,wwco,wwco,wwco,34,0,1,lucyann,309,30,37,7,4,39,100,2400,24000,,72,0,atl,0,parkerjj,6,0,0,3,,0,TRUE,TRUE,7,2.07944154167984,0,FALSE,21,2.9167,0.5,84787.605,96787.605,2.70241050292406,14.9156426259824,,FALSE,5184,4.27666611901606
wilmington,0,de,wwco,wwco,wwco,34,0,1,lucyann,309,30,39,7,6,41,400,1200,0,,72,0,pac,0,coxwh,2,0,0,3,,1,FALSE,TRUE,9,2.30258509299405,0,FALSE,23,2.9375,0.625,74812.5,74812.5,2.35390476947343,10.5265934993668,,FALSE,5184,4.27666611901606
wilmington,0,de,wwco,wwco,wwco,34,0,1,lucyann,309,30,41,11,6,44,400,1600,12800,,72,0,ind,0,kinghl,0,0,0,5,,0,FALSE,FALSE,11,2.484906649788,0,FALSE,31,2.4472,1.0922,81234.72,95214.88,2.29656302970361,9.9399603298883,,FALSE,5184,4.27666611901606
wilmington,0,de,wwco,wwco,wwco,34,0,1,northamer,280,4,36,8,4,38,300,2100,0,,72,0,atl,0,simmons,,0,0,,,0,TRUE,,32,3.49650756146648,0,FALSE,20,2.6875,0.625,91546.875,91546.875,2.79408453844401,16.34765625,,FALSE,5184,4.27666611901606
wilmington,0,de,wwco,wwco,wwco,34,0,1,northamer,280,4,39,,,,,,,,72,0,ind,1,kemptonc,0,0,0,8,,0,FALSE,FALSE,35,3.58351893845611,0,FALSE,,0,0,,,,,,,5184,4.27666611901606
wilmington,0,de,wwco,wwco,wwco,34,0,1,superior,275,32,36,1,5,39,1500,0,0,,72,0,pac,0,crokerh,1,0,0,,,1,FALSE,TRUE,4,1.6094379124341,0,FALSE,40,2.9167,0.5,137814.075,137814.075,2.52801022134892,12.5285522727273,,TRUE,5184,4.27666611901606
wilmington,0,de,wwco,wwco,wwco,34,0,1,superior,275,32,39,10,12,41,600,0,0,,72,0,pac,0,smalleye,0,0,1,5,,1,FALSE,FALSE,7,2.07944154167984,1,FALSE,26,2.9375,0.625,55518.75,55518.75,2.04960844482996,7.76486013986014,,TRUE,5184,4.27666611901606
wiscasset,0,me,wwc,wwc,wwc,34,0,1,wiscasset,380,34,34,5,9,37,2800,0,0,,20,,pac,0,macyr,2,0,0,,,1,FALSE,TRUE,0,0,0,FALSE,40,2.3571,0.5714,207896.22,207896.22,2.61574358502826,13.6773828947368,,TRUE,400,2.99573227355399
wiscasset,0,me,wwc,wwc,wwc,34,0,1,wiscasset,380,34,38,1,7,41,900,1800,0,,20,,pac,0,hortonsr,0,0,0,4,,1,FALSE,FALSE,4,1.6094379124341,0,FALSE,42,2.9375,0.625,139978.125,139978.125,2.17140056837934,8.77055921052632,,FALSE,400,2.99573227355399
